customerID,churn_probability,risk_tier,MonthlyCharges,value_tier,segment,Contract,tenure,expected_retained_value,net_expected_value,recommend_intervention
9426-SXNHE,0.2049727987263923,High Risk,18.75,Low Value,High Risk / Low Value,Month-to-month,2,14.988635906867437,-12.511364093132563,False
3806-YAZOV,0.1874600923856278,Low Risk,18.8,Low Value,Low Risk / Low Value,Month-to-month,3,13.744573973714232,-13.755426026285768,False
3387-PLKUI,0.105206333370694,Low Risk,18.8,Low Value,Low Risk / Low Value,Month-to-month,13,7.713728362739285,-19.786271637260715,False
8992-CEUEN,0.2686523253822683,High Risk,18.85,Low Value,High Risk / Low Value,Month-to-month,1,19.749975700477457,-7.7500242995225435,False
0620-XEFWH,0.1552337779707432,Low Risk,18.85,Low Value,Low Risk / Low Value,Month-to-month,4,11.412011187519187,-16.087988812480813,False
5863-OOKCL,0.1370513306365874,Low Risk,18.85,Low Value,Low Risk / Low Value,Month-to-month,10,10.075328571748724,-17.424671428251276,False
9318-NKNFC,0.2604520304567116,High Risk,18.85,Low Value,High Risk / Low Value,Month-to-month,1,19.147131019025156,-8.352868980974844,False
9975-SKRNR,0.199948391341097,High Risk,18.9,Low Value,High Risk / Low Value,Month-to-month,1,14.738195925752258,-12.761804074247742,False
5025-GOOKI,0.1136026802410773,Low Risk,18.9,Low Value,Low Risk / Low Value,Month-to-month,20,8.373653560569807,-19.126346439430193,False
7968-QUXNS,0.1612233779017002,Low Risk,18.95,Low Value,Low Risk / Low Value,Month-to-month,6,11.915213743825152,-15.584786256174848,False
9025-ZRPVR,0.1888086973996843,Low Risk,18.95,Low Value,Low Risk / Low Value,Month-to-month,9,13.953906781323667,-13.546093218676333,False
1386-ZIKUV,0.2044577299182229,High Risk,18.95,Low Value,High Risk / Low Value,Month-to-month,7,15.110448529606263,-12.389551470393737,False
1218-VKFPE,0.1099295303490323,Low Risk,19.0,Low Value,Low Risk / Low Value,Month-to-month,12,8.145778198863294,-19.354221801136706,False
1423-BMPBQ,0.2354735700677132,High Risk,19.0,Low Value,High Risk / Low Value,Month-to-month,1,17.448591542017546,-10.051408457982454,False
2023-VQFDL,0.1289006054622596,Low Risk,19.0,Low Value,Low Risk / Low Value,Month-to-month,18,9.551534864753435,-17.948465135246565,False
5222-JCXZT,0.1759958704503479,Low Risk,19.0,Low Value,Low Risk / Low Value,Month-to-month,4,13.04129400037078,-14.45870599962922,False
7234-KMNRQ,0.1757583383736236,Low Risk,19.0,Low Value,Low Risk / Low Value,Month-to-month,4,13.023692873485508,-14.476307126514492,False
1015-OWJKI,0.1995600612347874,High Risk,19.05,Low Value,High Risk / Low Value,Month-to-month,1,14.82631474943853,-12.67368525056147,False
9467-ROOLM,0.0677919540439056,Low Risk,19.05,Low Value,Low Risk / Low Value,Month-to-month,25,5.036603225691967,-22.463396774308034,False
1991-VOPLL,0.1434240072683193,Low Risk,19.05,Low Value,Low Risk / Low Value,Month-to-month,9,10.655686619999784,-16.844313380000216,False
1431-CYWMH,0.0723606035888554,Low Risk,19.05,Low Value,Low Risk / Low Value,Month-to-month,22,5.376031043634012,-22.12396895636599,False
6569-KTMDU,0.2031076596678521,High Risk,19.1,Low Value,High Risk / Low Value,Month-to-month,1,15.129489568658304,-12.370510431341696,False
6121-VZNQB,0.2640941199178571,High Risk,19.1,Low Value,High Risk / Low Value,Month-to-month,1,19.672370992681177,-7.827629007318823,False
9441-QHEVC,0.1994307437461561,High Risk,19.1,Low Value,High Risk / Low Value,Month-to-month,1,14.855596101651173,-12.644403898348827,False
9039-ZVJDC,0.2399195196986537,High Risk,19.1,Low Value,High Risk / Low Value,Month-to-month,3,17.871605022352718,-9.628394977647282,False
7302-ZHMHP,0.2029766262452185,High Risk,19.15,Low Value,High Risk / Low Value,Month-to-month,1,15.159309331124145,-12.340690668875855,False
9046-JBFWA,0.0526552751142237,Low Risk,19.15,Low Value,Low Risk / Low Value,Month-to-month,27,3.9325592219057963,-23.567440778094202,False
0487-VVUVK,0.0792174391056742,Low Risk,19.15,Low Value,Low Risk / Low Value,Month-to-month,25,5.916354439607278,-21.58364556039272,False
6979-TNDEU,0.1503290443539119,Low Risk,19.2,Low Value,Low Risk / Low Value,Month-to-month,8,11.256638841220923,-16.243361158779077,False
1663-MHLHE,0.199172297567882,High Risk,19.2,Low Value,High Risk / Low Value,Month-to-month,1,14.914021641883002,-12.585978358116998,False
9137-NOQKA,0.2959025631259823,High Risk,19.2,Low Value,High Risk / Low Value,Month-to-month,2,22.15718392687355,-5.34281607312645,False
3308-MHOOC,0.2313403228311328,High Risk,19.2,Low Value,High Risk / Low Value,Month-to-month,1,17.322763373595222,-10.177236626404778,False
7168-HDQHG,0.0359765516839639,Low Risk,19.2,Low Value,Low Risk / Low Value,Month-to-month,36,2.693924190095217,-24.806075809904783,False
4232-JGKIY,0.2630818019189291,High Risk,19.2,Low Value,High Risk / Low Value,Month-to-month,1,19.699565327689413,-7.800434672310587,False
3373-YZZYM,0.1756710669901545,Low Risk,19.2,Low Value,Low Risk / Low Value,Month-to-month,1,13.154249496222771,-14.345750503777229,False
8780-RSYYU,0.0916965154848493,Low Risk,19.2,Low Value,Low Risk / Low Value,Month-to-month,25,6.866235079505516,-20.633764920494485,False
9837-FWLCH,0.1958646498921536,High Risk,19.2,Low Value,High Risk / Low Value,Month-to-month,12,14.66634498392446,-12.83365501607554,False
1098-TDVUQ,0.2740990899895617,High Risk,19.25,Low Value,High Risk / Low Value,Month-to-month,1,20.577989180966345,-6.922010819033655,False
4541-RMRLG,0.2058994318009321,High Risk,19.25,Low Value,High Risk / Low Value,Month-to-month,7,15.457899842454978,-12.042100157545022,False
3156-QLHBO,0.1689854381437666,Low Risk,19.25,Low Value,Low Risk / Low Value,Month-to-month,2,12.686581768643277,-14.813418231356723,False
5186-PEIZU,0.0430085148194974,Low Risk,19.25,Low Value,Low Risk / Low Value,Month-to-month,35,3.2288642500737676,-24.27113574992623,False
4946-EDSEW,0.1529588545189573,Low Risk,19.25,Low Value,Low Risk / Low Value,Month-to-month,11,11.48338600301072,-16.01661399698928,False
5537-UXXVS,0.090228733036792,Low Risk,19.25,Low Value,Low Risk / Low Value,Month-to-month,20,6.77392213273716,-20.72607786726284,False
0303-WMMRN,0.220744619039163,High Risk,19.25,Low Value,High Risk / Low Value,Month-to-month,5,16.572402274365167,-10.927597725634833,False
6082-GLJIX,0.0926626134215577,Low Risk,19.25,Low Value,Low Risk / Low Value,Month-to-month,18,6.956645702623444,-20.543354297376556,False
5510-BOIUJ,0.1759900808867619,Low Risk,19.25,Low Value,Low Risk / Low Value,Month-to-month,1,13.21245532257365,-14.28754467742635,False
9374-YOLBJ,0.2382260563904084,High Risk,19.25,Low Value,High Risk / Low Value,Month-to-month,1,17.884821183509906,-9.615178816490094,False
0761-AETCS,0.2672228258757156,High Risk,19.3,Low Value,High Risk / Low Value,Month-to-month,1,20.113862103665117,-7.386137896334883,False
0396-HUJBP,0.1945824132071436,High Risk,19.3,Low Value,High Risk / Low Value,Month-to-month,2,14.6462182421017,-12.8537817578983,False
7785-RDVIG,0.1638688927624219,Low Risk,19.3,Low Value,Low Risk / Low Value,Month-to-month,3,12.334411558227496,-15.165588441772504,False
7926-IJOOU,0.1937104793163569,Low Risk,19.3,Low Value,Low Risk / Low Value,Month-to-month,1,14.580587778142185,-12.919412221857815,False
6112-KTHFQ,0.1619465275254915,Low Risk,19.3,Low Value,Low Risk / Low Value,Month-to-month,13,12.189715126843744,-15.310284873156256,False
2320-YKQBO,0.1571722227788129,Low Risk,19.3,Low Value,Low Risk / Low Value,Month-to-month,7,11.830353208561249,-15.669646791438751,False
4667-OHGKG,0.259050709208613,High Risk,19.3,Low Value,High Risk / Low Value,Month-to-month,1,19.498746882132302,-8.001253117867698,False
1724-IQWNM,0.2310524590886177,High Risk,19.3,Low Value,High Risk / Low Value,Month-to-month,1,17.391318595600257,-10.108681404399743,False
1735-XMJVH,0.1720821924189238,Low Risk,19.35,Low Value,Low Risk / Low Value,Month-to-month,8,12.986182650894087,-14.513817349105913,False
9142-XMYJH,0.0547756159218972,Low Risk,19.35,Low Value,Low Risk / Low Value,Month-to-month,29,4.133641855545973,-23.366358144454026,False
0366-NQSHS,0.1909859910199231,Low Risk,19.35,Low Value,Low Risk / Low Value,Month-to-month,2,14.4127578123185,-13.0872421876815,False
5917-HBSDW,0.0453840052224045,Low Risk,19.35,Low Value,Low Risk / Low Value,Month-to-month,37,3.424903954108756,-24.075096045891243,False
4903-UYAVB,0.1685200978043813,Low Risk,19.35,Low Value,Low Risk / Low Value,Month-to-month,5,12.717369180807637,-14.782630819192363,False
2096-XOTMO,0.0898211650093686,Low Risk,19.35,Low Value,Low Risk / Low Value,Month-to-month,16,6.7783542174320015,-20.721645782567997,False
9063-ZGTUY,0.0133317454838131,Low Risk,19.4,Low Value,Low Risk / Low Value,Month-to-month,61,1.008679863305299,-26.4913201366947,False
0098-BOWSO,0.1149475623761796,Low Risk,19.4,Low Value,Low Risk / Low Value,Month-to-month,27,8.696932569381747,-18.803067430618253,False
2223-KAGMX,0.1143555602288074,Low Risk,19.4,Low Value,Low Risk / Low Value,Month-to-month,15,8.652141686911566,-18.847858313088434,False
2243-FNMMI,0.0851449587036326,Low Risk,19.4,Low Value,Low Risk / Low Value,Month-to-month,20,6.442067575516843,-21.057932424483155,False
9101-NTIXF,0.1910560166046409,Low Risk,19.4,Low Value,Low Risk / Low Value,Month-to-month,2,14.455298216307128,-13.044701783692872,False
5766-ZJYBB,0.1986561603056198,High Risk,19.4,Low Value,High Risk / Low Value,Month-to-month,1,15.030325088723194,-12.469674911276806,False
8295-FHIVV,0.20511453309451,High Risk,19.4,Low Value,High Risk / Low Value,Month-to-month,7,15.518965573930624,-11.981034426069376,False
0208-BPQEJ,0.113506168463036,Low Risk,19.4,Low Value,Low Risk / Low Value,Month-to-month,12,8.587876705913304,-18.912123294086697,False
9629-NHXFW,0.2343093365250857,High Risk,19.4,Low Value,High Risk / Low Value,Month-to-month,1,17.727844401487985,-9.772155598512015,False
6878-GGDWG,0.0508191759427784,Low Risk,19.4,Low Value,Low Risk / Low Value,Month-to-month,32,3.844978851830614,-23.655021148169386,False
5616-PRTNT,0.1376997417871311,Low Risk,19.4,Low Value,Low Risk / Low Value,Month-to-month,20,10.418362463614336,-17.081637536385664,False
8410-BGQXN,0.1756714959062492,Low Risk,19.4,Low Value,Low Risk / Low Value,Month-to-month,4,13.291305380266813,-14.208694619733187,False
7298-IZWLY,0.263150940180603,High Risk,19.4,Low Value,High Risk / Low Value,Month-to-month,1,19.91000013406442,-7.589999865935582,False
2308-STERM,0.1951090537665471,High Risk,19.4,Low Value,High Risk / Low Value,Month-to-month,2,14.761951007976956,-12.738048992023044,False
2220-IAHLS,0.1970515509093372,High Risk,19.4,Low Value,High Risk / Low Value,Month-to-month,1,14.908920341800453,-12.591079658199547,False
7956-XQWGU,0.0789622662049775,Low Risk,19.4,Low Value,Low Risk / Low Value,Month-to-month,27,5.974285061068597,-21.5257149389314,False
3679-XASPY,0.2376387463099831,High Risk,19.45,Low Value,High Risk / Low Value,Month-to-month,1,18.026087101343766,-9.473912898656234,False
8944-AILEF,0.1415701793514841,Low Risk,19.45,Low Value,Low Risk / Low Value,Month-to-month,15,10.738805954706828,-16.761194045293173,False
7617-EYGLW,0.2622976076598879,High Risk,19.45,Low Value,High Risk / Low Value,Month-to-month,1,19.896585029040796,-7.603414970959204,False
1257-SXUXQ,0.1466277138333464,Low Risk,19.45,Low Value,Low Risk / Low Value,Month-to-month,5,11.122445232828492,-16.37755476717151,False
1725-MIMXW,0.2306211334787269,High Risk,19.45,Low Value,High Risk / Low Value,Month-to-month,1,17.49376608002883,-10.00623391997117,False
2171-UDMFD,0.0553808507791482,Low Risk,19.45,Low Value,Low Risk / Low Value,Month-to-month,32,4.200914435852287,-23.299085564147713,False
2882-DDZPG,0.1309101113474491,Low Risk,19.45,Low Value,Low Risk / Low Value,Month-to-month,12,9.930186496260752,-17.569813503739248,False
3750-RNQKR,0.1255836302156514,Low Risk,19.45,Low Value,Low Risk / Low Value,Month-to-month,12,9.526146270008235,-17.973853729991767,False
9174-FKWZE,0.3885387952530581,High Risk,19.45,Low Value,High Risk / Low Value,Month-to-month,1,29.47261031392073,1.972610313920729,True
8393-JMVMB,0.1985272832797434,High Risk,19.45,Low Value,High Risk / Low Value,Month-to-month,1,15.059287073184933,-12.440712926815067,False
4760-XOHVN,0.1784136138834216,Low Risk,19.45,Low Value,Low Risk / Low Value,Month-to-month,1,13.533564681126947,-13.966435318873053,False
4801-KFYKL,0.135113852425827,Low Risk,19.45,Low Value,Low Risk / Low Value,Month-to-month,8,10.249061275761106,-17.250938724238893,False
4770-QAZXN,0.1155101413428352,Low Risk,19.45,Low Value,Low Risk / Low Value,Month-to-month,13,8.762021771560764,-18.737978228439236,False
1051-GEJLJ,0.1932746573658651,Low Risk,19.5,Low Value,Low Risk / Low Value,Month-to-month,2,14.698537692674043,-12.801462307325957,False
3318-ISQFQ,0.1236381187210048,Low Risk,19.5,Low Value,Low Risk / Low Value,Month-to-month,20,9.402678928732415,-18.097321071267586,False
9391-TTOYH,0.1026599555578798,Low Risk,19.5,Low Value,Low Risk / Low Value,Month-to-month,23,7.807289620176759,-19.69271037982324,False
5624-RYAMH,0.2526486160919865,High Risk,19.5,Low Value,High Risk / Low Value,Month-to-month,9,19.213927253795575,-8.286072746204425,False
6806-YDEUL,0.2030214550903626,High Risk,19.5,Low Value,High Risk / Low Value,Month-to-month,6,15.439781659622074,-12.060218340377926,False
7551-JOHTI,0.202061156622189,High Risk,19.5,Low Value,High Risk / Low Value,Month-to-month,1,15.366750961117472,-12.133249038882528,False
5906-BFOZT,0.2584294760581375,High Risk,19.5,Low Value,High Risk / Low Value,Month-to-month,1,19.653561654221356,-7.846438345778644,False
8566-YPRGL,0.2628370285870404,High Risk,19.5,Low Value,High Risk / Low Value,Month-to-month,1,19.98875602404442,-7.51124397595558,False
1905-OEILC,0.202061156622189,High Risk,19.5,Low Value,High Risk / Low Value,Month-to-month,1,15.366750961117472,-12.133249038882528,False
0883-EIBTI,0.1934622627650998,Low Risk,19.5,Low Value,Low Risk / Low Value,Month-to-month,2,14.712805083285843,-12.787194916714157,False
8053-WWDRO,0.1716195044770601,Low Risk,19.5,Low Value,Low Risk / Low Value,Month-to-month,6,13.05166331548042,-14.44833668451958,False
7727-SHVZV,0.1488747621606607,Low Risk,19.5,Low Value,Low Risk / Low Value,Month-to-month,9,11.321925662318247,-16.178074337681753,False
2061-VVFST,0.0403569996213368,Low Risk,19.5,Low Value,Low Risk / Low Value,Month-to-month,37,3.0691498212026636,-24.430850178797336,False
2866-IKBTM,0.2019306272635145,High Risk,19.55,Low Value,High Risk / Low Value,Month-to-month,1,15.396200675706664,-12.103799324293336,False
1029-QFBEN,0.1982697179490811,High Risk,19.55,Low Value,High Risk / Low Value,Month-to-month,1,15.117074645027689,-12.382925354972311,False
8605-ITULD,0.2019306272635145,High Risk,19.55,Low Value,High Risk / Low Value,Month-to-month,1,15.396200675706664,-12.103799324293336,False
2484-DGXPZ,0.0612720107340342,Low Risk,19.55,Low Value,Low Risk / Low Value,Month-to-month,31,4.671684458416438,-22.828315541583564,False
1345-GKDZZ,0.1412467793859571,Low Risk,19.55,Low Value,Low Risk / Low Value,Month-to-month,6,10.769360694282298,-16.730639305717702,False
4365-MSDYN,0.2031214544420376,High Risk,19.55,Low Value,High Risk / Low Value,Month-to-month,8,15.48699529393316,-12.01300470606684,False
2576-HXMPA,0.1966674639063944,High Risk,19.55,Low Value,High Risk / Low Value,Month-to-month,1,14.994910785543041,-12.505089214456959,False
6506-EYCNH,0.0733023099316476,Low Risk,19.55,Low Value,Low Risk / Low Value,Month-to-month,28,5.588934620738472,-21.91106537926153,False
3724-UCSHY,0.1406746113661434,Low Risk,19.55,Low Value,Low Risk / Low Value,Month-to-month,6,10.725735743611605,-16.774264256388395,False
4693-VWVBO,0.2467560584008558,High Risk,19.55,Low Value,High Risk / Low Value,Month-to-month,3,18.81391567277325,-8.686084327226752,False
1622-HSHSF,0.2626801631758167,High Risk,19.55,Low Value,High Risk / Low Value,Month-to-month,1,20.028049041340147,-7.471950958659853,False
1237-WIYYZ,0.1296531979422262,Low Risk,19.55,Low Value,Low Risk / Low Value,Month-to-month,18,9.885408077105039,-17.61459192289496,False
0927-CNGRH,0.1752866062639463,Low Risk,19.55,Low Value,Low Risk / Low Value,Month-to-month,1,13.364727294594585,-14.135272705405415,False
7601-WFVZV,0.1982697179490811,High Risk,19.55,Low Value,High Risk / Low Value,Month-to-month,1,15.117074645027689,-12.382925354972311,False
7989-CHGTL,0.2581192237061778,High Risk,19.6,Low Value,High Risk / Low Value,Month-to-month,1,19.730633460100233,-7.769366539899767,False
6184-DYUOB,0.2421650965691906,High Risk,19.6,Low Value,High Risk / Low Value,Month-to-month,3,18.511099981748934,-8.988900018251066,False
4881-GQJTW,0.1092629039124317,Low Risk,19.6,Low Value,Low Risk / Low Value,Month-to-month,14,8.35205637506628,-19.14794362493372,False
5702-SKUOB,0.1780849878983667,Low Risk,19.6,Low Value,Low Risk / Low Value,Month-to-month,4,13.61281647495115,-13.88718352504885,False
1051-EQPZR,0.0221497491735843,Low Risk,19.6,Low Value,Low Risk / Low Value,Month-to-month,44,1.693126826828784,-25.806873173171216,False
4588-YBNIB,0.2625233580439074,High Risk,19.6,Low Value,High Risk / Low Value,Month-to-month,1,20.067285488876287,-7.432714511123713,False
5468-BPMMO,0.0325528611734345,Low Risk,19.6,Low Value,Low Risk / Low Value,Month-to-month,46,2.4883407080973337,-25.011659291902667,False
6036-TTFYU,0.1036897712119763,Low Risk,19.6,Low Value,Low Risk / Low Value,Month-to-month,16,7.926046111443469,-19.57395388855653,False
9313-CDOGY,0.0422538293476522,Low Risk,19.6,Low Value,Low Risk / Low Value,Month-to-month,38,3.2298827153345346,-24.270117284665467,False
1087-UDSIH,0.2429669370430038,High Risk,19.6,Low Value,High Risk / Low Value,Month-to-month,3,18.57239266756721,-8.927607332432789,False
6040-CGACY,0.1090416886486776,Low Risk,19.6,Low Value,Low Risk / Low Value,Month-to-month,15,8.335146680304916,-19.164853319695084,False
8457-XIGKN,0.110433361811747,Low Risk,19.6,Low Value,Low Risk / Low Value,Month-to-month,20,8.441526176889942,-19.058473823110056,False
7854-EKTJL,0.2940397351918358,High Risk,19.6,Low Value,High Risk / Low Value,Month-to-month,2,22.47639735806393,-5.023602641936069,False
4719-UMSIY,0.1400407142630643,Low Risk,19.65,Low Value,Low Risk / Low Value,Month-to-month,6,10.732020137549933,-16.76797986245007,False
2640-LYMOV,0.2481229402039245,High Risk,19.65,Low Value,High Risk / Low Value,Month-to-month,2,19.014901522527754,-8.485098477472246,False
4160-AMJTL,0.238631103632938,High Risk,19.65,Low Value,High Risk / Low Value,Month-to-month,8,18.287494626910203,-9.212505373089797,False
8329-IBCTI,0.2016697575305745,High Risk,19.65,Low Value,High Risk / Low Value,Month-to-month,1,15.454961868355575,-12.045038131644425,False
1057-FOGLZ,0.0955974672831907,Low Risk,19.65,Low Value,Low Risk / Low Value,Month-to-month,18,7.326111905247318,-20.173888094752684,False
1465-WCZVT,0.163323685323851,Low Risk,19.65,Low Value,Low Risk / Low Value,Month-to-month,3,12.51631062479332,-14.98368937520668,False
2466-NEJOJ,0.1250007348511888,Low Risk,19.65,Low Value,Low Risk / Low Value,Month-to-month,8,9.579431315320853,-17.920568684679147,False
1194-SPVSP,0.2066133810504245,High Risk,19.65,Low Value,High Risk / Low Value,Month-to-month,1,15.833816456799283,-11.666183543200717,False
3694-GLTJM,0.2181914275933898,High Risk,19.65,Low Value,High Risk / Low Value,Month-to-month,5,16.721100053619427,-10.778899946380573,False
7291-CDTMJ,0.2682980854550831,High Risk,19.65,Low Value,High Risk / Low Value,Month-to-month,1,20.56102377885029,-6.938976221149709,False
7721-DVEKZ,0.2016697575305745,High Risk,19.65,Low Value,High Risk / Low Value,Month-to-month,1,15.454961868355575,-12.045038131644425,False
6141-OOXUQ,0.1980124042207033,High Risk,19.65,Low Value,High Risk / Low Value,Month-to-month,1,15.174680597453595,-12.325319402546405,False
3785-NRHYR,0.1980124042207033,High Risk,19.65,Low Value,High Risk / Low Value,Month-to-month,1,15.174680597453595,-12.325319402546405,False
7526-IVLYU,0.239104924142003,High Risk,19.65,Low Value,High Risk / Low Value,Month-to-month,3,18.323805861622397,-9.176194138377603,False
0690-SRQID,0.2287004787865699,High Risk,19.65,Low Value,High Risk / Low Value,Month-to-month,4,17.52646119180878,-9.973538808191218,False
3845-FXCYS,0.3209367806879327,High Risk,19.65,Low Value,High Risk / Low Value,Month-to-month,2,24.59499018801972,-2.9050098119802783,False
1577-HKTFG,0.0567128827885676,Low Risk,19.65,Low Value,Low Risk / Low Value,Month-to-month,30,4.346191772501878,-23.15380822749812,False
0970-QXPXW,0.2016697575305745,High Risk,19.65,Low Value,High Risk / Low Value,Month-to-month,1,15.454961868355575,-12.045038131644425,False
3077-RSNTJ,0.142812210412858,Low Risk,19.7,Low Value,Low Risk / Low Value,Month-to-month,6,10.97226212601988,-16.527737873980122,False
1563-IWQEX,0.1242813704770187,Low Risk,19.7,Low Value,Low Risk / Low Value,Month-to-month,12,9.548537693749347,-17.951462306250654,False
3374-PZLXD,0.0426664438848439,Low Risk,19.7,Low Value,Low Risk / Low Value,Month-to-month,34,3.2780628836725567,-24.221937116327442,False
3981-QSVQI,0.2035859331893929,High Risk,19.7,Low Value,High Risk / Low Value,Month-to-month,8,15.641507246941057,-11.858492753058943,False
7623-HKYRK,0.1403309180115354,Low Risk,19.7,Low Value,Low Risk / Low Value,Month-to-month,6,10.781624430826264,-16.718375569173737,False
0247-SLUJI,0.174501514089602,Low Risk,19.7,Low Value,Low Risk / Low Value,Month-to-month,1,13.406951327504121,-14.093048672495879,False
2332-EFBJY,0.1385002012465223,Low Risk,19.7,Low Value,Low Risk / Low Value,Month-to-month,16,10.640970461770308,-16.85902953822969,False
6319-QSUSR,0.1110197096469869,Low Risk,19.7,Low Value,Low Risk / Low Value,Month-to-month,11,8.529644292178004,-18.970355707821994,False
3824-RHKVR,0.0963419885312408,Low Risk,19.7,Low Value,Low Risk / Low Value,Month-to-month,17,7.4019549788552315,-20.09804502114477,False
5396-IZEPB,0.1362508302301739,Low Risk,19.7,Low Value,Low Risk / Low Value,Month-to-month,9,10.468151286584261,-17.03184871341574,False
9970-QBCDA,0.1589845936231062,Low Risk,19.7,Low Value,Low Risk / Low Value,Month-to-month,6,12.21478632806325,-15.28521367193675,False
6615-ZGEDR,0.1978838416975425,High Risk,19.7,Low Value,High Risk / Low Value,Month-to-month,1,15.20341555762219,-12.29658444237781,False
3930-ZGWVE,0.1977553420630836,High Risk,19.75,Low Value,High Risk / Low Value,Month-to-month,1,15.232105222409015,-12.267894777590985,False
8138-EALND,0.1069533636613929,Low Risk,19.75,Low Value,Low Risk / Low Value,Month-to-month,15,8.238082836018789,-19.26191716398121,False
3717-OFRTN,0.2063480259356929,High Risk,19.75,Low Value,High Risk / Low Value,Month-to-month,1,15.893956697696748,-11.606043302303252,False
6849-WLEYG,0.1748188545291069,Low Risk,19.75,Low Value,Low Risk / Low Value,Month-to-month,1,13.465422270104458,-14.034577729895542,False
5577-OTWWW,0.1140148906793884,Low Risk,19.75,Low Value,Low Risk / Low Value,Month-to-month,15,8.781996954579892,-18.718003045420108,False
0268-QKIWO,0.2460206247584146,High Risk,19.75,Low Value,High Risk / Low Value,Month-to-month,3,18.949738622016888,-8.550261377983112,False
4558-CGYCZ,0.1741828940641064,Low Risk,19.75,Low Value,Low Risk / Low Value,Month-to-month,4,13.416437415287795,-14.083562584712205,False
7239-HZZCX,0.1977553420630836,High Risk,19.75,Low Value,High Risk / Low Value,Month-to-month,1,15.232105222409015,-12.267894777590985,False
2465-BLLEU,0.2576543007995865,High Risk,19.75,Low Value,High Risk / Low Value,Month-to-month,1,19.84582251908815,-7.6541774809118515,False
2428-ZMCTB,0.130430742705197,Low Risk,19.75,Low Value,Low Risk / Low Value,Month-to-month,10,10.0464279568678,-17.453572043132198,False
6124-ACRHJ,0.2014091397576591,High Risk,19.75,Low Value,High Risk / Low Value,Month-to-month,1,15.513538989833691,-11.986461010166309,False
7853-WNZSY,0.2513962556838756,High Risk,19.75,Low Value,High Risk / Low Value,Month-to-month,1,19.36379659405052,-8.13620340594948,False
3181-MIZBN,0.1221150625601953,Low Risk,19.75,Low Value,Low Risk / Low Value,Month-to-month,16,9.405912693699044,-18.094087306300956,False
1156-ZFYDO,0.2657981683091364,High Risk,19.75,Low Value,High Risk / Low Value,Month-to-month,1,20.473103914011233,-7.026896085988767,False
3936-QQFLL,0.1896425494610059,Low Risk,19.75,Low Value,Low Risk / Low Value,Month-to-month,2,14.607217372233979,-12.892782627766021,False
9103-CXVOK,0.2326513821667286,High Risk,19.75,Low Value,High Risk / Low Value,Month-to-month,1,17.91997271139227,-9.580027288607731,False
8573-CGOCC,0.0981385490357237,Low Risk,19.75,Low Value,Low Risk / Low Value,Month-to-month,16,7.559121739476617,-19.940878260523384,False
8562-GHPPI,0.196028575820925,High Risk,19.8,Low Value,High Risk / Low Value,Month-to-month,1,15.13732662489183,-12.36267337510817,False
4892-VLANZ,0.1976269053132923,High Risk,19.8,Low Value,High Risk / Low Value,Month-to-month,1,15.260749628292434,-12.239250371707566,False
5384-ZTTWP,0.0939526441139822,Low Risk,19.8,Low Value,Low Risk / Low Value,Month-to-month,15,7.255023178481706,-20.244976821518293,False
4182-BGSIQ,0.1673432289687577,Low Risk,19.8,Low Value,Low Risk / Low Value,Month-to-month,10,12.922244140967472,-14.577755859032528,False
1449-XQEMT,0.2380981990028208,High Risk,19.8,Low Value,High Risk / Low Value,Month-to-month,3,18.38594292699782,-9.11405707300218,False
9364-YKUVW,0.1441123990724894,Low Risk,19.8,Low Value,Low Risk / Low Value,Month-to-month,15,11.128359456377632,-16.37164054362237,False
3675-YDUPJ,0.1782563358733852,Low Risk,19.85,Low Value,Low Risk / Low Value,Month-to-month,10,13.799714241638119,-13.700285758361881,False
1135-LMECX,0.2011487739212039,High Risk,19.85,Low Value,High Risk / Low Value,Month-to-month,1,15.57193233311,-11.92806766689,False
0030-FNXPP,0.1848904446213372,Low Risk,19.85,Low Value,Low Risk / Low Value,Month-to-month,3,14.313293770360822,-13.186706229639178,False
0107-WESLM,0.3321776837638412,High Risk,19.85,Low Value,High Risk / Low Value,Month-to-month,1,25.71553538857777,-1.78446461142223,False
4291-HPAXL,0.1745853478207489,Low Risk,19.85,Low Value,Low Risk / Low Value,Month-to-month,1,13.515524701543278,-13.984475298456722,False
1498-DQNRX,0.0554598903581343,Low Risk,19.85,Low Value,Low Risk / Low Value,Month-to-month,29,4.293427412074967,-23.20657258792503,False
6164-HXUGH,0.1427228224682069,Low Risk,19.85,Low Value,Low Risk / Low Value,Month-to-month,6,11.048887301376237,-16.451112698623763,False
8150-QUDFX,0.1899576255474813,Low Risk,19.85,Low Value,Low Risk / Low Value,Month-to-month,2,14.705569581758267,-12.794430418241733,False
0310-VQXAM,0.139812579619061,Low Risk,19.85,Low Value,Low Risk / Low Value,Month-to-month,9,10.823590851209607,-16.67640914879039,False
0137-UDEUO,0.1851874509879546,Low Risk,19.85,Low Value,Low Risk / Low Value,Month-to-month,3,14.336286518232509,-13.163713481767491,False
0594-UFTUL,0.1372346092033935,Low Risk,19.85,Low Value,Low Risk / Low Value,Month-to-month,13,10.62401727148071,-16.87598272851929,False
2303-PJYHN,0.201490976377379,High Risk,19.85,Low Value,High Risk / Low Value,Month-to-month,2,15.598423936254797,-11.901576063745203,False
4140-WJAWW,0.1656311873280584,Low Risk,19.85,Low Value,Low Risk / Low Value,Month-to-month,5,12.822338367001642,-14.677661632998358,False
4396-KLSEH,0.2975760584040605,High Risk,19.85,Low Value,High Risk / Low Value,Month-to-month,4,23.036850561350345,-4.463149438649655,False
6776-TLWOI,0.1817967339130254,Low Risk,19.85,Low Value,Low Risk / Low Value,Month-to-month,3,14.073794155876861,-13.426205844123139,False
4020-KIUDI,0.1367164625214683,Low Risk,19.85,Low Value,Low Risk / Low Value,Month-to-month,6,10.58390494609947,-16.91609505390053,False
9967-ATRFS,0.0897783723567672,Low Risk,19.9,Low Value,Low Risk / Low Value,Month-to-month,19,6.967699478608701,-20.5323005213913,False
4800-VHZKI,0.2615837940463388,High Risk,19.9,Low Value,High Risk / Low Value,Month-to-month,1,20.301518255936358,-7.198481744063642,False
2654-VBVPB,0.2097160980755026,High Risk,19.9,Low Value,High Risk / Low Value,Month-to-month,1,16.276066371639757,-11.223933628360243,False
3900-AQPHZ,0.201018685471617,High Risk,19.9,Low Value,High Risk / Low Value,Month-to-month,1,15.601060179452197,-11.898939820547803,False
0347-UBKUZ,0.1091759070230697,Low Risk,19.9,Low Value,Low Risk / Low Value,Month-to-month,15,8.47314214406044,-19.02685785593956,False
3061-BCKYI,0.1115243172175588,Low Risk,19.9,Low Value,Low Risk / Low Value,Month-to-month,14,8.655402259254739,-18.84459774074526,False
3530-VWVGU,0.0669528461666406,Low Risk,19.9,Low Value,Low Risk / Low Value,Month-to-month,22,5.196210390992977,-22.303789609007023,False
2832-SCUCO,0.2563493843782892,High Risk,19.9,Low Value,High Risk / Low Value,Month-to-month,2,19.89527572159902,-7.60472427840098,False
6654-QGBZZ,0.201018685471617,High Risk,19.9,Low Value,High Risk / Low Value,Month-to-month,1,15.601060179452197,-11.898939820547803,False
5515-IDEJJ,0.1740354152692403,Low Risk,19.9,Low Value,Low Risk / Low Value,Month-to-month,1,13.50688857904574,-13.99311142095426,False
2320-JRSDE,0.3034822693275772,High Risk,19.9,Low Value,High Risk / Low Value,Month-to-month,1,23.553258922513265,-3.9467410774867346,False
4936-YPJNK,0.1817949387491566,Low Risk,19.9,Low Value,Low Risk / Low Value,Month-to-month,10,14.10910519632204,-13.39089480367796,False
7636-XUHWW,0.2409845785409378,High Risk,19.9,Low Value,High Risk / Low Value,Month-to-month,2,18.702813140562178,-8.797186859437822,False
5066-GFJMM,0.2407355234881784,High Risk,19.9,Low Value,High Risk / Low Value,Month-to-month,3,18.683483977917525,-8.816516022082475,False
3043-SUDUA,0.0499985315468902,Low Risk,19.9,Low Value,Low Risk / Low Value,Month-to-month,32,3.8803860333541476,-23.61961396664585,False
7878-RTCZG,0.201018685471617,High Risk,19.9,Low Value,High Risk / Low Value,Month-to-month,1,15.601060179452197,-11.898939820547803,False
2369-FEVNO,0.2571899249999593,High Risk,19.9,Low Value,High Risk / Low Value,Month-to-month,1,19.96051007924684,-7.539489920753159,False
4895-TMWIR,0.1530579729522033,Low Risk,19.95,Low Value,Low Risk / Low Value,Month-to-month,11,11.908675585546177,-15.591324414453823,False
4694-PHWFW,0.1310576426509751,Low Risk,19.95,Low Value,Low Risk / Low Value,Month-to-month,8,10.196939886459118,-17.30306011354088,False
9788-YTFGE,0.2026098264354045,High Risk,19.95,Low Value,High Risk / Low Value,Month-to-month,7,15.764057545806649,-11.735942454193351,False
0114-RSRRW,0.1887296794431012,Low Risk,19.95,Low Value,Low Risk / Low Value,Month-to-month,10,14.684112709070487,-12.815887290929513,False
7521-YXVZY,0.1598667124959436,Low Risk,19.95,Low Value,Low Risk / Low Value,Month-to-month,3,12.438429565746894,-15.061570434253106,False
3190-FZATL,0.0968981698810319,Low Risk,19.95,Low Value,Low Risk / Low Value,Month-to-month,14,7.539162107593688,-19.96083789240631,False
3097-PYWXL,0.2716749281939218,High Risk,19.95,Low Value,High Risk / Low Value,Month-to-month,4,21.137667788128084,-6.362332211871916,False
6377-KSLXC,0.1667619878061237,Low Risk,19.95,Low Value,Low Risk / Low Value,Month-to-month,5,12.974916461255454,-14.525083538744546,False
1796-JANOW,0.1926150605549969,Low Risk,19.95,Low Value,Low Risk / Low Value,Month-to-month,2,14.986414786481534,-12.513585213518466,False
3623-FQBOX,0.1092109937222435,Low Risk,19.95,Low Value,Low Risk / Low Value,Month-to-month,21,8.497161366559155,-19.002838633440845,False
2542-HYGIQ,0.1956459969250768,High Risk,19.95,Low Value,High Risk / Low Value,Month-to-month,1,15.222236790755602,-12.277763209244398,False
3506-LCJDC,0.181710606937149,Low Risk,19.95,Low Value,Low Risk / Low Value,Month-to-month,1,14.137993772744878,-13.362006227255122,False
5143-WMWOG,0.2607337451727819,High Risk,19.95,Low Value,High Risk / Low Value,Month-to-month,1,20.2863890431683,-7.213610956831701,False
5144-PQCDZ,0.2273899343749797,High Risk,19.95,Low Value,High Risk / Low Value,Month-to-month,4,17.692073844045296,-9.807926155954704,False
3363-EWLGO,0.170072662900933,Low Risk,19.95,Low Value,Low Risk / Low Value,Month-to-month,5,13.232503537007094,-14.267496462992906,False
6286-SUUWT,0.1972419723310239,High Risk,19.95,Low Value,High Risk / Low Value,Month-to-month,1,15.346411657215315,-12.153588342784685,False
0178-CIIKR,0.1846781866415,Low Risk,19.95,Low Value,Low Risk / Low Value,Month-to-month,3,14.368886311641905,-13.131113688358095,False
4237-CLSMM,0.1884886550105318,Low Risk,20.0,Low Value,Low Risk / Low Value,Month-to-month,2,14.702115090821483,-12.797884909178517,False
2393-DIVAI,0.2418628228728681,High Risk,20.0,Low Value,High Risk / Low Value,Month-to-month,3,18.865300184083708,-8.634699815916292,False
1009-IRMNA,0.1624819814118016,Low Risk,20.0,Low Value,Low Risk / Low Value,Month-to-month,7,12.673594550120525,-14.826405449879475,False
3807-XHCJH,0.2360287877700312,High Risk,20.0,Low Value,High Risk / Low Value,Month-to-month,1,18.410245446062433,-9.089754553937567,False
7047-YXDMZ,0.0800663050484899,Low Risk,20.0,Low Value,Low Risk / Low Value,Month-to-month,21,6.245171793782212,-21.254828206217788,False
4712-UYOOI,0.1039788983375248,Low Risk,20.0,Low Value,Low Risk / Low Value,Month-to-month,20,8.110354070326935,-19.389645929673065,False
0380-ZCSBI,0.1296393566204951,Low Risk,20.0,Low Value,Low Risk / Low Value,Month-to-month,10,10.11186981639862,-17.38813018360138,False
4986-MXSFP,0.2514454474981292,High Risk,20.0,Low Value,High Risk / Low Value,Month-to-month,2,19.61274490485408,-7.887255095145921,False
4860-YZGZM,0.180390558393675,Low Risk,20.0,Low Value,Low Risk / Low Value,Month-to-month,10,14.07046355470665,-13.42953644529335,False
6734-CKRSM,0.1848075756495443,Low Risk,20.0,Low Value,Low Risk / Low Value,Month-to-month,3,14.414990900664456,-13.085009099335544,False
6972-SNKKW,0.1619367855006388,Low Risk,20.0,Low Value,Low Risk / Low Value,Month-to-month,6,12.631069269049828,-14.868930730950172,False
1552-CZCLL,0.0124817274308607,Low Risk,20.0,Low Value,Low Risk / Low Value,Month-to-month,55,0.9735747396071346,-26.526425260392866,False
7698-YFGEZ,0.1971137870788167,High Risk,20.0,Low Value,High Risk / Low Value,Month-to-month,1,15.374875392147702,-12.125124607852298,False
8439-LTUGF,0.1733606238795829,Low Risk,20.0,Low Value,Low Risk / Low Value,Month-to-month,10,13.522128662607468,-13.977871337392532,False
4877-EVATK,0.1971137870788167,High Risk,20.0,Low Value,High Risk / Low Value,Month-to-month,1,15.374875392147702,-12.125124607852298,False
3011-WQKSZ,0.143603370652498,Low Risk,20.0,Low Value,Low Risk / Low Value,Month-to-month,19,11.201062910894846,-16.298937089105152,False
7808-DVWEP,0.1883319507071599,Low Risk,20.0,Low Value,Low Risk / Low Value,Month-to-month,3,14.689892155158473,-12.810107844841527,False
5688-KZTSN,0.1701899519230638,Low Risk,20.0,Low Value,Low Risk / Low Value,Month-to-month,15,13.274816249998977,-14.225183750001023,False
4079-ULGFR,0.1002008527640947,Low Risk,20.0,Low Value,Low Risk / Low Value,Month-to-month,16,7.815666515599386,-19.684333484400614,False
9700-ZCLOT,0.1887055709560054,Low Risk,20.0,Low Value,Low Risk / Low Value,Month-to-month,2,14.719034534568424,-12.780965465431576,False
7531-GQHME,0.1191436353510933,Low Risk,20.05,Low Value,Low Risk / Low Value,Month-to-month,12,9.316436566278743,-18.183563433721257,False
3030-ZKIWL,0.1969856646905479,High Risk,20.05,Low Value,High Risk / Low Value,Month-to-month,1,15.403294050477394,-12.096705949522606,False
4785-NKHCX,0.2066176493287502,High Risk,20.05,Low Value,High Risk / Low Value,Month-to-month,5,16.156467089261625,-11.343532910738375,False
4661-NJEUX,0.256726096709977,High Risk,20.05,Low Value,High Risk / Low Value,Month-to-month,1,20.07469713223665,-7.4253028677633495,False
2812-SFXMJ,0.1741190723090132,Low Risk,20.05,Low Value,Low Risk / Low Value,Month-to-month,1,13.615240859203288,-13.884759140796712,False
1349-WXNGG,0.2055534741916466,High Risk,20.05,Low Value,High Risk / Low Value,Month-to-month,1,16.073253914415808,-11.426746085584192,False
7874-ECPQJ,0.2154875327283606,High Risk,20.05,Low Value,High Risk / Low Value,Month-to-month,4,16.85004762169416,-10.64995237830584,False
0188-GWFLE,0.1886253452108426,Low Risk,20.05,Low Value,Low Risk / Low Value,Month-to-month,2,14.749558868761838,-12.750441131238162,False
1855-CFULU,0.2110102432775137,High Risk,20.05,Low Value,High Risk / Low Value,Month-to-month,4,16.499945973085186,-11.000054026914814,False
1336-EZFZY,0.1769950862535099,Low Risk,20.05,Low Value,Low Risk / Low Value,Month-to-month,4,13.840130769593207,-13.659869230406793,False
7096-UCLNH,0.1969856646905479,High Risk,20.05,Low Value,High Risk / Low Value,Month-to-month,1,15.403294050477394,-12.096705949522606,False
8387-UGUSU,0.0938921255964971,Low Risk,20.05,Low Value,Low Risk / Low Value,Month-to-month,15,7.341894761018091,-20.15810523898191,False
1383-EZRWL,0.1563278315690612,Low Risk,20.05,Low Value,Low Risk / Low Value,Month-to-month,7,12.22405478954274,-15.27594521045726,False
5919-VCZYM,0.1890398736927971,Low Risk,20.05,Low Value,Low Risk / Low Value,Month-to-month,2,14.781972923408269,-12.718027076591731,False
5028-HTLJB,0.2333128234338018,High Risk,20.05,Low Value,High Risk / Low Value,Month-to-month,1,18.243896228406133,-9.256103771593867,False
6147-CBCRA,0.045621966521963,Low Risk,20.05,Low Value,Low Risk / Low Value,Month-to-month,33,3.567409672184897,-23.932590327815102,False
8749-CLJXC,0.1969856646905479,High Risk,20.05,Low Value,High Risk / Low Value,Month-to-month,1,15.403294050477394,-12.096705949522606,False
9867-NNXLC,0.1072393220512665,Low Risk,20.05,Low Value,Low Risk / Low Value,Month-to-month,22,8.385578787798785,-19.114421212201215,False
7094-MSZAO,0.1529930564783666,Low Risk,20.05,Low Value,Low Risk / Low Value,Month-to-month,10,11.96329205132588,-15.53670794867412,False
7542-CYDDM,0.0922403239775998,Low Risk,20.05,Low Value,Low Risk / Low Value,Month-to-month,18,7.212732133428418,-20.287267866571582,False
9962-BFPDU,0.1769936915340101,Low Risk,20.05,Low Value,Low Risk / Low Value,Month-to-month,1,13.840021709501922,-13.659978290498078,False
2717-HVIZY,0.1306204264124367,Low Risk,20.05,Low Value,Low Risk / Low Value,Month-to-month,8,10.21386424332049,-17.28613575667951,False
3407-QGWLG,0.2118973967882898,High Risk,20.05,Low Value,High Risk / Low Value,Month-to-month,3,16.569316941860322,-10.930683058139678,False
2159-TURXX,0.1615361559573032,Low Risk,20.05,Low Value,Low Risk / Low Value,Month-to-month,5,12.631319715081322,-14.868680284918678,False
8317-BVKSO,0.2027147293948566,High Risk,20.05,Low Value,High Risk / Low Value,Month-to-month,14,15.851278265030814,-11.648721734969186,False
2164-SOQXL,0.0744987927802645,Low Risk,20.05,Low Value,Low Risk / Low Value,Month-to-month,20,5.8254331014527825,-21.67456689854722,False
0357-NVCRI,0.0563095489434628,Low Risk,20.05,Low Value,Low Risk / Low Value,Month-to-month,25,4.403125179634074,-23.096874820365926,False
0871-OPBXW,0.2511968995779665,High Risk,20.05,Low Value,High Risk / Low Value,Month-to-month,2,19.64234156249909,-7.857658437500909,False
3148-BLQJT,0.1968576051619603,High Risk,20.1,Low Value,High Risk / Low Value,Month-to-month,1,15.431667668646071,-12.068332331353929,False
1240-KNSEZ,0.2565716090177903,High Risk,20.1,Low Value,High Risk / Low Value,Month-to-month,1,20.112648430904585,-7.387351569095415,False
7777-UNYHB,0.1417599188451553,Low Risk,20.1,Low Value,Low Risk / Low Value,Month-to-month,12,11.112560038271724,-16.387439961728276,False
9367-TCUYN,0.123670878986081,Low Risk,20.1,Low Value,Low Risk / Low Value,Month-to-month,12,9.694560203718892,-17.805439796281107,False
6861-OKBCE,0.11052229644493,Low Risk,20.1,Low Value,Low Risk / Low Value,Month-to-month,11,8.663842818318065,-18.836157181681934,False
7017-VFULY,0.2004015078357173,High Risk,20.1,Low Value,High Risk / Low Value,Month-to-month,2,15.709474199241882,-11.790525800758118,False
1000-AJSLD,0.2565716090177903,High Risk,20.1,Low Value,High Risk / Low Value,Month-to-month,1,20.112648430904585,-7.387351569095415,False
8006-PYCSW,0.192307599053106,Low Risk,20.1,Low Value,Low Risk / Low Value,Month-to-month,2,15.07499268977298,-12.42500731022702,False
1066-JKSGK,0.1967296084887599,High Risk,20.15,Low Value,High Risk / Low Value,Month-to-month,1,15.459996283089197,-12.040003716910803,False
2120-SMPEX,0.0913404328983203,Low Risk,20.15,Low Value,Low Risk / Low Value,Month-to-month,25,7.177987919314501,-20.3220120806855,False
1934-SJVJK,0.1967296084887599,High Risk,20.15,Low Value,High Risk / Low Value,Month-to-month,1,15.459996283089197,-12.040003716910803,False
3977-QCRSL,0.1699614084341258,Low Risk,20.15,Low Value,Low Risk / Low Value,Month-to-month,5,13.356417281795775,-14.143582718204225,False
4897-QSUYC,0.2608024847498472,High Risk,20.15,Low Value,High Risk / Low Value,Month-to-month,1,20.49516326406674,-7.00483673593326,False
8974-OVACP,0.2003691877857464,High Risk,20.15,Low Value,High Risk / Low Value,Month-to-month,1,15.746012622142878,-11.753987377857122,False
6648-INWPS,0.1223088003115543,Low Risk,20.15,Low Value,Low Risk / Low Value,Month-to-month,16,9.611637072483495,-17.888362927516503,False
5712-VBOXD,0.2255254994517037,High Risk,20.15,Low Value,High Risk / Low Value,Month-to-month,4,17.72292137441213,-9.777078625587869,False
4781-ZXYGU,0.2376053835078771,High Risk,20.15,Low Value,High Risk / Low Value,Month-to-month,1,18.672219062966523,-8.827780937033477,False
7787-BNTZM,0.1666542129691728,Low Risk,20.15,Low Value,Low Risk / Low Value,Month-to-month,6,13.096521326182444,-14.403478673817556,False
4018-KJYUY,0.0640586708015126,Low Risk,20.15,Low Value,Low Risk / Low Value,Month-to-month,22,5.034050644936868,-22.46594935506313,False
7853-GVUDZ,0.2263099703394207,High Risk,20.15,Low Value,High Risk / Low Value,Month-to-month,1,17.784569019123374,-9.715430980876626,False
7845-URHJN,0.1547811596331035,Low Risk,20.15,Low Value,Low Risk / Low Value,Month-to-month,8,12.163477429767436,-15.336522570232564,False
4397-FRLTA,0.1768074316999166,Low Risk,20.15,Low Value,Low Risk / Low Value,Month-to-month,4,13.894412020137949,-13.605587979862051,False
6469-QJKZW,0.2354836956439386,High Risk,20.15,Low Value,High Risk / Low Value,Month-to-month,4,18.505486222178916,-8.994513777821084,False
2791-SFVEW,0.1508723558625556,Low Risk,20.15,Low Value,Low Risk / Low Value,Month-to-month,9,11.85630408545893,-15.64369591454107,False
7310-EGVHZ,0.20515704963845,High Risk,20.2,Low Value,High Risk / Low Value,Month-to-month,1,16.162272370517094,-11.337727629482906,False
6380-ARCEH,0.1966016746666151,High Risk,20.2,Low Value,High Risk / Low Value,Month-to-month,1,15.488279930235937,-12.011720069764063,False
9294-TDIPC,0.1453743313076755,Low Risk,20.2,Low Value,Low Risk / Low Value,Month-to-month,5,11.452589820418677,-16.047410179581323,False
1641-BYBTK,0.1850343146409221,Low Risk,20.2,Low Value,Low Risk / Low Value,Month-to-month,6,14.577003307411843,-12.922996692588157,False
3247-MHJKM,0.1966016746666151,High Risk,20.2,Low Value,High Risk / Low Value,Month-to-month,1,15.488279930235937,-12.011720069764063,False
8305-VHZBZ,0.256262816328144,High Risk,20.2,Low Value,High Risk / Low Value,Month-to-month,1,20.188384670331185,-7.311615329668815,False
3744-ZBHON,0.2450409929200135,High Risk,20.2,Low Value,High Risk / Low Value,Month-to-month,3,19.304329422238663,-8.195670577761337,False
6131-IUNXN,0.0778898926746867,Low Risk,20.2,Low Value,Low Risk / Low Value,Month-to-month,19,6.136165744911819,-21.36383425508818,False
3345-JHUEO,0.2959130992580489,High Risk,20.2,Low Value,High Risk / Low Value,Month-to-month,4,23.31203395954909,-4.18796604045091,False
5356-RHIPP,0.256262816328144,High Risk,20.2,Low Value,High Risk / Low Value,Month-to-month,1,20.188384670331185,-7.311615329668815,False
2955-PSXOE,0.2710485008099989,High Risk,20.2,Low Value,High Risk / Low Value,Month-to-month,1,21.353200893811717,-6.146799106188283,False
8048-DSDFQ,0.1966016746666151,High Risk,20.2,Low Value,High Risk / Low Value,Month-to-month,1,15.488279930235937,-12.011720069764063,False
1493-AMTIE,0.2665530400477699,High Risk,20.2,Low Value,High Risk / Low Value,Month-to-month,1,20.999048494963315,-6.500951505036685,False
4786-UKSNZ,0.1966016746666151,High Risk,20.2,Low Value,High Risk / Low Value,Month-to-month,1,15.488279930235937,-12.011720069764063,False
3039-MJSLN,0.1662615845040877,Low Risk,20.2,Low Value,Low Risk / Low Value,Month-to-month,3,13.09808762723203,-14.40191237276797,False
5850-BDWCY,0.1620787667410646,Low Risk,20.2,Low Value,Low Risk / Low Value,Month-to-month,6,12.768565243861069,-14.731434756138931,False
7839-QRKXN,0.2606464042528266,High Risk,20.2,Low Value,High Risk / Low Value,Month-to-month,1,20.533723727037682,-6.966276272962318,False
8203-XJZRC,0.196473803691158,High Risk,20.25,Low Value,High Risk / Low Value,Month-to-month,1,15.516518646509203,-11.983481353490797,False
5067-DGXLL,0.188263343628846,Low Risk,20.25,Low Value,Low Risk / Low Value,Month-to-month,2,14.868097563088114,-12.631902436911886,False
3195-TQDZX,0.3082951502377082,High Risk,20.25,Low Value,High Risk / Low Value,Month-to-month,3,24.34760949002301,-3.152390509976989,False
2371-JUNGC,0.1267145336414479,Low Risk,20.25,Low Value,Low Risk / Low Value,Month-to-month,11,10.00728029433335,-17.49271970566665,False
2439-QKJUL,0.166190025206694,Low Risk,20.25,Low Value,Low Risk / Low Value,Month-to-month,5,13.124857240698656,-14.375142759301344,False
5260-UMPWX,0.0734953238732076,Low Risk,20.25,Low Value,Low Risk / Low Value,Month-to-month,26,5.804293202886571,-21.69570679711343,False
4203-QGNZA,0.0500398151204587,Low Risk,20.25,Low Value,Low Risk / Low Value,Month-to-month,28,3.9518943991382254,-23.548105600861774,False
4083-EUGRJ,0.1390101078003918,Low Risk,20.25,Low Value,Low Risk / Low Value,Month-to-month,9,10.978323263535943,-16.52167673646406,False
6278-FEPBZ,0.1420504286452918,Low Risk,20.25,Low Value,Low Risk / Low Value,Month-to-month,9,11.21843260226192,-16.28156739773808,False
4797-MIWUM,0.1872451819371358,Low Risk,20.25,Low Value,Low Risk / Low Value,Month-to-month,7,14.787688243485299,-12.712311756514701,False
4054-CUMIA,0.1124218979003854,Low Risk,20.25,Low Value,Low Risk / Low Value,Month-to-month,18,8.878519386682937,-18.62148061331706,False
0670-KDOMA,0.2604903842473894,High Risk,20.25,Low Value,High Risk / Low Value,Month-to-month,1,20.57222809593758,-6.927771904062421,False
2876-VBBBL,0.2604903842473894,High Risk,20.25,Low Value,High Risk / Low Value,Month-to-month,1,20.57222809593758,-6.927771904062421,False
5345-BMKWB,0.144949362548861,Low Risk,20.25,Low Value,Low Risk / Low Value,Month-to-month,8,11.4473759072963,-16.052624092703702,False
5868-YTYKS,0.2283302620163746,High Risk,20.25,Low Value,High Risk / Low Value,Month-to-month,1,18.032382442743184,-9.467617557256816,False
4732-RRJZC,0.1332382190477297,Low Risk,20.25,Low Value,Low Risk / Low Value,Month-to-month,7,10.522488349294454,-16.977511650705544,False
4211-MMAZN,0.196473803691158,High Risk,20.25,Low Value,High Risk / Low Value,Month-to-month,1,15.516518646509203,-11.983481353490797,False
2081-KJSQF,0.2561085113598428,High Risk,20.25,Low Value,High Risk / Low Value,Month-to-month,1,20.226169684643587,-7.273830315356413,False
4488-PSYCG,0.106190707196427,Low Risk,20.25,Low Value,Low Risk / Low Value,Month-to-month,16,8.386411100837822,-19.113588899162178,False
0142-GVYSN,0.1188081731874142,Low Risk,20.3,Low Value,Low Risk / Low Value,Month-to-month,26,9.406043071247584,-18.093956928752416,False
6838-HVLXG,0.1240666506180757,Low Risk,20.3,Low Value,Low Risk / Low Value,Month-to-month,12,9.822356729433054,-17.677643270566946,False
0516-QREYC,0.1164404350510998,Low Risk,20.3,Low Value,Low Risk / Low Value,Month-to-month,24,9.218589242995574,-18.281410757004426,False
9122-UMROB,0.1963459955579836,High Risk,20.3,Low Value,High Risk / Low Value,Month-to-month,1,15.544712468325562,-11.955287531674438,False
9256-JTBNZ,0.1366426948931974,Low Risk,20.3,Low Value,Low Risk / Low Value,Month-to-month,11,10.818002154694437,-16.681997845305563,False
7814-LEEVE,0.2701345315541975,High Risk,20.3,Low Value,High Risk / Low Value,Month-to-month,1,21.386550863145814,-6.113449136854186,False
1755-RMCXH,0.165812244422821,Low Risk,20.3,Low Value,Low Risk / Low Value,Month-to-month,2,13.12735539095474,-14.37264460904526,False
8204-TIFGJ,0.1064252456572922,Low Risk,20.3,Low Value,Low Risk / Low Value,Month-to-month,23,8.425686698687823,-19.074313301312177,False
3090-QFUVD,0.194755511062081,High Risk,20.3,Low Value,High Risk / Low Value,Month-to-month,1,15.418793810784951,-12.081206189215049,False
6131-JLWZM,0.1595628262173369,Low Risk,20.3,Low Value,Low Risk / Low Value,Month-to-month,13,12.632588951626563,-14.867411048373437,False
8073-IJDCM,0.260334424749499,High Risk,20.3,Low Value,High Risk / Low Value,Month-to-month,1,20.61067640741784,-6.8893235925821585,False
2676-ISHSF,0.1963459955579836,High Risk,20.3,Low Value,High Risk / Low Value,Month-to-month,1,15.544712468325562,-11.955287531674438,False
2342-CKIAO,0.1918609313577231,Low Risk,20.3,Low Value,Low Risk / Low Value,Month-to-month,2,15.18962993559094,-12.31037006440906,False
2085-JVGAD,0.0377593893200884,Low Risk,20.35,Low Value,Low Risk / Low Value,Month-to-month,37,2.9967739333888157,-24.503226066611184,False
6621-YOBKI,0.165253131363091,Low Risk,20.35,Low Value,Low Risk / Low Value,Month-to-month,5,13.115314770631718,-14.384685229368282,False
0031-PVLZI,0.154679630100576,Low Risk,20.35,Low Value,Low Risk / Low Value,Month-to-month,4,12.276148842932216,-15.223851157067784,False
2592-YKDIF,0.1998507229181337,High Risk,20.35,Low Value,High Risk / Low Value,Month-to-month,1,15.861152624397683,-11.638847375602317,False
9818-XQCUV,0.1919242063781502,Low Risk,20.35,Low Value,Low Risk / Low Value,Month-to-month,2,15.23206463920189,-12.26793536079811,False
5687-DKDTV,0.1760222615393636,Low Risk,20.35,Low Value,Low Risk / Low Value,Month-to-month,4,13.970006787071593,-13.529993212928407,False
1552-TKMXS,0.028228223746194,Low Risk,20.35,Low Value,Low Risk / Low Value,Month-to-month,42,2.240332977616687,-25.25966702238331,False
0519-DRGTI,0.0749164218693266,Low Risk,20.35,Low Value,Low Risk / Low Value,Month-to-month,20,5.945741821659106,-21.554258178340895,False
2739-CCZMB,0.1424232353176074,Low Risk,20.35,Low Value,Low Risk / Low Value,Month-to-month,5,11.303420070981911,-16.19657992901809,False
4634-JLRJT,0.2601785257750665,High Risk,20.35,Low Value,High Risk / Low Value,Month-to-month,1,20.64906869813816,-6.850931301861841,False
6671-NGWON,0.1551138646690153,Low Risk,20.35,Low Value,Low Risk / Low Value,Month-to-month,7,12.310611869456402,-15.189388130543598,False
1850-AKQEP,0.1279993298465329,Low Risk,20.35,Low Value,Low Risk / Low Value,Month-to-month,8,10.158666813270084,-17.341333186729916,False
8739-QOTTN,0.1912971009093637,Low Risk,20.35,Low Value,Low Risk / Low Value,Month-to-month,2,15.182294413671652,-12.317705586328348,False
5562-YJQGT,0.1863952103758009,Low Risk,20.35,Low Value,Low Risk / Low Value,Month-to-month,2,14.79325587147544,-12.70674412852456,False
9860-LISIZ,0.0431357006406385,Low Risk,20.35,Low Value,Low Risk / Low Value,Month-to-month,34,3.4234648813442745,-24.076535118655727,False
9932-WBWIK,0.1267732410323358,Low Risk,20.35,Low Value,Low Risk / Low Value,Month-to-month,11,10.061358274531333,-17.438641725468667,False
4195-SMMNX,0.1878461785049045,Low Risk,20.35,Low Value,Low Risk / Low Value,Month-to-month,2,14.908411957041748,-12.591588042958252,False
3590-TCXTB,0.1962182502626498,High Risk,20.35,Low Value,High Risk / Low Value,Month-to-month,1,15.572861432095204,-11.927138567904796,False
1159-WFSGR,0.1236840824417366,Low Risk,20.4,Low Value,Low Risk / Low Value,Month-to-month,16,9.840305599064564,-17.659694400935436,False
6579-JPICP,0.1960905678006781,High Risk,20.4,Low Value,High Risk / Low Value,Month-to-month,1,15.600965574221949,-11.899034425778051,False
1222-KJNZD,0.0388919303160701,Low Risk,20.4,Low Value,Low Risk / Low Value,Month-to-month,40,3.094241975946537,-24.405758024053462,False
9929-PLVPA,0.1513953501615525,Low Risk,20.4,Low Value,Low Risk / Low Value,Month-to-month,4,12.045014058853118,-15.454985941146882,False
4568-TTZRT,0.138832813465148,Low Risk,20.4,Low Value,Low Risk / Low Value,Month-to-month,9,11.045538639287177,-16.454461360712823,False
8735-NBLWT,0.1217676739477059,Low Risk,20.4,Low Value,Low Risk / Low Value,Month-to-month,9,9.687836139279481,-17.812163860720517,False
2410-CIYFZ,0.1661110066382831,Low Risk,20.4,Low Value,Low Risk / Low Value,Month-to-month,2,13.215791688141804,-14.284208311858196,False
3727-JEZTU,0.1997212640736477,High Risk,20.4,Low Value,High Risk / Low Value,Month-to-month,1,15.889823769699412,-11.610176230300588,False
4486-EFAEB,0.2088808692410105,High Risk,20.4,Low Value,High Risk / Low Value,Month-to-month,13,16.618561956814794,-10.881438043185206,False
1539-LNKHM,0.1245384341923738,Low Risk,20.4,Low Value,Low Risk / Low Value,Month-to-month,12,9.908277824345259,-17.59172217565474,False
1963-VAUKV,0.1997212640736477,High Risk,20.4,Low Value,High Risk / Low Value,Month-to-month,1,15.889823769699412,-11.610176230300588,False
9770-LXDBK,0.1837952660071431,Low Risk,20.4,Low Value,Low Risk / Low Value,Month-to-month,3,14.622751363528304,-12.877248636471696,False
8262-COGGB,0.2554919010012332,High Risk,20.45,Low Value,High Risk / Low Value,Month-to-month,1,20.37675656435335,-7.12324343564665,False
7706-DZNKK,0.1658110591207723,Low Risk,20.45,Low Value,Low Risk / Low Value,Month-to-month,11,13.224261020177194,-14.275738979822806,False
8942-DBMHZ,0.1216158100618335,Low Risk,20.45,Low Value,Low Risk / Low Value,Month-to-month,12,9.699468931481531,-17.800531068518467,False
7266-GSSJX,0.2023637913583965,High Risk,20.45,Low Value,High Risk / Low Value,Month-to-month,11,16.13952417978891,-11.36047582021109,False
4623-ZKHLY,0.1092884740992364,Low Risk,20.45,Low Value,Low Risk / Low Value,Month-to-month,22,8.7163022517846,-18.783697748215403,False
0673-IGUQO,0.195962948167553,High Risk,20.45,Low Value,High Risk / Low Value,Month-to-month,1,15.629024931103192,-11.870975068896808,False
7140-ADSMJ,0.1877536527489647,Low Risk,20.45,Low Value,Low Risk / Low Value,Month-to-month,8,14.97429257499368,-12.52570742500632,False
5996-DAOQL,0.2554919010012332,High Risk,20.45,Low Value,High Risk / Low Value,Month-to-month,1,20.37675656435335,-7.12324343564665,False
2668-TZSPS,0.195962948167553,High Risk,20.45,Low Value,High Risk / Low Value,Month-to-month,1,15.629024931103192,-11.870975068896808,False
3594-IVHJZ,0.2501382344714571,High Risk,20.45,Low Value,High Risk / Low Value,Month-to-month,2,19.949774890271065,-7.550225109728935,False
9618-LFJRU,0.1712836392792991,Low Risk,20.45,Low Value,Low Risk / Low Value,Month-to-month,4,13.6607266507205,-13.8392733492795,False
7010-ZMVBF,0.0812681652773695,Low Risk,20.45,Low Value,Low Risk / Low Value,Month-to-month,18,6.481542521696605,-21.018457478303397,False
7998-ZLXWN,0.1051619213331367,Low Risk,20.45,Low Value,Low Risk / Low Value,Month-to-month,15,8.387189035924317,-19.112810964075685,False
1385-TQOZW,0.1818199390608471,Low Risk,20.45,Low Value,Low Risk / Low Value,Month-to-month,9,14.501049239797862,-12.998950760202138,False
9184-GALIL,0.0306417397833154,Low Risk,20.45,Low Value,Low Risk / Low Value,Month-to-month,38,2.4438319564183195,-25.056168043581682,False
5774-XZTQC,0.1357405478299572,Low Risk,20.45,Low Value,Low Risk / Low Value,Month-to-month,7,10.825987392178238,-16.674012607821762,False
5546-BYZSM,0.042553175863093,Low Risk,20.45,Low Value,Low Risk / Low Value,Month-to-month,41,3.3938285409609827,-24.106171459039018,False
3752-CQSJI,0.1388679775157675,Low Risk,20.45,Low Value,Low Risk / Low Value,Month-to-month,13,11.075415546770035,-16.424584453229965,False
2732-ISEZX,0.2220789396671124,High Risk,20.5,Low Value,High Risk / Low Value,Month-to-month,5,17.755211226385637,-9.744788773614363,False
6231-WFGFH,0.2008253253027774,High Risk,20.5,Low Value,High Risk / Low Value,Month-to-month,4,16.055984757957056,-11.444015242042944,False
0536-BGFMZ,0.0578158692044213,Low Risk,20.5,Low Value,Low Risk / Low Value,Month-to-month,28,4.622378742893483,-22.87762125710652,False
2792-VPPET,0.3084096217593768,High Risk,20.5,Low Value,High Risk / Low Value,Month-to-month,3,24.657349259662176,-2.842650740337824,False
6476-EPYZR,0.1059800169321635,Low Risk,20.5,Low Value,Low Risk / Low Value,Month-to-month,12,8.473102353726471,-19.02689764627353,False
1866-ZSLJM,0.0767644367397924,Low Risk,20.5,Low Value,Low Risk / Low Value,Month-to-month,21,6.137316717346403,-21.3626832826536,False
2002-MZHWP,0.1994625352074822,High Risk,20.5,Low Value,High Risk / Low Value,Month-to-month,1,15.947029689838203,-11.552970310161797,False
9753-OYLBX,0.1994625352074822,High Risk,20.5,Low Value,High Risk / Low Value,Month-to-month,1,15.947029689838203,-11.552970310161797,False
4255-DDUOU,0.2311283343064169,High Risk,20.5,Low Value,High Risk / Low Value,Month-to-month,1,18.478710327798034,-9.021289672201966,False
4745-LSPLO,0.1958353913587221,High Risk,20.5,Low Value,High Risk / Low Value,Month-to-month,1,15.657039539129833,-11.842960460870167,False
6942-LBFDP,0.249330543004523,High Risk,20.55,Low Value,High Risk / Low Value,Month-to-month,2,19.982596369097497,-7.517403630902503,False
7893-IXHRQ,0.2588650952342156,High Risk,20.55,Low Value,High Risk / Low Value,Month-to-month,1,20.746743057546208,-6.753256942453792,False
1925-GMVBW,0.1635493832581728,Low Risk,20.55,Low Value,Low Risk / Low Value,Month-to-month,5,13.10766532122626,-14.39233467877374,False
9512-PHSMG,0.1821363179189301,Low Risk,20.55,Low Value,Low Risk / Low Value,Month-to-month,10,14.597315199612654,-12.902684800387346,False
1784-BXEFA,0.1796685828193955,Low Risk,20.55,Low Value,Low Risk / Low Value,Month-to-month,10,14.39953857006045,-13.10046142993955,False
4390-KYULV,0.2290636899751373,High Risk,20.55,Low Value,High Risk / Low Value,Month-to-month,3,18.35830943305738,-9.141690566942621,False
9708-KFDBY,0.1905681956648369,Low Risk,20.55,Low Value,Low Risk / Low Value,Month-to-month,1,15.273088041558356,-12.226911958441644,False
3803-KMQFW,0.1758172111819269,Low Risk,20.55,Low Value,Low Risk / Low Value,Month-to-month,1,14.090870390175532,-13.409129609824468,False
8963-MQVYN,0.1281277881054115,Low Risk,20.55,Low Value,Low Risk / Low Value,Month-to-month,22,10.268801577708206,-17.231198422291794,False
1038-RQOST,0.0764921096270951,Low Risk,20.6,Low Value,Low Risk / Low Value,Month-to-month,19,6.145376087440821,-21.354623912559177,False
7407-SUJIZ,0.0662707219258682,Low Risk,20.6,Low Value,Low Risk / Low Value,Month-to-month,25,5.324189799524253,-22.17581020047575,False
3976-NLDEZ,0.1955804661955507,High Risk,20.6,Low Value,High Risk / Low Value,Month-to-month,1,15.712934654150544,-11.787065345849456,False
5049-GLYVG,0.1955804661955507,High Risk,20.6,Low Value,High Risk / Low Value,Month-to-month,1,15.712934654150544,-11.787065345849456,False
0787-LHDYT,0.1324709013084835,Low Risk,20.6,Low Value,Low Risk / Low Value,Month-to-month,16,10.642712211123564,-16.857287788876434,False
2480-JZOSN,0.2586665684232265,High Risk,20.65,Low Value,High Risk / Low Value,Month-to-month,1,20.831712087964547,-6.668287912035453,False
8681-ICONS,0.0656328166861759,Low Risk,20.65,Low Value,Low Risk / Low Value,Month-to-month,29,5.285738891821176,-22.214261108178825,False
3012-VFFMN,0.1356427929751527,Low Risk,20.65,Low Value,Low Risk / Low Value,Month-to-month,7,10.923992332253922,-16.576007667746076,False
6016-LVTJQ,0.0374798975451932,Low Risk,20.65,Low Value,Low Risk / Low Value,Month-to-month,34,3.0184435488021344,-24.481556451197864,False
3530-CRZSB,0.1546746705133406,Low Risk,20.65,Low Value,Low Risk / Low Value,Month-to-month,7,12.456724589791886,-15.043275410208114,False
2839-RFSQE,0.1908512072240507,Low Risk,20.65,Low Value,Low Risk / Low Value,Month-to-month,2,15.370201973788923,-12.129798026211077,False
3675-EQOZA,0.1720658720111076,Low Risk,20.65,Low Value,Low Risk / Low Value,Month-to-month,5,13.857325002414552,-13.642674997585448,False
5088-QZLRL,0.258554502247387,High Risk,20.65,Low Value,High Risk / Low Value,Month-to-month,1,20.82268683849331,-6.677313161506689,False
6490-FGZAT,0.1574330996887135,Low Risk,20.65,Low Value,Low Risk / Low Value,Month-to-month,6,12.678874683430541,-14.821125316569459,False
1488-SYSFC,0.0834937355307806,Low Risk,20.65,Low Value,Low Risk / Low Value,Month-to-month,31,6.724167990971415,-20.775832009028584,False
2928-HLDBA,0.1605195752063513,Low Risk,20.7,Low Value,Low Risk / Low Value,Month-to-month,6,12.95874530640874,-14.54125469359126,False
9367-OIUXP,0.1717155426641163,Low Risk,20.7,Low Value,Low Risk / Low Value,Month-to-month,4,13.862595759274107,-13.637404240725893,False
1614-JBEBI,0.1946038450963216,High Risk,20.7,Low Value,High Risk / Low Value,Month-to-month,8,15.71036841462604,-11.78963158537396,False
8620-RJPZN,0.2628065170258273,High Risk,20.7,Low Value,High Risk / Low Value,Month-to-month,1,21.21637011949504,-6.283629880504961,False
3007-FDPEA,0.2593251892394511,High Risk,20.7,Low Value,High Risk / Low Value,Month-to-month,2,20.93532252730089,-6.56467747269911,False
6394-HHHZM,0.1794080548855637,Low Risk,20.7,Low Value,Low Risk / Low Value,Month-to-month,3,14.483612270911557,-13.016387729088443,False
7976-CICYS,0.2207852233309824,High Risk,20.7,Low Value,High Risk / Low Value,Month-to-month,4,17.82399107951021,-9.676008920489789,False
3645-DEYGF,0.1724948471966025,Low Risk,20.75,Low Value,Low Risk / Low Value,Month-to-month,1,13.959145509385056,-13.540854490614944,False
9046-DQMTP,0.0425638698776027,Low Risk,20.75,Low Value,Low Risk / Low Value,Month-to-month,35,3.444481169844998,-24.055518830155002,False
0463-WZZKO,0.2298607498687446,High Risk,20.75,Low Value,High Risk / Low Value,Month-to-month,3,18.601481183128158,-8.898518816871842,False
0750-EKNGL,0.1509242906401407,Low Risk,20.75,Low Value,Low Risk / Low Value,Month-to-month,7,12.213548220053386,-15.286451779946614,False
2700-LUEVA,0.1900690632350112,Low Risk,20.75,Low Value,Low Risk / Low Value,Month-to-month,1,15.381338942293283,-12.118661057706717,False
5372-FBKBN,0.0709595954567727,Low Risk,20.75,Low Value,Low Risk / Low Value,Month-to-month,21,5.742405262339331,-21.757594737660668,False
0816-TSPHQ,0.1873446514876049,Low Risk,20.75,Low Value,Low Risk / Low Value,Month-to-month,2,15.160865921634427,-12.339134078365573,False
4013-GUXND,0.1950713695563731,High Risk,20.8,Low Value,High Risk / Low Value,Month-to-month,1,15.824189498412988,-11.675810501587012,False
4803-LBYPN,0.0357326724879826,Low Risk,20.8,Low Value,Low Risk / Low Value,Month-to-month,34,2.8986343922251487,-24.601365607774852,False
1760-CAZHT,0.0560063916277333,Low Risk,20.8,Low Value,Low Risk / Low Value,Month-to-month,25,4.543238488841726,-22.956761511158273,False
7219-TLZHO,0.1530791708497358,Low Risk,20.85,Low Value,Low Risk / Low Value,Month-to-month,4,12.447632777646268,-15.052367222353732,False
7764-BDPEE,0.1579767242897994,Low Risk,20.85,Low Value,Low Risk / Low Value,Month-to-month,3,12.845877335625039,-14.654122664374961,False
2958-NHPPS,0.100402031299095,Low Risk,20.85,Low Value,Low Risk / Low Value,Month-to-month,23,8.16419117508591,-19.33580882491409,False
6982-UQZLY,0.3014069933235435,High Risk,20.85,Low Value,High Risk / Low Value,Month-to-month,1,24.508909662103946,-2.991090337896054,False
2621-UDNLU,0.1826320303186226,Low Risk,20.85,Low Value,Low Risk / Low Value,Month-to-month,3,14.850723545358798,-12.649276454641202,False
9313-QOLTZ,0.0620827655124599,Low Risk,20.9,Low Value,Low Risk / Low Value,Month-to-month,26,5.060366216920606,-22.439633783079394,False
7243-LCGGZ,0.1984301368545997,High Risk,20.9,Low Value,High Risk / Low Value,Month-to-month,1,16.17404045501842,-11.325959544981579,False
0426-TIRNE,0.1984301368545997,High Risk,20.9,Low Value,High Risk / Low Value,Month-to-month,1,16.17404045501842,-11.325959544981579,False
3847-BAERP,0.1814682158478664,Low Risk,20.9,Low Value,Low Risk / Low Value,Month-to-month,10,14.79147427375959,-12.70852572624041,False
7434-SHXLS,0.1984301368545997,High Risk,20.9,Low Value,High Risk / Low Value,Month-to-month,1,16.17404045501842,-11.325959544981579,False
5624-BQSSA,0.1983013701745636,High Risk,20.95,Low Value,High Risk / Low Value,Month-to-month,1,16.20221345011272,-11.297786549887281,False
4063-EIKNQ,0.1165818135262369,Low Risk,20.95,Low Value,Low Risk / Low Value,Month-to-month,11,9.525317074161185,-17.974682925838813,False
9986-BONCE,0.1827653795443239,Low Risk,20.95,Low Value,Low Risk / Low Value,Month-to-month,4,14.932845335668983,-12.567154664331017,False
5955-EPOAZ,0.2112708872213022,High Risk,20.95,Low Value,High Risk / Low Value,Month-to-month,6,17.26188784041649,-10.238112159583508,False
6728-WYQBC,0.2031834380096947,High Risk,20.95,Low Value,High Risk / Low Value,Month-to-month,1,16.60110280258211,-10.898897197417892,False
6770-XUAGN,0.2997297796875139,High Risk,21.0,Low Value,High Risk / Low Value,Month-to-month,1,24.547868956407385,-2.9521310435926154,False
0278-YXOOG,0.1645367109637587,Low Risk,21.05,Low Value,Low Risk / Low Value,Month-to-month,5,13.50764128656977,-13.99235871343023,False
8267-KFGYD,0.2260554607252296,High Risk,21.05,Low Value,High Risk / Low Value,Month-to-month,1,18.55802304823773,-8.941976951762271,False
1045-LTCYT,0.1239933109261131,Low Risk,21.05,Low Value,Low Risk / Low Value,Month-to-month,8,10.179230860479255,-17.320769139520745,False
0547-HURJB,0.1017942058479989,Low Risk,21.05,Low Value,Low Risk / Low Value,Month-to-month,12,8.35679532909147,-19.14320467090853,False
2111-DWYHN,0.1943096082407278,High Risk,21.1,Low Value,High Risk / Low Value,Month-to-month,1,15.989737662129492,-11.510262337870508,False
8246-SHFGA,0.0935599520494828,Low Risk,21.1,Low Value,Low Risk / Low Value,Month-to-month,17,7.6990484541519395,-19.80095154584806,False
8044-BGWPI,0.1939806213998454,Low Risk,21.15,Low Value,Low Risk / Low Value,Month-to-month,12,16.000491556166246,-11.499508443833754,False
8003-EWNDZ,0.2391693822927045,High Risk,21.2,Low Value,High Risk / Low Value,Month-to-month,10,19.774524527960807,-7.725475472039193,False
6549-YMFAW,0.2179793789559399,High Risk,21.25,Low Value,High Risk / Low Value,Month-to-month,9,18.065041030973518,-9.434958969026482,False
8785-EPNCG,0.1583997815595258,Low Risk,23.15,Low Value,Low Risk / Low Value,Month-to-month,11,14.301124278101787,-13.198875721898213,False
3797-VTIDR,0.6733244357083216,High Risk,23.45,Low Value,High Risk / Low Value,Month-to-month,1,61.57888626770455,34.07888626770455,True
6258-NGCNG,0.1925751574714826,Low Risk,23.5,Low Value,Low Risk / Low Value,Month-to-month,7,17.64951318226138,-9.85048681773862,False
7343-EOBEU,0.2911592251734951,High Risk,23.6,Low Value,High Risk / Low Value,Month-to-month,3,26.79829508496849,-0.7017049150315096,False
6834-NXDCA,0.5327424272677849,High Risk,23.9,Low Value,High Risk / Low Value,Month-to-month,13,49.65692164563022,22.15692164563022,True
5701-SVCWR,0.2195943786441599,High Risk,24.0,Low Value,High Risk / Low Value,Month-to-month,1,20.554033841093368,-6.945966158906632,False
2740-JFBOK,0.2900072120433614,High Risk,24.0,Low Value,High Risk / Low Value,Month-to-month,10,27.14467504725863,-0.35532495274136977,False
2565-JSLRY,0.3104411408504862,High Risk,24.05,Low Value,High Risk / Low Value,Month-to-month,1,29.117826806071356,1.6178268060713563,True
4830-FAXFM,0.1301715556822865,Low Risk,24.1,Low Value,Low Risk / Low Value,Month-to-month,19,12.23482451857811,-15.26517548142189,False
7812-FZHPE,0.1108650631940441,Low Risk,24.1,Low Value,Low Risk / Low Value,Month-to-month,17,10.420207289608207,-17.079792710391793,False
2346-DJQTB,0.2085729324618925,High Risk,24.15,Low Value,High Risk / Low Value,Month-to-month,35,19.644441643923344,-7.855558356076656,False
5351-QESIO,0.4648093778903779,High Risk,24.2,Low Value,High Risk / Low Value,Month-to-month,1,43.868709085293865,16.368709085293865,True
5650-VDUDS,0.5554764820570527,High Risk,24.25,Low Value,High Risk / Low Value,Month-to-month,4,52.53418829054576,25.034188290545757,True
5442-BXVND,0.0558555356912862,Low Risk,24.25,Low Value,Low Risk / Low Value,Month-to-month,33,5.282537288003392,-22.217462711996607,False
1334-FJSVR,0.6711331617161957,High Risk,24.25,Low Value,High Risk / Low Value,Month-to-month,1,63.472418769309215,35.972418769309215,True
6180-YBIQI,0.4502543712214322,High Risk,24.3,Low Value,High Risk / Low Value,Month-to-month,5,42.67060676065513,15.170606760655133,True
2233-FAGXV,0.2436862137968612,High Risk,24.3,Low Value,High Risk / Low Value,Month-to-month,5,23.094142481528536,-4.405857518471464,False
1777-JYQPJ,0.4888216775794732,High Risk,24.3,Low Value,High Risk / Low Value,Month-to-month,2,46.325630384206676,18.825630384206676,True
5482-PLVPE,0.6353773267347577,High Risk,24.35,Low Value,High Risk / Low Value,Month-to-month,2,60.33860783336626,32.83860783336626,True
7365-BVCJH,0.6705967590059078,High Risk,24.4,Low Value,High Risk / Low Value,Month-to-month,1,63.813987587002174,36.313987587002174,True
2933-FILNV,0.5408181829260245,High Risk,24.4,Low Value,High Risk / Low Value,Month-to-month,2,51.4642582872405,23.964258287240497,True
9895-VFOXH,0.5075263179061582,High Risk,24.4,Low Value,High Risk / Low Value,Month-to-month,1,48.29620441195002,20.796204411950022,True
3682-YEUWS,0.1962864391795262,High Risk,24.4,Low Value,High Risk / Low Value,Month-to-month,10,18.678617552323715,-8.821382447676285,False
3439-GVUSX,0.5018087257496965,High Risk,24.4,Low Value,High Risk / Low Value,Month-to-month,1,47.75211834234112,20.25211834234112,True
8263-JQAIK,0.6255693869220329,High Risk,24.45,Low Value,High Risk / Low Value,Month-to-month,2,59.65116888995044,32.15116888995044,True
9136-ALYBR,0.5862809273181994,High Risk,24.45,Low Value,High Risk / Low Value,Month-to-month,1,55.9048178244269,28.4048178244269,True
5261-QSHQM,0.6406407403167645,High Risk,24.45,Low Value,High Risk / Low Value,Month-to-month,4,61.08829779290508,33.58829779290508,True
5590-YRFJT,0.4425028414613396,High Risk,24.45,Low Value,High Risk / Low Value,Month-to-month,20,42.19485844754604,14.69485844754604,True
4236-UJPWO,0.5838763681553031,High Risk,24.5,Low Value,High Risk / Low Value,Month-to-month,2,55.78938697723922,28.289386977239218,True
5018-HEKFO,0.2263428621552975,High Risk,24.5,Low Value,High Risk / Low Value,Month-to-month,10,21.627060478938677,-5.872939521061323,False
9227-LUNBG,0.5958811346330002,High Risk,24.6,Low Value,High Risk / Low Value,Month-to-month,1,57.16883605669005,29.668836056690047,True
3055-MJDSB,0.483332974276537,High Risk,24.6,Low Value,High Risk / Low Value,Month-to-month,9,46.37096555209096,18.870965552090958,True
9277-JOOMO,0.2273436701543572,High Risk,24.6,Low Value,High Risk / Low Value,Month-to-month,3,21.81135171460903,-5.688648285390968,False
1744-JHKYS,0.0793900707619564,Low Risk,24.7,Low Value,Low Risk / Low Value,Month-to-month,34,7.64764551649926,-19.85235448350074,False
2538-OIMXF,0.4684866590364825,High Risk,24.7,Low Value,High Risk / Low Value,Month-to-month,1,45.12931986498436,17.62931986498436,True
3486-KHMLI,0.0890086646721788,Low Risk,24.7,Low Value,Low Risk / Low Value,Month-to-month,21,8.574204667870985,-18.925795332129013,False
5215-LNLDJ,0.56582315914879,High Risk,24.7,Low Value,High Risk / Low Value,Month-to-month,7,54.50574492080294,27.00574492080294,True
2862-PFNIK,0.6351922313194533,High Risk,24.7,Low Value,High Risk / Low Value,Month-to-month,1,61.188067643002945,33.688067643002945,True
9546-KDTRB,0.1210115097058855,Low Risk,24.7,Low Value,Low Risk / Low Value,Month-to-month,19,11.657038729967951,-15.842961270032049,False
2592-SEIFQ,0.5646509080228564,High Risk,24.75,Low Value,High Risk / Low Value,Month-to-month,3,54.50292889690621,27.002928896906212,True
4729-XKASR,0.5526937646590113,High Risk,24.75,Low Value,High Risk / Low Value,Month-to-month,1,53.34876563371107,25.848765633711068,True
1024-GUALD,0.6735463083425158,High Risk,24.8,Low Value,High Risk / Low Value,Month-to-month,1,65.14539894288814,37.645398942888136,True
6366-ZGQGL,0.5135114437754945,High Risk,24.8,Low Value,High Risk / Low Value,Month-to-month,1,49.66682684196584,22.166826841965843,True
1140-UKVZG,0.1279339211912726,Low Risk,24.8,Low Value,Low Risk / Low Value,Month-to-month,17,12.373768857619886,-15.126231142380114,False
9578-FOMUK,0.2108485914228017,High Risk,24.8,Low Value,High Risk / Low Value,Month-to-month,15,20.39327576241338,-7.106724237586619,False
5555-RNPGT,0.1421622648060279,Low Risk,24.8,Low Value,Low Risk / Low Value,Month-to-month,10,13.749934252039017,-13.750065747960983,False
7932-WPTDS,0.7190615860122912,High Risk,24.8,Low Value,High Risk / Low Value,Month-to-month,1,69.54763659910881,42.04763659910881,True
9092-GDZKO,0.1281363994956381,Low Risk,24.85,Low Value,Low Risk / Low Value,Month-to-month,22,12.418339157119767,-15.081660842880233,False
8713-IGZSO,0.2315001211552229,High Risk,24.85,Low Value,High Risk / Low Value,Month-to-month,2,22.435834241758428,-5.064165758241572,False
7909-FIOIY,0.3302298855896143,High Risk,24.85,Low Value,High Risk / Low Value,Month-to-month,19,32.004229361917474,4.504229361917474,True
4282-ACRXS,0.2801604131315529,High Risk,24.85,Low Value,High Risk / Low Value,Month-to-month,38,27.15174643864445,-0.3482535613555484,False
6344-SFJVH,0.2758592416120164,High Risk,24.9,Low Value,High Risk / Low Value,Month-to-month,20,26.78869095294291,-0.7113090470570889,False
4367-NHWMM,0.590055931119897,High Risk,24.9,Low Value,High Risk / Low Value,Month-to-month,1,57.30033147105319,29.80033147105319,True
9638-JIQYA,0.5641367253020241,High Risk,24.9,Low Value,High Risk / Low Value,Month-to-month,2,54.78331739407956,27.28331739407956,True
7802-EFKNY,0.6201851021258127,High Risk,24.95,Low Value,High Risk / Low Value,Month-to-month,5,60.3471113623522,32.8471113623522,True
1335-NTIUC,0.5717616687661177,High Risk,24.95,Low Value,High Risk / Low Value,Month-to-month,9,55.63526917928709,28.135269179287093,True
8904-OPDCK,0.113470261632712,Low Risk,24.95,Low Value,Low Risk / Low Value,Month-to-month,54,11.04122380817104,-16.45877619182896,False
8896-BQTTI,0.3071572292419293,High Risk,25.0,Low Value,High Risk / Low Value,Month-to-month,1,29.94782985108811,2.447829851088109,True
9817-APLHW,0.2070607044868207,High Risk,25.0,Low Value,High Risk / Low Value,Month-to-month,12,20.188418687465017,-7.311581312534983,False
6542-LWGXJ,0.4737387982494025,High Risk,25.0,Low Value,High Risk / Low Value,Month-to-month,3,46.18953282931675,18.689532829316747,True
6447-GORXK,0.1555070036731966,Low Risk,25.0,Low Value,Low Risk / Low Value,Month-to-month,31,15.161932858136668,-12.338067141863332,False
5349-AZPEW,0.4167776498957402,High Risk,25.05,Low Value,High Risk / Low Value,Month-to-month,5,40.71709250656434,13.217092506564342,True
9907-SWKKF,0.5585115522877135,High Risk,25.05,Low Value,High Risk / Low Value,Month-to-month,1,54.56378610074818,27.06378610074818,True
1329-VHWNP,0.4441063210376531,High Risk,25.05,Low Value,High Risk / Low Value,Month-to-month,7,43.386967033773516,15.886967033773516,True
0746-JTRFU,0.657447515073029,High Risk,25.05,Low Value,High Risk / Low Value,Month-to-month,2,64.22933498505958,36.72933498505958,True
9027-YFHQJ,0.2555034346787438,High Risk,25.05,Low Value,High Risk / Low Value,Month-to-month,7,24.961408050939877,-2.538591949060123,False
6345-HOVES,0.2197155302418851,High Risk,25.05,Low Value,High Risk / Low Value,Month-to-month,34,21.465108726980965,-6.034891273019035,False
0616-ATFGB,0.6389254535158562,High Risk,25.05,Low Value,High Risk / Low Value,Month-to-month,1,62.41982218123157,34.91982218123157,True
9743-DQKQW,0.5641814066989136,High Risk,25.1,Low Value,High Risk / Low Value,Month-to-month,3,55.22771790175665,27.727717901756648,True
6032-IGALN,0.5892722044020757,High Risk,25.1,Low Value,High Risk / Low Value,Month-to-month,1,57.6838560889192,30.1838560889192,True
0023-HGHWL,0.7140409060724818,High Risk,25.1,Low Value,High Risk / Low Value,Month-to-month,1,69.89746429543526,42.397464295435256,True
6743-HHQPF,0.1484788568233531,Low Risk,25.1,Low Value,Low Risk / Low Value,Month-to-month,42,14.534595294438038,-12.965404705561962,False
4987-GQWPO,0.2984254048902056,High Risk,25.1,Low Value,High Risk / Low Value,Month-to-month,17,29.212862884702226,1.7128628847022256,True
7016-BPGEU,0.2526621307141272,High Risk,25.1,Low Value,High Risk / Low Value,Month-to-month,29,24.733095975605913,-2.766904024394087,False
1984-GPTEH,0.1007028623482568,Low Risk,25.15,Low Value,Low Risk / Low Value,Month-to-month,29,9.877440253428768,-17.622559746571234,False
7537-RBWEA,0.5890762017376213,High Risk,25.15,Low Value,High Risk / Low Value,Month-to-month,1,57.779539247434585,30.279539247434585,True
2672-DZUOY,0.6679080943472046,High Risk,25.15,Low Value,High Risk / Low Value,Month-to-month,1,65.51176543404556,38.01176543404556,True
1559-DTODC,0.3735315992916619,High Risk,25.15,Low Value,High Risk / Low Value,Month-to-month,19,36.637846916522655,9.137846916522655,True
4815-GBTCD,0.6382096837915033,High Risk,25.15,Low Value,High Risk / Low Value,Month-to-month,4,62.5987968346896,35.0987968346896,True
4819-HJPIW,0.2989686866855895,High Risk,25.15,Low Value,High Risk / Low Value,Month-to-month,18,29.324343633556047,1.8243436335560475,True
3058-WQDRE,0.4474052168511603,High Risk,25.15,Low Value,High Risk / Low Value,Month-to-month,13,43.88374069484606,16.38374069484606,True
1768-ZAIFU,0.7183606835571952,High Risk,25.2,Low Value,High Risk / Low Value,Month-to-month,1,70.60048798000115,43.10048798000115,True
8260-NGFNY,0.504287709752927,High Risk,25.2,Low Value,High Risk / Low Value,Month-to-month,1,49.56139611451766,22.061396114517663,True
0804-XBFBV,0.434824279906169,High Risk,25.2,Low Value,High Risk / Low Value,Month-to-month,11,42.73453022917829,15.23453022917829,True
5167-GBFRE,0.611842557907049,High Risk,25.2,Low Value,High Risk / Low Value,Month-to-month,4,60.131886591104774,32.631886591104774,True
4195-NZGTA,0.5933436277866561,High Risk,25.25,Low Value,High Risk / Low Value,Month-to-month,1,58.42951374629096,30.929513746290958,True
6464-KEXXH,0.486575482577375,High Risk,25.25,Low Value,High Risk / Low Value,Month-to-month,8,47.915520646807,20.415520646807003,True
8404-VLQFB,0.2165101587677745,High Risk,25.25,Low Value,High Risk / Low Value,Month-to-month,15,21.32083788465659,-6.179162115343409,False
0484-JPBRU,0.0581205851857148,Low Risk,25.25,Low Value,Low Risk / Low Value,Month-to-month,41,5.723424626163265,-21.776575373836735,False
2209-XADXF,0.5174038752576574,High Risk,25.25,Low Value,High Risk / Low Value,Month-to-month,1,50.95134661599782,23.45134661599782,True
0612-RTZZA,0.644132975964931,High Risk,25.25,Low Value,High Risk / Low Value,Month-to-month,1,63.43099480814658,35.93099480814658,True
8746-OQQRW,0.2124666299212441,High Risk,25.25,Low Value,High Risk / Low Value,Month-to-month,4,20.92265138149451,-6.577348618505489,False
8993-PHFWD,0.5676484961513935,High Risk,25.25,Low Value,High Risk / Low Value,Month-to-month,3,55.89918565850847,28.399185658508472,True
7242-QZLXF,0.632937584419351,High Risk,25.3,Low Value,High Risk / Low Value,Month-to-month,1,62.45195145465736,34.95195145465736,True
5480-HPRRX,0.6207304163791413,High Risk,25.3,Low Value,High Risk / Low Value,Month-to-month,3,61.24747018412987,33.74747018412987,True
6158-HDPXZ,0.4979623474362621,High Risk,25.35,Low Value,High Risk / Low Value,Month-to-month,1,49.23104747928606,21.73104747928606,True
9862-KJTYK,0.3254675544765907,High Risk,25.35,Low Value,High Risk / Low Value,Month-to-month,19,32.177349773328146,4.677349773328146,True
2080-SRCDE,0.2157334720358592,High Risk,25.4,Low Value,High Risk / Low Value,Month-to-month,1,21.37055773987221,-6.129442260127789,False
1171-TYKUR,0.0419298003216929,Low Risk,25.4,Low Value,Low Risk / Low Value,Month-to-month,47,4.153566019866898,-23.346433980133103,False
8815-LMFLX,0.1041235804171114,Low Risk,25.4,Low Value,Low Risk / Low Value,Month-to-month,25,10.314481876119055,-17.185518123880946,False
7083-YNSKY,0.1784135839098333,Low Risk,25.4,Low Value,Low Risk / Low Value,Month-to-month,15,17.673649622108087,-9.826350377891913,False
1814-DKOLC,0.2077569004423202,High Risk,25.45,Low Value,High Risk / Low Value,Month-to-month,5,20.620911153402492,-6.879088846597508,False
4430-YHXGG,0.248775704500215,High Risk,25.45,Low Value,High Risk / Low Value,Month-to-month,4,24.692232550168843,-2.8077674498311573,False
0420-BWTPW,0.3752361549882905,High Risk,25.5,Low Value,High Risk / Low Value,Month-to-month,8,37.31723561358549,9.817235613585488,True
6286-ZHAOK,0.1353409599247164,Low Risk,25.55,Low Value,Low Risk / Low Value,Month-to-month,20,13.486049951698366,-14.013950048301634,False
9146-JRIOX,0.1252501125098043,Low Risk,25.55,Low Value,Low Risk / Low Value,Month-to-month,14,12.480547461039452,-15.019452538960548,False
6791-YBNAK,0.2594234667339145,High Risk,25.55,Low Value,High Risk / Low Value,Month-to-month,18,25.850251342700908,-1.6497486572990923,False
4163-KIUHY,0.1029733541844362,Low Risk,25.6,Low Value,Low Risk / Low Value,Month-to-month,35,10.280859681774112,-17.21914031822589,False
6029-CSMJE,0.3842730170107997,High Risk,25.65,Low Value,High Risk / Low Value,Month-to-month,17,38.44075125667535,10.940751256675348,True
2712-SYWAY,0.39163522846811,High Risk,25.7,Low Value,High Risk / Low Value,Month-to-month,1,39.25359894935866,11.753598949358661,True
5539-HIVAK,0.0928088298299702,Low Risk,25.7,Low Value,Low Risk / Low Value,Month-to-month,28,9.302229013857914,-18.197770986142086,False
1496-GGSUK,0.6380205839480486,High Risk,25.7,Low Value,High Risk / Low Value,Month-to-month,1,63.94880312911292,36.44880312911292,True
7107-UBYKY,0.0907657409874838,Low Risk,25.75,Low Value,Low Risk / Low Value,Month-to-month,35,9.11514953866806,-18.38485046133194,False
2692-PFYTJ,0.3094445762446371,High Risk,25.75,Low Value,High Risk / Low Value,Month-to-month,1,31.075971569367688,3.575971569367688,True
0661-XEYAN,0.6376464680993056,High Risk,25.8,Low Value,High Risk / Low Value,Month-to-month,1,64.15998762015214,36.65998762015214,True
0568-ONFPC,0.2445835527348872,High Risk,25.9,Low Value,High Risk / Low Value,Month-to-month,5,24.70538466175095,-2.7946153382490486,False
3787-TRIAL,0.3858871110622665,High Risk,26.05,Low Value,High Risk / Low Value,Month-to-month,21,39.20420104837096,11.704201048370962,True
2129-ALKBS,0.0729472448866615,Low Risk,26.2,Low Value,Low Risk / Low Value,Month-to-month,40,7.453749482519072,-20.046250517480928,False
7610-TVOPG,0.235494008403771,High Risk,26.35,Low Value,High Risk / Low Value,Month-to-month,15,24.20054177361353,-3.29945822638647,False
1222-LRYKO,0.1721174602024788,Low Risk,26.35,Low Value,Low Risk / Low Value,Month-to-month,6,17.68765079770774,-9.81234920229226,False
6509-TSGWN,0.0420295734110683,Low Risk,26.45,Low Value,Low Risk / Low Value,Month-to-month,37,4.3355606452187505,-23.16443935478125,False
6235-VDHOM,0.5620394119228335,High Risk,28.45,Low Value,High Risk / Low Value,Month-to-month,5,62.36108294989799,34.86108294989799,True
0668-OGMHD,0.2737299479040092,High Risk,28.5,Low Value,High Risk / Low Value,Month-to-month,21,30.425083709530618,2.925083709530618,True
3285-UCQVC,0.1030738478115732,Low Risk,28.6,Low Value,Low Risk / Low Value,Month-to-month,37,11.496856984902875,-16.003143015097123,False
6022-KOUQO,0.3788623042568959,High Risk,29.05,Low Value,High Risk / Low Value,Month-to-month,2,42.923204760785026,15.423204760785026,True
7853-OETYL,0.5474004228422061,High Risk,29.05,Low Value,High Risk / Low Value,Month-to-month,4,62.01773090590775,34.51773090590775,True
2770-NSVDG,0.3075467917005438,High Risk,29.1,Low Value,High Risk / Low Value,Month-to-month,24,34.903485390094716,7.4034853900947155,True
1816-FLZDK,0.4098502809660534,High Risk,29.15,Low Value,High Risk / Low Value,Month-to-month,1,46.59382919162578,19.09382919162578,True
9626-WEQRM,0.4561608805906861,High Risk,29.15,Low Value,High Risk / Low Value,Month-to-month,4,51.85864970995215,24.358649709952147,True
1442-BQPVU,0.4079852734639007,High Risk,29.15,Low Value,High Risk / Low Value,Month-to-month,13,46.38180581374355,18.881805813743547,True
8901-HJXTF,0.3003381795067762,High Risk,29.2,Low Value,High Risk / Low Value,Month-to-month,12,34.202511882231676,6.702511882231676,True
0975-VOOVL,0.4417499264082377,High Risk,29.2,Low Value,High Risk / Low Value,Month-to-month,3,50.3064816193701,22.806481619370103,True
7421-ZLUPA,0.4642542930354424,High Risk,29.25,Low Value,High Risk / Low Value,Month-to-month,8,52.9598084780181,25.459808478018097,True
0282-NVSJS,0.3825317692361242,High Risk,29.3,Low Value,High Risk / Low Value,Month-to-month,12,43.711905270611915,16.211905270611915,True
1395-OFUWC,0.0815999499924798,Low Risk,29.3,Low Value,Low Risk / Low Value,Month-to-month,43,9.324426285640667,-18.17557371435933,False
5133-VRSAB,0.3222408464917089,High Risk,29.35,Low Value,High Risk / Low Value,Month-to-month,8,36.88529849367346,9.38529849367346,True
7636-OWBPG,0.4575703581808236,High Risk,29.35,Low Value,High Risk / Low Value,Month-to-month,12,52.37579104916798,24.87579104916798,True
5233-GEEAX,0.6293211445187931,High Risk,29.4,Low Value,High Risk / Low Value,Month-to-month,8,72.1579624305248,44.657962430524805,True
6624-JDRDS,0.3612724275154114,High Risk,29.45,Low Value,High Risk / Low Value,Month-to-month,6,41.49394466228258,13.99394466228258,True
3256-EZDBI,0.1085182516925761,Low Risk,29.45,Low Value,Low Risk / Low Value,Month-to-month,51,12.463863798150829,-15.036136201849171,False
6661-EIPZC,0.07644655726121,Low Risk,29.5,Low Value,Low Risk / Low Value,Month-to-month,48,8.79517641290221,-18.704823587097792,False
5016-ETTFF,0.3782061476555323,High Risk,29.5,Low Value,High Risk / Low Value,Month-to-month,10,43.512617287769,16.012617287768997,True
3538-WZPHD,0.6069210137080481,High Risk,29.6,Low Value,High Risk / Low Value,Month-to-month,3,70.06296182245708,42.56296182245708,True
4801-JZAZL,0.4231209832929756,High Risk,29.6,Low Value,High Risk / Low Value,Month-to-month,11,48.845086311341106,21.345086311341106,True
5156-UMKOW,0.4023947672546614,High Risk,29.65,Low Value,High Risk / Low Value,Month-to-month,3,46.53091891149276,19.030918911492762,True
5143-EGQFK,0.5318618256858272,High Risk,29.65,Low Value,High Risk / Low Value,Month-to-month,10,61.50184221318062,34.00184221318062,True
8650-RHRKE,0.6247753184934544,High Risk,29.65,Low Value,High Risk / Low Value,Month-to-month,4,72.2458939539906,44.7458939539906,True
9526-BIHHD,0.4011656111690416,High Risk,29.7,Low Value,High Risk / Low Value,Month-to-month,1,46.46701274171009,18.967012741710093,True
4592-IWTJI,0.3402413030686539,High Risk,29.7,Low Value,High Risk / Low Value,Month-to-month,3,39.410150134442176,11.910150134442176,True
7758-XKCBS,0.4117796310848572,High Risk,29.7,Low Value,High Risk / Low Value,Month-to-month,15,47.696434668559014,20.196434668559014,True
6713-OKOMC,0.3063616735072825,High Risk,29.75,Low Value,High Risk / Low Value,Month-to-month,10,35.54561316868245,8.04561316868245,True
5960-MVTUK,0.5582013122717319,High Risk,29.75,Low Value,High Risk / Low Value,Month-to-month,3,64.76530725632769,37.26530725632769,True
8799-OXZMD,0.26577452158046,High Risk,29.75,Low Value,High Risk / Low Value,Month-to-month,28,30.836488866372875,3.336488866372875,True
2826-DXLQO,0.3950701128764517,High Risk,29.8,Low Value,High Risk / Low Value,Month-to-month,7,45.915048518501216,18.415048518501216,True
3082-VQXNH,0.4245651719239702,High Risk,29.8,Low Value,High Risk / Low Value,Month-to-month,3,49.342964281003816,21.842964281003816,True
0909-SDHNU,0.3044824040162183,High Risk,29.8,Low Value,High Risk / Low Value,Month-to-month,7,35.38694499476489,7.886944994764889,True
4310-KEDTB,0.2584452438310389,High Risk,29.8,Low Value,High Risk / Low Value,Month-to-month,26,30.036506238043344,2.5365062380433443,True
7590-VHVEG,0.6343376827407244,High Risk,29.85,Low Value,High Risk / Low Value,Month-to-month,1,73.84642133626144,46.34642133626144,True
1142-WACZW,0.4093405357823848,High Risk,29.85,Low Value,High Risk / Low Value,Month-to-month,2,47.65337847310633,20.15337847310633,True
0928-JMXNP,0.6722104401741109,High Risk,29.9,Low Value,High Risk / Low Value,Month-to-month,4,78.38645942870308,50.88645942870308,True
5999-LCXAO,0.405891229122416,High Risk,29.9,Low Value,High Risk / Low Value,Month-to-month,1,47.33097622796493,19.830976227964932,True
9572-WUKSB,0.5565067170628851,High Risk,29.9,Low Value,High Risk / Low Value,Month-to-month,3,64.89424827670304,37.39424827670304,True
6317-YPKDH,0.4754982717836862,High Risk,29.95,Low Value,High Risk / Low Value,Month-to-month,1,55.54057563569347,28.04057563569347,True
6543-CPZMK,0.4945304967428725,High Risk,29.95,Low Value,High Risk / Low Value,Month-to-month,9,57.76363467205122,30.263634672051218,True
7740-KKCXF,0.0902711667242417,Low Risk,30.05,Low Value,Low Risk / Low Value,Month-to-month,51,10.579329384247506,-16.920670615752492,False
5202-IVJNU,0.110829602983828,Low Risk,30.1,Low Value,Low Risk / Low Value,Month-to-month,39,13.01028709427157,-14.48971290572843,False
7622-NXQZR,0.1982273619309859,High Risk,30.1,Low Value,High Risk / Low Value,Month-to-month,28,23.269910017078438,-4.230089982921562,False
0811-GSDTP,0.3698795188377555,High Risk,30.15,Low Value,High Risk / Low Value,Month-to-month,13,43.49228322253748,15.99228322253748,True
8665-UTDHZ,0.5071679663023535,High Risk,30.2,Low Value,High Risk / Low Value,Month-to-month,1,59.7342430710912,32.2342430710912,True
5533-RJFTJ,0.1183224788309692,Low Risk,30.2,Low Value,Low Risk / Low Value,Month-to-month,49,13.936021556711555,-13.563978443288445,False
2533-TIBIX,0.300444764379798,High Risk,30.2,Low Value,High Risk / Low Value,Month-to-month,15,35.386384348652605,7.886384348652605,True
7389-KBFIT,0.4959258250291186,High Risk,30.25,Low Value,High Risk / Low Value,Month-to-month,2,58.50684920781026,31.006849207810262,True
1322-AGOQM,0.0892277115630593,Low Risk,30.3,Low Value,Low Risk / Low Value,Month-to-month,46,10.544038675406718,-16.955961324593282,False
8919-FYFQZ,0.205621954863293,High Risk,30.35,Low Value,High Risk / Low Value,Month-to-month,44,24.338442687393673,-3.1615573126063268,False
1360-RCYRT,0.2278834073631999,High Risk,30.35,Low Value,High Risk / Low Value,Month-to-month,23,26.973419512545156,-0.5265804874548436,False
8167-GJLRN,0.4691731455898146,High Risk,30.4,Low Value,High Risk / Low Value,Month-to-month,3,55.62516814112843,28.125168141128427,True
2586-CWXVV,0.0824361332722483,Low Risk,30.4,Low Value,Low Risk / Low Value,Month-to-month,54,9.773627960757759,-17.726372039242243,False
3677-IYRBF,0.6983784296848815,High Risk,30.4,Low Value,High Risk / Low Value,Month-to-month,2,82.79974662343955,55.299746623439546,True
4625-EWPTF,0.486258194942389,High Risk,30.45,Low Value,High Risk / Low Value,Month-to-month,8,57.745591940383406,30.245591940383406,True
6637-KYRCV,0.5495021282424732,High Risk,30.5,Low Value,High Risk / Low Value,Month-to-month,5,65.36327815444218,37.863278154442185,True
2606-RMDHZ,0.4726446982924074,High Risk,30.5,Low Value,High Risk / Low Value,Month-to-month,6,56.221086861881865,28.721086861881865,True
8676-OOQEJ,0.4570949027227723,High Risk,30.5,Low Value,High Risk / Low Value,Month-to-month,4,54.371438678873766,26.871438678873766,True
0032-PGELS,0.3794524239784264,High Risk,30.5,Low Value,High Risk / Low Value,Month-to-month,1,45.13586583223382,17.63586583223382,True
6656-JWRQX,0.4098984412146188,High Risk,30.55,Low Value,High Risk / Low Value,Month-to-month,1,48.83734977851576,21.337349778515758,True
1432-FPAXX,0.3038127542184221,High Risk,30.6,Low Value,High Risk / Low Value,Month-to-month,29,36.257014088426494,8.757014088426494,True
9057-MSWCO,0.1811158453674516,Low Risk,30.75,Low Value,Low Risk / Low Value,Month-to-month,27,21.720317755691635,-5.779682244308365,False
1078-TDCRN,0.6574259537205408,High Risk,30.75,Low Value,High Risk / Low Value,Month-to-month,3,78.84180749993587,51.34180749993587,True
6549-NNDYT,0.3576433920091793,High Risk,30.85,Low Value,High Risk / Low Value,Month-to-month,13,43.0298647095844,15.529864709584402,True
4030-VPZBD,0.5705832781298793,High Risk,30.9,Low Value,High Risk / Low Value,Month-to-month,2,68.76099084743176,41.260990847431756,True
3237-AJGEH,0.4303636053821527,High Risk,31.0,Low Value,High Risk / Low Value,Month-to-month,3,52.03095989070226,24.530959890702263,True
8718-PTMEZ,0.4838973038210505,High Risk,31.05,Low Value,High Risk / Low Value,Month-to-month,13,58.597544006210114,31.097544006210114,True
8069-YQQAJ,0.3809214633162046,High Risk,31.1,Low Value,High Risk / Low Value,Month-to-month,14,46.20196428562246,18.70196428562246,True
3689-MOZGR,0.2647583599885074,High Risk,31.2,Low Value,High Risk / Low Value,Month-to-month,29,32.21579724340158,4.715797243401582,True
5868-CZJDR,0.4984458519431179,High Risk,31.35,Low Value,High Risk / Low Value,Month-to-month,1,60.94248208782532,33.44248208782532,True
6339-DKLMK,0.4846320742454589,High Risk,31.65,Low Value,High Risk / Low Value,Month-to-month,13,59.82056008448822,32.32056008448822,True
5730-RIITO,0.1199252007871792,Low Risk,33.45,Low Value,Low Risk / Low Value,Month-to-month,43,15.644842068691464,-11.855157931308536,False
2946-KIQSP,0.1596153857785486,Low Risk,33.45,Low Value,Low Risk / Low Value,Month-to-month,35,20.82262515174056,-6.67737484825944,False
2011-TRQYE,0.3308071370080749,High Risk,33.5,Low Value,High Risk / Low Value,Month-to-month,18,43.219952450104984,15.719952450104984,True
2683-JXWQQ,0.0330077997277592,Low Risk,33.6,Low Value,Low Risk / Low Value,Month-to-month,61,4.325342076325565,-23.174657923674435,False
6917-IAYHD,0.3363206235174961,High Risk,33.6,Low Value,High Risk / Low Value,Month-to-month,1,44.07145450573269,16.57145450573269,True
4712-AUQZO,0.2208501835464071,High Risk,33.6,Low Value,High Risk / Low Value,Month-to-month,18,28.940208051921182,1.4402080519211822,True
3806-DXQOM,0.5070425076731248,High Risk,33.65,Low Value,High Risk / Low Value,Month-to-month,4,66.54172349448253,39.041723494482525,True
3016-KSVCP,0.2465489770969328,High Risk,33.75,Low Value,High Risk / Low Value,Month-to-month,29,32.45200911038378,4.952009110383777,True
2309-OSFEU,0.5306208923235403,High Risk,33.9,Low Value,High Risk / Low Value,Month-to-month,10,70.15338817409526,42.653388174095255,True
4177-JPDFU,0.2595988299410645,High Risk,34.0,Low Value,High Risk / Low Value,Month-to-month,12,34.42280485018515,6.922804850185152,True
2894-QOJRX,0.3731962265980882,High Risk,34.0,Low Value,High Risk / Low Value,Month-to-month,25,49.4858196469065,21.9858196469065,True
7233-IOQNP,0.0642591837556382,Low Risk,34.0,Low Value,Low Risk / Low Value,Month-to-month,43,8.520767765997627,-18.979232234002374,False
1976-AZZPJ,0.2998068444679557,High Risk,34.2,Low Value,High Risk / Low Value,Month-to-month,7,39.98823691513594,12.488236915135943,True
5882-CMAZQ,0.3772172432560503,High Risk,34.25,Low Value,High Risk / Low Value,Month-to-month,5,50.386793267926926,22.886793267926926,True
8070-AAWZP,0.214970087589552,High Risk,34.25,Low Value,High Risk / Low Value,Month-to-month,24,28.714629449774407,1.2146294497744066,True
3815-SLMEF,0.3035656843194024,High Risk,34.25,Low Value,High Risk / Low Value,Month-to-month,3,40.54878628296418,13.04878628296418,True
4976-LNFVV,0.3612592598893747,High Risk,34.3,Low Value,High Risk / Low Value,Month-to-month,19,48.32565119540165,20.825651195401647,True
6907-CQGPN,0.1815962207437263,Low Risk,34.3,Low Value,Low Risk / Low Value,Month-to-month,29,24.29212644888827,-3.2078735511117316,False
3307-TLCUD,0.2303479855613426,High Risk,34.4,Low Value,High Risk / Low Value,Month-to-month,17,30.90348574290972,3.4034857429097194,True
4323-SADQS,0.3781388181923039,High Risk,34.5,Low Value,High Risk / Low Value,Month-to-month,7,50.87857798777449,23.37857798777449,True
4881-JVQOD,0.5610854270697321,High Risk,34.55,Low Value,High Risk / Low Value,Month-to-month,10,75.60345587051106,48.103455870511056,True
8259-NFJTV,0.2331649859387688,High Risk,34.65,Low Value,High Risk / Low Value,Month-to-month,7,31.50875037483552,4.008750374835522,True
1261-FWTTE,0.4424180481182136,High Risk,34.65,Low Value,High Risk / Low Value,Month-to-month,23,59.7861629324548,32.2861629324548,True
0822-GAVAP,0.7079385027534615,High Risk,34.7,Low Value,High Risk / Low Value,Month-to-month,2,95.80531757762596,68.30531757762596,True
0375-HVGXO,0.7156446860363121,High Risk,34.7,Low Value,High Risk / Low Value,Month-to-month,1,96.84819536129413,69.34819536129413,True
2408-WITXK,0.6723308462270238,High Risk,34.7,Low Value,High Risk / Low Value,Month-to-month,10,90.98653341990314,63.48653341990314,True
7950-XWOVN,0.3331859212930511,High Risk,34.7,Low Value,High Risk / Low Value,Month-to-month,11,45.09005072858861,17.590050728588608,True
0778-NELLA,0.530362832931691,High Risk,34.7,Low Value,High Risk / Low Value,Month-to-month,9,71.77400218064574,44.27400218064574,True
3050-GBUSH,0.6070748005619114,High Risk,34.8,Low Value,High Risk / Low Value,Month-to-month,3,82.39219193226262,54.89219193226262,True
2908-ZTPNF,0.1438544581141015,Low Risk,34.85,Low Value,Low Risk / Low Value,Month-to-month,36,19.551978674578105,-7.9480213254218945,False
3472-OAOOR,0.2214032174803741,High Risk,34.95,Low Value,High Risk / Low Value,Month-to-month,19,30.178365558662396,2.678365558662396,True
6240-EURKS,0.4878172727003905,High Risk,35.0,Low Value,High Risk / Low Value,Month-to-month,18,66.58705772360331,39.08705772360331,True
7075-BNDVQ,0.3598563017184595,High Risk,35.0,Low Value,High Risk / Low Value,Month-to-month,4,49.12038518456973,21.620385184569727,True
8582-KRHPJ,0.0728232210049797,Low Risk,35.0,Low Value,Low Risk / Low Value,Month-to-month,50,9.940369667179729,-17.55963033282027,False
3841-CONLJ,0.6421900368264445,High Risk,35.0,Low Value,High Risk / Low Value,Month-to-month,1,87.65894002680967,60.158940026809674,True
8741-LQOBK,0.0582572106643557,Low Risk,35.05,Low Value,Low Risk / Low Value,Month-to-month,46,7.963469411764103,-19.536530588235898,False
3751-KTZEL,0.5561669329483214,High Risk,35.05,Low Value,High Risk / Low Value,Month-to-month,1,76.02523889937079,48.52523889937079,True
2485-ITVKB,0.7063532110743208,High Risk,35.1,Low Value,High Risk / Low Value,Month-to-month,2,96.69269106396379,69.19269106396379,True
3594-KADLU,0.2928085509644144,High Risk,35.1,Low Value,High Risk / Low Value,Month-to-month,3,40.08256254151868,12.582562541518683,True
8066-POXGX,0.5885768908949581,High Risk,35.1,Low Value,High Risk / Low Value,Month-to-month,13,80.57029059461082,53.070290594610825,True
7078-NVFAM,0.1830677031639863,Low Risk,35.15,Low Value,Low Risk / Low Value,Month-to-month,32,25.09583608823506,-2.4041639117649396,False
7384-GHBPI,0.6911565479876991,High Risk,35.15,Low Value,High Risk / Low Value,Month-to-month,3,94.74719538089373,67.24719538089373,True
5759-RCVCB,0.52117336274321,High Risk,35.2,Low Value,High Risk / Low Value,Month-to-month,3,71.54667923738788,44.04667923738788,True
6133-OZILE,0.3737070643739165,High Risk,35.2,Low Value,High Risk / Low Value,Month-to-month,18,51.30250579725126,23.802505797251257,True
1740-CSDJP,0.6445109041389802,High Risk,35.25,Low Value,High Risk / Low Value,Month-to-month,1,88.60413654650631,61.10413654650631,True
4139-SUGLD,0.0902536257892982,Low Risk,35.4,Low Value,Low Risk / Low Value,Month-to-month,31,12.460415576470508,-15.039584423529492,False
3091-FYHKI,0.710932985690985,High Risk,35.45,Low Value,High Risk / Low Value,Month-to-month,1,98.29003993670713,70.79003993670713,True
2108-XWMPY,0.4164536363211324,High Risk,35.45,Low Value,High Risk / Low Value,Month-to-month,3,57.57679748957816,30.076797489578162,True
3845-JHAMY,0.4160823653435327,High Risk,35.5,Low Value,High Risk / Low Value,Month-to-month,16,57.6066034818121,30.1066034818121,True
0953-LGOVU,0.2261207655512301,High Risk,35.5,Low Value,High Risk / Low Value,Month-to-month,12,31.30641999056781,3.806419990567811,True
0841-NULXI,0.7106000456405939,High Risk,35.55,Low Value,High Risk / Low Value,Month-to-month,1,98.52114332784014,71.02114332784014,True
8158-WPEZG,0.4209170940633686,High Risk,35.65,Low Value,High Risk / Low Value,Month-to-month,11,58.52220817310045,31.022208173100452,True
1049-FYSYG,0.3433355627029727,High Risk,35.65,Low Value,High Risk / Low Value,Month-to-month,17,47.735659960407816,20.235659960407816,True
6773-LQTVT,0.2439072963529914,High Risk,35.65,Low Value,High Risk / Low Value,Month-to-month,29,33.91165094843816,6.411650948438158,True
4307-KWMXE,0.3507758619552729,High Risk,35.75,Low Value,High Risk / Low Value,Month-to-month,10,48.906924553113925,21.406924553113925,True
5378-IKEEG,0.7121715351116248,High Risk,35.75,Low Value,High Risk / Low Value,Month-to-month,1,99.2945162829383,71.7945162829383,True
7746-AWNQW,0.2044505153394345,High Risk,35.75,Low Value,High Risk / Low Value,Month-to-month,28,28.505513101200656,1.0055131012006555,True
4501-VCPFK,0.2264843079556897,High Risk,35.75,Low Value,High Risk / Low Value,Month-to-month,26,31.57757463672204,4.077574636722041,True
4718-DHSMV,0.5159477121630409,High Risk,35.8,Low Value,High Risk / Low Value,Month-to-month,11,72.03661957220378,44.536619572203776,True
5697-GOMBF,0.4219317819730317,High Risk,35.9,Low Value,High Risk / Low Value,Month-to-month,28,59.074668794044165,31.574668794044165,True
7854-FOKSF,0.6342388247656408,High Risk,35.9,Low Value,High Risk / Low Value,Month-to-month,1,88.79977785543737,61.29977785543737,True
2049-BAFNW,0.3964570311961821,High Risk,35.9,Low Value,High Risk / Low Value,Month-to-month,1,55.507948937777456,28.007948937777456,True
2782-JEEBU,0.2390698109913716,High Risk,36.0,Low Value,High Risk / Low Value,Month-to-month,21,33.565401463188564,6.065401463188564,True
4439-YRNVD,0.3530277028613474,High Risk,36.25,Low Value,High Risk / Low Value,Month-to-month,10,49.90929149202299,22.409291492022987,True
7890-VYYWG,0.6512112039603388,High Risk,36.45,Low Value,High Risk / Low Value,Month-to-month,3,92.57292869898198,65.07292869898198,True
3776-EKTKM,0.7521589845403218,High Risk,36.45,Low Value,High Risk / Low Value,Month-to-month,1,106.92316044732947,79.42316044732947,True
5649-TJHOV,0.3188325552567546,High Risk,36.5,Low Value,High Risk / Low Value,Month-to-month,27,45.385814240799014,17.885814240799014,True
4360-QRAVE,0.2022209388653487,High Risk,36.65,Low Value,High Risk / Low Value,Month-to-month,37,28.904449896718617,1.4044498967186172,True
4430-UZIPO,0.4175672784236825,High Risk,36.85,Low Value,High Risk / Low Value,Month-to-month,3,60.01068141865954,32.51068141865954,True
7634-WSWDB,0.5207378730876534,High Risk,38.5,Low Value,High Risk / Low Value,Month-to-month,8,78.18879164411116,50.68879164411116,True
3694-DELSO,0.37436552675367,High Risk,38.55,Low Value,High Risk / Low Value,Month-to-month,4,56.283985119780525,28.783985119780525,True
9754-CLVZW,0.0954298685072857,Low Risk,38.85,Low Value,Low Risk / Low Value,Month-to-month,26,14.459056526881394,-13.040943473118606,False
6537-QLGEX,0.463455782050224,High Risk,38.9,Low Value,High Risk / Low Value,Month-to-month,16,70.31087669483946,42.810876694839465,True
0786-VSSUD,0.4795524264730445,High Risk,39.0,Low Value,High Risk / Low Value,Month-to-month,16,72.93992406655008,45.43992406655008,True
5087-SUURX,0.5216979275039674,High Risk,39.05,Low Value,High Risk / Low Value,Month-to-month,18,79.45198586921671,51.95198586921671,True
2778-OCLGR,0.2751189267473627,High Risk,39.1,Low Value,High Risk / Low Value,Month-to-month,24,41.95288513970534,14.452885139705337,True
7989-AWGEH,0.1332859528660473,Low Risk,39.2,Low Value,Low Risk / Low Value,Month-to-month,49,20.376756474161315,-7.123243525838685,False
2436-QBZFP,0.3298515740101346,High Risk,39.2,Low Value,High Risk / Low Value,Month-to-month,22,50.42770863466938,22.92770863466938,True
4628-CTTLA,0.1322256398321975,Low Risk,39.3,Low Value,Low Risk / Low Value,Month-to-month,57,20.266223817080913,-7.233776182919087,False
1862-SKORY,0.3088607163326897,High Risk,39.3,Low Value,High Risk / Low Value,Month-to-month,40,47.33908199231135,19.83908199231135,True
9074-KGVOX,0.0923305229963135,Low Risk,39.45,Low Value,Low Risk / Low Value,Month-to-month,50,14.205512615597815,-13.294487384402185,False
5669-SRAIP,0.5904845483198156,High Risk,39.5,Low Value,High Risk / Low Value,Month-to-month,5,90.96414466866759,63.464144668667586,True
8779-QRDMV,0.7461575237072221,High Risk,39.65,Low Value,High Risk / Low Value,Month-to-month,1,115.38206867846628,87.88206867846628,True
5204-QZXPU,0.504587673231568,High Risk,39.65,Low Value,High Risk / Low Value,Month-to-month,19,78.02691485016351,50.52691485016351,True
3665-JATSN,0.4807546676874073,High Risk,39.7,Low Value,High Risk / Low Value,Month-to-month,19,74.43524519804127,46.93524519804127,True
8450-UYIBU,0.3867601439839817,High Risk,39.85,Low Value,High Risk / Low Value,Month-to-month,35,60.10832777727052,32.60832777727052,True
3893-JRNFS,0.0761886857561252,Low Risk,39.9,Low Value,Low Risk / Low Value,Month-to-month,68,11.855721390510642,-15.644278609489358,False
4132-POCZS,0.1357756889223818,Low Risk,39.9,Low Value,Low Risk / Low Value,Month-to-month,52,21.12805495321183,-6.37194504678817,False
8722-NGNBH,0.2674319168845671,High Risk,40.0,Low Value,High Risk / Low Value,Month-to-month,5,41.71937903399247,14.219379033992467,True
3748-FVMZZ,0.5972078389542526,High Risk,40.05,Low Value,High Risk / Low Value,Month-to-month,4,93.28087840545948,65.78087840545948,True
5180-UCIIQ,0.2495562619005217,High Risk,40.05,Low Value,High Risk / Low Value,Month-to-month,22,38.979440327551984,11.479440327551984,True
7734-DBOAI,0.5109845987651954,High Risk,40.1,Low Value,High Risk / Low Value,Month-to-month,1,79.91288140088892,52.41288140088892,True
2187-LZGPL,0.5226299270810159,High Risk,40.1,Low Value,High Risk / Low Value,Month-to-month,7,81.73409429620008,54.234094296200084,True
8644-XYTSV,0.1524488691982465,Low Risk,40.15,Low Value,Low Risk / Low Value,Month-to-month,42,23.871206183407427,-3.628793816592573,False
6338-AVWCY,0.5969377618342576,High Risk,40.15,Low Value,High Risk / Low Value,Month-to-month,3,93.47149943681724,65.97149943681724,True
9514-JDSKI,0.6433069128596911,High Risk,40.2,Low Value,High Risk / Low Value,Month-to-month,1,100.85765779814238,73.35765779814238,True
7041-TXQJH,0.2373814617996143,High Risk,40.2,Low Value,High Risk / Low Value,Month-to-month,37,37.21666558094354,9.716665580943541,True
0117-LFRMW,0.083861996477467,Low Risk,40.2,Low Value,Low Risk / Low Value,Month-to-month,37,13.147883807737278,-14.352116192262722,False
9505-SQFSW,0.4488146348803969,High Risk,40.3,Low Value,High Risk / Low Value,Month-to-month,3,70.54019616415198,43.04019616415198,True
9667-EQRXU,0.4358797483350351,High Risk,40.3,Low Value,High Risk / Low Value,Month-to-month,30,68.50722004581748,41.007220045817476,True
8807-ARQET,0.2555950218063995,High Risk,40.35,Low Value,High Risk / Low Value,Month-to-month,41,40.22171060656406,12.72171060656406,True
5673-TIYIB,0.4145497666699921,High Risk,40.4,Low Value,High Risk / Low Value,Month-to-month,2,65.31646123652396,37.81646123652396,True
9839-ETQOE,0.1246403712461379,Low Risk,40.45,Low Value,Low Risk / Low Value,Month-to-month,43,19.662641765934488,-7.837358234065512,False
7074-STDCN,0.2246553582134437,High Risk,40.6,Low Value,High Risk / Low Value,Month-to-month,39,35.57192941951668,8.071929419516678,True
1530-ZTDOZ,0.0899557194409432,Low Risk,40.65,Low Value,Low Risk / Low Value,Month-to-month,49,14.26112998156993,-13.23887001843007,False
0836-SEYLU,0.3603653301091136,High Risk,40.65,Low Value,High Risk / Low Value,Month-to-month,9,57.13051760884832,29.630517608848322,True
9381-NDKME,0.4075182848519076,High Risk,40.65,Low Value,High Risk / Low Value,Month-to-month,24,64.60591128899718,37.10591128899718,True
8111-BKVDS,0.2766736614274246,High Risk,40.7,Low Value,High Risk / Low Value,Month-to-month,10,43.91641027837512,16.416410278375118,True
9026-LHEVG,0.5090827597273847,High Risk,40.75,Low Value,High Risk / Low Value,Month-to-month,9,80.9059775896746,53.405977589674606,True
7721-JXEAW,0.0977453274406149,Low Risk,41.05,Low Value,Low Risk / Low Value,Month-to-month,59,15.648538196605243,-11.851461803394757,False
8350-NYMVI,0.0934304227801283,Low Risk,41.1,Low Value,Low Risk / Low Value,Month-to-month,39,14.975962467426767,-12.524037532573233,False
7273-TEFQD,0.7242511848495234,High Risk,41.15,Low Value,High Risk / Low Value,Month-to-month,3,116.23145140057576,88.73145140057576,True
6351-SCJKT,0.2790373880484132,High Risk,41.35,Low Value,High Risk / Low Value,Month-to-month,3,44.99896438362737,17.498964383627367,True
0623-IIHUG,0.4460356366350554,High Risk,41.9,Low Value,High Risk / Low Value,Month-to-month,21,72.88668338253441,45.386683382534414,True
7880-XSOJX,0.2432373454943093,High Risk,42.4,Low Value,High Risk / Low Value,Month-to-month,4,40.221727450938985,12.721727450938985,True
7881-EVUAD,0.5852843919262467,High Risk,42.6,Low Value,High Risk / Low Value,Month-to-month,2,97.23914887462662,69.73914887462662,True
6959-UWKHF,0.5298244963646428,High Risk,42.9,Low Value,High Risk / Low Value,Month-to-month,1,88.64493648676839,61.14493648676839,True
8740-XLHDR,0.307450478158048,High Risk,43.25,Low Value,High Risk / Low Value,Month-to-month,5,51.859209403308746,24.359209403308746,True
6702-OHFWR,0.7165675804080976,High Risk,43.3,Low Value,High Risk / Low Value,Month-to-month,1,121.00676730351543,93.50676730351543,True
7587-RZNME,0.505365374914736,High Risk,43.3,Low Value,High Risk / Low Value,Month-to-month,3,85.34105086185147,57.84105086185147,True
2761-XECQW,0.5636642213342121,High Risk,43.35,Low Value,High Risk / Low Value,Month-to-month,8,95.29589157986857,67.79589157986857,True
9327-QSDED,0.2866336208042975,High Risk,43.55,Low Value,High Risk / Low Value,Month-to-month,8,48.68328732550591,21.18328732550591,True
8706-HRADD,0.2521550357653295,High Risk,43.55,Low Value,High Risk / Low Value,Month-to-month,21,42.82727204956239,15.327272049562389,True
1271-SJBGZ,0.5566914438293845,High Risk,43.65,Low Value,High Risk / Low Value,Month-to-month,12,94.76836794029528,67.26836794029528,True
4570-QHXHL,0.4439224769612719,High Risk,43.75,Low Value,High Risk / Low Value,Month-to-month,9,75.74427263151702,48.24427263151702,True
2604-XVDAM,0.2671262448045374,High Risk,43.8,Low Value,High Risk / Low Value,Month-to-month,12,45.63050513751108,18.13050513751108,True
1478-VPOAD,0.4465919829461152,High Risk,43.8,Low Value,High Risk / Low Value,Month-to-month,1,76.2868425268554,48.786842526855395,True
1125-SNVCK,0.0747367392134254,Low Risk,43.8,Low Value,Low Risk / Low Value,Month-to-month,49,12.766529792437327,-14.733470207562673,False
6650-VJONK,0.4491495754831363,High Risk,43.85,Low Value,High Risk / Low Value,Month-to-month,1,76.81131465124857,49.311314651248566,True
6211-WHMYA,0.0974876917031496,Low Risk,43.85,Low Value,Low Risk / Low Value,Month-to-month,64,16.67185759661413,-10.828142403385868,False
4452-QIIEB,0.2938260926895222,High Risk,43.9,Low Value,High Risk / Low Value,Month-to-month,7,50.305965329373095,22.805965329373095,True
9281-PKKZE,0.2944881700485369,High Risk,43.95,Low Value,High Risk / Low Value,Month-to-month,46,50.47674478716947,22.976744787169473,True
1895-QTKDO,0.3517567162798453,High Risk,43.95,Low Value,High Risk / Low Value,Month-to-month,1,60.29285995394689,32.79285995394689,True
3798-EPWRR,0.4883038685622298,High Risk,43.95,Low Value,High Risk / Low Value,Month-to-month,2,83.69772459090902,56.19772459090902,True
3085-QUOZK,0.3593139242138192,High Risk,43.95,Low Value,High Risk / Low Value,Month-to-month,1,61.58820317986968,34.08820317986968,True
5522-JBWMO,0.4032283638723637,High Risk,44.0,Low Value,High Risk / Low Value,Month-to-month,1,69.1939872404976,41.693987240497606,True
1942-OQFRW,0.4401478965456554,High Risk,44.0,Low Value,High Risk / Low Value,Month-to-month,1,75.52937904723446,48.02937904723446,True
8720-RQSBJ,0.4937455855010809,High Risk,44.0,Low Value,High Risk / Low Value,Month-to-month,1,84.72674247198549,57.22674247198549,True
8082-GHXOP,0.2205569755411853,High Risk,44.0,Low Value,High Risk / Low Value,Month-to-month,13,37.847577002867396,10.347577002867396,True
9214-EKVXR,0.4410341215686469,High Risk,44.0,Low Value,High Risk / Low Value,Month-to-month,1,75.6814552611798,48.181455261179806,True
1635-FJFCC,0.3882820026626798,High Risk,44.05,Low Value,High Risk / Low Value,Month-to-month,5,66.70490664743508,39.20490664743508,True
4566-QVRRW,0.4193545244575066,High Risk,44.05,Low Value,High Risk / Low Value,Month-to-month,11,72.04301052917735,44.54301052917735,True
3961-SXAXY,0.4483483157464455,High Risk,44.05,Low Value,High Risk / Low Value,Month-to-month,1,77.02399890366061,49.52399890366061,True
4855-SNKMY,0.5306808948779627,High Risk,44.1,Low Value,High Risk / Low Value,Month-to-month,1,91.2718071100608,63.771807110060806,True
7663-RGWBC,0.4348062409158156,High Risk,44.15,Low Value,High Risk / Low Value,Month-to-month,1,74.86711259208971,47.36711259208971,True
3754-DXMRT,0.5674591731917453,High Risk,44.15,Low Value,High Risk / Low Value,Month-to-month,2,97.70795773602067,70.20795773602067,True
6145-NNPNO,0.3709181224367747,High Risk,44.15,Low Value,High Risk / Low Value,Month-to-month,1,63.866536911776045,36.366536911776045,True
8775-CEBBJ,0.3678272826815524,High Risk,44.2,Low Value,High Risk / Low Value,Month-to-month,9,63.406066988646,35.906066988646,True
8887-IPQNC,0.3751795568682031,High Risk,44.25,Low Value,High Risk / Low Value,Month-to-month,7,64.74661202653016,37.24661202653016,True
0224-RLWWD,0.5722122836583317,High Risk,44.3,Low Value,High Risk / Low Value,Month-to-month,2,98.86111624764996,71.36111624764996,True
7963-GQRMY,0.3042734742991407,High Risk,44.3,Low Value,High Risk / Low Value,Month-to-month,3,52.569328154662536,25.069328154662536,True
0082-LDZUE,0.4342093349163101,High Risk,44.3,Low Value,High Risk / Low Value,Month-to-month,1,75.01834679349088,47.51834679349088,True
2478-EEWWM,0.1890807743223716,Low Risk,44.3,Low Value,Low Risk / Low Value,Month-to-month,59,32.667485379676144,5.167485379676144,True
2372-HWUHI,0.4272782268129703,High Risk,44.35,Low Value,High Risk / Low Value,Month-to-month,2,73.90417850070541,46.40417850070541,True
3808-HFKDE,0.3286077122021112,High Risk,44.35,Low Value,High Risk / Low Value,Month-to-month,20,56.837632941038166,29.337632941038166,True
6954-OOYZZ,0.2727500212962342,High Risk,44.35,Low Value,High Risk / Low Value,Month-to-month,18,47.17620743350316,19.67620743350316,True
6142-VSJQO,0.414883505079884,High Risk,44.35,Low Value,High Risk / Low Value,Month-to-month,1,71.76032545614214,44.26032545614214,True
6982-SSHFK,0.3524006063823153,High Risk,44.4,Low Value,High Risk / Low Value,Month-to-month,1,61.02168900116172,33.52168900116172,True
0415-MOSGF,0.3576379188007148,High Risk,44.4,Low Value,High Risk / Low Value,Month-to-month,1,61.92858201953178,34.42858201953178,True
5533-NHFRF,0.5753236110132609,High Risk,44.4,Low Value,High Risk / Low Value,Month-to-month,7,99.62303648305627,72.12303648305627,True
3589-PPVKW,0.3457844178104344,High Risk,44.4,Low Value,High Risk / Low Value,Month-to-month,9,59.87602978805482,32.37602978805482,True
4361-JEIVL,0.4859230031326244,High Risk,44.4,Low Value,High Risk / Low Value,Month-to-month,1,84.14242722244524,56.642427222445235,True
2235-DWLJU,0.755099346966554,High Risk,44.4,Low Value,High Risk / Low Value,Month-to-month,6,130.75300292072848,103.25300292072848,True
2320-SLKMB,0.2695990004869026,High Risk,44.45,Low Value,High Risk / Low Value,Month-to-month,26,46.736334729407005,19.236334729407005,True
5858-EAFCZ,0.352215827768538,High Risk,44.45,Low Value,High Risk / Low Value,Month-to-month,1,61.0583748228149,33.5583748228149,True
4139-JPIAM,0.0754333483797577,Low Risk,44.45,Low Value,Low Risk / Low Value,Month-to-month,51,13.076748108372897,-14.423251891627103,False
1728-BQDMA,0.4325865906764696,High Risk,44.45,Low Value,High Risk / Low Value,Month-to-month,2,74.9910484267194,47.4910484267194,True
8455-HIRAQ,0.290373522499569,High Risk,44.45,Low Value,High Risk / Low Value,Month-to-month,8,50.33770199291279,22.83770199291279,True
6595-COKXZ,0.4392382633936306,High Risk,44.45,Low Value,High Risk / Low Value,Month-to-month,1,76.14414915060283,48.64414915060283,True
7729-JTEEC,0.473752400492038,High Risk,44.5,Low Value,High Risk / Low Value,Month-to-month,2,82.2197291053932,54.7197291053932,True
4459-BBGHE,0.4159773780710738,High Risk,44.5,Low Value,High Risk / Low Value,Month-to-month,30,72.19287396423488,44.69287396423488,True
7878-JGDKK,0.3248786315667119,High Risk,44.55,Low Value,High Risk / Low Value,Month-to-month,4,56.446037841558365,28.946037841558365,True
2495-INZWQ,0.7259320349770968,High Risk,44.55,Low Value,High Risk / Low Value,Month-to-month,4,126.12706141709569,98.62706141709569,True
2903-YYTBW,0.4003636632393879,High Risk,44.55,Low Value,High Risk / Low Value,Month-to-month,1,69.56118466952745,42.06118466952745,True
1518-OMDIK,0.150728005171162,Low Risk,44.55,Low Value,Low Risk / Low Value,Month-to-month,33,26.18823725846354,-1.3117627415364588,False
8180-AKMJV,0.4307340794179556,High Risk,44.55,Low Value,High Risk / Low Value,Month-to-month,1,74.83789262847269,47.33789262847269,True
3945-GFWQL,0.3679800253572619,High Risk,44.55,Low Value,High Risk / Low Value,Month-to-month,12,63.93468950569746,36.43468950569746,True
4959-JOSRX,0.4183141600772653,High Risk,44.6,Low Value,High Risk / Low Value,Month-to-month,2,72.76156500383954,45.261565003839536,True
7615-ESMYF,0.6777338007185282,High Risk,44.6,Low Value,High Risk / Low Value,Month-to-month,2,117.88501729698079,90.38501729698079,True
7593-JNWRU,0.3555171357869747,High Risk,44.6,Low Value,High Risk / Low Value,Month-to-month,6,61.83865059878639,34.33865059878639,True
4146-SVFUD,0.351661757425512,High Risk,44.6,Low Value,High Risk / Low Value,Month-to-month,1,61.16804608659356,33.66804608659356,True
0374-IOEGQ,0.4207775423579694,High Risk,44.6,Low Value,High Risk / Low Value,Month-to-month,3,73.1900457177452,45.69004571774521,True
4524-QCSSM,0.2530767431789928,High Risk,44.65,Low Value,High Risk / Low Value,Month-to-month,26,44.06951867347391,16.569518673473908,True
4608-LCIMN,0.2648392392936052,High Risk,44.65,Low Value,High Risk / Low Value,Month-to-month,8,46.11778093439194,18.617780934391938,True
8242-JSVBO,0.3821350021924232,High Risk,44.65,Low Value,High Risk / Low Value,Month-to-month,7,66.54307860677761,39.04307860677761,True
4432-ADRLB,0.3404506649392019,High Risk,44.65,Low Value,High Risk / Low Value,Month-to-month,2,59.284376539187924,31.784376539187924,True
9873-MNDKV,0.3324295925728483,High Risk,44.65,Low Value,High Risk / Low Value,Month-to-month,11,57.887627102672944,30.387627102672944,True
7851-FLGGQ,0.5007390995870885,High Risk,44.65,Low Value,High Risk / Low Value,Month-to-month,1,87.19620310659766,59.696203106597665,True
9448-REEVD,0.3431345473063232,High Risk,44.7,Low Value,High Risk / Low Value,Month-to-month,1,59.81864563191132,32.31864563191132,True
4816-JBHOV,0.5653084927424382,High Risk,44.7,Low Value,High Risk / Low Value,Month-to-month,2,98.55022953978927,71.05022953978927,True
3258-SANFR,0.3429327894672453,High Risk,44.7,Low Value,High Risk / Low Value,Month-to-month,6,59.78347318782488,32.28347318782488,True
5027-XWQHA,0.3837073997770755,High Risk,44.75,Low Value,High Risk / Low Value,Month-to-month,6,66.9665339460941,39.4665339460941,True
4373-VVHQL,0.522354677940704,High Risk,44.75,Low Value,High Risk / Low Value,Month-to-month,1,91.16395016760137,63.66395016760137,True
1919-RTPQD,0.3391019319803964,High Risk,44.75,Low Value,High Risk / Low Value,Month-to-month,7,59.18176467887868,31.68176467887868,True
2672-OJQZP,0.3563367592072654,High Risk,44.75,Low Value,High Risk / Low Value,Month-to-month,1,62.18967290064799,34.68967290064799,True
8660-BUETV,0.3371774807002168,High Risk,44.75,Low Value,High Risk / Low Value,Month-to-month,3,58.84589981920534,31.345899819205343,True
8705-WZCYL,0.522152636988174,High Risk,44.8,Low Value,High Risk / Low Value,Month-to-month,1,91.23050873457377,63.730508734573775,True
7521-AFHAB,0.2839212519761004,High Risk,44.8,Low Value,High Risk / Low Value,Month-to-month,5,49.60672114526426,22.10672114526426,True
6137-MFAJN,0.1476827598855852,Low Risk,44.8,Low Value,Low Risk / Low Value,Month-to-month,48,25.803131807209446,-1.6968681927905536,False
9348-YVOMK,0.3917988426752206,High Risk,44.8,Low Value,High Risk / Low Value,Month-to-month,4,68.45509379221454,40.95509379221454,True
2480-SQIOB,0.3672698006687344,High Risk,44.8,Low Value,High Risk / Low Value,Month-to-month,4,64.16937957284127,36.669379572841265,True
3640-JQGJG,0.2217591979696296,High Risk,44.8,Low Value,High Risk / Low Value,Month-to-month,13,38.74576706925368,11.24576706925368,True
3580-REOAC,0.3296823115474132,High Risk,44.85,Low Value,High Risk / Low Value,Month-to-month,10,57.66638152431578,30.16638152431578,True
5337-IIWKZ,0.2366772213542753,High Risk,44.85,Low Value,High Risk / Low Value,Month-to-month,34,41.398396173183066,13.898396173183066,True
3132-TVFDZ,0.2382915194922233,High Risk,44.85,Low Value,High Risk / Low Value,Month-to-month,57,41.68076113198224,14.180761131982237,True
9591-YVTEB,0.1354920846712722,Low Risk,44.85,Low Value,Low Risk / Low Value,Month-to-month,55,23.699597990275578,-3.800402009724422,False
6128-DAFVY,0.1556771612635069,Low Risk,44.85,Low Value,Low Risk / Low Value,Month-to-month,56,27.230270662406312,-0.269729337593688,False
7883-ROJOC,0.1980218461569085,High Risk,44.9,Low Value,High Risk / Low Value,Month-to-month,19,34.67560548053624,7.175605480536241,True
6817-WTYHE,0.354060432952378,High Risk,44.9,Low Value,High Risk / Low Value,Month-to-month,2,61.99952241429091,34.49952241429091,True
8710-YGLWG,0.4318236353021552,High Risk,44.9,Low Value,High Risk / Low Value,Month-to-month,1,75.61663677776039,48.11663677776039,True
4847-QNOKA,0.4506017039946647,High Risk,44.9,Low Value,High Risk / Low Value,Month-to-month,1,78.90486438650574,51.404864386505736,True
6243-OZGFH,0.5346741585808389,High Risk,44.95,Low Value,High Risk / Low Value,Month-to-month,23,93.73105337001397,66.23105337001397,True
4208-UFFGW,0.3899290722737775,High Risk,44.95,Low Value,High Risk / Low Value,Month-to-month,2,68.35651601495458,40.85651601495458,True
0842-IWYCP,0.0755133595148216,Low Risk,44.95,Low Value,Low Risk / Low Value,Month-to-month,46,13.237869489745805,-14.262130510254195,False
3030-YZADT,0.2760843395481565,High Risk,44.95,Low Value,High Risk / Low Value,Month-to-month,9,48.39896514448958,20.89896514448958,True
8950-MTZNV,0.4316249681226912,High Risk,44.95,Low Value,High Risk / Low Value,Month-to-month,1,75.66601503674838,48.16601503674838,True
8756-RDDLT,0.0511671424716075,Low Risk,44.95,Low Value,Low Risk / Low Value,Month-to-month,68,8.969855910985153,-18.530144089014847,False
4012-ZTHBR,0.2815132019918381,High Risk,44.95,Low Value,High Risk / Low Value,Month-to-month,21,49.35067187517918,21.85067187517918,True
5046-NUHWD,0.3603383914658408,High Risk,45.0,Low Value,High Risk / Low Value,Month-to-month,29,63.23938770225506,35.73938770225506,True
4257-GAESD,0.5435499615614386,High Risk,45.0,Low Value,High Risk / Low Value,Month-to-month,6,95.39301825403248,67.89301825403248,True
4671-LXRDQ,0.4210673174872318,High Risk,45.0,Low Value,High Risk / Low Value,Month-to-month,2,73.89731421900919,46.39731421900919,True
7675-OZCZG,0.4726984805779241,High Risk,45.0,Low Value,High Risk / Low Value,Month-to-month,3,82.95858334142568,55.45858334142568,True
8356-WUAOJ,0.5262984507858214,High Risk,45.0,Low Value,High Risk / Low Value,Month-to-month,1,92.36537811291166,64.86537811291166,True
9588-OZDMQ,0.5152245392835396,High Risk,45.0,Low Value,High Risk / Low Value,Month-to-month,2,90.42190664426121,62.92190664426121,True
2828-SLQPF,0.265641825735262,High Risk,45.0,Low Value,High Risk / Low Value,Month-to-month,19,46.62014041653848,19.120140416538483,True
1600-DILPE,0.3336211840418476,High Risk,45.0,Low Value,High Risk / Low Value,Month-to-month,12,58.55051779934425,31.05051779934425,True
0076-LVEPS,0.1117907019181323,Low Risk,45.0,Low Value,Low Risk / Low Value,Month-to-month,29,19.61926818663222,-7.880731813367781,False
2833-SLKDQ,0.3500019462994461,High Risk,45.05,Low Value,High Risk / Low Value,Month-to-month,1,61.49359195508118,33.99359195508118,True
4690-LLKUA,0.399643819109893,High Risk,45.05,Low Value,High Risk / Low Value,Month-to-month,17,70.21542079851264,42.71542079851264,True
5696-QURRL,0.4312276998202832,High Risk,45.05,Low Value,High Risk / Low Value,Month-to-month,1,75.76455071992464,48.26455071992464,True
5392-AKEMH,0.4049477265029469,High Risk,45.05,Low Value,High Risk / Low Value,Month-to-month,12,71.14729080793525,43.64729080793525,True
8080-DDEMJ,0.4892931728267447,High Risk,45.1,Low Value,High Risk / Low Value,Month-to-month,1,86.06177616849614,58.56177616849614,True
4193-ORFCL,0.4057832687373088,High Risk,45.1,Low Value,High Risk / Low Value,Month-to-month,1,71.37321913820524,43.87321913820524,True
3926-CUQZX,0.4441461943992943,High Risk,45.1,Low Value,High Risk / Low Value,Month-to-month,1,78.12087413289188,50.620874132891885,True
1612-EOHDH,0.4411949312689261,High Risk,45.15,Low Value,High Risk / Low Value,Month-to-month,1,77.68780947248885,50.18780947248885,True
2219-MVUSO,0.3623853830416614,High Risk,45.15,Low Value,High Risk / Low Value,Month-to-month,8,63.810630172890946,36.310630172890946,True
6410-LEFEN,0.3572531035783439,High Risk,45.15,Low Value,High Risk / Low Value,Month-to-month,9,62.906912743592684,35.406912743592684,True
2962-XPMCQ,0.5103015938399266,High Risk,45.15,Low Value,High Risk / Low Value,Month-to-month,2,89.85645615130346,62.35645615130346,True
7252-NTGSS,0.3548523133639811,High Risk,45.15,Low Value,High Risk / Low Value,Month-to-month,1,62.48416959869661,34.98416959869661,True
4706-DGAHW,0.4888884816442659,High Risk,45.2,Low Value,High Risk / Low Value,Month-to-month,1,86.1812615442512,58.6812615442512,True
3450-WXOAT,0.0905266707135591,Low Risk,45.2,Low Value,Low Risk / Low Value,Month-to-month,46,15.958041513386203,-11.541958486613797,False
1685-VAYJF,0.250041049342341,High Risk,45.2,Low Value,High Risk / Low Value,Month-to-month,11,44.07723617806788,16.577236178067878,True
2887-JPYLU,0.0780098547055545,Low Risk,45.2,Low Value,Low Risk / Low Value,Month-to-month,41,13.751577187495148,-13.748422812504852,False
3413-BMNZE,0.4125521887957645,High Risk,45.25,Low Value,High Risk / Low Value,Month-to-month,1,72.80514751773255,45.30514751773255,True
8095-WANWK,0.2680445747605445,High Risk,45.25,Low Value,High Risk / Low Value,Month-to-month,10,47.30316633086709,19.803166330867093,True
7396-VJUZB,0.2855421804736336,High Risk,45.25,Low Value,High Risk / Low Value,Month-to-month,4,50.3910562990845,22.891056299084497,True
3278-FSIXX,0.4240094954428671,High Risk,45.25,Low Value,High Risk / Low Value,Month-to-month,2,74.82707570827998,47.32707570827998,True
2737-WFVYW,0.7454259593239361,High Risk,45.25,Low Value,High Risk / Low Value,Month-to-month,2,131.5490461716916,104.0490461716916,True
3445-HXXGF,0.1651170876853787,Low Risk,45.3,Low Value,Low Risk / Low Value,Month-to-month,58,29.17123588137585,1.6712358813758499,True
6582-OIVSP,0.3542963639586861,High Risk,45.3,Low Value,High Risk / Low Value,Month-to-month,1,62.59353862058107,35.09353862058107,True
0447-BEMNG,0.1272185473507151,Low Risk,45.3,Low Value,Low Risk / Low Value,Month-to-month,48,22.475700760450838,-5.024299239549162,False
5552-ZNFSJ,0.4349665468668832,High Risk,45.3,Low Value,High Risk / Low Value,Month-to-month,1,76.84553983497224,49.34553983497224,True
7065-YUNRY,0.4358504611960524,High Risk,45.3,Low Value,High Risk / Low Value,Month-to-month,1,77.00170097950658,49.50170097950658,True
5077-DXTCG,0.5258378461839142,High Risk,45.3,Low Value,High Risk / Low Value,Month-to-month,1,92.89977228531211,65.39977228531211,True
8229-TNIQA,0.404702266997456,High Risk,45.3,Low Value,High Risk / Low Value,Month-to-month,4,71.49874951044055,43.99874951044055,True
7568-PODML,0.6758895095393663,High Risk,45.3,Low Value,High Risk / Low Value,Month-to-month,1,119.40939965031984,91.90939965031984,True
1963-SVUCV,0.4349665468668832,High Risk,45.3,Low Value,High Risk / Low Value,Month-to-month,1,76.84553983497224,49.34553983497224,True
0749-IRGQE,0.6084844892744691,High Risk,45.3,Low Value,High Risk / Low Value,Month-to-month,13,107.50095472012046,80.00095472012046,True
1589-AGTLK,0.4982532077580908,High Risk,45.35,Low Value,High Risk / Low Value,Month-to-month,3,88.12355359013472,60.62355359013472,True
0322-CHQRU,0.4238520624853223,High Risk,45.35,Low Value,High Risk / Low Value,Month-to-month,2,74.96459503146654,47.464595031466544,True
7754-IXRMC,0.3541111348580193,High Risk,45.35,Low Value,High Risk / Low Value,Month-to-month,1,62.62986586666359,35.12986586666359,True
2957-LOLHO,0.3267410762112491,High Risk,45.4,Low Value,High Risk / Low Value,Month-to-month,12,57.852774953963774,30.352774953963774,True
7511-YMXVQ,0.6779634050162733,High Risk,45.4,Low Value,High Risk / Low Value,Month-to-month,9,120.04020049218136,92.54020049218136,True
6519-CFDBX,0.5136675015329504,High Risk,45.4,Low Value,High Risk / Low Value,Month-to-month,2,90.9499678214242,63.449967821424195,True
5692-FPTAH,0.4354522833593673,High Risk,45.4,Low Value,High Risk / Low Value,Month-to-month,1,77.10118129160958,49.60118129160958,True
9708-HPXWZ,0.4405814829325095,High Risk,45.4,Low Value,High Risk / Low Value,Month-to-month,5,78.00935736803014,50.50935736803014,True
2275-RBYQS,0.4354522833593673,High Risk,45.4,Low Value,High Risk / Low Value,Month-to-month,1,77.10118129160958,49.60118129160958,True
4061-UKJWL,0.3291069252417898,High Risk,45.45,Low Value,High Risk / Low Value,Month-to-month,3,58.335848033733456,30.835848033733456,True
1767-TGTKO,0.4138353320644351,High Risk,45.45,Low Value,High Risk / Low Value,Month-to-month,8,73.35438178508144,45.85438178508144,True
7109-MFBYV,0.2054355433472264,High Risk,45.45,Low Value,High Risk / Low Value,Month-to-month,26,36.414477236012615,8.914477236012615,True
4647-XXZAM,0.2738849062019129,High Risk,45.5,Low Value,High Risk / Low Value,Month-to-month,6,48.60087660552944,21.100876605529443,True
2817-NTQDO,0.3067996448078851,High Risk,45.55,Low Value,High Risk / Low Value,Month-to-month,13,54.50142290189674,27.00142290189674,True
0621-TWIEM,0.4166391489636036,High Risk,45.55,Low Value,High Risk / Low Value,Month-to-month,10,74.01386161763935,46.51386161763935,True
3566-HJGPK,0.4292426953990222,High Risk,45.55,Low Value,High Risk / Low Value,Month-to-month,1,76.2528186241593,48.7528186241593,True
8671-KKKOS,0.1184123252054282,Low Risk,45.55,Low Value,Low Risk / Low Value,Month-to-month,46,21.035357511118292,-6.464642488881708,False
4537-DKTAL,0.4282633639141929,High Risk,45.55,Low Value,High Risk / Low Value,Month-to-month,2,76.07884528253679,48.57884528253679,True
9013-AQORL,0.0921673367389564,Low Risk,45.55,Low Value,Low Risk / Low Value,Month-to-month,48,16.37306653499191,-11.12693346500809,False
9244-ZVAPM,0.3479782142389179,High Risk,45.6,Low Value,High Risk / Low Value,Month-to-month,1,61.88444562024916,34.38444562024916,True
2082-CEFLT,0.5189190407224558,High Risk,45.6,Low Value,High Risk / Low Value,Month-to-month,1,92.28456220208153,64.78456220208153,True
2135-RXIHG,0.518716885503952,High Risk,45.65,Low Value,High Risk / Low Value,Month-to-month,1,92.3497607106961,64.8497607106961,True
3859-CVCET,0.3239573134587991,High Risk,45.65,Low Value,High Risk / Low Value,Month-to-month,4,57.6757403016373,30.175740301637298,True
7554-AKDQF,0.3069315895702214,High Risk,45.65,Low Value,High Risk / Low Value,Month-to-month,6,54.644565549134356,27.144565549134356,True
6128-CZOMY,0.5244243333126883,High Risk,45.65,Low Value,High Risk / Low Value,Month-to-month,1,93.36588618132447,65.86588618132447,True
3470-BTGQO,0.1605224025676944,Low Risk,45.65,Low Value,Low Risk / Low Value,Month-to-month,21,28.57860594113947,1.0786059411394717,True
3255-GRXMG,0.2238842292995534,High Risk,45.65,Low Value,High Risk / Low Value,Month-to-month,18,39.85922876334599,12.359228763345989,True
0887-HJGAR,0.4286476346011953,High Risk,45.7,Low Value,High Risk / Low Value,Month-to-month,1,76.39786791497104,48.897867914971044,True
9117-SHLZX,0.4286476346011953,High Risk,45.7,Low Value,High Risk / Low Value,Month-to-month,1,76.39786791497104,48.897867914971044,True
9828-AOQLM,0.485625114196566,High Risk,45.7,Low Value,High Risk / Low Value,Month-to-month,1,86.55296410325397,59.05296410325397,True
3317-HRTNN,0.6901102958005673,High Risk,45.7,Low Value,High Risk / Low Value,Month-to-month,5,122.99835802053511,95.49835802053511,True
0999-QXNSA,0.381934455655353,High Risk,45.75,Low Value,High Risk / Low Value,Month-to-month,7,68.14665525030637,40.64665525030637,True
7359-PTSXY,0.4331762486883669,High Risk,45.75,Low Value,High Risk / Low Value,Month-to-month,1,77.28947217222186,49.78947217222186,True
5133-POWUA,0.4282510418874394,High Risk,45.8,Low Value,High Risk / Low Value,Month-to-month,1,76.49420110193442,48.99420110193442,True
7825-GKXMW,0.4386012178725397,High Risk,45.8,Low Value,High Risk / Low Value,Month-to-month,1,78.34294953639304,50.842949536393036,True
0128-MKWSG,0.1380622922632635,Low Risk,45.8,Low Value,Low Risk / Low Value,Month-to-month,26,24.66068664406413,-2.8393133559358716,False
6143-JQKEA,0.3262812592491327,High Risk,45.8,Low Value,High Risk / Low Value,Month-to-month,10,58.28035852708008,30.780358527080082,True
3165-HDOEW,0.3907213699444779,High Risk,45.85,Low Value,High Risk / Low Value,Month-to-month,1,69.86684176662182,42.36684176662182,True
4237-RLAQD,0.4280527800591031,High Risk,45.85,Low Value,High Risk / Low Value,Month-to-month,1,76.54225786626851,49.042257866268514,True
1501-SGHBW,0.3364292554822219,High Risk,45.85,Low Value,High Risk / Low Value,Month-to-month,2,60.15859731905351,32.65859731905351,True
5365-LLFYV,0.4238981704971214,High Risk,45.85,Low Value,High Risk / Low Value,Month-to-month,2,75.79935135744277,48.299351357442774,True
6127-IYJOZ,0.4814441952273584,High Risk,45.85,Low Value,High Risk / Low Value,Month-to-month,1,86.0894437695801,58.5894437695801,True
2831-EBWRN,0.4859100715936114,High Risk,45.9,Low Value,High Risk / Low Value,Month-to-month,4,86.98276191597238,59.482761915972375,True
6704-UTUKK,0.4628889311629939,High Risk,45.9,Low Value,High Risk / Low Value,Month-to-month,29,82.86174756748753,55.36174756748753,True
3566-VVORZ,0.2578010360984986,High Risk,45.9,Low Value,High Risk / Low Value,Month-to-month,12,46.148963471992225,18.648963471992225,True
0356-ERHVT,0.3372688475573869,High Risk,45.9,Low Value,High Risk / Low Value,Month-to-month,11,60.374496401247825,32.874496401247825,True
7054-LGEQW,0.3518918117652538,High Risk,45.95,Low Value,High Risk / Low Value,Month-to-month,1,63.06077212739231,35.56077212739231,True
5103-MHMHY,0.3181680591850756,High Risk,45.95,Low Value,High Risk / Low Value,Month-to-month,1,57.01730704626148,29.51730704626148,True
7841-TZDMQ,0.408186842855836,High Risk,46.0,Low Value,High Risk / Low Value,Month-to-month,2,73.22871960833697,45.728719608336974,True
5651-CPDND,0.2648819219398917,High Risk,46.0,Low Value,High Risk / Low Value,Month-to-month,10,47.51981679601657,20.01981679601657,True
5175-AOBHI,0.4016812971203876,High Risk,46.0,Low Value,High Risk / Low Value,Month-to-month,4,72.06162470339754,44.56162470339754,True
2718-GAXQD,0.4202532535952658,High Risk,46.0,Low Value,High Risk / Low Value,Month-to-month,4,75.39343369499068,47.89343369499068,True
1976-CFOCS,0.4906140440776753,High Risk,46.0,Low Value,High Risk / Low Value,Month-to-month,1,88.01615950753494,60.51615950753494,True
1809-DMJHQ,0.2805971557001319,High Risk,46.0,Low Value,High Risk / Low Value,Month-to-month,5,50.33912973260366,22.83912973260366,True
2842-JTCCU,0.3476375049176359,High Risk,46.05,Low Value,High Risk / Low Value,Month-to-month,2,62.43395769568282,34.93395769568282,True
2637-FKFSY,0.4099010741374775,High Risk,46.1,Low Value,High Risk / Low Value,Month-to-month,3,73.69611411917708,46.19611411917708,True
3669-OYSJI,0.3383538980825479,High Risk,46.2,Low Value,High Risk / Low Value,Month-to-month,1,60.96460535651349,33.46460535651349,True
0799-DDIHE,0.2610181910887074,High Risk,46.3,Low Value,High Risk / Low Value,Month-to-month,15,47.13205476488789,19.63205476488789,True
7593-XFKDI,0.3454104788104812,High Risk,46.3,Low Value,High Risk / Low Value,Month-to-month,1,62.3707701588086,34.8707701588086,True
6185-TASNN,0.4844379564613852,High Risk,46.3,Low Value,High Risk / Low Value,Month-to-month,1,87.47496179823233,59.97496179823233,True
3160-TYXLT,0.0951044029489557,Low Risk,46.3,Low Value,Low Risk / Low Value,Month-to-month,53,17.17300204049293,-10.326997959507072,False
8648-PFRMP,0.6801298034035044,High Risk,46.35,Low Value,High Risk / Low Value,Month-to-month,14,122.94366391223448,95.44366391223448,True
0601-WZHJF,0.542212161567362,High Risk,46.35,Low Value,High Risk / Low Value,Month-to-month,14,98.0129813857242,70.5129813857242,True
5968-VXZLG,0.4270111931290304,High Risk,46.6,Low Value,High Risk / Low Value,Month-to-month,2,77.60501423926999,50.10501423926999,True
0224-HJAPT,0.4650081307620304,High Risk,47.15,Low Value,High Risk / Low Value,Month-to-month,5,85.50802012517596,58.00802012517596,True
7377-DMMRI,0.4191334174625054,High Risk,47.8,Low Value,High Risk / Low Value,Month-to-month,2,78.13485168336025,50.63485168336025,True
8286-AFUYI,0.3482946346238212,High Risk,47.95,Low Value,High Risk / Low Value,Month-to-month,1,65.1328381478277,37.6328381478277,True
9239-ZBZZV,0.7099863646967258,High Risk,47.95,Low Value,High Risk / Low Value,Month-to-month,6,132.77100013011125,105.27100013011125,True
0015-UOCOJ,0.4233288490806653,High Risk,48.2,Low Value,High Risk / Low Value,Month-to-month,7,79.57735705018348,52.07735705018348,True
1215-VFYVK,0.3314879919970549,High Risk,48.25,Low Value,High Risk / Low Value,Month-to-month,4,62.37775289404581,34.87775289404581,True
7895-VONWT,0.5222089885507842,High Risk,48.25,Low Value,High Risk / Low Value,Month-to-month,25,98.26667642054383,70.76667642054383,True
3346-BRMIS,0.6362955509335303,High Risk,48.35,Low Value,High Risk / Low Value,Month-to-month,18,119.98307056178115,92.48307056178115,True
0623-GDISB,0.3594519416692508,High Risk,48.45,Low Value,High Risk / Low Value,Month-to-month,1,67.9202416381133,40.420241638113296,True
0322-YINQP,0.3417426590525886,High Risk,48.55,Low Value,High Risk / Low Value,Month-to-month,1,64.70726377831238,37.20726377831238,True
2636-OHFMN,0.6945551846321285,High Risk,48.55,Low Value,High Risk / Low Value,Month-to-month,4,131.51055143417037,104.01055143417037,True
9820-RMCQV,0.1899882432783849,Low Risk,48.55,Low Value,Low Risk / Low Value,Month-to-month,11,35.97332392354579,8.473323923545792,True
1794-HBQTJ,0.3392903536513958,High Risk,48.6,Low Value,High Risk / Low Value,Month-to-month,1,64.30909363108556,36.80909363108556,True
9752-ZNQUT,0.4895984802042123,High Risk,48.6,Low Value,High Risk / Low Value,Month-to-month,1,92.79849593790641,65.29849593790641,True
4468-YDOVK,0.2883457958551436,High Risk,48.65,Low Value,High Risk / Low Value,Month-to-month,5,54.70928957657567,27.20928957657567,True
4958-GZWIY,0.3318803250210462,High Risk,48.7,Low Value,High Risk / Low Value,Month-to-month,7,63.034030131247306,35.534030131247306,True
5307-UVGNB,0.0825046381447794,Low Risk,48.7,Low Value,Low Risk / Low Value,Month-to-month,53,15.670105922837955,-11.829894077162045,False
5207-PLSTK,0.3071967119495445,High Risk,48.75,Low Value,High Risk / Low Value,Month-to-month,1,58.40577485940716,30.90577485940716,True
7470-MCQTK,0.5658295936634792,High Risk,48.75,Low Value,High Risk / Low Value,Month-to-month,13,107.57835149526898,80.07835149526898,True
2277-VWCNI,0.4390967792446754,High Risk,48.75,Low Value,High Risk / Low Value,Month-to-month,4,83.48327515389391,55.98327515389391,True
7240-ETPTR,0.6784908201788443,High Risk,48.75,Low Value,High Risk / Low Value,Month-to-month,9,128.9980671865028,101.4980671865028,True
0222-CNVPT,0.1601776716246251,Low Risk,48.8,Low Value,Low Risk / Low Value,Month-to-month,52,30.485014463598652,2.9850144635986524,True
7742-MYPGI,0.2731917612880857,High Risk,48.8,Low Value,High Risk / Low Value,Month-to-month,6,51.99385600834847,24.493856008348473,True
9097-ZUBYC,0.1837646528932406,Low Risk,48.8,Low Value,Low Risk / Low Value,Month-to-month,14,34.97408873864155,7.474088738641548,True
7639-SUPCW,0.1705562604854183,Low Risk,48.8,Low Value,Low Risk / Low Value,Month-to-month,22,32.460267495584816,4.960267495584816,True
1355-KUSBG,0.4069470773364425,High Risk,48.8,Low Value,High Risk / Low Value,Month-to-month,7,77.45016775867174,49.95016775867174,True
1376-HHBDV,0.1339625762035673,Low Risk,48.8,Low Value,Low Risk / Low Value,Month-to-month,30,25.495757503062933,-2.004242496937067,False
0997-YTLNY,0.1332978495320877,Low Risk,48.8,Low Value,Low Risk / Low Value,Month-to-month,19,25.369246722946933,-2.130753277053067,False
7876-BEUTG,0.3560178881125387,High Risk,48.8,Low Value,High Risk / Low Value,Month-to-month,15,67.75732446557836,40.257324465578364,True
9396-ZSFLL,0.2764033225147205,High Risk,48.85,Low Value,High Risk / Low Value,Month-to-month,15,52.65897898889198,25.15897898889198,True
9163-GHAYE,0.2707924491691857,High Risk,48.85,Low Value,High Risk / Low Value,Month-to-month,15,51.590023453467424,24.090023453467424,True
2720-FVBQP,0.4021479981238831,High Risk,48.95,Low Value,High Risk / Low Value,Month-to-month,6,76.7720635818399,49.2720635818399,True
0655-YDGFJ,0.1377575858898448,Low Risk,48.95,Low Value,Low Risk / Low Value,Month-to-month,29,26.298611934300823,-1.2013880656991773,False
9039-RBEEE,0.1110207624575629,Low Risk,48.95,Low Value,Low Risk / Low Value,Month-to-month,39,21.194418656961048,-6.305581343038952,False
6876-ADESB,0.3914032215564302,High Risk,48.95,Low Value,High Risk / Low Value,Month-to-month,1,74.72083201123031,47.220832011230314,True
1666-JZPZT,0.1849389083928939,Low Risk,49.0,Low Value,Low Risk / Low Value,Month-to-month,27,35.341825393882026,7.841825393882026,True
0430-IHCDJ,0.4381600201623611,High Risk,49.0,Low Value,High Risk / Low Value,Month-to-month,15,83.73237985302721,56.23237985302721,True
2607-FBDFF,0.2668083008682995,High Risk,49.0,Low Value,High Risk / Low Value,Month-to-month,1,50.98706629593204,23.48706629593204,True
2273-QCKXA,0.2731491310823453,High Risk,49.05,Low Value,High Risk / Low Value,Month-to-month,1,52.25206303039724,24.752063030397238,True
3097-NNSPB,0.3802392983493551,High Risk,49.05,Low Value,High Risk / Low Value,Month-to-month,2,72.73787657773988,45.23787657773988,True
8791-GFXLZ,0.2989114096831507,High Risk,49.05,Low Value,High Risk / Low Value,Month-to-month,12,57.18025811533832,29.68025811533832,True
2027-OAQQC,0.2615087323841723,High Risk,49.05,Low Value,High Risk / Low Value,Month-to-month,43,50.025312961430245,22.525312961430245,True
8614-VGMMV,0.4382251705030371,High Risk,49.1,Low Value,High Risk / Low Value,Month-to-month,15,83.91573789962658,56.41573789962658,True
0823-HSCDJ,0.2613271516024129,High Risk,49.15,Low Value,High Risk / Low Value,Month-to-month,52,50.09249505490851,22.59249505490851,True
4581-LNWUM,0.5577546899651646,High Risk,49.15,Low Value,High Risk / Low Value,Month-to-month,13,106.91320774597258,79.41320774597258,True
4429-WYGFR,0.1175848791050322,Low Risk,49.15,Low Value,Low Risk / Low Value,Month-to-month,26,22.53925755124809,-4.960742448751908,False
3144-AUDBS,0.3824144930444479,High Risk,49.15,Low Value,High Risk / Low Value,Month-to-month,6,73.30312209922499,45.80312209922499,True
8878-HMWBV,0.4923487834262969,High Risk,49.15,Low Value,High Risk / Low Value,Month-to-month,3,94.37587655106972,66.87587655106972,True
9644-UMGQA,0.3377579997746707,High Risk,49.15,Low Value,High Risk / Low Value,Month-to-month,6,64.74314218680775,37.243142186807745,True
8205-MQUGY,0.281250894495831,High Risk,49.2,Low Value,High Risk / Low Value,Month-to-month,12,53.96642163586006,26.46642163586006,True
4950-BDEUX,0.3213666184078602,High Risk,49.2,Low Value,High Risk / Low Value,Month-to-month,35,61.66382674010022,34.16382674010022,True
8805-JNRAZ,0.3107914241729756,High Risk,49.2,Low Value,High Risk / Low Value,Month-to-month,2,59.63465847031057,32.13465847031057,True
0423-UDIJQ,0.248179853174935,High Risk,49.2,Low Value,High Risk / Low Value,Month-to-month,9,47.620750227206535,20.120750227206535,True
6633-MPWBS,0.3873711367682438,High Risk,49.2,Low Value,High Risk / Low Value,Month-to-month,5,74.32877372309063,46.828773723090634,True
4926-UMJZD,0.1280652369481606,Low Risk,49.2,Low Value,Low Risk / Low Value,Month-to-month,31,24.57315766561306,-2.92684233438694,False
5948-UJZLF,0.3053108619972985,High Risk,49.25,Low Value,High Risk / Low Value,Month-to-month,2,58.642583818131115,31.142583818131115,True
0067-DKWBL,0.4662727608059426,High Risk,49.25,Low Value,High Risk / Low Value,Month-to-month,2,89.55934053180141,62.05934053180141,True
1456-TWCGB,0.2881713988753202,High Risk,49.25,Low Value,High Risk / Low Value,Month-to-month,4,55.350521438977125,27.850521438977125,True
8348-HFYIV,0.7345334054028425,High Risk,49.25,Low Value,High Risk / Low Value,Month-to-month,2,141.08550384275097,113.58550384275097,True
9661-MHUMO,0.3516767992428505,High Risk,49.25,Low Value,High Risk / Low Value,Month-to-month,1,67.54832121457052,40.04832121457052,True
3716-UVSPD,0.4306739856073567,High Risk,49.3,Low Value,High Risk / Low Value,Month-to-month,1,82.80568721272647,55.30568721272647,True
2229-VWQJH,0.2143185293421211,High Risk,49.3,Low Value,High Risk / Low Value,Month-to-month,24,41.20702363660962,13.70702363660962,True
2391-SOORI,0.2843533604478889,High Risk,49.35,Low Value,High Risk / Low Value,Month-to-month,4,54.72806951860294,27.228069518602943,True
6789-HJBWG,0.3724703267451804,High Risk,49.4,Low Value,High Risk / Low Value,Month-to-month,12,71.76013315072645,44.260133150726446,True
9734-UYXQI,0.580828589213777,High Risk,49.4,Low Value,High Risk / Low Value,Month-to-month,2,111.90243599792626,84.40243599792626,True
5780-INQIK,0.289679380322864,High Risk,49.4,Low Value,High Risk / Low Value,Month-to-month,8,55.80962941300298,28.30962941300298,True
0991-BRRFB,0.2002160059876625,High Risk,49.4,Low Value,High Risk / Low Value,Month-to-month,18,38.57361571358307,11.073615713583067,True
5295-PCJOO,0.3561287725511686,High Risk,49.4,Low Value,High Risk / Low Value,Month-to-month,4,68.61176931970813,41.11176931970813,True
2075-RMJIK,0.2734556216578919,High Risk,49.4,Low Value,High Risk / Low Value,Month-to-month,5,52.683960068609444,25.183960068609444,True
3890-RTCMS,0.216690096936531,High Risk,49.45,Low Value,High Risk / Low Value,Month-to-month,16,41.78976864469469,14.28976864469469,True
0311-QYWSS,0.3786696621636621,High Risk,49.45,Low Value,High Risk / Low Value,Month-to-month,6,73.02833769657306,45.52833769657306,True
4065-JJAVA,0.4017029136683707,High Risk,49.5,Low Value,High Risk / Low Value,Month-to-month,1,77.54874748367897,50.048747483678966,True
5600-PDUJF,0.2917716187519128,High Risk,49.5,Low Value,High Risk / Low Value,Month-to-month,6,56.32651100005677,28.82651100005677,True
3920-HIHMQ,0.2265678270279613,High Risk,49.5,Low Value,High Risk / Low Value,Month-to-month,26,43.73891900774793,16.23891900774793,True
3948-XHGNA,0.1680569043515407,Low Risk,49.55,Low Value,Low Risk / Low Value,Month-to-month,24,32.47615648141348,4.976156481413483,True
7410-KTVFV,0.2581035484498961,High Risk,49.55,Low Value,High Risk / Low Value,Month-to-month,18,49.87722022020017,22.377220220200172,True
2722-JMONI,0.4812924106884304,High Risk,49.55,Low Value,High Risk / Low Value,Month-to-month,1,93.00735190348574,65.50735190348574,True
8885-QSQBX,0.2813560086972177,High Risk,49.55,Low Value,High Risk / Low Value,Month-to-month,1,54.37064190069384,26.87064190069384,True
3345-PBBFH,0.3334894850076928,High Risk,49.55,Low Value,High Risk / Low Value,Month-to-month,8,64.44517553031159,36.94517553031159,True
3570-YUEKJ,0.1396618337108515,Low Risk,49.55,Low Value,Low Risk / Low Value,Month-to-month,42,26.9889510554535,-0.5110489445464985,False
1226-UDFZR,0.3875728940883758,High Risk,49.6,Low Value,High Risk / Low Value,Month-to-month,2,74.97210063245544,47.47210063245544,True
4456-RHSNB,0.2378732614763532,High Risk,49.6,Low Value,High Risk / Low Value,Month-to-month,19,46.01420369998577,18.51420369998577,True
1208-NBVFH,0.2801209005027701,High Risk,49.6,Low Value,High Risk / Low Value,Month-to-month,20,54.18658699325585,26.68658699325585,True
2625-TRCZQ,0.2342539526392472,High Risk,49.65,Low Value,High Risk / Low Value,Month-to-month,51,45.359764119300635,17.859764119300635,True
1213-NGCUN,0.3113644173540145,High Risk,49.65,Low Value,High Risk / Low Value,Month-to-month,6,60.29104895434459,32.79104895434459,True
1660-HSOOQ,0.4205388523402962,High Risk,49.65,Low Value,High Risk / Low Value,Month-to-month,1,81.43104067291327,53.93104067291327,True
3521-MNKLV,0.2116085855845272,High Risk,49.7,Low Value,High Risk / Low Value,Month-to-month,24,41.01609214384891,13.516092143848908,True
7811-JIVPF,0.16304437091037,Low Risk,49.7,Low Value,Low Risk / Low Value,Month-to-month,23,31.602890413557017,4.102890413557017,True
2843-CQMEG,0.1942733801926147,High Risk,49.7,Low Value,High Risk / Low Value,Month-to-month,24,37.65600928273451,10.156009282734509,True
6075-QMNRR,0.0572882839905425,Low Risk,49.75,Low Value,Low Risk / Low Value,Month-to-month,52,11.11535930126501,-16.38464069873499,False
7312-XSBAT,0.3417072336600471,High Risk,49.75,Low Value,High Risk / Low Value,Month-to-month,1,66.29974601089064,38.799746010890644,True
3999-WRNGR,0.1540939029337558,Low Risk,49.75,Low Value,Low Risk / Low Value,Month-to-month,60,29.898069516721968,2.398069516721968,True
7442-YGZFK,0.4857597454459036,High Risk,49.8,Low Value,High Risk / Low Value,Month-to-month,1,94.3442577605034,66.8442577605034,True
5445-GLVOT,0.2305145314353998,High Risk,49.8,Low Value,High Risk / Low Value,Month-to-month,22,44.77053229538335,17.270532295383347,True
8148-BPLZQ,0.184549741534186,Low Risk,49.8,Low Value,Low Risk / Low Value,Month-to-month,34,35.8432508007696,8.343250800769603,True
1100-DDVRV,0.4697057008948757,High Risk,49.8,Low Value,High Risk / Low Value,Month-to-month,17,91.22624122780276,63.72624122780276,True
8757-TFHHJ,0.3298717259043943,High Risk,49.8,Low Value,High Risk / Low Value,Month-to-month,1,64.06768660515147,36.567686605151465,True
5651-WYIPH,0.2731826483210276,High Risk,49.85,Low Value,High Risk / Low Value,Month-to-month,18,53.1108045733326,25.6108045733326,True
8064-RAVOH,0.4715789817702774,High Risk,49.85,Low Value,High Risk / Low Value,Month-to-month,1,91.68202774086848,64.18202774086848,True
7176-WIONM,0.5743579225543506,High Risk,49.85,Low Value,High Risk / Low Value,Month-to-month,12,111.6637955134041,84.1637955134041,True
0587-DMGBH,0.3538549814997101,High Risk,49.85,Low Value,High Risk / Low Value,Month-to-month,8,68.79471622826615,41.294716228266154,True
4353-HYOJD,0.1153944325361694,Low Risk,49.85,Low Value,Low Risk / Low Value,Month-to-month,27,22.434408601519376,-5.065591398480624,False
1536-HBSWP,0.4339025065034728,High Risk,49.9,Low Value,High Risk / Low Value,Month-to-month,1,84.44176679064083,56.94176679064083,True
1958-RNRKS,0.2196277373721517,High Risk,49.9,Low Value,High Risk / Low Value,Month-to-month,30,42.741753969994434,15.241753969994434,True
5155-AZQPB,0.1608699171274689,Low Risk,49.9,Low Value,Low Risk / Low Value,Month-to-month,28,31.306894572176724,3.8068945721767236,True
1406-PUQVY,0.4410237467414452,High Risk,49.9,Low Value,High Risk / Low Value,Month-to-month,1,85.82763135335266,58.32763135335266,True
1453-RZFON,0.2408206796149669,High Risk,49.9,Low Value,High Risk / Low Value,Month-to-month,1,46.86611245986872,19.366112459868717,True
3621-CHYVB,0.0675240261988647,Low Risk,49.9,Low Value,Low Risk / Low Value,Month-to-month,57,13.14085073856106,-14.35914926143894,False
7623-TRNQN,0.3096508001904881,High Risk,49.9,Low Value,High Risk / Low Value,Month-to-month,1,60.261142225070884,32.761142225070884,True
6304-IJFSQ,0.3685257097702074,High Risk,49.9,Low Value,High Risk / Low Value,Month-to-month,3,71.71878837838005,44.218788378380054,True
9763-GRSKD,0.2034240681321342,High Risk,49.95,Low Value,High Risk / Low Value,Month-to-month,13,39.628025592480405,12.128025592480405,True
6581-NQCBA,0.526779990203443,High Risk,49.95,Low Value,High Risk / Low Value,Month-to-month,16,102.61937599158172,75.11937599158172,True
3334-CTHOL,0.5124354727544678,High Risk,49.95,Low Value,High Risk / Low Value,Month-to-month,1,99.82499226993411,72.32499226993411,True
4223-WOZCM,0.3792554692351291,High Risk,49.95,Low Value,High Risk / Low Value,Month-to-month,2,73.88086168434933,46.38086168434933,True
1471-GIQKQ,0.3999526156470679,High Risk,49.95,Low Value,High Risk / Low Value,Month-to-month,1,77.91276929112708,50.41276929112708,True
3794-NFNCH,0.1710996945290832,Low Risk,50.0,Low Value,Low Risk / Low Value,Month-to-month,30,33.364440433171225,5.864440433171225,True
5843-TTHGI,0.2624887121918124,High Risk,50.0,Low Value,High Risk / Low Value,Month-to-month,18,51.185298877403426,23.685298877403426,True
9373-WSLOY,0.3036412861394598,High Risk,50.0,Low Value,High Risk / Low Value,Month-to-month,33,59.210050797194654,31.710050797194654,True
6705-LNMDD,0.1410879229294223,Low Risk,50.0,Low Value,Low Risk / Low Value,Month-to-month,20,27.512144971237348,0.01214497123734759,True
0742-MOABM,0.2436962864222678,High Risk,50.05,Low Value,High Risk / Low Value,Month-to-month,4,47.56829662819456,20.06829662819456,True
8445-DNBAE,0.5453629001153747,High Risk,50.05,Low Value,High Risk / Low Value,Month-to-month,1,106.45211128802055,78.95211128802055,True
9375-MHRRS,0.2292778095753449,High Risk,50.05,Low Value,High Risk / Low Value,Month-to-month,6,44.75388204005945,17.25388204005945,True
0248-IPDFW,0.5879468922336986,High Risk,50.1,Low Value,High Risk / Low Value,Month-to-month,1,114.87894327354238,87.37894327354238,True
4749-VFKVB,0.4985051800764873,High Risk,50.1,Low Value,High Risk / Low Value,Month-to-month,1,97.40292713514486,69.90292713514486,True
1629-DQQVB,0.1824008261315226,Low Risk,50.1,Low Value,Low Risk / Low Value,Month-to-month,14,35.6392974178382,8.1392974178382,True
3097-IDVPU,0.2073882062375983,High Risk,50.1,Low Value,High Risk / Low Value,Month-to-month,19,40.52158161676434,13.021581616764337,True
8344-WFMFH,0.3606828792227508,High Risk,50.1,Low Value,High Risk / Low Value,Month-to-month,9,70.47382777133328,42.973827771333276,True
5896-NPFWW,0.4497069738410328,High Risk,50.15,Low Value,High Risk / Low Value,Month-to-month,3,87.95593847869841,60.455938478698414,True
0929-HYQEW,0.3178166586547769,High Risk,50.15,Low Value,High Risk / Low Value,Month-to-month,3,62.16017118299453,34.66017118299453,True
3391-JSQEW,0.1085600089014327,Low Risk,50.15,Low Value,Low Risk / Low Value,Month-to-month,40,21.232709340986716,-6.267290659013284,False
5047-LHVLY,0.4342366672035101,High Risk,50.15,Low Value,High Risk / Low Value,Month-to-month,1,84.93017855499852,57.43017855499852,True
4422-QVIJA,0.120893860897366,Low Risk,50.15,Low Value,Low Risk / Low Value,Month-to-month,35,23.64502578361133,-3.854974216388669,False
1845-ZLLIG,0.3891108683790996,High Risk,50.15,Low Value,High Risk / Low Value,Month-to-month,1,76.10424919192619,48.604249191926186,True
2740-TVLFN,0.5821977669958199,High Risk,50.15,Low Value,High Risk / Low Value,Month-to-month,1,113.86915025787744,86.36915025787744,True
7579-OOPEC,0.3477108575485954,High Risk,50.15,Low Value,High Risk / Low Value,Month-to-month,2,68.00702807364203,40.50702807364203,True
0440-QEXBZ,0.1340811549176127,Low Risk,50.15,Low Value,Low Risk / Low Value,Month-to-month,44,26.224262684561275,-1.2757373154387253,False
0374-AACSZ,0.3454045732862026,High Risk,50.15,Low Value,High Risk / Low Value,Month-to-month,1,67.55595346618193,40.05595346618193,True
2810-FTLEM,0.2787962225841136,High Risk,50.15,Low Value,High Risk / Low Value,Month-to-month,16,54.52835919411385,27.028359194113847,True
1730-VFMWO,0.0909739323531002,Low Risk,50.2,Low Value,Low Risk / Low Value,Month-to-month,34,17.81087647608996,-9.689123523910041,False
8735-IJJEG,0.218672989131621,High Risk,50.2,Low Value,High Risk / Low Value,Month-to-month,14,42.811797812188765,15.311797812188765,True
6844-DZKRF,0.3255901731576257,High Risk,50.2,Low Value,High Risk / Low Value,Month-to-month,2,63.744044100799954,36.244044100799954,True
1247-QBVSH,0.0619609808378449,Low Risk,50.2,Low Value,Low Risk / Low Value,Month-to-month,43,12.130720828433276,-15.369279171566724,False
4026-SKKHW,0.3228018257809488,High Risk,50.25,Low Value,High Risk / Low Value,Month-to-month,3,63.26108780742144,35.76108780742144,True
9693-XMUOB,0.2090313243513693,High Risk,50.25,Low Value,High Risk / Low Value,Month-to-month,59,40.9649137897596,13.4649137897596,True
3982-XWFZQ,0.2020592801295621,High Risk,50.25,Low Value,High Risk / Low Value,Month-to-month,42,39.59856742339093,12.098567423390932,True
7605-SNLQG,0.096648992482644,Low Risk,50.25,Low Value,Low Risk / Low Value,Month-to-month,45,18.94078630178616,-8.559213698213838,False
8182-PNAGI,0.1950476934351601,High Risk,50.25,Low Value,High Risk / Low Value,Month-to-month,12,38.2244717209555,10.7244717209555,True
9992-UJOEL,0.3778824116321308,High Risk,50.3,Low Value,High Risk / Low Value,Month-to-month,2,74.12919268987511,46.62919268987511,True
5071-FBJFS,0.2850505296843162,High Risk,50.3,Low Value,High Risk / Low Value,Month-to-month,4,55.918362408172314,28.418362408172314,True
5366-OBVMR,0.2039350350785068,High Risk,50.3,Low Value,High Risk / Low Value,Month-to-month,18,40.00593583135068,12.505935831350683,True
1848-LBZHY,0.2960779339936506,High Risk,50.3,Low Value,High Risk / Low Value,Month-to-month,7,58.081608311534445,30.581608311534445,True
1310-QRITU,0.4082108900803072,High Risk,50.3,Low Value,High Risk / Low Value,Month-to-month,18,80.07873030705386,52.57873030705386,True
4316-XCSLJ,0.1792955827024602,Low Risk,50.3,Low Value,Low Risk / Low Value,Month-to-month,17,35.17241445874162,7.6724144587416205,True
1853-ARAAQ,0.4006096832054806,High Risk,50.35,Low Value,High Risk / Low Value,Month-to-month,26,78.6657204426442,51.1657204426442,True
9026-RNUJS,0.4323672985713744,High Risk,50.35,Low Value,High Risk / Low Value,Month-to-month,5,84.90180458396794,57.401804583967944,True
0096-BXERS,0.449307469445314,High Risk,50.35,Low Value,High Risk / Low Value,Month-to-month,6,88.2282612376291,60.7282612376291,True
0212-ISBBF,0.5116805769178802,High Risk,50.35,Low Value,High Risk / Low Value,Month-to-month,22,100.47615648647955,72.97615648647955,True
4011-ARPHK,0.1070520828257708,Low Risk,50.35,Low Value,Low Risk / Low Value,Month-to-month,27,21.021282244082485,-6.478717755917515,False
8992-JQYUN,0.7393112639709996,High Risk,50.35,Low Value,High Risk / Low Value,Month-to-month,1,145.17485634966533,117.67485634966533,True
7776-QWNFX,0.1943197207481272,High Risk,50.4,Low Value,High Risk / Low Value,Month-to-month,30,38.195484310251885,10.695484310251885,True
9462-MJUAW,0.3769723732823484,High Risk,50.4,Low Value,High Risk / Low Value,Month-to-month,4,74.0976896923784,46.597689692378395,True
9631-XEYKE,0.3983991240874531,High Risk,50.4,Low Value,High Risk / Low Value,Month-to-month,3,78.30933183062979,50.80933183062979,True
8967-SZQAS,0.2787733182070812,High Risk,50.45,Low Value,High Risk / Low Value,Month-to-month,14,54.85004422383426,27.35004422383426,True
7767-UXAGJ,0.5810154723644159,High Risk,50.45,Low Value,High Risk / Low Value,Month-to-month,1,114.31769926506065,86.81769926506065,True
7250-EQKIY,0.3084633895044497,High Risk,50.45,Low Value,High Risk / Low Value,Month-to-month,1,60.691714201948,33.191714201948,True
8280-MQRQN,0.4229572069081795,High Risk,50.45,Low Value,High Risk / Low Value,Month-to-month,1,83.21894524521886,55.71894524521886,True
0523-VNGTF,0.1589646402979137,Low Risk,50.5,Low Value,Low Risk / Low Value,Month-to-month,52,31.308085906674105,3.808085906674105,True
1763-WQFUK,0.3216024033063427,High Risk,50.5,Low Value,High Risk / Low Value,Month-to-month,3,63.33959333118419,35.83959333118419,True
6608-QQLVK,0.5067835535554343,High Risk,50.5,Low Value,High Risk / Low Value,Month-to-month,1,99.81102087274279,72.31102087274279,True
8108-UXRQN,0.4482051940740523,High Risk,50.55,Low Value,High Risk / Low Value,Month-to-month,11,88.36141298572903,60.86141298572903,True
4130-MZLCC,0.2897771386295932,High Risk,50.55,Low Value,High Risk / Low Value,Month-to-month,5,57.12811399513116,29.62811399513116,True
6689-KXGBO,0.3976228595095499,High Risk,50.55,Low Value,High Risk / Low Value,Month-to-month,1,78.38935863801021,50.88935863801021,True
9058-CBREO,0.4650791828904046,High Risk,50.55,Low Value,High Risk / Low Value,Month-to-month,1,91.68803551092881,64.18803551092881,True
5701-ZIKJE,0.2339174990749919,High Risk,50.55,Low Value,High Risk / Low Value,Month-to-month,13,46.11566535513928,18.615665355139278,True
2338-BQEZT,0.0481415648662181,Low Risk,50.55,Low Value,Low Risk / Low Value,Month-to-month,55,9.490868805550567,-18.00913119444943,False
7009-LGECI,0.3252856768697871,High Risk,50.55,Low Value,High Risk / Low Value,Month-to-month,4,64.12844476649417,36.62844476649417,True
7595-EHCDL,0.2385721088228019,High Risk,50.6,Low Value,High Risk / Low Value,Month-to-month,32,47.07981995509173,19.57981995509173,True
2947-DOMLJ,0.2346218814205366,High Risk,50.6,Low Value,High Risk / Low Value,Month-to-month,1,46.3002820795287,18.8002820795287,True
8601-QACRS,0.4537689819976917,High Risk,50.6,Low Value,High Risk / Low Value,Month-to-month,5,89.54677090742449,62.04677090742449,True
3329-WDIOK,0.7021741899478036,High Risk,50.6,Low Value,High Risk / Low Value,Month-to-month,3,138.56705464429956,111.06705464429956,True
2582-FFFZR,0.5392480455094996,High Risk,50.6,Low Value,High Risk / Low Value,Month-to-month,22,106.41520930084465,78.91520930084465,True
6905-NIQIN,0.3097398963657383,High Risk,50.65,Low Value,High Risk / Low Value,Month-to-month,1,61.18447042860612,33.68447042860612,True
8364-TRMMK,0.4749504968211649,High Risk,50.65,Low Value,High Risk / Low Value,Month-to-month,3,93.8193463895688,66.3193463895688,True
4450-YOOHP,0.2747093296626238,High Risk,50.65,Low Value,High Risk / Low Value,Month-to-month,39,54.26470743490639,26.76470743490639,True
6497-TILVL,0.1945001406921911,High Risk,50.7,Low Value,High Risk / Low Value,Month-to-month,7,38.458512819066954,10.958512819066954,True
2108-YKQTY,0.2777808446616882,High Risk,50.7,Low Value,High Risk / Low Value,Month-to-month,4,54.92560641495561,27.42560641495561,True
7339-POGZN,0.4698762848405643,High Risk,50.7,Low Value,High Risk / Low Value,Month-to-month,4,92.90863780152478,65.40863780152478,True
6888-SBYAI,0.3339534446707342,High Risk,50.7,Low Value,High Risk / Low Value,Month-to-month,1,66.03261461474428,38.532614614744276,True
4317-VTEOA,0.4751942034145338,High Risk,50.75,Low Value,High Risk / Low Value,Month-to-month,1,94.05281271082161,66.55281271082161,True
2103-ZRXFN,0.405749343560903,High Risk,50.75,Low Value,High Risk / Low Value,Month-to-month,1,80.30793882429174,52.80793882429174,True
8008-HAWED,0.6192093978651794,High Risk,50.75,Low Value,High Risk / Low Value,Month-to-month,14,122.55702007246563,95.05702007246563,True
7794-JASDG,0.3337733534045072,High Risk,50.75,Low Value,High Risk / Low Value,Month-to-month,1,66.0620909725871,38.5620909725871,True
5057-LCOUI,0.3667492276500376,High Risk,50.75,Low Value,High Risk / Low Value,Month-to-month,39,72.58884088263369,45.08884088263369,True
2207-NHRJK,0.3911927732853527,High Risk,50.8,Low Value,High Risk / Low Value,Month-to-month,1,77.50311224329407,50.00311224329407,True
5073-WXOYN,0.1710320633636423,Low Risk,50.8,Low Value,Low Risk / Low Value,Month-to-month,60,33.88487239360481,6.384872393604809,True
6257-RJOHI,0.3115691597988114,High Risk,50.8,Low Value,High Risk / Low Value,Month-to-month,4,61.72808193934051,34.22808193934051,True
3683-QKIUE,0.3086380345099311,High Risk,50.8,Low Value,High Risk / Low Value,Month-to-month,6,61.147367397107544,33.647367397107544,True
9637-EIHEQ,0.4303257402621286,High Risk,50.8,Low Value,High Risk / Low Value,Month-to-month,1,85.25613566073292,57.75613566073292,True
2235-ZGKPT,0.347160866031046,High Risk,50.85,Low Value,High Risk / Low Value,Month-to-month,4,68.8472071469469,41.3472071469469,True
0980-PVMRC,0.2942195585605888,High Risk,50.85,Low Value,High Risk / Low Value,Month-to-month,40,58.348151755943164,30.848151755943164,True
7054-ENNGU,0.2455774979174365,High Risk,50.85,Low Value,High Risk / Low Value,Month-to-month,9,48.701701499496416,21.201701499496416,True
2959-EEXWB,0.1660177415188864,Low Risk,50.9,Low Value,Low Risk / Low Value,Month-to-month,45,32.95618186891414,5.456181868914143,True
3946-MHCZW,0.3355936964914892,High Risk,50.9,Low Value,High Risk / Low Value,Month-to-month,1,66.61870469052552,39.11870469052552,True
5382-TEMLV,0.0752323150231748,Low Risk,50.9,Low Value,Low Risk / Low Value,Month-to-month,45,14.934366855250431,-12.565633144749569,False
2626-URJFX,0.5110521570848777,High Risk,50.9,Low Value,High Risk / Low Value,Month-to-month,4,101.44896370291907,73.94896370291907,True
1636-NTNCO,0.6474681485817083,High Risk,50.95,Low Value,High Risk / Low Value,Month-to-month,4,128.65515846392836,101.15515846392836,True
5311-IHLEI,0.2996285290105462,High Risk,50.95,Low Value,High Risk / Low Value,Month-to-month,12,59.53768685704058,32.03768685704058,True
7351-MHQVU,0.2718297450898973,High Risk,50.95,Low Value,High Risk / Low Value,Month-to-month,6,54.013929498088046,26.513929498088046,True
7284-BUYEC,0.59002255498169,High Risk,50.95,Low Value,High Risk / Low Value,Month-to-month,5,117.24043178763671,89.74043178763671,True
6629-LADHQ,0.2592498850170358,High Risk,50.95,Low Value,High Risk / Low Value,Month-to-month,2,51.5142484023101,24.014248402310102,True
4256-ZWTZI,0.2774569658108784,High Risk,51.0,Low Value,High Risk / Low Value,Month-to-month,5,55.18619049978372,27.68619049978372,True
3669-LVWZB,0.5978133853547406,High Risk,51.0,Low Value,High Risk / Low Value,Month-to-month,5,118.90508234705791,91.40508234705791,True
9496-IVVRP,0.1773462424368389,Low Risk,51.0,Low Value,Low Risk / Low Value,Month-to-month,11,35.27416762068726,7.774167620687258,True
2207-OBZNX,0.2786693873981256,High Risk,51.0,Low Value,High Risk / Low Value,Month-to-month,7,55.427341153487184,27.927341153487184,True
1452-XRSJV,0.0576241494520247,Low Risk,51.05,Low Value,Low Risk / Low Value,Month-to-month,39,11.472680035150859,-16.02731996484914,False
7743-EXURX,0.3937419451828841,High Risk,51.05,Low Value,High Risk / Low Value,Month-to-month,8,78.3920525761863,50.8920525761863,True
4072-IPYLT,0.0631833652319051,Low Risk,51.05,Low Value,Low Risk / Low Value,Month-to-month,36,12.579492100846146,-14.920507899153854,False
3221-CJMSG,0.1589053407543744,Low Risk,51.1,Low Value,Low Risk / Low Value,Month-to-month,24,31.66824535893928,4.168245358939281,True
1101-SSWAG,0.4317120107858297,High Risk,51.1,Low Value,High Risk / Low Value,Month-to-month,15,86.03588662950801,58.53588662950801,True
9115-YQHGA,0.1245895686579882,Low Risk,51.1,Low Value,Low Risk / Low Value,Month-to-month,40,24.82945513785047,-2.67054486214953,False
3733-ZEECP,0.2105181611915773,High Risk,51.1,Low Value,High Risk / Low Value,Month-to-month,22,41.954164343869444,14.454164343869444,True
1596-OQSPS,0.2977073111115534,High Risk,51.1,Low Value,High Risk / Low Value,Month-to-month,11,59.33009003142148,31.830090031421477,True
9828-QHFBK,0.2144919922634813,High Risk,51.15,Low Value,High Risk / Low Value,Month-to-month,24,42.78793507668057,15.287935076680569,True
8229-MYEJZ,0.3074747287174508,High Risk,51.2,Low Value,High Risk / Low Value,Month-to-month,10,61.396553830300576,33.896553830300576,True
9537-VHDTA,0.2369924965518545,High Risk,51.2,Low Value,High Risk / Low Value,Month-to-month,1,47.32266171147431,19.82266171147431,True
2091-MJTFX,0.2001735902109376,High Risk,51.2,Low Value,High Risk / Low Value,Month-to-month,30,39.97066249332003,12.470662493320027,True
6625-UTXEW,0.3646988639946479,High Risk,51.25,Low Value,High Risk / Low Value,Month-to-month,12,72.89418544093026,45.39418544093026,True
8695-WDYEA,0.2608698972438439,High Risk,51.25,Low Value,High Risk / Low Value,Month-to-month,1,52.1413707116133,24.6413707116133,True
9564-KCLHR,0.2661326936920358,High Risk,51.25,Low Value,High Risk / Low Value,Month-to-month,1,53.19327215169566,25.69327215169566,True
6483-OATDN,0.2343320775427481,High Risk,51.3,Low Value,High Risk / Low Value,Month-to-month,8,46.88281875397762,19.382818753977617,True
5816-SCGFC,0.3851915172288057,High Risk,51.3,Low Value,High Risk / Low Value,Month-to-month,7,77.06526685196715,49.56526685196715,True
5404-GGUKR,0.4312113260048695,High Risk,51.35,Low Value,High Risk / Low Value,Month-to-month,5,86.35653620236519,58.85653620236519,True
2969-QWUBZ,0.6323969405669566,High Risk,51.4,Low Value,High Risk / Low Value,Month-to-month,2,126.77029070605212,99.27029070605212,True
1585-MQSSU,0.1559898682683538,Low Risk,51.5,Low Value,Low Risk / Low Value,Month-to-month,17,31.33056504169886,3.8305650416988613,True
3426-NIYYL,0.3479645607609459,High Risk,51.55,Low Value,High Risk / Low Value,Month-to-month,15,69.95653511818436,42.45653511818436,True
7501-VTYLJ,0.2717215722391973,High Risk,51.55,Low Value,High Risk / Low Value,Month-to-month,2,54.62826349082941,27.12826349082941,True
4109-CYRBD,0.3361930854657467,High Risk,51.6,Low Value,High Risk / Low Value,Month-to-month,29,67.65549651912687,40.15549651912687,True
2055-SIFSS,0.0837653620422316,Low Risk,51.65,Low Value,Low Risk / Low Value,Month-to-month,55,16.873275702976922,-10.626724297023078,False
2709-UQGNP,0.2527439929618074,High Risk,51.65,Low Value,High Risk / Low Value,Month-to-month,10,50.91148622226167,23.411486222261672,True
9501-UKKNL,0.1457918668915631,Low Risk,51.7,Low Value,Low Risk / Low Value,Month-to-month,59,29.396014121345864,1.8960141213458641,True
6923-EFPNL,0.3637035242784976,High Risk,51.75,Low Value,High Risk / Low Value,Month-to-month,4,73.40446378750778,45.90446378750778,True
4827-USJHP,0.2168268613157322,High Risk,51.8,Low Value,High Risk / Low Value,Month-to-month,20,43.80336252300422,16.303362523004218,True
5639-NTUPK,0.1969526406763647,High Risk,52.1,Low Value,High Risk / Low Value,Month-to-month,13,40.01880705903055,12.51880705903055,True
3126-WQMGH,0.1100942276325705,Low Risk,52.15,Low Value,Low Risk / Low Value,Month-to-month,49,22.39151448705035,-5.108485512949649,False
4678-DVQEO,0.4247764378854736,High Risk,52.2,Low Value,High Risk / Low Value,Month-to-month,1,86.4759872247247,58.975987224724705,True
3528-HFRIQ,0.1086002153549792,Low Risk,52.3,Low Value,Low Risk / Low Value,Month-to-month,71,22.151185925955108,-5.348814074044892,False
5619-PTMIK,0.0963041589731442,Low Risk,53.1,Low Value,Low Risk / Low Value,Month-to-month,46,19.94362828174843,-7.556371718251569,False
4918-QLLIW,0.376082940744596,High Risk,53.4,Low Value,High Risk / Low Value,Month-to-month,3,78.32303323946957,50.82303323946957,True
3896-RCYYE,0.0811317088059293,Low Risk,53.4,Low Value,Low Risk / Low Value,Month-to-month,67,16.896489675922837,-10.603510324077163,False
2181-UAESM,0.3267752413400316,High Risk,53.45,Low Value,High Risk / Low Value,Month-to-month,2,68.1179329335363,40.617932933536295,True
5447-VYTKW,0.0792794871053939,Low Risk,53.45,Low Value,Low Risk / Low Value,Month-to-month,27,16.526205484554886,-10.973794515445114,False
0939-EREMR,0.1622089568309878,Low Risk,53.45,Low Value,Low Risk / Low Value,Month-to-month,13,33.813268096203565,6.313268096203565,True
2386-LAHRK,0.4855836888403124,High Risk,53.5,Low Value,High Risk / Low Value,Month-to-month,1,101.31703667653119,73.81703667653119,True
4929-BSTRX,0.4910963441002017,High Risk,53.55,Low Value,High Risk / Low Value,Month-to-month,1,102.5630159836066,75.0630159836066,True
9108-EJFJP,0.3082605009077681,High Risk,53.55,Low Value,High Risk / Low Value,Month-to-month,1,64.37866431208282,36.87866431208282,True
4104-PVRPS,0.0888219947887014,Low Risk,53.6,Low Value,Low Risk / Low Value,Month-to-month,24,18.56734979063014,-8.93265020936986,False
6135-OZQVA,0.4340008047085897,High Risk,53.65,Low Value,High Risk / Low Value,Month-to-month,7,90.80815837320176,63.30815837320176,True
3164-YAXFY,0.1644755266307394,Low Risk,53.75,Low Value,Low Risk / Low Value,Month-to-month,57,34.47818226996874,6.978182269968741,True
6898-MDLZW,0.2207169271989908,High Risk,53.75,Low Value,High Risk / Low Value,Month-to-month,12,46.26778586408845,18.767785864088452,True
9530-EHPOH,0.3894682552367189,High Risk,53.75,Low Value,High Risk / Low Value,Month-to-month,11,81.6422830039972,54.14228300399721,True
7129-ACFOG,0.4529981469874818,High Risk,53.8,Low Value,High Risk / Low Value,Month-to-month,5,95.04807120091344,67.54807120091344,True
1134-YWTYF,0.1753114328016518,Low Risk,53.8,Low Value,Low Risk / Low Value,Month-to-month,27,36.783844830442575,9.283844830442575,True
3668-QPYBK,0.2943215847208023,High Risk,53.85,Low Value,High Risk / Low Value,Month-to-month,2,61.81194761513929,34.31194761513929,True
0870-VEMYL,0.1739404098278593,Low Risk,53.85,Low Value,Low Risk / Low Value,Month-to-month,5,36.53009516999788,9.030095169997878,True
1120-BMWUB,0.1951894065669151,High Risk,53.9,Low Value,High Risk / Low Value,Month-to-month,16,41.03076515443122,13.530765154431222,True
6128-AQBMT,0.3646481784996193,High Risk,53.95,Low Value,High Risk / Low Value,Month-to-month,41,76.72379999721241,49.22379999721241,True
9732-KPKBW,0.3370606696819201,High Risk,53.95,Low Value,High Risk / Low Value,Month-to-month,1,70.91925020442442,43.419250204424415,True
3351-NGXYI,0.3936093244602537,High Risk,54.1,Low Value,High Risk / Low Value,Month-to-month,16,83.04763136786893,55.54763136786893,True
9881-VCZEP,0.2427904173786402,High Risk,54.1,Low Value,High Risk / Low Value,Month-to-month,25,51.2263501627193,23.7263501627193,True
6038-GCYEC,0.3887042488373292,High Risk,54.15,Low Value,High Risk / Low Value,Month-to-month,24,82.08850679071136,54.588506790711364,True
0696-UKTOX,0.137428508514111,Low Risk,54.15,Low Value,Low Risk / Low Value,Month-to-month,23,29.022839570552534,1.5228395705525344,True
8654-DHAOW,0.3661161205275305,High Risk,54.15,Low Value,High Risk / Low Value,Month-to-month,2,77.31823291360654,49.818232913606536,True
5423-BHIXO,0.2519066785488374,High Risk,54.2,Low Value,High Risk / Low Value,Month-to-month,32,53.24803371165325,25.74803371165325,True
0516-WJVXC,0.2396294072360549,High Risk,54.2,Low Value,High Risk / Low Value,Month-to-month,5,50.652864101557284,23.152864101557284,True
0988-JRWWP,0.5561565864906376,High Risk,54.2,Low Value,High Risk / Low Value,Month-to-month,3,117.56037925239099,90.06037925239099,True
1202-KKGFU,0.1473227897378472,Low Risk,54.2,Low Value,Low Risk / Low Value,Month-to-month,12,31.141091294786143,3.6410912947861434,True
0156-FVPTA,0.1725589454967664,Low Risk,54.2,Low Value,Low Risk / Low Value,Month-to-month,22,36.475509899106484,8.975509899106484,True
6475-VHUIZ,0.171920919405167,Low Risk,54.25,Low Value,Low Risk / Low Value,Month-to-month,23,36.37416852314821,8.874168523148207,True
3209-ZPKFI,0.0965508249236408,Low Risk,54.25,Low Value,Low Risk / Low Value,Month-to-month,47,20.427740783219303,-7.072259216780697,False
3604-WLABM,0.2671206704903104,High Risk,54.25,Low Value,High Risk / Low Value,Month-to-month,10,56.51605585898743,29.01605585898743,True
1803-BGNBD,0.2922521702640754,High Risk,54.3,Low Value,High Risk / Low Value,Month-to-month,12,61.89024209682324,34.39024209682324,True
6907-FLBER,0.4577990407748747,High Risk,54.3,Low Value,High Risk / Low Value,Month-to-month,1,96.94810286489522,69.44810286489522,True
3099-OONVS,0.1003749822478921,Low Risk,54.3,Low Value,Low Risk / Low Value,Month-to-month,25,21.256409990636108,-6.243590009363892,False
1260-TTRXI,0.4574845861168299,High Risk,54.3,Low Value,High Risk / Low Value,Month-to-month,4,96.88151080196107,69.38151080196107,True
4349-GFQHK,0.4880961475853652,High Risk,54.35,Low Value,High Risk / Low Value,Month-to-month,1,103.45929992293193,75.95929992293193,True
9667-TKTVZ,0.3992292933508034,High Risk,54.35,Low Value,High Risk / Low Value,Month-to-month,2,84.62263716510306,57.12263716510306,True
5012-YSPJJ,0.0798608174622857,Low Risk,54.35,Low Value,Low Risk / Low Value,Month-to-month,31,16.927698173393388,-10.572301826606612,False
1251-KRREG,0.442756713569257,High Risk,54.4,Low Value,High Risk / Low Value,Month-to-month,2,93.93526435085356,66.43526435085356,True
9099-FTUHS,0.2156279003066234,High Risk,54.4,Low Value,High Risk / Low Value,Month-to-month,23,45.747615329053225,18.247615329053225,True
0277-BKSQP,0.4641659259762667,High Risk,54.4,Low Value,High Risk / Low Value,Month-to-month,8,98.47744285512474,70.97744285512474,True
9577-WJVCQ,0.0286724455914643,Low Risk,54.45,Low Value,Low Risk / Low Value,Month-to-month,68,6.088737183575402,-21.411262816424596,False
9554-DFKIC,0.1495389189741909,Low Risk,54.45,Low Value,Low Risk / Low Value,Month-to-month,30,31.755337138764304,4.255337138764304,True
9206-GVPEQ,0.4577313318258589,High Risk,54.45,Low Value,High Risk / Low Value,Month-to-month,13,97.20153696988028,69.70153696988028,True
2433-KMEAS,0.2785501971043208,High Risk,54.45,Low Value,High Risk / Low Value,Month-to-month,22,59.15152710608804,31.65152710608804,True
6313-GIDIT,0.2568788245387384,High Risk,54.45,Low Value,High Risk / Low Value,Month-to-month,53,54.549502784923796,27.049502784923796,True
3620-MWJNE,0.2508781802536827,High Risk,54.45,Low Value,High Risk / Low Value,Month-to-month,2,53.2752359677708,25.775235967770797,True
7966-YOTQW,0.3055283578755447,High Risk,54.5,Low Value,High Risk / Low Value,Month-to-month,10,64.94005246644703,37.44005246644703,True
6752-APNJL,0.0458407928917509,Low Risk,54.5,Low Value,Low Risk / Low Value,Month-to-month,42,9.743460529141654,-17.756539470858346,False
7246-ZGQDF,0.2393745249125998,High Risk,54.5,Low Value,High Risk / Low Value,Month-to-month,1,50.87905527017309,23.37905527017309,True
9555-SAHUZ,0.0767259622598108,Low Risk,54.5,Low Value,Low Risk / Low Value,Month-to-month,38,16.308103278322786,-11.191896721677214,False
1089-HDMKP,0.3088340027849208,High Risk,54.55,Low Value,High Risk / Low Value,Month-to-month,11,65.70288992247798,38.20288992247798,True
1097-FSPVW,0.0616041766238255,Low Risk,54.55,Low Value,Low Risk / Low Value,Month-to-month,42,13.105980555835757,-14.394019444164243,False
7130-CTCUS,0.2289520493072705,High Risk,54.55,Low Value,High Risk / Low Value,Month-to-month,16,48.70840372987527,21.208403729875272,True
5707-ORNDZ,0.3731803621898001,High Risk,54.55,Low Value,High Risk / Low Value,Month-to-month,9,79.39225615406903,51.89225615406903,True
4701-AHWMW,0.1332701077010272,Low Risk,54.55,Low Value,Low Risk / Low Value,Month-to-month,55,28.352549062855033,0.852549062855033,True
2519-ERQOJ,0.3947490352809554,High Risk,54.6,Low Value,High Risk / Low Value,Month-to-month,33,84.05785957272664,56.55785957272664,True
4338-EYCER,0.231107242611923,High Risk,54.6,Low Value,High Risk / Low Value,Month-to-month,21,49.21197624178289,21.711976241782892,True
5590-ZSKRV,0.1685457587039675,Low Risk,54.65,Low Value,Low Risk / Low Value,Month-to-month,8,35.92300028137012,8.423000281370122,True
6035-BXTTY,0.1063902955678616,Low Risk,54.65,Low Value,Low Risk / Low Value,Month-to-month,32,22.67549564585618,-4.824504354143819,False
9342-VNIMQ,0.1813648052765154,Low Risk,54.65,Low Value,Low Risk / Low Value,Month-to-month,33,38.65518777261011,11.155187772610113,True
9261-WDCAF,0.3818401833897592,High Risk,54.65,Low Value,High Risk / Low Value,Month-to-month,3,81.38350748677634,53.88350748677634,True
9972-NKTFD,0.099179524217496,Low Risk,54.65,Low Value,Low Risk / Low Value,Month-to-month,28,21.13862789409601,-6.361372105903989,False
0674-EYYZV,0.576404430531725,High Risk,54.65,Low Value,High Risk / Low Value,Month-to-month,1,122.8519583013792,95.3519583013792,True
9269-CQOOL,0.4151479760945596,High Risk,54.7,Low Value,High Risk / Low Value,Month-to-month,3,88.5635177402524,61.063517740252394,True
5542-DHSXL,0.2161346647423793,High Risk,54.7,Low Value,High Risk / Low Value,Month-to-month,4,46.108008029491785,18.608008029491785,True
2087-QAREY,0.2057831649237304,High Risk,54.7,Low Value,High Risk / Low Value,Month-to-month,22,43.8997225731794,16.399722573179403,True
0285-INHLN,0.1090064766992242,Low Risk,54.75,Low Value,Low Risk / Low Value,Month-to-month,27,23.275607937201844,-4.224392062798156,False
5515-RUGKN,0.4040824709830414,High Risk,54.75,Low Value,High Risk / Low Value,Month-to-month,8,86.28170961665393,58.78170961665393,True
7619-ODSGN,0.1815985297741588,Low Risk,54.75,Low Value,Low Risk / Low Value,Month-to-month,24,38.77582607002726,11.275826070027257,True
4074-SJFFA,0.4892333407959032,High Risk,54.75,Low Value,High Risk / Low Value,Month-to-month,1,104.46354909344524,76.96354909344524,True
4280-DLSHD,0.3132456367731276,High Risk,54.75,Low Value,High Risk / Low Value,Month-to-month,8,66.88577459198208,39.385774591982084,True
6261-LHRTG,0.1759477185772837,Low Risk,54.75,Low Value,Low Risk / Low Value,Month-to-month,26,37.5692366092145,10.0692366092145,True
4522-AKYLR,0.404622634836809,High Risk,54.8,Low Value,High Risk / Low Value,Month-to-month,13,86.47594951732282,58.97594951732282,True
3723-BFBGR,0.2117363512764267,High Risk,54.8,Low Value,High Risk / Low Value,Month-to-month,24,45.25229299479791,17.752292994797912,True
3948-FVVRP,0.15964356540792,Low Risk,54.8,Low Value,Low Risk / Low Value,Month-to-month,9,34.11902279898066,6.619022798980659,True
4320-QMLLA,0.3376402332626038,High Risk,54.85,Low Value,High Risk / Low Value,Month-to-month,7,72.2263104983699,44.7263104983699,True
7580-UGXNC,0.2697400867791902,High Risk,54.85,Low Value,High Risk / Low Value,Month-to-month,2,57.70145066337048,30.20145066337048,True
9332-GYWLO,0.4035384496580121,High Risk,54.85,Low Value,High Risk / Low Value,Month-to-month,6,86.32292745859367,58.82292745859367,True
2155-AMQRX,0.1769833130694522,Low Risk,54.9,Low Value,Low Risk / Low Value,Month-to-month,28,37.89389716130041,10.393897161300409,True
3658-KIBGF,0.3856456069417366,High Risk,54.9,Low Value,High Risk / Low Value,Month-to-month,1,82.57058090229523,55.070580902295234,True
4385-ZKVNW,0.0653295355423751,Low Risk,54.9,Low Value,Low Risk / Low Value,Month-to-month,44,13.987706854977933,-13.512293145022067,False
7872-RDDLZ,0.065769729453961,Low Risk,54.9,Low Value,Low Risk / Low Value,Month-to-month,67,14.08195677338759,-13.41804322661241,False
2801-NISEI,0.1217532870549864,Low Risk,54.95,Low Value,Low Risk / Low Value,Month-to-month,24,26.092338182318862,-1.407661817681138,False
8735-DCXNF,0.1890771838639471,Low Risk,54.95,Low Value,Low Risk / Low Value,Month-to-month,10,40.52018588796319,13.020185887963187,True
8645-KWHJO,0.5346930145191763,High Risk,55.0,Low Value,High Risk / Low Value,Month-to-month,14,114.69165161436332,87.19165161436332,True
3583-EKAPL,0.5723557139344461,High Risk,55.0,Low Value,High Risk / Low Value,Month-to-month,1,122.77030063893869,95.27030063893869,True
9931-KGHOA,0.0708154251954808,Low Risk,55.0,Low Value,Low Risk / Low Value,Month-to-month,46,15.189908704430632,-12.310091295569368,False
7733-UDMTP,0.2300978442594331,High Risk,55.0,Low Value,High Risk / Low Value,Month-to-month,57,49.35598759364841,21.855987593648408,True
8292-TYSPY,0.1857472486647597,Low Risk,55.0,Low Value,Low Risk / Low Value,Month-to-month,19,39.84278483859096,12.342784838590958,True
1114-CENIM,0.0733820659717715,Low Risk,55.0,Low Value,Low Risk / Low Value,Month-to-month,54,15.740453150944987,-11.759546849055013,False
7395-XWZOY,0.2199954861188554,High Risk,55.0,Low Value,High Risk / Low Value,Month-to-month,20,47.18903177249448,19.68903177249448,True
1324-NLTJE,0.2426219402202838,High Risk,55.0,Low Value,High Risk / Low Value,Month-to-month,15,52.04240617725088,24.542406177250882,True
6599-SFQVE,0.5277238900017558,High Risk,55.0,Low Value,High Risk / Low Value,Month-to-month,6,113.19677440537663,85.69677440537663,True
4351-QLCSU,0.4769950579877036,High Risk,55.0,Low Value,High Risk / Low Value,Month-to-month,1,102.31543993836243,74.81543993836243,True
9863-JZAIC,0.1415640060350004,Low Risk,55.0,Low Value,Low Risk / Low Value,Month-to-month,35,30.36547929450759,2.8654792945075904,True
3577-AMVUX,0.2601681583328031,High Risk,55.05,Low Value,High Risk / Low Value,Month-to-month,1,55.856802753261164,28.356802753261164,True
5208-HFSBT,0.2934063573965028,High Risk,55.05,Low Value,High Risk / Low Value,Month-to-month,2,62.99287790124217,35.49287790124217,True
5151-HQRDG,0.1276564533740078,Low Risk,55.05,Low Value,Low Risk / Low Value,Month-to-month,37,27.407202257132607,-0.0927977428673934,False
6859-RKMZJ,0.3906740913037031,High Risk,55.05,Low Value,High Risk / Low Value,Month-to-month,11,83.87577403244855,56.37577403244855,True
8467-WYNSR,0.0951013336703507,Low Risk,55.1,Low Value,Low Risk / Low Value,Month-to-month,22,20.436325592421664,-7.063674407578336,False
5493-SDRDQ,0.3162301009706858,High Risk,55.1,Low Value,High Risk / Low Value,Month-to-month,2,67.95468639759068,40.45468639759068,True
0807-ZABDG,0.2191148841580954,High Risk,55.1,Low Value,High Risk / Low Value,Month-to-month,3,47.085597456733126,19.585597456733126,True
0314-TKOSI,0.200689308136271,High Risk,55.15,Low Value,High Risk / Low Value,Month-to-month,6,43.165259840489846,15.665259840489846,True
6214-EDAKZ,0.1409269130916775,Low Risk,55.15,Low Value,Low Risk / Low Value,Month-to-month,22,30.31126510232346,2.8112651023234605,True
8806-EAGWC,0.3749642398294694,High Risk,55.15,Low Value,High Risk / Low Value,Month-to-month,3,80.64918352372143,53.14918352372143,True
9143-CANJF,0.1072204161375956,Low Risk,55.15,Low Value,Low Risk / Low Value,Month-to-month,24,23.06150320495475,-4.43849679504525,False
8498-XXGWA,0.0347235424249927,Low Risk,55.15,Low Value,Low Risk / Low Value,Month-to-month,65,7.468513122479553,-20.031486877520447,False
4190-MFLUW,0.1693399620820247,Low Risk,55.2,Low Value,Low Risk / Low Value,Month-to-month,10,36.45550703701828,8.955507037018279,True
2232-DMLXU,0.3995024587131169,High Risk,55.2,Low Value,High Risk / Low Value,Month-to-month,1,86.00488931175981,58.50488931175981,True
7382-DFJTU,0.146533550665206,Low Risk,55.2,Low Value,Low Risk / Low Value,Month-to-month,18,31.545742787205555,4.045742787205555,True
1575-KRZZE,0.2816202595661055,High Risk,55.2,Low Value,High Risk / Low Value,Month-to-month,4,60.62720947939118,33.12720947939118,True
4701-MLJPN,0.1707512668047307,Low Risk,55.25,Low Value,Low Risk / Low Value,Month-to-month,31,36.792629214749354,9.292629214749354,True
5501-TVMGM,0.5713644121049968,High Risk,55.25,Low Value,High Risk / Low Value,Month-to-month,1,123.1147466983242,95.6147466983242,True
6682-QJDGB,0.0668654119743894,Low Risk,55.25,Low Value,Low Risk / Low Value,Month-to-month,40,14.407824645181556,-13.092175354818444,False
6865-JZNKO,0.1177667990553231,Low Risk,55.3,Low Value,Low Risk / Low Value,Month-to-month,30,25.398765552261533,-2.1012344477384666,False
9308-ANMVE,0.0741085063888034,Low Risk,55.3,Low Value,Low Risk / Low Value,Month-to-month,47,15.982981572873229,-11.517018427126771,False
3518-PZXZQ,0.4832633970561997,High Risk,55.3,Low Value,High Risk / Low Value,Month-to-month,1,104.22541684311058,76.72541684311058,True
4484-CGXFK,0.5587709730768743,High Risk,55.3,Low Value,High Risk / Low Value,Month-to-month,3,120.51013576348947,93.01013576348947,True
5402-HTOTQ,0.3086862866053252,High Risk,55.3,Low Value,High Risk / Low Value,Month-to-month,16,66.5743714321705,39.074371432170494,True
0396-UKGAI,0.1382080109637024,Low Risk,55.3,Low Value,Low Risk / Low Value,Month-to-month,23,29.807321724541694,2.307321724541694,True
6402-EJMWF,0.4518357274872009,High Risk,55.3,Low Value,High Risk / Low Value,Month-to-month,4,97.44741134716462,69.94741134716462,True
3173-NVMPX,0.3396514807374892,High Risk,55.3,Low Value,High Risk / Low Value,Month-to-month,9,73.25263485065429,45.75263485065429,True
8903-XEBGX,0.5233212412555017,High Risk,55.3,Low Value,High Risk / Low Value,Month-to-month,2,112.86469210157406,85.36469210157406,True
7551-DACSP,0.2959964860360817,High Risk,55.3,Low Value,High Risk / Low Value,Month-to-month,6,63.83756214340174,36.33756214340174,True
3656-TKRVZ,0.2895117346370587,High Risk,55.35,Low Value,High Risk / Low Value,Month-to-month,3,62.49545059742867,34.99545059742867,True
5084-OOVCJ,0.1312120679153393,Low Risk,55.35,Low Value,Low Risk / Low Value,Month-to-month,17,28.324093040544717,0.8240930405447173,True
1750-CSKKM,0.3626497410138807,High Risk,55.35,Low Value,High Risk / Low Value,Month-to-month,9,78.28338634396135,50.783386343961354,True
3063-QFSZL,0.5763636560456158,High Risk,55.4,Low Value,High Risk / Low Value,Month-to-month,1,124.52913152521575,97.02913152521575,True
9822-OAOVB,0.5761659239433942,High Risk,55.45,Low Value,High Risk / Low Value,Month-to-month,1,124.59876188237872,97.09876188237872,True
5206-HPJKM,0.1745430667905158,Low Risk,55.5,Low Value,Low Risk / Low Value,Month-to-month,17,37.77984680680714,10.279846806807143,True
3446-QDSZF,0.3625796750020605,High Risk,55.5,Low Value,High Risk / Low Value,Month-to-month,4,78.48037065419601,50.98037065419601,True
3873-NFTGI,0.3146255278284935,High Risk,55.5,Low Value,High Risk / Low Value,Month-to-month,14,68.10069549847742,40.60069549847742,True
4727-MCYZG,0.3962562096648624,High Risk,55.55,Low Value,High Risk / Low Value,Month-to-month,1,85.84692654284412,58.346926542844116,True
6397-JNZZG,0.2021464559179555,High Risk,55.55,Low Value,High Risk / Low Value,Month-to-month,43,43.79401894234547,16.294018942345467,True
4324-BZCKL,0.2668360838910906,High Risk,55.55,Low Value,High Risk / Low Value,Month-to-month,10,57.80870339458532,30.308703394585322,True
2108-GLPQB,0.1905290808721939,Low Risk,55.55,Low Value,Low Risk / Low Value,Month-to-month,25,41.27717272555645,13.777172725556447,True
4680-KUTAJ,0.4352571784159662,High Risk,55.6,Low Value,High Risk / Low Value,Month-to-month,11,94.38116656771811,66.88116656771811,True
0733-VUNUW,0.2119632498224356,High Risk,55.65,Low Value,High Risk / Low Value,Month-to-month,24,46.00344392521231,18.50344392521231,True
8495-PRWFH,0.1839483863059929,Low Risk,55.65,Low Value,Low Risk / Low Value,Month-to-month,42,39.923238021921165,12.423238021921165,True
6921-OZMFH,0.3232257424500347,High Risk,55.7,Low Value,High Risk / Low Value,Month-to-month,5,70.21432803242105,42.71432803242105,True
8400-WZICQ,0.0401893422582757,Low Risk,55.7,Low Value,Low Risk / Low Value,Month-to-month,55,8.730330818765232,-18.769669181234768,False
9103-TCIHJ,0.2739867880490336,High Risk,55.7,Low Value,High Risk / Low Value,Month-to-month,15,59.518149967891574,32.018149967891574,True
2676-OXPPQ,0.2660777657300578,High Risk,55.7,Low Value,High Risk / Low Value,Month-to-month,6,57.80007304954046,30.300073049540458,True
2043-WVTQJ,0.2524190785160948,High Risk,55.7,Low Value,High Risk / Low Value,Month-to-month,1,54.832996426051274,27.332996426051274,True
6629-CZTTH,0.4796783267238231,High Risk,55.7,Low Value,High Risk / Low Value,Month-to-month,1,104.2005229142161,76.7005229142161,True
3413-CSSTH,0.1554348411559026,Low Risk,55.7,Low Value,Low Risk / Low Value,Month-to-month,41,33.76511054429672,6.265110544296718,True
7672-VFMXZ,0.0338457510285929,Low Risk,55.7,Low Value,Low Risk / Low Value,Month-to-month,57,7.352312495941236,-20.147687504058766,False
9415-TPKRV,0.3517121532770964,High Risk,55.75,Low Value,High Risk / Low Value,Month-to-month,8,76.47101492627267,48.97101492627267,True
8217-QYOHV,0.2253337879725248,High Risk,55.75,Low Value,High Risk / Low Value,Month-to-month,5,48.9931988499262,21.493198849926202,True
7055-HNEOJ,0.3091636468345144,High Risk,55.8,Low Value,High Risk / Low Value,Month-to-month,3,67.28019282412703,39.78019282412703,True
3113-IWHLC,0.2874549560004129,High Risk,55.8,Low Value,High Risk / Low Value,Month-to-month,5,62.555947524809845,35.055947524809845,True
4201-JMNGR,0.4644863269101495,High Risk,55.8,Low Value,High Risk / Low Value,Month-to-month,1,101.08151446218675,73.58151446218675,True
4324-AHJKS,0.222312430028944,High Risk,55.8,Low Value,High Risk / Low Value,Month-to-month,5,48.37963102289879,20.879631022898792,True
2460-FPSYH,0.2917852099277755,High Risk,55.8,Low Value,High Risk / Low Value,Month-to-month,40,63.4982973844825,35.9982973844825,True
8963-JLGJT,0.2103953686185274,High Risk,55.9,Low Value,High Risk / Low Value,Month-to-month,3,45.86829431252516,18.36829431252516,True
2911-UREFD,0.2233332970896528,High Risk,55.9,Low Value,High Risk / Low Value,Month-to-month,39,48.68889209851521,21.18889209851521,True
6994-KERXL,0.5394949785893967,High Risk,55.9,Low Value,High Risk / Low Value,Month-to-month,4,117.61530028227438,90.11530028227438,True
5876-HZVZM,0.1723499769317722,Low Risk,55.9,Low Value,Low Risk / Low Value,Month-to-month,6,37.57401847089565,10.074018470895652,True
4640-UHDOS,0.3345490981331045,High Risk,55.95,Low Value,High Risk / Low Value,Month-to-month,13,73.00028595813407,45.50028595813407,True
8930-XOTDP,0.2234804657357749,High Risk,55.95,Low Value,High Risk / Low Value,Month-to-month,18,48.76455502587477,21.26455502587477,True
8992-VONJD,0.2467834835375179,High Risk,56.0,Low Value,High Risk / Low Value,Month-to-month,13,53.8975128045939,26.3975128045939,True
5353-WILCI,0.1248942098586851,Low Risk,56.05,Low Value,Low Risk / Low Value,Month-to-month,28,27.301249804059267,-0.1987501959407325,False
5939-XAIXZ,0.3059138169204723,High Risk,56.1,Low Value,High Risk / Low Value,Month-to-month,19,66.93088400403015,39.43088400403015,True
4580-TMHJU,0.1293012341340757,Low Risk,56.15,Low Value,Low Risk / Low Value,Month-to-month,43,28.315030756850568,0.8150307568505681,True
8824-RWFXJ,0.3199708801719343,High Risk,56.15,Low Value,High Risk / Low Value,Month-to-month,3,70.06882319445104,42.56882319445104,True
2851-MMUTZ,0.1292166124937569,Low Risk,56.15,Low Value,Low Risk / Low Value,Month-to-month,27,28.29649988694536,0.7964998869453588,True
4482-FTFFX,0.2969189841027588,High Risk,56.15,Low Value,High Risk / Low Value,Month-to-month,5,65.02080373374264,37.52080373374264,True
8096-LOIST,0.393134887711199,High Risk,56.2,Low Value,High Risk / Low Value,Month-to-month,19,86.1673046885406,58.6673046885406,True
4250-FDVOU,0.2652674904551312,High Risk,56.25,Low Value,High Risk / Low Value,Month-to-month,6,58.19305571859441,30.693055718594408,True
9522-BNTHX,0.4261345840156872,High Risk,56.25,Low Value,High Risk / Low Value,Month-to-month,34,93.48327436844139,65.98327436844139,True
4929-ROART,0.1822694219942245,Low Risk,56.25,Low Value,Low Risk / Low Value,Month-to-month,18,39.985354449983,12.485354449983,True
6103-QCKFX,0.0365553386573993,Low Risk,56.25,Low Value,Low Risk / Low Value,Month-to-month,44,8.019327417966972,-19.48067258203303,False
5909-ECHUI,0.5729989340369153,High Risk,56.25,Low Value,High Risk / Low Value,Month-to-month,1,125.7016411543483,98.2016411543483,True
7669-LCRSD,0.3270545668082303,High Risk,56.3,Low Value,High Risk / Low Value,Month-to-month,12,71.81137123408313,44.311371234083126,True
3272-VUHPV,0.1726377155719532,Low Risk,56.3,Low Value,Low Risk / Low Value,Month-to-month,8,37.90606320813376,10.406063208133759,True
5092-STPKP,0.086213768836717,Low Risk,56.35,Low Value,Low Risk / Low Value,Month-to-month,24,18.94676890840111,-8.553231091598889,False
5543-QDCRY,0.5341927074178981,High Risk,56.4,Low Value,High Risk / Low Value,Month-to-month,4,117.50102792364088,90.00102792364088,True
8976-OQHGT,0.1911795222545966,Low Risk,56.5,Low Value,Low Risk / Low Value,Month-to-month,4,42.126407728800366,14.626407728800366,True
6048-QBXKL,0.4853122907680146,High Risk,56.55,Low Value,High Risk / Low Value,Month-to-month,2,107.03319916743177,79.53319916743177,True
8017-UVSZU,0.1054531226938527,Low Risk,56.6,Low Value,Low Risk / Low Value,Month-to-month,40,23.277722303441045,-4.222277696558955,False
5995-OIGLP,0.1323827076712819,Low Risk,56.65,Low Value,Low Risk / Low Value,Month-to-month,12,29.247973519354666,1.747973519354666,True
8224-IVVPA,0.1324041890458841,Low Risk,56.7,Low Value,Low Risk / Low Value,Month-to-month,27,29.278538323716358,1.778538323716358,True
8450-JOVAH,0.2698951417805819,High Risk,56.7,Low Value,High Risk / Low Value,Month-to-month,2,59.68191270194008,32.18191270194008,True
8388-FYNPZ,0.2983596131774455,High Risk,56.75,Low Value,High Risk / Low Value,Month-to-month,4,66.03444138649813,38.53444138649813,True
0463-ZSDNT,0.3938290896616711,High Risk,56.75,Low Value,High Risk / Low Value,Month-to-month,10,87.16422326936934,59.664223269369344,True
2446-ZKVAF,0.2168357927287205,High Risk,56.8,Low Value,High Risk / Low Value,Month-to-month,18,48.03346480526616,20.533464805266163,True
9853-JFZDU,0.0963019122780492,Low Risk,56.85,Low Value,Low Risk / Low Value,Month-to-month,35,21.351578480727678,-6.148421519272322,False
4510-PYUSH,0.1032952049886919,Low Risk,57.15,Low Value,Low Risk / Low Value,Month-to-month,38,23.022951763904594,-4.477048236095406,False
9842-EFSYY,0.4768599076163949,High Risk,57.2,Low Value,High Risk / Low Value,Month-to-month,4,106.37790819106539,78.87790819106539,True
4695-VADHF,0.2856635697935998,High Risk,57.45,Low Value,High Risk / Low Value,Month-to-month,18,64.00435113010501,36.50435113010501,True
7404-JLKQG,0.4663608878051887,High Risk,57.55,Low Value,High Risk / Low Value,Month-to-month,3,104.67236946343557,77.17236946343557,True
4495-LHSSK,0.1616682376188255,Low Risk,57.65,Low Value,Low Risk / Low Value,Month-to-month,18,36.348678205028634,8.848678205028634,True
0377-JBKKT,0.0999130773989835,Low Risk,57.95,Low Value,Low Risk / Low Value,Month-to-month,22,22.580855057557265,-4.919144942442735,False
9089-UOWJG,0.3315825345286038,High Risk,58.35,Low Value,High Risk / Low Value,Month-to-month,12,75.45657947000174,47.95657947000174,True
1986-PHGZF,0.248829194792058,High Risk,58.4,Low Value,High Risk / Low Value,Month-to-month,18,56.673337405839135,29.173337405839135,True
1548-ARAGG,0.3086425855679047,High Risk,58.5,Low Value,High Risk / Low Value,Month-to-month,4,70.41680589731746,42.91680589731746,True
5154-VEKBL,0.3313313427299341,High Risk,58.5,Low Value,High Risk / Low Value,Month-to-month,9,75.59324584383447,48.09324584383447,True
2186-QZEYA,0.196616819820466,High Risk,58.55,Low Value,High Risk / Low Value,Month-to-month,29,44.896467721904315,17.396467721904315,True
6207-WIOLX,0.2725766898193816,High Risk,58.6,Low Value,High Risk / Low Value,Month-to-month,25,62.294676691321484,34.794676691321484,True
4925-LMHOK,0.2440362023587284,High Risk,58.6,Low Value,High Risk / Low Value,Month-to-month,15,55.77203368706378,28.272033687063782,True
9633-DENPU,0.1173655904382732,Low Risk,58.6,Low Value,Low Risk / Low Value,Month-to-month,47,26.822732038762965,-0.6772679612370354,False
0319-QZTCO,0.3820837461367215,High Risk,58.7,Low Value,High Risk / Low Value,Month-to-month,3,87.47043200307967,59.970432003079665,True
0699-NDKJM,0.1176280029599578,Low Risk,58.75,Low Value,Low Risk / Low Value,Month-to-month,57,26.95151617820033,-0.548483821799671,False
0274-JKUJR,0.3569440363659144,High Risk,58.85,Low Value,High Risk / Low Value,Month-to-month,7,81.92401050652285,54.42401050652285,True
2782-LFZVW,0.4510463239144613,High Risk,58.95,Low Value,High Risk / Low Value,Month-to-month,11,103.69780509955423,76.19780509955423,True
0851-DFJKB,0.169937649563701,Low Risk,58.95,Low Value,Low Risk / Low Value,Month-to-month,15,39.06951532294268,11.569515322942678,True
6778-YSNIH,0.5261568233073177,High Risk,59.0,Low Value,High Risk / Low Value,Month-to-month,2,121.0686850430138,93.5686850430138,True
7854-EDSSA,0.1943128770390294,High Risk,59.0,Low Value,High Risk / Low Value,Month-to-month,22,44.711393006680666,17.211393006680666,True
7869-ZYDST,0.2610937165409855,High Risk,59.05,Low Value,High Risk / Low Value,Month-to-month,31,60.12857745080626,32.62857745080626,True
2978-XXSOG,0.1647783059008405,Low Risk,59.05,Low Value,Low Risk / Low Value,Month-to-month,22,37.947619957434064,10.447619957434064,True
2195-VVRJF,0.2737413765036646,High Risk,59.1,Low Value,High Risk / Low Value,Month-to-month,18,63.094649870329654,35.594649870329654,True
9780-FKVVF,0.3516928914672203,High Risk,59.15,Low Value,High Risk / Low Value,Month-to-month,6,81.13027466811572,53.63027466811572,True
9504-DSHWM,0.1370038746449002,Low Risk,59.2,Low Value,Low Risk / Low Value,Month-to-month,20,31.63145457801456,4.131454578014559,True
3891-PUQOD,0.4460719660016251,High Risk,59.2,Low Value,High Risk / Low Value,Month-to-month,1,102.9890955104552,75.4890955104552,True
7318-EIVKO,0.5619535703398708,High Risk,59.25,Low Value,High Risk / Low Value,Month-to-month,8,129.85342126628564,102.35342126628564,True
8679-JOEVF,0.3169413556449282,High Risk,59.4,Low Value,High Risk / Low Value,Month-to-month,16,73.42263444870406,45.92263444870406,True
4939-KYYPY,0.1881683651334904,Low Risk,59.45,Low Value,Low Risk / Low Value,Month-to-month,27,43.627776298025424,16.127776298025424,True
4504-YOULA,0.1090933614526865,Low Risk,59.45,Low Value,Low Risk / Low Value,Month-to-month,35,25.293841319612632,-2.206158680387368,False
9474-PHLYD,0.4289762412041417,High Risk,59.45,Low Value,High Risk / Low Value,Month-to-month,15,99.46028640438627,71.96028640438627,True
2045-BMBTJ,0.2917135091574254,High Risk,59.45,Low Value,High Risk / Low Value,Month-to-month,33,67.63523566569486,40.135235665694864,True
8878-RYUKI,0.1444349501892592,Low Risk,59.45,Low Value,Low Risk / Low Value,Month-to-month,52,33.487965376130695,5.9879653761306955,True
6502-KUGLL,0.1021159310622305,Low Risk,59.45,Low Value,Low Risk / Low Value,Month-to-month,14,23.676089196433455,-3.8239108035665446,False
6218-KNUBD,0.3951115637638789,High Risk,59.45,Low Value,High Risk / Low Value,Month-to-month,6,91.60859161647416,64.10859161647416,True
1205-WNWPJ,0.3392428947491008,High Risk,59.5,Low Value,High Risk / Low Value,Month-to-month,7,78.72131372652885,51.22131372652885,True
5778-BVOFB,0.3329841984272456,High Risk,59.5,Low Value,High Risk / Low Value,Month-to-month,9,77.26898324504234,49.768983245042335,True
4945-RVMTE,0.2436175950260559,High Risk,59.55,Low Value,High Risk / Low Value,Month-to-month,28,56.57896835682635,29.07896835682635,True
0228-MAUWC,0.24206262726734,High Risk,59.55,Low Value,High Risk / Low Value,Month-to-month,19,56.21783486970338,28.71783486970338,True
2853-CWQFQ,0.3566246300323382,High Risk,59.55,Low Value,High Risk / Low Value,Month-to-month,1,82.82428720186037,55.32428720186037,True
6322-HRPFA,0.0253015764168679,Low Risk,59.6,Low Value,Low Risk / Low Value,Month-to-month,49,5.881098422336775,-21.618901577663223,False
6131-FOYAS,0.1874458702475303,Low Risk,59.6,Low Value,Low Risk / Low Value,Month-to-month,35,43.56991808033594,16.06991808033594,True
1357-MVDOZ,0.3501299359114066,High Risk,59.65,Low Value,High Risk / Low Value,Month-to-month,11,81.45247764075008,53.952477640750075,True
5236-XMZJY,0.0579547295155527,Low Risk,59.65,Low Value,Low Risk / Low Value,Month-to-month,42,13.482298500850604,-14.017701499149396,False
5424-RLQLC,0.3554490535600542,High Risk,59.65,Low Value,High Risk / Low Value,Month-to-month,10,82.6898905749432,55.189890574943206,True
1794-SWWKL,0.2468224225388626,High Risk,59.65,Low Value,High Risk / Low Value,Month-to-month,15,57.41953426732831,29.91953426732831,True
8734-FNWVH,0.1879119257915324,Low Risk,59.7,Low Value,Low Risk / Low Value,Month-to-month,31,43.7515336820425,16.2515336820425,True
8624-GIOUT,0.0744437721303781,Low Risk,59.75,Low Value,Low Risk / Low Value,Month-to-month,49,17.34726000068136,-10.15273999931864,False
9481-SFCQY,0.3074099958794466,High Risk,59.8,Low Value,High Risk / Low Value,Month-to-month,14,71.69415923900453,44.194159239004534,True
7839-NUIAA,0.0429135555558714,Low Risk,59.8,Low Value,Low Risk / Low Value,Month-to-month,61,10.008299426740328,-17.49170057325967,False
5438-QMDDL,0.2812308556982705,High Risk,59.8,Low Value,High Risk / Low Value,Month-to-month,19,65.58866016595064,38.08866016595064,True
3877-JRJIP,0.6296511402807752,High Risk,59.85,Low Value,High Risk / Low Value,Month-to-month,1,146.97002090863714,119.47002090863714,True
8033-ATFAS,0.1451929624420387,Low Risk,59.85,Low Value,Low Risk / Low Value,Month-to-month,39,33.890215328408466,6.390215328408466,True
8250-ZNGGW,0.1786693555687232,Low Risk,59.9,Low Value,Low Risk / Low Value,Month-to-month,5,41.738948154409435,14.238948154409435,True
0003-MKNFE,0.3824137449372046,High Risk,59.9,Low Value,High Risk / Low Value,Month-to-month,9,89.33567495478036,61.83567495478036,True
2931-FSOHN,0.4623574067229558,High Risk,59.9,Low Value,High Risk / Low Value,Month-to-month,13,108.01131378454971,80.51131378454971,True
9069-LGEUL,0.2159556071412889,High Risk,59.95,Low Value,High Risk / Low Value,Month-to-month,23,50.49150072766905,22.99150072766905,True
4468-KAZHE,0.4051991758752844,High Risk,60.0,Low Value,High Risk / Low Value,Month-to-month,20,94.81660715481655,67.31660715481655,True
1849-RJYIG,0.4068956795414739,High Risk,60.0,Low Value,High Risk / Low Value,Month-to-month,8,95.21358901270489,67.71358901270489,True
4797-AXPXK,0.2700024036659952,High Risk,60.0,Low Value,High Risk / Low Value,Month-to-month,1,63.18056245784288,35.68056245784288,True
8399-YNDCH,0.3391488477392086,High Risk,60.05,Low Value,High Risk / Low Value,Month-to-month,21,79.42696439628395,51.92696439628395,True
6839-ITVZJ,0.2100733198867976,High Risk,60.05,Low Value,High Risk / Low Value,Month-to-month,26,49.198121150888554,21.698121150888554,True
1582-RAFML,0.2850609099005936,High Risk,60.1,Low Value,High Risk / Low Value,Month-to-month,1,66.81542667160014,39.315426671600136,True
5673-FSSMF,0.6366177350397432,High Risk,60.15,Low Value,High Risk / Low Value,Month-to-month,1,149.34097137429814,121.84097137429814,True
8847-GEOOQ,0.1029688518810819,Low Risk,60.2,Low Value,Low Risk / Low Value,Month-to-month,60,24.17502704464041,-3.3249729553595913,False
5832-EXGTT,0.1523190933322787,Low Risk,60.2,Low Value,Low Risk / Low Value,Month-to-month,29,35.76147673255239,8.261476732552389,True
8049-WJCLQ,0.2687040054988759,High Risk,60.2,Low Value,High Risk / Low Value,Month-to-month,10,63.08632641102609,35.58632641102609,True
0411-EZJZE,0.6141063716395107,High Risk,60.25,Low Value,High Risk / Low Value,Month-to-month,3,144.29964467599405,116.79964467599405,True
7446-YPODE,0.2540230253818528,High Risk,60.25,Low Value,High Risk / Low Value,Month-to-month,11,59.68906038910086,32.18906038910086,True
8201-AAXCB,0.2773303765655942,High Risk,60.35,Low Value,High Risk / Low Value,Month-to-month,25,65.2738640803611,37.77386408036109,True
5482-NUPNA,0.2106684697081995,High Risk,60.4,Low Value,High Risk / Low Value,Month-to-month,4,49.62506472446348,22.125064724463478,True
6620-HVDUJ,0.0802693848060994,Low Risk,60.45,Low Value,Low Risk / Low Value,Month-to-month,24,18.923908814961965,-8.576091185038035,False
0289-IVARM,0.0947615023134233,Low Risk,60.55,Low Value,Low Risk / Low Value,Month-to-month,35,22.377454963803345,-5.122545036196655,False
6620-JDYNW,0.2458471173806642,High Risk,60.6,Low Value,High Risk / Low Value,Month-to-month,18,58.10350772174618,30.603507721746183,True
3639-XJHKQ,0.2062666933319692,High Risk,60.6,Low Value,High Risk / Low Value,Month-to-month,19,48.74907030207761,21.249070302077612,True
3043-TYBNO,0.2945749418996268,High Risk,60.65,Low Value,High Risk / Low Value,Month-to-month,3,69.67728388222822,42.177283882228224,True
2202-OUTMO,0.1119567269313738,Low Risk,60.85,Low Value,Low Risk / Low Value,Month-to-month,34,26.56901065171898,-0.9309893482810203,False
3995-WFCSM,0.4664412372094165,High Risk,60.85,Low Value,High Risk / Low Value,Month-to-month,2,110.69350220835267,83.19350220835267,True
4134-BSXLX,0.0672299498107875,Low Risk,60.9,Low Value,Low Risk / Low Value,Month-to-month,28,15.96778537956014,-11.53221462043986,False
9489-UTFKA,0.3030017063741891,High Risk,60.9,Low Value,High Risk / Low Value,Month-to-month,8,71.96593528093365,44.46593528093365,True
5478-JJVZK,0.1356596535850668,Low Risk,60.9,Low Value,Low Risk / Low Value,Month-to-month,33,32.22052432298921,4.720524322989213,True
0856-NAOES,0.338076481490071,High Risk,60.9,Low Value,High Risk / Low Value,Month-to-month,6,80.29654511870677,52.796545118706774,True
1353-LJWEM,0.2854914382355745,High Risk,60.9,Low Value,High Risk / Low Value,Month-to-month,11,67.8070714953313,40.3070714953313,True
3090-LETTY,0.2508224140759765,High Risk,60.95,Low Value,High Risk / Low Value,Month-to-month,2,59.62174193792999,32.12174193792999,True
7766-CLTIC,0.3126258632102494,High Risk,60.95,Low Value,High Risk / Low Value,Month-to-month,10,74.31273081439232,46.812730814392324,True
8221-EQDGL,0.0686797821108134,Low Risk,61.0,Low Value,Low Risk / Low Value,Month-to-month,35,16.33892016416251,-11.16107983583749,False
2150-UWTFY,0.0998007127376657,Low Risk,61.15,Low Value,Low Risk / Low Value,Month-to-month,22,23.800972977242207,-3.699027022757793,False
1928-BXYIV,0.3538508469507997,High Risk,61.15,Low Value,High Risk / Low Value,Month-to-month,1,84.38811923506147,56.88811923506147,True
1791-PQHBB,0.3335090690116954,High Risk,61.2,Low Value,High Risk / Low Value,Month-to-month,2,79.60194459171147,52.10194459171147,True
8313-KTIHG,0.4416761502811956,High Risk,61.3,Low Value,High Risk / Low Value,Month-to-month,4,105.59151724772542,78.09151724772542,True
1702-CCFNJ,0.0519481736033988,Low Risk,61.35,Low Value,Low Risk / Low Value,Month-to-month,52,12.429379757217216,-15.070620242782784,False
0567-GGCAC,0.2467917093510775,High Risk,61.4,Low Value,High Risk / Low Value,Month-to-month,7,59.09674272120902,31.59674272120902,True
5061-PBXFW,0.0511179854528607,Low Risk,61.4,Low Value,Low Risk / Low Value,Month-to-month,32,12.240712796542024,-15.259287203457976,False
5949-EBSQK,0.2456515702629614,High Risk,61.45,Low Value,High Risk / Low Value,Month-to-month,4,58.871627071370014,31.371627071370014,True
4003-FUSHP,0.2232791829726915,High Risk,61.55,Low Value,High Risk / Low Value,Month-to-month,19,53.597051476679724,26.097051476679724,True
7000-WCEVQ,0.4078492729825562,High Risk,61.6,Low Value,High Risk / Low Value,Month-to-month,20,97.98170934132929,70.48170934132929,True
0719-SYFRB,0.2280765027660669,High Risk,61.65,Low Value,High Risk / Low Value,Month-to-month,12,54.83757394255929,27.33757394255929,True
8992-OBVDG,0.2235336723750866,High Risk,61.65,Low Value,High Risk / Low Value,Month-to-month,21,53.74531851750395,26.245318517503947,True
9782-LGXMC,0.0310990256283073,Low Risk,61.75,Low Value,Low Risk / Low Value,Month-to-month,49,7.4894228469371065,-20.010577153062894,False
4418-LZMSV,0.1377391984146673,Low Risk,61.8,Low Value,Low Risk / Low Value,Month-to-month,13,33.19790160190311,5.697901601903112,True
7707-PYBBH,0.0608670157425895,Low Risk,61.9,Low Value,Low Risk / Low Value,Month-to-month,40,14.693906270418532,-12.806093729581468,False
2408-PSJVE,0.0638046367873418,Low Risk,61.9,Low Value,Low Risk / Low Value,Month-to-month,44,15.403077366832186,-12.096922633167814,False
1541-ETJZO,0.3039234733898321,High Risk,62.05,Low Value,High Risk / Low Value,Month-to-month,1,73.54796094297242,46.04796094297242,True
4662-EKDPQ,0.4540812433425371,High Risk,62.05,Low Value,High Risk / Low Value,Month-to-month,2,109.88539048267727,82.38539048267727,True
8980-WQFWL,0.2451822700391116,High Risk,62.1,Low Value,High Risk / Low Value,Month-to-month,35,59.38069398077244,31.880693980772442,True
0541-FITGH,0.3704119225497586,High Risk,62.15,Low Value,High Risk / Low Value,Month-to-month,2,89.78229384722323,62.28229384722323,True
7143-BQIBA,0.188458917056254,Low Risk,62.25,Low Value,Low Risk / Low Value,Month-to-month,10,45.75311358833207,18.25311358833207,True
0257-KXZGU,0.1293619097487502,Low Risk,62.45,Low Value,Low Risk / Low Value,Month-to-month,32,31.506739928856852,4.006739928856852,True
9259-PACGQ,0.1048313916383562,Low Risk,62.65,Low Value,Low Risk / Low Value,Month-to-month,34,25.61397807595776,-1.8860219240422396,False
6260-ONULR,0.5398391014248533,High Risk,62.8,Low Value,High Risk / Low Value,Month-to-month,1,132.21739272097506,104.71739272097506,True
5309-TAIKL,0.2755737783298801,High Risk,62.8,Low Value,High Risk / Low Value,Month-to-month,7,67.49352978855424,39.99352978855424,True
3688-FTHLT,0.4109673417077626,High Risk,63.05,Low Value,High Risk / Low Value,Month-to-month,16,101.0548144892303,73.5548144892303,True
6366-XIVKZ,0.2512104416306844,High Risk,63.15,Low Value,High Risk / Low Value,Month-to-month,13,61.86936361701311,34.36936361701311,True
3402-XRIUO,0.176851147546465,Low Risk,63.55,Low Value,Low Risk / Low Value,Month-to-month,22,43.83167266365362,16.33167266365362,True
4398-HSCJH,0.5274693126323402,High Risk,63.6,Low Value,High Risk / Low Value,Month-to-month,3,130.8334883053257,103.33348830532569,True
1564-HJUVY,0.3359207701424944,High Risk,63.75,Low Value,High Risk / Low Value,Month-to-month,4,83.51830147667768,56.01830147667768,True
8548-AWOFC,0.0654986883438317,Low Risk,63.85,Low Value,Low Risk / Low Value,Month-to-month,66,16.31015587793925,-11.189844122060752,False
0295-QVKPB,0.3365034775773112,High Risk,63.95,Low Value,High Risk / Low Value,Month-to-month,5,83.9256498251693,56.4256498251693,True
8100-HZZLJ,0.1170389534195161,Low Risk,63.95,Low Value,Low Risk / Low Value,Month-to-month,43,29.190100177594417,1.6901001775944167,True
2041-JIJCI,0.5664835585054759,High Risk,64.0,Low Value,High Risk / Low Value,Month-to-month,5,141.3942962029668,113.89429620296681,True
2458-EOMRE,0.2403667881973173,High Risk,64.05,Low Value,High Risk / Low Value,Month-to-month,11,60.04242185774887,32.54242185774887,True
3629-WEAAM,0.2547727797682498,High Risk,64.1,Low Value,High Risk / Low Value,Month-to-month,8,63.69064721426477,36.19064721426477,True
9362-MWODR,0.0729206499331278,Low Risk,64.1,Low Value,Low Risk / Low Value,Month-to-month,40,18.22943327678262,-9.270566723217382,False
5173-WXOQV,0.344693970718073,High Risk,64.2,Low Value,High Risk / Low Value,Month-to-month,2,86.30447638839112,58.80447638839112,True
7905-NJMXS,0.2774059810437315,High Risk,64.2,Low Value,High Risk / Low Value,Month-to-month,7,69.45690953372949,41.95690953372949,True
7319-VENRZ,0.2654548763029338,High Risk,64.3,Low Value,High Risk / Low Value,Month-to-month,7,66.56811933048671,39.06811933048671,True
7905-TVXTA,0.3519231935554939,High Risk,64.35,Low Value,High Risk / Low Value,Month-to-month,5,88.32040427065452,60.82040427065452,True
4957-TREIR,0.2768202643894681,High Risk,64.4,Low Value,High Risk / Low Value,Month-to-month,3,69.52617760405882,42.026177604058816,True
0384-RVBPI,0.1699170491065419,Low Risk,64.4,Low Value,Low Risk / Low Value,Month-to-month,20,42.67636605359907,15.176366053599068,True
1465-LNTLJ,0.3644609085337831,High Risk,64.4,Low Value,High Risk / Low Value,Month-to-month,8,91.53800178734497,64.03800178734497,True
1104-FEJAM,0.239004079165371,High Risk,64.4,Low Value,High Risk / Low Value,Month-to-month,28,60.028264523174585,32.528264523174585,True
3137-LUPIX,0.427213292338689,High Risk,64.4,Low Value,High Risk / Low Value,Month-to-month,4,107.29889050378515,79.79889050378515,True
4710-NKCAW,0.1605685826217038,Low Risk,64.4,Low Value,Low Risk / Low Value,Month-to-month,5,40.32840521126713,12.828405211267132,True
7361-YPXFS,0.1562155195998825,Low Risk,64.45,Low Value,Low Risk / Low Value,Month-to-month,28,39.26555192902847,11.765551929028469,True
5630-AHZIL,0.2693822898793322,High Risk,64.5,Low Value,High Risk / Low Value,Month-to-month,3,67.76311501914601,40.263115019146014,True
0096-FCPUF,0.2067377674962067,High Risk,64.5,Low Value,High Risk / Low Value,Month-to-month,30,52.0048854136708,24.5048854136708,True
5356-CSVSQ,0.4395183795604717,High Risk,64.6,Low Value,High Risk / Low Value,Month-to-month,3,110.73226054646523,83.23226054646523,True
7459-RRWQZ,0.3379726004042527,High Risk,64.65,Low Value,High Risk / Low Value,Month-to-month,15,85.21472160292626,57.71472160292626,True
3863-QSTYI,0.0838415159492794,Low Risk,64.65,Low Value,Low Risk / Low Value,Month-to-month,59,21.139380623871563,-6.360619376128437,False
8773-HHUOZ,0.3507554540667673,High Risk,64.7,Low Value,High Risk / Low Value,Month-to-month,17,88.50612372466739,61.00612372466739,True
8257-RZAHR,0.3437945389722768,High Risk,64.7,Low Value,High Risk / Low Value,Month-to-month,14,86.74967601887461,59.24967601887461,True
3521-SYVOR,0.2924088358671421,High Risk,64.75,Low Value,High Risk / Low Value,Month-to-month,37,73.84054127735007,46.34054127735007,True
2937-FTHUR,0.2724877900737358,High Risk,64.8,Low Value,High Risk / Low Value,Month-to-month,18,68.8631143074345,41.3631143074345,True
6652-YFFJO,0.5318399809555467,High Risk,64.9,Low Value,High Risk / Low Value,Month-to-month,11,134.61401757965845,107.11401757965845,True
3179-GBRWV,0.2400898537927669,High Risk,64.95,Low Value,High Risk / Low Value,Month-to-month,21,60.81596041497682,33.31596041497682,True
4283-IVYCI,0.181283300431456,Low Risk,64.95,Low Value,Low Risk / Low Value,Month-to-month,9,45.919966415789965,18.419966415789965,True
7351-KYHQH,0.5194547385436142,High Risk,64.95,Low Value,High Risk / Low Value,Month-to-month,7,131.58048254679022,104.08048254679022,True
4765-OXPPD,0.1156506458070671,Low Risk,65.0,Low Value,Low Risk / Low Value,Month-to-month,9,29.31743871209151,1.8174387120915085,True
7691-KGKGP,0.0401053638293908,Low Risk,65.0,Low Value,Low Risk / Low Value,Month-to-month,53,10.166709730750568,-17.33329026924943,False
0708-SJDIS,0.1409352370765493,Low Risk,65.0,Low Value,Low Risk / Low Value,Month-to-month,34,35.72708259890525,8.227082598905248,True
1852-XEMDW,0.141761630526225,Low Risk,65.05,Low Value,Low Risk / Low Value,Month-to-month,22,35.96421685635065,8.464216856350653,True
4795-WRNVT,0.0775697116949859,Low Risk,65.1,Low Value,Low Risk / Low Value,Month-to-month,40,19.69417410223997,-7.80582589776003,False
0774-IFUVM,0.3273597094254039,High Risk,65.15,Low Value,High Risk / Low Value,Month-to-month,11,83.17719176935375,55.677191769353755,True
9578-VRMNM,0.3874448932470074,High Risk,65.2,Low Value,High Risk / Low Value,Month-to-month,16,98.51948745484904,71.01948745484904,True
4981-FLTMF,0.0278797139955109,Low Risk,65.2,Low Value,Low Risk / Low Value,Month-to-month,57,7.089253674778512,-20.41074632522149,False
3969-JQABI,0.0546533705667452,Low Risk,65.25,Low Value,Low Risk / Low Value,Month-to-month,58,13.907916474972485,-13.592083525027515,False
2930-UOTMB,0.0856865923007039,Low Risk,65.25,Low Value,Low Risk / Low Value,Month-to-month,31,21.805095575721626,-5.6949044242783735,False
1230-QAJDW,0.4291661277906493,High Risk,65.25,Low Value,High Risk / Low Value,Month-to-month,3,109.21205036952549,81.71205036952549,True
3703-TTEPD,0.1711281461523187,Low Risk,65.35,Low Value,Low Risk / Low Value,Month-to-month,21,43.614574969110706,16.114574969110706,True
7683-CBDKJ,0.2794091468877269,High Risk,65.45,Low Value,High Risk / Low Value,Month-to-month,14,71.32058178882673,43.82058178882673,True
5568-DMXZS,0.3749233578256751,High Risk,65.45,Low Value,High Risk / Low Value,Month-to-month,8,95.70106170179271,68.20106170179271,True
6854-EXGSF,0.3021482217622919,High Risk,65.5,Low Value,High Risk / Low Value,Month-to-month,8,77.18376324917746,49.68376324917746,True
9700-ISPUP,0.3205249421523336,High Risk,65.5,Low Value,High Risk / Low Value,Month-to-month,10,81.87809647281362,54.378096472813624,True
5172-MIGPM,0.3384898437581508,High Risk,65.55,Low Value,High Risk / Low Value,Month-to-month,4,86.53323610755245,59.033236107552455,True
8404-GFGCZ,0.5012920063243759,High Risk,65.6,Low Value,High Risk / Low Value,Month-to-month,4,128.25054689802832,100.75054689802832,True
9761-XUJWD,0.3265775405188661,High Risk,65.6,Low Value,High Risk / Low Value,Month-to-month,5,83.55159796634669,56.05159796634669,True
3415-TAILE,0.4017319298604463,High Risk,65.7,Low Value,High Risk / Low Value,Month-to-month,2,102.93577238814217,75.43577238814217,True
0872-JCPIB,0.243031378330548,High Risk,65.75,Low Value,High Risk / Low Value,Month-to-month,17,62.31932118841077,34.81932118841077,True
4923-ADWXJ,0.1887920838959842,Low Risk,65.8,Low Value,Low Risk / Low Value,Month-to-month,25,48.44782456938747,20.94782456938747,True
0708-LGSMF,0.4201997133629661,High Risk,65.85,Low Value,High Risk / Low Value,Month-to-month,13,107.91358938731013,80.41358938731013,True
8623-ULFNQ,0.3582581977391638,High Risk,66.05,Low Value,High Risk / Low Value,Month-to-month,26,92.2855204466199,64.7855204466199,True
7797-EJMDP,0.2004010859902676,High Risk,66.05,Low Value,High Risk / Low Value,Month-to-month,8,51.62231774566298,24.122317745662983,True
3301-LSLWQ,0.2845905401542702,High Risk,66.1,Low Value,High Risk / Low Value,Month-to-month,29,73.36459534636931,45.86459534636931,True
3038-PQIUY,0.1195619537887284,Low Risk,66.15,Low Value,Low Risk / Low Value,Month-to-month,38,30.8451906481851,3.345190648185099,True
2373-NTKOD,0.551038513399754,High Risk,66.25,Low Value,High Risk / Low Value,Month-to-month,8,142.37457589966144,114.87457589966144,True
5174-RNGBH,0.2199506366757317,High Risk,66.25,Low Value,High Risk / Low Value,Month-to-month,9,56.829745751092176,29.329745751092176,True
6171-ZTVYB,0.0538919735446849,Low Risk,66.25,Low Value,Low Risk / Low Value,Month-to-month,43,13.924338664607962,-13.575661335392038,False
7964-YESJC,0.1326772070345233,Low Risk,66.3,Low Value,Low Risk / Low Value,Month-to-month,24,34.30634542291669,6.806345422916692,True
5018-LXQQG,0.0824875400191223,Low Risk,66.3,Low Value,Low Risk / Low Value,Month-to-month,30,21.328803222744455,-6.171196777255545,False
1373-ORVIZ,0.4098545632342465,High Risk,66.35,Low Value,High Risk / Low Value,Month-to-month,11,106.0560160553098,78.5560160553098,True
5485-WUYWF,0.3361412361581623,High Risk,66.4,Low Value,High Risk / Low Value,Month-to-month,2,87.04713451551773,59.547134515517726,True
9351-LZYGF,0.0700947313146103,Low Risk,66.4,Low Value,Low Risk / Low Value,Month-to-month,42,18.151731621231484,-9.348268378768516,False
5951-AOFIH,0.174255376288068,Low Risk,66.4,Low Value,Low Risk / Low Value,Month-to-month,33,45.1251722435581,17.625172243558097,True
7036-ZZKBD,0.1541713486789988,Low Risk,66.4,Low Value,Low Risk / Low Value,Month-to-month,31,39.924212453913526,12.424212453913526,True
6507-DTJZV,0.2913013394588789,High Risk,66.4,Low Value,High Risk / Low Value,Month-to-month,13,75.4353948662713,47.935394866271295,True
1697-NVVGY,0.2127575584930282,High Risk,66.4,Low Value,High Risk / Low Value,Month-to-month,19,55.09569734735459,27.595697347354587,True
2257-BOVXD,0.3212061278497615,High Risk,66.6,Low Value,High Risk / Low Value,Month-to-month,14,83.43007964769704,55.93007964769704,True
4226-KKDON,0.3626469982267935,High Risk,66.65,Low Value,High Risk / Low Value,Month-to-month,8,94.26464748408159,66.76464748408159,True
1907-YLNYW,0.3917383565741395,High Risk,66.7,Low Value,High Risk / Low Value,Month-to-month,8,101.90289869563092,74.40289869563092,True
0820-FNRNX,0.1931966288033759,Low Risk,66.7,Low Value,Low Risk / Low Value,Month-to-month,17,50.25623905062217,22.75623905062217,True
1697-BCSHV,0.0965865262290254,Low Risk,66.8,Low Value,Low Risk / Low Value,Month-to-month,58,25.162721813185694,-2.3372781868143058,False
8160-HOWOX,0.5619565198398041,High Risk,66.85,Low Value,High Risk / Low Value,Month-to-month,7,146.51049407003453,119.01049407003453,True
4672-FOTSD,0.2573599742011692,High Risk,67.25,Low Value,High Risk / Low Value,Month-to-month,12,67.49908723361165,39.99908723361165,True
7520-HQWJU,0.0393732902909873,Low Risk,67.45,Low Value,Low Risk / Low Value,Month-to-month,66,10.357340877495666,-17.142659122504334,False
3537-RYBHH,0.1003928350475808,Low Risk,67.45,Low Value,Low Risk / Low Value,Month-to-month,47,26.40883722344137,-1.0911627765586296,False
6873-UDNLD,0.1194091219531197,Low Risk,67.45,Low Value,Low Risk / Low Value,Month-to-month,40,31.411166575377905,3.911166575377905,True
2038-YSEZE,0.0804971785967317,Low Risk,67.45,Low Value,Low Risk / Low Value,Month-to-month,29,21.175185315763255,-6.324814684236745,False
1810-MVMAI,0.0978666809766449,Low Risk,67.6,Low Value,Low Risk / Low Value,Month-to-month,30,25.801571772682664,-1.6984282273173363,False
3750-CKVKH,0.6976057358324304,High Risk,67.75,Low Value,High Risk / Low Value,Month-to-month,2,184.32487555032392,156.82487555032392,True
1436-ZMJAN,0.4382956779034542,High Risk,67.8,Low Value,High Risk / Low Value,Month-to-month,10,115.89414315123136,88.39414315123136,True
8474-UMLNT,0.1527869346775795,Low Risk,67.8,Low Value,Low Risk / Low Value,Month-to-month,13,40.39992126744557,12.89992126744557,True
2100-BDNSN,0.3449124124970251,High Risk,67.95,Low Value,High Risk / Low Value,Month-to-month,5,91.40351387377413,63.90351387377413,True
6368-NWMCE,0.1137037414986234,Low Risk,68.15,Low Value,Low Risk / Low Value,Month-to-month,38,30.22074893421162,2.7207489342116205,True
7112-OPOTK,0.334151482714023,High Risk,68.25,Low Value,High Risk / Low Value,Month-to-month,33,88.94277091140508,61.44277091140508,True
0701-TJSEF,0.2447005349177359,High Risk,68.25,Low Value,High Risk / Low Value,Month-to-month,9,65.13316488172836,37.63316488172836,True
7799-DSEWS,0.2431179936323711,High Risk,68.35,Low Value,High Risk / Low Value,Month-to-month,18,64.806747972613,37.306747972612996,True
6416-TVAIH,0.6709359406114198,High Risk,68.5,Low Value,High Risk / Low Value,Month-to-month,1,179.2405365343408,151.7405365343408,True
3780-YVMFA,0.4367923699369063,High Risk,68.55,Low Value,High Risk / Low Value,Month-to-month,8,116.7742561407822,89.2742561407822,True
7718-RXDGG,0.514298835942601,High Risk,68.6,Low Value,High Risk / Low Value,Month-to-month,15,137.59551056808345,110.09551056808345,True
7855-DIWPO,0.5396908448890048,High Risk,68.65,Low Value,High Risk / Low Value,Month-to-month,21,144.4941283563577,116.99412835635769,True
2141-RRYGO,0.483490867007728,High Risk,68.65,Low Value,High Risk / Low Value,Month-to-month,4,129.44742727831408,101.94742727831408,True
2856-HYAPG,0.6330116161970373,High Risk,68.65,Low Value,High Risk / Low Value,Month-to-month,1,169.4793650625138,141.9793650625138,True
9142-KZXOP,0.1834634941996673,Low Risk,68.85,Low Value,Low Risk / Low Value,Month-to-month,44,49.26270014502366,21.762700145023658,True
5766-XQXMQ,0.1613263299941549,Low Risk,68.85,Low Value,Low Risk / Low Value,Month-to-month,29,43.3185394983805,15.818539498380503,True
8263-OKETD,0.2555215827030748,High Risk,68.9,Low Value,High Risk / Low Value,Month-to-month,20,68.66120448814324,41.16120448814324,True
6993-OHLXR,0.6219292957225049,High Risk,68.95,Low Value,High Risk / Low Value,Month-to-month,2,167.2398972662602,139.7398972662602,True
6439-LAJXL,0.2101155162464417,High Risk,68.95,Low Value,High Risk / Low Value,Month-to-month,9,56.5011128962494,29.001112896249403,True
4806-HIPDW,0.7067135270338973,High Risk,68.95,Low Value,High Risk / Low Value,Month-to-month,1,190.0388009870502,162.5388009870502,True
0018-NYROU,0.6754887853517361,High Risk,68.95,Low Value,High Risk / Low Value,Month-to-month,5,181.64231182500862,154.14231182500862,True
6227-HWPWX,0.3890329464651984,High Risk,69.0,Low Value,High Risk / Low Value,Month-to-month,15,104.6887658937849,77.1887658937849,True
9824-BEMCV,0.5259735659231077,High Risk,69.0,Low Value,High Risk / Low Value,Month-to-month,17,141.5394865899083,114.03948658990831,True
1703-MGIAB,0.3030051597606482,High Risk,69.0,Low Value,High Risk / Low Value,Month-to-month,17,81.53868849159043,54.038688491590435,True
2575-GFSOE,0.6252493854156687,High Risk,69.0,Low Value,High Risk / Low Value,Month-to-month,7,168.25460961535643,140.75460961535643,True
5916-QEWPT,0.4257092410740973,High Risk,69.0,Low Value,High Risk / Low Value,Month-to-month,2,114.55835677303958,87.05835677303958,True
9643-YBLUR,0.4130551456096394,High Risk,69.05,Low Value,High Risk / Low Value,Month-to-month,9,111.23368543694784,83.73368543694784,True
8485-GJCDN,0.6407531057609275,High Risk,69.05,Low Value,High Risk / Low Value,Month-to-month,5,172.55160761588897,145.05160761588897,True
8990-ZXLSU,0.5624667514959848,High Risk,69.05,Low Value,High Risk / Low Value,Month-to-month,9,151.46948384411124,123.96948384411124,True
1025-FALIX,0.3931385259056076,High Risk,69.05,Low Value,High Risk / Low Value,Month-to-month,26,105.87023933375059,78.37023933375059,True
8725-JEDFD,0.3802249412976147,High Risk,69.05,Low Value,High Risk / Low Value,Month-to-month,27,102.39267556674113,74.89267556674113,True
3466-WAESX,0.3241939151272493,High Risk,69.1,Low Value,High Risk / Low Value,Month-to-month,16,87.36701818764242,59.867018187642415,True
1086-LXKFY,0.5900356950919577,High Risk,69.1,Low Value,High Risk / Low Value,Month-to-month,1,159.0087194703317,131.5087194703317,True
3716-BDVDB,0.7020721401090658,High Risk,69.1,Low Value,High Risk / Low Value,Month-to-month,1,189.20142103799213,161.70142103799213,True
3453-RTHJQ,0.6633052402306917,High Risk,69.1,Low Value,High Risk / Low Value,Month-to-month,6,178.75412918976912,151.25412918976912,True
3871-IKPYH,0.6749239671357714,High Risk,69.1,Low Value,High Risk / Low Value,Month-to-month,1,181.885259903419,154.385259903419,True
7502-BNYGS,0.1521806048981804,Low Risk,69.1,Low Value,Low Risk / Low Value,Month-to-month,46,41.01115121401063,13.511151214010631,True
3398-ZOUAA,0.5831665810272033,High Risk,69.1,Low Value,High Risk / Low Value,Month-to-month,21,157.15756192102103,129.65756192102103,True
7159-FVYPK,0.4535626817645533,High Risk,69.15,Low Value,High Risk / Low Value,Month-to-month,3,122.31905183167356,94.81905183167356,True
7594-LZNWR,0.287042600566784,High Risk,69.15,Low Value,High Risk / Low Value,Month-to-month,34,77.41108373385315,49.91108373385315,True
8993-IZEUX,0.4962969781193695,High Risk,69.15,Low Value,High Risk / Low Value,Month-to-month,7,133.84385054412218,106.34385054412218,True
9701-CDXHR,0.1621528647234688,Low Risk,69.15,Low Value,Low Risk / Low Value,Month-to-month,51,43.73019532294868,16.23019532294868,True
1447-GIQMR,0.7012723105915385,High Risk,69.15,Low Value,High Risk / Low Value,Month-to-month,1,189.12262308187908,161.62262308187908,True
3059-NGMXB,0.2027771045374303,High Risk,69.2,Low Value,High Risk / Low Value,Month-to-month,14,54.725484972561695,27.225484972561695,True
5044-LRQAQ,0.584936873604346,High Risk,69.2,Low Value,High Risk / Low Value,Month-to-month,7,157.8627634483409,130.3627634483409,True
9728-FTTVZ,0.7064984030616939,High Risk,69.2,Low Value,High Risk / Low Value,Month-to-month,1,190.66978901828995,163.16978901828995,True
7660-HDPJV,0.7064984030616939,High Risk,69.2,Low Value,High Risk / Low Value,Month-to-month,1,190.66978901828995,163.16978901828995,True
7206-GZCDC,0.7489783673108069,High Risk,69.25,Low Value,High Risk / Low Value,Month-to-month,1,202.2803325514662,174.7803325514662,True
4704-ERYFC,0.5266351336131129,High Risk,69.25,Low Value,High Risk / Low Value,Month-to-month,22,142.23098371056147,114.73098371056147,True
0679-IDSTG,0.7188350082960557,High Risk,69.25,Low Value,High Risk / Low Value,Month-to-month,1,194.13936486555727,166.63936486555727,True
2079-FBMZK,0.5822462979461746,High Risk,69.25,Low Value,High Risk / Low Value,Month-to-month,6,157.2501689178131,129.7501689178131,True
7924-GJZFI,0.5562062502854519,High Risk,69.3,Low Value,High Risk / Low Value,Month-to-month,25,150.3258632646491,122.82586326464909,True
9799-CAYJJ,0.7421031679055986,High Risk,69.3,Low Value,High Risk / Low Value,Month-to-month,2,200.5682231898461,173.0682231898461,True
2799-ARNLO,0.7189146039167558,High Risk,69.35,Low Value,High Risk / Low Value,Month-to-month,5,194.44123834834534,166.94123834834534,True
3223-DWFIO,0.6481290726855888,High Risk,69.35,Low Value,High Risk / Low Value,Month-to-month,4,175.2962296439078,147.7962296439078,True
1399-UBQIU,0.5152142039646722,High Risk,69.35,Low Value,High Risk / Low Value,Month-to-month,11,139.34740967530507,111.84740967530507,True
5027-QPKTE,0.649748631607449,High Risk,69.35,Low Value,High Risk / Low Value,Month-to-month,7,175.73426364770867,148.23426364770867,True
3428-XZMAZ,0.7012245648206539,High Risk,69.35,Low Value,High Risk / Low Value,Month-to-month,1,189.65670192421814,162.15670192421814,True
9048-JVYVF,0.5103016107475347,High Risk,69.35,Low Value,High Risk / Low Value,Month-to-month,3,138.01872515083198,110.51872515083198,True
6457-GIRWB,0.7012245648206539,High Risk,69.35,Low Value,High Risk / Low Value,Month-to-month,1,189.65670192421814,162.15670192421814,True
0013-MHZWF,0.3284193576199405,High Risk,69.4,Low Value,High Risk / Low Value,Month-to-month,9,88.8899833334131,61.3899833334131,True
8401-EMUWF,0.1221210347271757,Low Risk,69.4,Low Value,Low Risk / Low Value,Month-to-month,42,33.05327925925738,5.55327925925738,True
7908-QCBCA,0.6249761685529726,High Risk,69.4,Low Value,High Risk / Low Value,Month-to-month,1,169.1560497805476,141.6560497805476,True
5884-GCYMI,0.5371006265831323,High Risk,69.4,Low Value,High Risk / Low Value,Month-to-month,1,145.3716555909906,117.8716555909906,True
6614-VBEGU,0.3032032224171747,High Risk,69.45,Low Value,High Risk / Low Value,Month-to-month,24,82.12410880780385,54.62410880780385,True
6575-SUVOI,0.2169861830678002,High Risk,69.5,Low Value,High Risk / Low Value,Month-to-month,25,58.81410492052726,31.314104920527257,True
3466-BYAVD,0.2102556853234795,High Risk,69.5,Low Value,High Risk / Low Value,Month-to-month,15,56.98980350692912,29.48980350692912,True
6890-PFRQX,0.2203202464583952,High Risk,69.5,Low Value,High Risk / Low Value,Month-to-month,18,59.71780280254803,32.21780280254803,True
5186-SAMNZ,0.6809384729886038,High Risk,69.5,Low Value,High Risk / Low Value,Month-to-month,1,184.56837310356104,157.06837310356104,True
8663-UPDGF,0.2227243991947111,High Risk,69.5,Low Value,High Risk / Low Value,Month-to-month,26,60.369448401726444,32.869448401726444,True
5186-EJEGL,0.2332521486701992,High Risk,69.5,Low Value,High Risk / Low Value,Month-to-month,9,63.222994897057504,35.722994897057504,True
0488-GSLFR,0.7054899201478234,High Risk,69.5,Low Value,High Risk / Low Value,Month-to-month,1,191.22304285606754,163.72304285606754,True
1684-FLBGS,0.208415241702857,High Risk,69.5,Low Value,High Risk / Low Value,Month-to-month,23,56.490951263559396,28.990951263559396,True
9767-FFLEM,0.2859873756128017,High Risk,69.5,Low Value,High Risk / Low Value,Month-to-month,38,77.5168781598499,50.016878159849895,True
4110-PFEUZ,0.5421792852954401,High Risk,69.55,Low Value,High Risk / Low Value,Month-to-month,1,147.06342023996166,119.56342023996166,True
9576-ANLXO,0.6212550957903747,High Risk,69.55,Low Value,High Risk / Low Value,Month-to-month,3,168.51233845766018,141.01233845766018,True
1820-TQVEV,0.7005455092286846,High Risk,69.55,Low Value,High Risk / Low Value,Month-to-month,1,190.01946665073456,162.51946665073456,True
8120-JDCAM,0.5560673968344414,High Risk,69.55,Low Value,High Risk / Low Value,Month-to-month,4,150.83050105435802,123.33050105435802,True
0455-XFASS,0.6551860622450689,High Risk,69.55,Low Value,High Risk / Low Value,Month-to-month,3,177.7159434536637,150.2159434536637,True
4291-SHSBH,0.6544754039725706,High Risk,69.55,Low Value,High Risk / Low Value,Month-to-month,7,177.52318095053994,150.02318095053994,True
2506-TNFCO,0.7474958756566271,High Risk,69.55,Low Value,High Risk / Low Value,Month-to-month,1,202.7545187924818,175.2545187924818,True
8375-DKEBR,0.7479111540674566,High Risk,69.6,Low Value,High Risk / Low Value,Month-to-month,1,203.0130036600704,175.5130036600704,True
6429-SHBCB,0.3531142818525981,High Risk,69.6,Low Value,High Risk / Low Value,Month-to-month,19,95.84934066606922,68.34934066606922,True
2636-ALXXZ,0.7479111540674566,High Risk,69.6,Low Value,High Risk / Low Value,Month-to-month,1,203.0130036600704,175.5130036600704,True
5276-KQWHG,0.7404542050158411,High Risk,69.6,Low Value,High Risk / Low Value,Month-to-month,2,200.98888940949993,173.48888940949993,True
7665-TOALD,0.7051533109444802,High Risk,69.6,Low Value,High Risk / Low Value,Month-to-month,1,191.4068147227697,163.9068147227697,True
4983-CCWMC,0.6019026099031588,High Risk,69.6,Low Value,High Risk / Low Value,Month-to-month,3,163.3804444321134,135.8804444321134,True
6502-MJQAE,0.7003756073248327,High Risk,69.6,Low Value,High Risk / Low Value,Month-to-month,1,190.1099548522526,162.6099548522526,True
7538-GWHML,0.6210095785584385,High Risk,69.65,Low Value,High Risk / Low Value,Month-to-month,2,168.68793687172146,141.18793687172146,True
6557-BZXLQ,0.5366724294113454,High Risk,69.65,Low Value,High Risk / Low Value,Month-to-month,16,145.77901536315082,118.27901536315082,True
8062-YBDOE,0.7434199182080837,High Risk,69.65,Low Value,High Risk / Low Value,Month-to-month,1,201.93886948245284,174.43886948245284,True
4871-JTKJF,0.7477584497337671,High Risk,69.65,Low Value,High Risk / Low Value,Month-to-month,1,203.11736649343186,175.61736649343186,True
4550-EVXNY,0.6725366217475346,High Risk,69.65,Low Value,High Risk / Low Value,Month-to-month,1,182.68448524839158,155.18448524839158,True
7798-JVXYM,0.4115714872661098,High Risk,69.65,Low Value,High Risk / Low Value,Month-to-month,14,111.79722094352977,84.29722094352977,True
7254-IQWOZ,0.7002056502762408,High Risk,69.65,Low Value,High Risk / Low Value,Month-to-month,1,190.2003618127867,162.7003618127867,True
4919-MOAVT,0.5705756876341461,High Risk,69.65,Low Value,High Risk / Low Value,Month-to-month,3,154.98832691050129,127.48832691050129,True
6047-YHPVI,0.6660734676036953,High Risk,69.7,Low Value,High Risk / Low Value,Month-to-month,5,181.05875069871252,153.55875069871252,True
4482-EWFMI,0.6968210901674099,High Risk,69.7,Low Value,High Risk / Low Value,Month-to-month,2,189.41687694020703,161.91687694020703,True
3701-SFMUH,0.2657195968762021,High Risk,69.7,Low Value,High Risk / Low Value,Month-to-month,7,72.23055801885803,44.730558018858034,True
2178-PMGCJ,0.4252565849887084,High Risk,69.7,Low Value,High Risk / Low Value,Month-to-month,22,115.59749749748062,88.09749749748062,True
3999-QGRJH,0.6912321500082504,High Risk,69.7,Low Value,High Risk / Low Value,Month-to-month,8,187.89763533674272,160.39763533674272,True
1016-DJTSV,0.6920017441233866,High Risk,69.7,Low Value,High Risk / Low Value,Month-to-month,8,188.10683410506016,160.60683410506016,True
4501-EQDRN,0.5547772387893982,High Risk,69.7,Low Value,High Risk / Low Value,Month-to-month,1,150.80509682012212,123.30509682012212,True
5760-WRAHC,0.1935207671066446,Low Risk,69.75,Low Value,Low Risk / Low Value,Month-to-month,22,52.642486672185,25.142486672185,True
8329-GWVPJ,0.2013338949860342,High Risk,69.75,Low Value,High Risk / Low Value,Month-to-month,50,54.76785278357596,27.26785278357596,True
4883-QICIH,0.3265809919278422,High Risk,69.75,Low Value,High Risk / Low Value,Month-to-month,32,88.83819432917127,61.33819432917127,True
6166-ILMNY,0.545831989344458,High Risk,69.75,Low Value,High Risk / Low Value,Month-to-month,2,148.47994690142622,120.97994690142622,True
2058-DCJBE,0.6664049108099099,High Risk,69.75,Low Value,High Risk / Low Value,Month-to-month,5,181.27879586306577,153.77879586306577,True
1084-UQCHV,0.5112081040359844,High Risk,69.75,Low Value,High Risk / Low Value,Month-to-month,1,139.06138450038867,111.56138450038867,True
5539-TMZLF,0.7431108752660884,High Risk,69.75,Low Value,High Risk / Low Value,Month-to-month,1,202.1447358442577,174.6447358442577,True
7504-UWHNB,0.4050617386563913,High Risk,69.75,Low Value,High Risk / Low Value,Month-to-month,25,110.18691945800484,82.68691945800484,True
4510-HIMLV,0.6996954485512772,High Risk,69.8,Low Value,High Risk / Low Value,Month-to-month,1,190.47109500462867,162.97109500462867,True
2897-DOVND,0.6923494659520317,High Risk,69.8,Low Value,High Risk / Low Value,Month-to-month,2,188.47137162146205,160.97137162146205,True
8630-FJLIB,0.5577324479705456,High Risk,69.8,Low Value,High Risk / Low Value,Month-to-month,18,151.8259269865419,124.3259269865419,True
0599-XNYDO,0.4752608950783561,High Risk,69.8,Low Value,High Risk / Low Value,Month-to-month,20,129.37552085823012,101.87552085823012,True
5134-IKDAY,0.6713373380195561,High Risk,69.8,Low Value,High Risk / Low Value,Month-to-month,1,182.75145015568356,155.25145015568356,True
7326-RIGQZ,0.6212473237852619,High Risk,69.8,Low Value,High Risk / Low Value,Month-to-month,6,169.115946480824,141.615946480824,True
5832-XKAES,0.6018276680341598,High Risk,69.8,Low Value,High Risk / Low Value,Month-to-month,2,163.82952779225897,136.32952779225897,True
5605-IYGFG,0.5858312653593938,High Risk,69.85,Low Value,High Risk / Low Value,Month-to-month,7,159.58922415287924,132.08922415287924,True
7245-NIIWQ,0.6881192007933434,High Risk,69.85,Low Value,High Risk / Low Value,Month-to-month,3,187.45399208411862,159.95399208411862,True
0603-OLQDC,0.3029551592952482,High Risk,69.85,Low Value,High Risk / Low Value,Month-to-month,12,82.52952971941504,55.02952971941504,True
4603-JANFB,0.6995252712132526,High Risk,69.85,Low Value,High Risk / Low Value,Month-to-month,1,190.5611767575582,163.0611767575582,True
5550-VFRLC,0.7471470196767405,High Risk,69.85,Low Value,High Risk / Low Value,Month-to-month,1,203.53405536523923,176.03405536523923,True
5875-YPQFJ,0.6993550388755261,High Risk,69.9,Low Value,High Risk / Low Value,Month-to-month,1,190.65117714785717,163.15117714785717,True
9804-ICWBG,0.6993550388755261,High Risk,69.9,Low Value,High Risk / Low Value,Month-to-month,1,190.65117714785717,163.15117714785717,True
8097-VBQTZ,0.049730683586697,Low Risk,69.9,Low Value,Low Risk / Low Value,Month-to-month,54,13.557081652569472,-13.942918347430528,False
5542-TBBWB,0.6993550388755261,High Risk,69.9,Low Value,High Risk / Low Value,Month-to-month,1,190.65117714785717,163.15117714785717,True
0958-YHXGP,0.5713040925227655,High Risk,69.9,Low Value,High Risk / Low Value,Month-to-month,7,155.74320866263113,128.24320866263113,True
1062-LHZOD,0.5813417996157386,High Risk,69.9,Low Value,High Risk / Low Value,Month-to-month,1,158.47958799324653,130.97958799324653,True
0330-IVZHA,0.5909789708416877,High Risk,69.95,Low Value,High Risk / Low Value,Month-to-month,5,161.22201814046662,133.72201814046662,True
7459-IMVYU,0.0854562902498169,Low Risk,69.95,Low Value,Low Risk / Low Value,Month-to-month,38,23.3129032616013,-4.187096738398701,False
8000-REIQB,0.7468409372011184,High Risk,69.95,Low Value,High Risk / Low Value,Month-to-month,1,203.74194187315112,176.24194187315112,True
9796-BPKIW,0.6005773939392252,High Risk,69.95,Low Value,High Risk / Low Value,Month-to-month,8,163.84051595359034,136.34051595359034,True
6692-YQHXC,0.4807531084311935,High Risk,69.95,Low Value,High Risk / Low Value,Month-to-month,16,131.15185174557175,103.65185174557175,True
5600-KTXFM,0.487426107626704,High Risk,69.95,Low Value,High Risk / Low Value,Month-to-month,2,132.97227929110298,105.47227929110298,True
2920-RNCEZ,0.573095283484582,High Risk,69.95,Low Value,High Risk / Low Value,Month-to-month,1,156.34325881101142,128.84325881101142,True
3066-RRJIO,0.6235931777618211,High Risk,69.95,Low Value,High Risk / Low Value,Month-to-month,1,170.11933685931362,142.61933685931362,True
3799-ISUZQ,0.5428893641256088,High Risk,69.95,Low Value,High Risk / Low Value,Month-to-month,7,148.10293298028674,120.60293298028674,True
7153-OANIO,0.6227488122732345,High Risk,69.95,Low Value,High Risk / Low Value,Month-to-month,1,169.88898973219975,142.38898973219975,True
9389-ACWBI,0.4549142166854488,High Risk,69.95,Low Value,High Risk / Low Value,Month-to-month,5,124.10287288287387,96.60287288287387,True
5583-SXDAG,0.6218507294642475,High Risk,70.0,Low Value,High Risk / Low Value,Month-to-month,1,169.76524914373957,142.26524914373957,True
3509-GWQGF,0.3755126796713501,High Risk,70.0,Low Value,High Risk / Low Value,Month-to-month,24,102.51496155027857,75.01496155027857,True
6641-XRPSU,0.3247782776349738,High Risk,70.0,Low Value,High Risk / Low Value,Month-to-month,34,88.66446979434787,61.164469794347866,True
2482-CZGBB,0.6279900148025119,High Risk,70.0,Low Value,High Risk / Low Value,Month-to-month,10,171.44127404108576,143.94127404108576,True
3884-HCSWG,0.565446503764643,High Risk,70.0,Low Value,High Risk / Low Value,Month-to-month,17,154.36689552774754,126.86689552774754,True
1853-UDXBW,0.6655504031181584,High Risk,70.0,Low Value,High Risk / Low Value,Month-to-month,1,181.69526005125724,154.19526005125724,True
4512-ZUIYL,0.5454432266031966,High Risk,70.0,Low Value,High Risk / Low Value,Month-to-month,2,148.90600086267264,121.40600086267264,True
1304-BCCFO,0.4393146444251699,High Risk,70.05,Low Value,High Risk / Low Value,Month-to-month,9,120.01856428373428,92.51856428373428,True
6705-LXORM,0.6395987492317231,High Risk,70.05,Low Value,High Risk / Low Value,Month-to-month,5,174.73518029636057,147.23518029636057,True
3494-JCHRQ,0.6988440121561348,High Risk,70.05,Low Value,High Risk / Low Value,Month-to-month,1,190.92068990099523,163.42068990099523,True
9603-OAIHC,0.7421822861976188,High Risk,70.05,Low Value,High Risk / Low Value,Month-to-month,1,202.7604896777585,175.2604896777585,True
2608-BHKFN,0.5880539973837164,High Risk,70.05,Low Value,High Risk / Low Value,Month-to-month,4,160.65341181524443,133.15341181524443,True
1768-HNVGJ,0.1616904393397495,Low Risk,70.05,Low Value,Low Risk / Low Value,Month-to-month,45,44.17301957542287,16.67301957542287,True
6715-OFDBP,0.571089999962727,High Risk,70.05,Low Value,High Risk / Low Value,Month-to-month,5,156.0189325398172,128.5189325398172,True
5895-QSXOD,0.4631049702729373,High Risk,70.05,Low Value,High Risk / Low Value,Month-to-month,9,126.51796235371509,99.01796235371509,True
5931-FLJJF,0.6141020249702965,High Risk,70.1,Low Value,High Risk / Low Value,Month-to-month,7,167.88935260662936,140.38935260662936,True
2262-SLNVK,0.6275394259194331,High Risk,70.1,Low Value,High Risk / Low Value,Month-to-month,1,171.56300365211382,144.06300365211382,True
9540-JYROE,0.5546370709591467,High Risk,70.1,Low Value,High Risk / Low Value,Month-to-month,8,151.6322288295211,124.1322288295211,True
4702-IOQDC,0.703466913022753,High Risk,70.1,Low Value,High Risk / Low Value,Month-to-month,1,192.32081935129042,164.82081935129042,True
6379-RXJRQ,0.6212323118837825,High Risk,70.1,Low Value,High Risk / Low Value,Month-to-month,10,169.8387017459073,142.3387017459073,True
0328-GRPMV,0.703466913022753,High Risk,70.1,Low Value,High Risk / Low Value,Month-to-month,1,192.32081935129042,164.82081935129042,True
5119-NZPTV,0.6626260915536449,High Risk,70.1,Low Value,High Risk / Low Value,Month-to-month,2,181.15534716985096,153.65534716985096,True
9408-SSNVZ,0.6789955748539047,High Risk,70.15,Low Value,High Risk / Low Value,Month-to-month,4,185.76300434640552,158.26300434640552,True
6077-BDPXA,0.6866907413587567,High Risk,70.15,Low Value,High Risk / Low Value,Month-to-month,3,187.86828647463548,160.36828647463548,True
9272-LSVYH,0.4541604869746312,High Risk,70.15,Low Value,High Risk / Low Value,Month-to-month,10,124.25149682895447,96.75149682895447,True
1846-XWOQN,0.746228037893404,High Risk,70.15,Low Value,High Risk / Low Value,Month-to-month,1,204.15679774706697,176.65679774706697,True
9506-UXUSK,0.5999596816409047,High Risk,70.15,Low Value,High Risk / Low Value,Month-to-month,13,164.13996950172694,136.63996950172694,True
7394-LWLYN,0.6945237800810067,High Risk,70.15,Low Value,High Risk / Low Value,Month-to-month,2,190.01128837346224,162.51128837346224,True
2619-WFQWU,0.6228325837533933,High Risk,70.15,Low Value,High Risk / Low Value,Month-to-month,1,170.39765242617216,142.89765242617216,True
2398-YPMUR,0.6538919332452967,High Risk,70.15,Low Value,High Risk / Low Value,Month-to-month,13,178.8950245569145,151.3950245569145,True
9985-MWVIX,0.6228325837533933,High Risk,70.15,Low Value,High Risk / Low Value,Month-to-month,1,170.39765242617216,142.89765242617216,True
7562-UXTPG,0.5132868193407172,High Risk,70.15,Low Value,High Risk / Low Value,Month-to-month,13,140.42757446933012,112.92757446933012,True
2501-XWWTZ,0.5315372052790377,High Risk,70.2,Low Value,High Risk / Low Value,Month-to-month,11,145.52425606129498,118.02425606129498,True
7296-PIXQY,0.4768545550740977,High Risk,70.2,Low Value,High Risk / Low Value,Month-to-month,14,130.55324008818647,103.05324008818647,True
2568-BRGYX,0.6717964053941702,High Risk,70.2,Low Value,High Risk / Low Value,Month-to-month,4,183.9244198688159,156.4244198688159,True
7206-PQBBZ,0.6689592697537631,High Risk,70.2,Low Value,High Risk / Low Value,Month-to-month,11,183.14766887318527,155.64766887318527,True
2260-USTRB,0.6738281172695031,High Risk,70.2,Low Value,High Risk / Low Value,Month-to-month,2,184.48066194604456,156.98066194604456,True
7044-YAACC,0.7194232075697404,High Risk,70.2,Low Value,High Risk / Low Value,Month-to-month,4,196.96368576844353,169.46368576844353,True
9605-WGJVW,0.7460746601547825,High Risk,70.2,Low Value,High Risk / Low Value,Month-to-month,1,204.26032045717636,176.76032045717636,True
2815-CPTUL,0.6318114306640071,High Risk,70.25,Low Value,High Risk / Low Value,Month-to-month,5,173.10053671617138,145.60053671617138,True
1640-PLFMP,0.7029599069689305,High Risk,70.25,Low Value,High Risk / Low Value,Month-to-month,1,192.59344051181273,165.09344051181273,True
3244-DCJWY,0.7029599069689305,High Risk,70.25,Low Value,High Risk / Low Value,Month-to-month,1,192.59344051181273,165.09344051181273,True
9633-XQABV,0.6886291655695781,High Risk,70.25,Low Value,High Risk / Low Value,Month-to-month,3,188.66717563692518,161.16717563692518,True
1041-RXHRA,0.2208301012208625,High Risk,70.25,Low Value,High Risk / Low Value,Month-to-month,41,60.501926981985804,33.001926981985804,True
7379-POKDZ,0.6815144310936578,High Risk,70.3,Low Value,High Risk / Low Value,Month-to-month,3,186.85081157294817,159.35081157294817,True
3234-VKACU,0.4313018575826253,High Risk,70.3,Low Value,High Risk / Low Value,Month-to-month,2,118.25003029342838,90.75003029342838,True
7217-JYHOQ,0.1138635023929864,Low Risk,70.3,Low Value,Low Risk / Low Value,Month-to-month,24,31.217956451085087,3.7179564510850867,True
2884-GBPFB,0.400566251202517,High Risk,70.3,Low Value,High Risk / Low Value,Month-to-month,35,109.82324909219409,82.32324909219409,True
5976-JCJRH,0.626001818040791,High Risk,70.3,Low Value,High Risk / Low Value,Month-to-month,10,171.63091845224366,144.13091845224366,True
4029-HPFVY,0.6000709553932426,High Risk,70.3,Low Value,High Risk / Low Value,Month-to-month,3,164.52145384016532,137.02145384016532,True
9717-QEBGU,0.6904195501274005,High Risk,70.3,Low Value,High Risk / Low Value,Month-to-month,2,189.2923280584294,161.7923280584294,True
6653-CBBOM,0.702790793756634,High Risk,70.3,Low Value,High Risk / Low Value,Month-to-month,1,192.68415192425633,165.18415192425633,True
6168-WFVVF,0.7330554556581523,High Risk,70.3,Low Value,High Risk / Low Value,Month-to-month,3,200.98181427779562,173.48181427779562,True
1363-TXLSL,0.7408290617613941,High Risk,70.3,Low Value,High Risk / Low Value,Month-to-month,1,203.11310386312138,175.61310386312138,True
2446-PLQVO,0.6979912036966676,High Risk,70.3,Low Value,High Risk / Low Value,Month-to-month,1,191.36824831751534,163.86824831751534,True
5804-LEPIM,0.7384994022433653,High Risk,70.35,High Value,High Risk / High Value,Month-to-month,2,202.61838849650093,175.11838849650093,True
7147-AYBAA,0.2973567574603185,High Risk,70.35,High Value,High Risk / High Value,Month-to-month,37,81.58428676060026,54.084286760600264,True
7321-VGNKU,0.692956251190339,High Risk,70.35,High Value,High Risk / High Value,Month-to-month,2,190.12294185783733,162.62294185783733,True
7465-ZZRVX,0.697820477680971,High Risk,70.35,High Value,High Risk / High Value,Month-to-month,1,191.4575153589396,163.9575153589396,True
5442-BHQNG,0.6178692988536476,High Risk,70.35,High Value,High Risk / High Value,Month-to-month,2,169.52171017998103,142.02171017998103,True
4726-DLWQN,0.1232919475205149,Low Risk,70.35,High Value,Low Risk / High Value,Month-to-month,50,33.82699518146607,6.326995181466067,True
4629-NRXKX,0.5811714463803743,High Risk,70.4,High Value,High Risk / High Value,Month-to-month,2,159.56643231819558,132.06643231819558,True
4763-PGDPO,0.6002849965530244,High Risk,70.4,High Value,High Risk / High Value,Month-to-month,4,164.81424865359838,137.31424865359838,True
3211-ILJTT,0.485895282319306,High Risk,70.4,High Value,High Risk / High Value,Month-to-month,17,133.40740871358867,105.90740871358867,True
2055-PDADH,0.7309149178835723,High Risk,70.4,High Value,High Risk / High Value,Month-to-month,3,200.67999985411362,173.17999985411362,True
4759-TRPLW,0.6210351179917932,High Risk,70.4,High Value,High Risk / High Value,Month-to-month,1,170.51140199582676,143.01140199582676,True
4067-HLYQI,0.3549414030228275,High Risk,70.4,High Value,High Risk / High Value,Month-to-month,33,97.45271161394753,69.95271161394753,True
2905-KFQUV,0.605657301197667,High Risk,70.4,High Value,High Risk / High Value,Month-to-month,2,166.28926861683146,138.78926861683146,True
0390-DCFDQ,0.6702380029654023,High Risk,70.45,High Value,High Risk / High Value,Month-to-month,1,184.15124250475913,156.65124250475913,True
2294-DMMUS,0.1135774125255731,Low Risk,70.45,High Value,Low Risk / High Value,Month-to-month,62,31.20596197846384,3.70596197846384,True
2585-KTFRE,0.2447349373657428,High Risk,70.45,High Value,High Risk / High Value,Month-to-month,1,67.24214771592467,39.74214771592467,True
0515-YPMCW,0.5799060579154472,High Risk,70.45,High Value,High Risk / High Value,Month-to-month,1,159.33208894255873,131.83208894255873,True
6078-VESFR,0.4844248932177624,High Risk,70.45,High Value,High Risk / High Value,Month-to-month,13,133.0981615360463,105.59816153604629,True
6017-PPLPX,0.5007978581858339,High Risk,70.45,High Value,High Risk / High Value,Month-to-month,20,137.59671552584882,110.09671552584882,True
8270-RKSAP,0.629589688891919,High Risk,70.5,High Value,High Risk / High Value,Month-to-month,9,173.10568496083314,145.60568496083314,True
3496-LFSZU,0.5946177975366586,High Risk,70.5,High Value,High Risk / High Value,Month-to-month,4,163.4901634327043,135.9901634327043,True
5527-ACHSO,0.2830568912876013,High Risk,70.5,High Value,High Risk / High Value,Month-to-month,11,77.82649225952599,50.32649225952599,True
1915-IOFGU,0.6260240188319155,High Risk,70.5,High Value,High Risk / High Value,Month-to-month,1,172.12530397783516,144.62530397783516,True
9584-EXCDZ,0.403968884142595,High Risk,70.5,High Value,High Risk / High Value,Month-to-month,17,111.07124469500653,83.57124469500653,True
1047-NNCBF,0.3603569436393567,High Risk,70.55,High Value,High Risk / High Value,Month-to-month,20,99.15041125765082,71.65041125765082,True
9365-SRSZE,0.5264645628821027,High Risk,70.55,High Value,High Risk / High Value,Month-to-month,27,144.85409215419617,117.35409215419617,True
8051-HJRLT,0.7449993049148473,High Risk,70.55,High Value,High Risk / High Value,Month-to-month,1,204.98283375079566,177.48283375079566,True
1732-VHUBQ,0.1948127135497106,High Risk,70.55,High Value,High Risk / High Value,Month-to-month,47,53.601744069635124,26.101744069635124,True
9620-ENEJV,0.4850201309885013,High Risk,70.55,High Value,High Risk / High Value,Month-to-month,6,133.45086394083117,105.95086394083117,True
9112-WSNPU,0.3704874369748425,High Risk,70.55,High Value,High Risk / High Value,Month-to-month,35,101.93776584644303,74.43776584644303,True
5940-AHUHD,0.5322654357519593,High Risk,70.6,High Value,High Risk / High Value,Month-to-month,1,146.55396507994445,119.05396507994445,True
8309-IEYJD,0.6703665931116252,High Risk,70.6,High Value,High Risk / High Value,Month-to-month,1,184.57873774735486,157.07873774735486,True
9617-INGJY,0.615721705851201,High Risk,70.6,High Value,High Risk / High Value,Month-to-month,1,169.53281448906966,142.03281448906966,True
5376-DEQCP,0.701774948909277,High Risk,70.6,High Value,High Risk / High Value,Month-to-month,1,193.22671443268035,165.72671443268035,True
1996-DBMUS,0.2861910130217897,High Risk,70.65,High Value,High Risk / High Value,Month-to-month,48,78.85564077295882,51.35564077295882,True
0644-OQMDK,0.7193520105071152,High Risk,70.65,High Value,High Risk / High Value,Month-to-month,4,198.206656215078,170.706656215078,True
4342-HENTK,0.7377346050625823,High Risk,70.65,High Value,High Risk / High Value,Month-to-month,2,203.27170440591865,175.77170440591865,True
1122-JWTJW,0.5783826500048962,High Risk,70.65,High Value,High Risk / High Value,Month-to-month,1,159.3646634690991,131.8646634690991,True
9237-HQITU,0.6943755647865689,High Risk,70.7,High Value,High Risk / High Value,Month-to-month,2,191.46017447860066,163.96017447860066,True
3717-OEAUQ,0.5218317011010504,High Risk,70.7,High Value,High Risk / High Value,Month-to-month,2,143.88465494459265,116.38465494459265,True
7967-HYCDE,0.4803248293084809,High Risk,70.7,High Value,High Risk / High Value,Month-to-month,8,132.43996518522746,104.93996518522746,True
8835-VSDSE,0.6930841292860433,High Risk,70.7,High Value,High Risk / High Value,Month-to-month,2,191.10408696804075,163.60408696804075,True
5028-GZLDO,0.5144602708602091,High Risk,70.7,High Value,High Risk / High Value,Month-to-month,2,141.85213048428545,114.35213048428545,True
5032-MIYKT,0.6207378381540938,High Risk,70.7,High Value,High Risk / High Value,Month-to-month,1,171.1560441142283,143.6560441142283,True
0734-OXWBT,0.3045203963661631,High Risk,70.7,High Value,High Risk / High Value,Month-to-month,3,83.96540889004217,56.46540889004217,True
9722-UJOJR,0.4083663174979934,High Risk,70.75,High Value,High Risk / High Value,Month-to-month,29,112.67847615563383,85.17847615563383,True
3866-MDTUB,0.5145797774151754,High Risk,70.75,High Value,High Risk / High Value,Month-to-month,2,141.98542508328225,114.48542508328225,True
0519-XUZJU,0.5373514480168127,High Risk,70.75,High Value,High Risk / High Value,Month-to-month,1,148.26869829403904,120.76869829403904,True
9210-IAHGH,0.3759530137529283,High Risk,70.75,High Value,High Risk / High Value,Month-to-month,7,103.73483531977675,76.23483531977675,True
0685-MLYYM,0.6668893746704824,High Risk,70.75,High Value,High Risk / High Value,Month-to-month,2,184.01145070595288,156.51145070595288,True
0968-GSIKN,0.6203564887092274,High Risk,70.8,High Value,High Risk / High Value,Month-to-month,1,171.2928336623919,143.7928336623919,True
9432-VOFYX,0.5611967803208444,High Risk,70.8,High Value,High Risk / High Value,Month-to-month,17,154.95765498219154,127.45765498219154,True
0812-WUPTB,0.5836376028432436,High Risk,70.85,High Value,High Risk / High Value,Month-to-month,1,161.26782422963083,133.76782422963083,True
1031-IIDEO,0.7009268883040107,High Risk,70.85,High Value,High Risk / High Value,Month-to-month,1,193.67661314172273,166.17661314172273,True
3376-BMGFE,0.6058794843298779,High Risk,70.9,High Value,High Risk / High Value,Month-to-month,4,167.53173621205457,140.03173621205457,True
0151-ONTOV,0.5367474567864597,High Risk,70.9,High Value,High Risk / High Value,Month-to-month,1,148.41603927602398,120.91603927602398,True
2115-BFTIW,0.3198957974289708,High Risk,70.95,High Value,High Risk / High Value,Month-to-month,25,88.51676662758337,61.016766627583365,True
3721-CNEYS,0.6926233428888092,High Risk,70.95,High Value,High Risk / High Value,Month-to-month,2,191.65234209404795,164.15234209404795,True
7409-KIUTL,0.7136871265758468,High Risk,71.0,High Value,High Risk / High Value,Month-to-month,1,197.61996534885196,170.11996534885196,True
3677-TNKIO,0.4891351944125414,High Risk,71.0,High Value,High Risk / High Value,Month-to-month,14,135.4415353328327,107.9415353328327,True
3422-LYEPQ,0.6619358165603485,High Risk,71.0,High Value,High Risk / High Value,Month-to-month,1,183.2900276055605,155.7900276055605,True
3627-FCRDW,0.5560982242945236,High Risk,71.0,High Value,High Risk / High Value,Month-to-month,9,153.9835983071536,126.48359830715361,True
5136-RGMZO,0.2420477065737732,High Risk,71.05,High Value,High Risk / High Value,Month-to-month,31,67.07020925305967,39.57020925305967,True
3923-CSIHK,0.3190410158420086,High Risk,71.05,High Value,High Risk / High Value,Month-to-month,50,88.40467028474139,60.904670284741385,True
1077-HUUJM,0.6155696111781978,High Risk,71.05,High Value,High Risk / High Value,Month-to-month,7,170.5712614094227,143.0712614094227,True
8851-RAGOV,0.13293181742761,Low Risk,71.05,High Value,Low Risk / High Value,Month-to-month,25,36.8347419501036,9.334741950103599,True
8040-MNRTF,0.535941967687055,High Risk,71.1,High Value,High Risk / High Value,Month-to-month,1,148.61134821994347,121.11134821994347,True
1769-GRUIK,0.5543759939443476,High Risk,71.1,High Value,High Risk / High Value,Month-to-month,18,153.72291936082812,126.22291936082812,True
0511-JTEOY,0.535941967687055,High Risk,71.1,High Value,High Risk / High Value,Month-to-month,1,148.61134821994347,121.11134821994347,True
4080-OGPJL,0.3029600571879622,High Risk,71.15,High Value,High Risk / High Value,Month-to-month,8,84.06687146880171,56.56687146880171,True
9488-HGMJH,0.7431488829842202,High Risk,71.15,High Value,High Risk / High Value,Month-to-month,1,206.21266779487635,178.71266779487635,True
3878-AVSOQ,0.7428396265138612,High Risk,71.25,High Value,High Risk / High Value,Month-to-month,1,206.4165612175392,178.9165612175392,True
4450-DLLMH,0.5975514551416377,High Risk,71.3,High Value,High Risk / High Value,Month-to-month,2,166.16113313123518,138.66113313123518,True
6927-WTFIV,0.4008266775355878,High Risk,71.3,High Value,High Risk / High Value,Month-to-month,20,111.4578742223209,83.9578742223209,True
1410-RSCMR,0.210531380246174,High Risk,71.35,High Value,High Risk / High Value,Month-to-month,7,58.5835145242016,31.083514524201597,True
3177-LASXD,0.6227955886298442,High Risk,71.35,High Value,High Risk / High Value,Month-to-month,1,173.30221447008358,145.80221447008358,True
7136-IHZJA,0.069422153071638,Low Risk,71.35,High Value,Low Risk / High Value,Month-to-month,40,19.317755424479348,-8.182244575520652,False
8042-JVNFH,0.6128437265708442,High Risk,71.35,High Value,High Risk / High Value,Month-to-month,1,170.53295957423595,143.03295957423595,True
0106-GHRQR,0.3687002080252798,High Risk,71.4,High Value,High Risk / High Value,Month-to-month,16,102.66825992671943,75.16825992671943,True
3420-ZDBMA,0.6299816377172701,High Risk,71.45,High Value,High Risk / High Value,Month-to-month,5,175.54753325810591,148.04753325810591,True
6140-QNRQQ,0.612074923734459,High Risk,71.55,High Value,High Risk / High Value,Month-to-month,1,170.79644709348213,143.29644709348213,True
8910-LEDAG,0.287693609339499,High Risk,71.55,High Value,High Risk / High Value,Month-to-month,34,80.2794632181405,52.779463218140506,True
1352-VHKAJ,0.209502822207233,High Risk,71.6,High Value,High Risk / High Value,Month-to-month,27,58.501568073147745,31.001568073147745,True
8380-PEFPE,0.6602519099664311,High Risk,71.65,High Value,High Risk / High Value,Month-to-month,1,184.4974924614697,156.9974924614697,True
0508-OOLTO,0.6560459822359904,High Risk,71.65,High Value,High Risk / High Value,Month-to-month,2,183.322209046114,155.822209046114,True
8644-XLFBW,0.7371929422198816,High Risk,71.65,High Value,High Risk / High Value,Month-to-month,1,205.99750980921266,178.49750980921266,True
3755-JBMNH,0.544863395628584,High Risk,71.8,High Value,High Risk / High Value,Month-to-month,16,152.5726480439161,125.0726480439161,True
9822-BIIGN,0.0664246265080182,Low Risk,71.85,High Value,Low Risk / High Value,Month-to-month,53,18.613176716944317,-8.886823283055683,False
4931-TRZWN,0.409999882888942,High Risk,71.95,High Value,High Risk / High Value,Month-to-month,13,115.04801713805158,87.54801713805158,True
0021-IKXGC,0.798475412741322,High Risk,72.1,High Value,High Risk / High Value,Month-to-month,1,224.5233013087323,197.0233013087323,True
6331-LWDTQ,0.5004311328484222,High Risk,72.15,High Value,High Risk / High Value,Month-to-month,10,140.8138143165533,113.3138143165533,True
8111-RKSPX,0.6737671161861193,High Risk,72.2,High Value,High Risk / High Value,Month-to-month,4,189.7193445756875,162.2193445756875,True
9819-FBNSV,0.3500897670626097,High Risk,72.25,High Value,High Risk / High Value,Month-to-month,37,98.64654411406687,71.14654411406687,True
4489-SNOJF,0.1250321106809473,Low Risk,72.25,High Value,Low Risk / High Value,Month-to-month,35,35.230922987123925,7.730922987123925,True
9518-IMLHK,0.1093568069293787,Low Risk,72.45,High Value,Low Risk / High Value,Month-to-month,31,30.8993125819306,3.3993125819306016,True
3295-YVUSR,0.7213354322663671,High Risk,72.6,High Value,High Risk / High Value,Month-to-month,2,204.23891429189916,176.73891429189916,True
4547-LYTDD,0.5695409573530379,High Risk,72.65,High Value,High Risk / High Value,Month-to-month,16,161.370887151623,133.870887151623,True
2616-UUTFK,0.181129160534839,Low Risk,72.75,High Value,Low Risk / High Value,Month-to-month,33,51.39087107274719,23.89087107274719,True
0581-BXBUB,0.6231334295289741,High Risk,72.75,High Value,High Risk / High Value,Month-to-month,4,176.79853229310817,149.29853229310817,True
5924-IFQTT,0.3485538134613857,High Risk,72.8,High Value,High Risk / High Value,Month-to-month,13,98.96139871795664,71.46139871795664,True
7128-GGCNO,0.2367691343494039,High Risk,72.8,High Value,High Risk / High Value,Month-to-month,46,67.22349262448274,39.723492624482745,True
1907-UBQFC,0.6422357390542613,High Risk,72.85,High Value,High Risk / High Value,Month-to-month,10,182.46880700140144,154.96880700140144,True
1391-UBDAR,0.5324838101099355,High Risk,72.9,High Value,High Risk / High Value,Month-to-month,11,151.3904720523558,123.89047205235579,True
0260-ZDLGK,0.335085098379456,High Risk,72.9,High Value,High Risk / High Value,Month-to-month,9,95.26804432026314,67.76804432026314,True
7693-QPEFS,0.3126643898158002,High Risk,72.95,High Value,High Risk / High Value,Month-to-month,52,88.95458222454425,61.454582224544254,True
1977-STDKI,0.7192667697224576,High Risk,73.0,High Value,High Risk / High Value,Month-to-month,1,204.7752493399837,177.2752493399837,True
5949-HGVJL,0.2911115878195512,High Risk,73.05,High Value,High Risk / High Value,Month-to-month,26,82.93623581185103,55.436235811851034,True
2101-RANCD,0.3200804995746096,High Risk,73.1,High Value,High Risk / High Value,Month-to-month,55,91.25174962372544,63.751749623725445,True
9903-LYSAB,0.6238556079791565,High Risk,73.15,High Value,High Risk / High Value,Month-to-month,18,177.97664712233367,150.47664712233367,True
8149-AIQCG,0.3381696071772623,High Risk,73.15,High Value,High Risk / High Value,Month-to-month,39,96.4747163835653,68.9747163835653,True
7517-SAWMO,0.4648116560270435,High Risk,73.2,High Value,High Risk / High Value,Month-to-month,19,132.69443156260036,105.19443156260036,True
7916-VCCPB,0.351257814861097,High Risk,73.25,High Value,High Risk / High Value,Month-to-month,16,100.34557626044388,72.84557626044388,True
6221-AVQYL,0.664821619009113,High Risk,73.25,High Value,High Risk / High Value,Month-to-month,2,189.92291601042837,162.42291601042837,True
8224-DWCKX,0.629683038055648,High Risk,73.3,High Value,High Risk / High Value,Month-to-month,12,180.0074900889681,152.5074900889681,True
0550-DCXLH,0.2358154181270699,High Risk,73.35,High Value,High Risk / High Value,Month-to-month,13,67.45853758652025,39.95853758652025,True
9747-DDZOS,0.5471669324907859,High Risk,73.5,High Value,High Risk / High Value,Month-to-month,1,156.84540119848378,129.34540119848378,True
5108-ADXWO,0.525375177152734,High Risk,73.5,High Value,High Risk / High Value,Month-to-month,11,150.59879453083119,123.09879453083119,True
8541-QVFKM,0.7113118362667246,High Risk,73.5,High Value,High Risk / High Value,Month-to-month,8,203.89753786585658,176.39753786585658,True
6513-EECDB,0.7904145020625942,High Risk,73.55,High Value,High Risk / High Value,Month-to-month,1,226.72644784414484,199.22644784414484,True
6360-SVNWV,0.3057435554712554,High Risk,73.55,High Value,High Risk / High Value,Month-to-month,31,87.70101016915227,60.20101016915227,True
0650-BWOZN,0.5830901311364678,High Risk,73.55,High Value,High Risk / High Value,Month-to-month,18,167.2564886658401,139.7564886658401,True
2983-ZANRP,0.5541640334637759,High Risk,73.55,High Value,High Risk / High Value,Month-to-month,2,158.95918217891676,131.45918217891676,True
5921-NGYRH,0.1058101061346221,Low Risk,73.55,High Value,Low Risk / High Value,Month-to-month,64,30.35109989418568,2.8510998941856798,True
6390-DSAZX,0.4930591249781203,High Risk,73.6,High Value,High Risk / High Value,Month-to-month,1,141.52769123371965,114.02769123371965,True
8617-ENBDS,0.5872866838778795,High Risk,73.6,High Value,High Risk / High Value,Month-to-month,3,168.57476974030655,141.07476974030655,True
1196-AMORA,0.6362551652990549,High Risk,73.6,High Value,High Risk / High Value,Month-to-month,7,182.6306826474407,155.1306826474407,True
0947-MUGVO,0.5556597300862876,High Risk,73.65,High Value,High Risk / High Value,Month-to-month,20,159.6049225713348,132.1049225713348,True
2474-LCNUE,0.3111601467881097,High Risk,73.65,High Value,High Risk / High Value,Month-to-month,23,89.3760847626827,61.876084762682694,True
8473-VUVJN,0.790644945725681,High Risk,73.65,High Value,High Risk / High Value,Month-to-month,1,227.100900985516,199.600900985516,True
0491-KAPQG,0.5992628213325235,High Risk,73.7,High Value,High Risk / High Value,Month-to-month,21,172.24611273560726,144.74611273560726,True
4585-HETAI,0.6418134118015426,High Risk,73.75,High Value,High Risk / High Value,Month-to-month,4,184.60158256941872,157.10158256941872,True
4860-IJUDE,0.4102193970976009,High Risk,73.75,High Value,High Risk / High Value,Month-to-month,13,117.98935409019747,90.48935409019747,True
3070-DVEYC,0.6030798105960378,High Risk,73.75,High Value,High Risk / High Value,Month-to-month,7,173.46083052268534,145.96083052268534,True
7603-USHJS,0.5422630752693756,High Risk,73.75,High Value,High Risk / High Value,Month-to-month,12,155.96841702435415,128.46841702435415,True
3055-OYMSE,0.2155152693232372,High Risk,73.8,High Value,High Risk / High Value,Month-to-month,53,62.029604816614125,34.529604816614125,True
6339-YPSAH,0.6315319796271301,High Risk,73.8,High Value,High Risk / High Value,Month-to-month,9,181.7675343762806,154.2675343762806,True
0122-OAHPZ,0.7145225113434603,High Risk,73.85,High Value,High Risk / High Value,Month-to-month,7,205.79320110458673,178.29320110458673,True
6896-SRVYQ,0.2920150999834587,High Risk,73.85,High Value,High Risk / High Value,Month-to-month,44,84.10472902173586,56.604729021735864,True
4854-CIDCF,0.6521393724043513,High Risk,73.85,High Value,High Risk / High Value,Month-to-month,3,187.82592134303923,160.32592134303923,True
8496-EJAUI,0.4156614795215875,High Risk,73.85,High Value,High Risk / High Value,Month-to-month,19,119.71674102441,92.21674102441,True
4652-NNHNY,0.5733071190452689,High Risk,73.85,High Value,High Risk / High Value,Month-to-month,16,165.12104989182313,137.62104989182313,True
2696-NARTR,0.5407535519858784,High Risk,73.85,High Value,High Risk / High Value,Month-to-month,11,155.74513427521276,128.24513427521276,True
8873-GLDMH,0.6412414329539248,High Risk,73.85,High Value,High Risk / High Value,Month-to-month,6,184.68715131222461,157.18715131222461,True
1450-SKCVI,0.2208629534952875,High Risk,73.85,High Value,High Risk / High Value,Month-to-month,56,63.611843550945224,36.111843550945224,True
0004-TLHLJ,0.6679585683428814,High Risk,73.9,High Value,High Risk / High Value,Month-to-month,4,192.51233898210185,165.01233898210185,True
2091-RFFBA,0.5639484363481735,High Risk,73.9,High Value,High Risk / High Value,Month-to-month,31,162.5355788399071,135.0355788399071,True
6599-CEBNN,0.2981572081650764,High Risk,73.95,High Value,High Risk / High Value,Month-to-month,34,85.99002962084887,58.49002962084887,True
0531-ZZJWQ,0.352880066174396,High Risk,74.0,High Value,High Risk / High Value,Month-to-month,55,101.84118709793069,74.34118709793069,True
8687-BAFGU,0.5351293940644446,High Risk,74.0,High Value,High Risk / High Value,Month-to-month,1,154.4383431269987,126.93834312699869,True
5188-HGMLP,0.224611997813392,High Risk,74.0,High Value,High Risk / High Value,Month-to-month,54,64.82302256894494,37.323022568944936,True
6860-YRJZP,0.7391274396866746,High Risk,74.05,High Value,High Risk / High Value,Month-to-month,9,213.4563089443132,185.9563089443132,True
1396-QWFBJ,0.3864086910698666,High Risk,74.05,High Value,High Risk / High Value,Month-to-month,21,111.59289793752211,84.09289793752211,True
4480-QQRHC,0.620444982234493,High Risk,74.05,High Value,High Risk / High Value,Month-to-month,8,179.1814086444104,151.6814086444104,True
1658-TJVOA,0.6263908884186643,High Risk,74.1,High Value,High Risk / High Value,Month-to-month,6,181.0207028441098,153.5207028441098,True
9850-OWRHQ,0.6597135426972692,High Risk,74.1,High Value,High Risk / High Value,Month-to-month,3,190.65061670408383,163.15061670408383,True
7077-XJMET,0.409683786959701,High Risk,74.15,High Value,High Risk / High Value,Month-to-month,12,118.47440593194115,90.97440593194115,True
6347-DCUIK,0.609461605040387,High Risk,74.15,High Value,High Risk / High Value,Month-to-month,10,176.24715425360435,148.74715425360435,True
7801-KICAO,0.6288534387865493,High Risk,74.15,High Value,High Risk / High Value,Month-to-month,18,181.85498169548828,154.35498169548828,True
3714-JTVOV,0.2445448844865708,High Risk,74.15,High Value,High Risk / High Value,Month-to-month,42,70.71871242024899,43.21871242024899,True
3094-JOJAI,0.4534308126964157,High Risk,74.15,High Value,High Risk / High Value,Month-to-month,18,131.12538956961302,103.62538956961302,True
5908-QMGOE,0.6069448414136568,High Risk,74.2,High Value,High Risk / High Value,Month-to-month,15,175.637698208284,148.137698208284,True
2880-FPNAE,0.7270857340647302,High Risk,74.2,High Value,High Risk / High Value,Month-to-month,2,210.40406972365165,182.90406972365165,True
1833-VGRUM,0.7929471548899024,High Risk,74.2,High Value,High Risk / High Value,Month-to-month,1,229.46304768203998,201.96304768203998,True
3002-WQZWT,0.5212485264425265,High Risk,74.2,High Value,High Risk / High Value,Month-to-month,29,150.83889858193834,123.33889858193834,True
8728-SKJLR,0.2833779627074256,High Risk,74.25,High Value,High Risk / High Value,Month-to-month,41,82.05917355100277,54.55917355100277,True
4116-TZAQJ,0.447090396168151,High Risk,74.25,High Value,High Risk / High Value,Month-to-month,9,129.46620147039232,101.96620147039232,True
3707-GNWHM,0.6774534959411752,High Risk,74.25,High Value,High Risk / High Value,Month-to-month,1,196.17359608716583,168.67359608716583,True
9306-CPCBC,0.7410972237224319,High Risk,74.25,High Value,High Risk / High Value,Month-to-month,3,214.6032285594232,187.1032285594232,True
4441-NIHPT,0.6476261215732667,High Risk,74.3,High Value,High Risk / High Value,Month-to-month,13,187.6626212482855,160.1626212482855,True
8775-ERLNB,0.725735466078507,High Risk,74.3,High Value,High Risk / High Value,Month-to-month,1,210.29636600556898,182.79636600556898,True
7503-QQRVF,0.4909868341841165,High Risk,74.3,High Value,High Risk / High Value,Month-to-month,16,142.27325494153143,114.77325494153143,True
2468-SJFLM,0.5291204873539783,High Risk,74.3,High Value,High Risk / High Value,Month-to-month,1,153.3232436205623,125.8232436205623,True
5201-FRKKS,0.2645169164980477,High Risk,74.3,High Value,High Risk / High Value,Month-to-month,25,76.64906689363929,49.14906689363929,True
8647-SDTWQ,0.2489419142530679,High Risk,74.3,High Value,High Risk / High Value,Month-to-month,57,72.13589849311148,44.63589849311148,True
9894-EZEWG,0.5768324888966364,High Risk,74.3,High Value,High Risk / High Value,Month-to-month,1,167.14875030757833,139.64875030757833,True
2272-QAGFO,0.7102640225803794,High Risk,74.3,High Value,High Risk / High Value,Month-to-month,14,205.81320582311653,178.31320582311653,True
8372-JUXUI,0.7212093103933628,High Risk,74.35,High Value,High Risk / High Value,Month-to-month,1,209.1254576882114,181.6254576882114,True
5956-VKDTT,0.76572682831488,High Risk,74.35,High Value,High Risk / High Value,Month-to-month,5,222.0339797723242,194.5339797723242,True
4450-MDZFX,0.1420776602971418,Low Risk,74.35,High Value,Low Risk / High Value,Month-to-month,60,41.19754876806073,13.697548768060727,True
4274-OWWYO,0.6638610451359189,High Risk,74.35,High Value,High Risk / High Value,Month-to-month,1,192.49646795283672,164.99646795283672,True
1867-BDVFH,0.6451159309024129,High Risk,74.35,High Value,High Risk / High Value,Month-to-month,11,187.06104090411816,159.56104090411816,True
9840-EFJQB,0.5893391438548378,High Risk,74.35,High Value,High Risk / High Value,Month-to-month,1,170.88772484786801,143.38772484786801,True
4343-EJVQB,0.3864194616339602,High Risk,74.35,High Value,High Risk / High Value,Month-to-month,7,112.04811919269126,84.54811919269126,True
8083-YTZES,0.7282734097560648,High Risk,74.35,High Value,High Risk / High Value,Month-to-month,4,211.1737992599173,183.6737992599173,True
0404-SWRVG,0.7373268021432395,High Risk,74.4,High Value,High Risk / High Value,Month-to-month,3,213.9427449098824,186.4427449098824,True
9947-OTFQU,0.5953976338966894,High Risk,74.4,High Value,High Risk / High Value,Month-to-month,15,172.76057745146343,145.26057745146343,True
0388-EOPEX,0.6060922894511653,High Risk,74.4,High Value,High Risk / High Value,Month-to-month,2,175.86373870715016,148.36373870715016,True
6680-WKXRZ,0.5988102725046763,High Risk,74.4,High Value,High Risk / High Value,Month-to-month,3,173.75078866995693,146.25078866995693,True
9283-LZQOH,0.5263544535040247,High Risk,74.4,High Value,High Risk / High Value,Month-to-month,13,152.7270082287278,125.22700822872781,True
8640-SDGKB,0.4908605643562428,High Risk,74.4,High Value,High Risk / High Value,Month-to-month,4,142.42810135360742,114.92810135360742,True
8699-ASUFO,0.6773413668170869,High Risk,74.4,High Value,High Risk / High Value,Month-to-month,7,196.53737099564592,169.03737099564592,True
0187-WZNAB,0.2110182838506724,High Risk,74.4,High Value,High Risk / High Value,Month-to-month,27,61.22906524211112,33.72906524211112,True
4102-OQUPX,0.7881249082350125,High Risk,74.4,High Value,High Risk / High Value,Month-to-month,1,228.68232337347123,201.18232337347123,True
6022-UGGSO,0.4471274708341323,High Risk,74.4,High Value,High Risk / High Value,Month-to-month,32,129.73850693723182,102.23850693723182,True
4505-EXZHB,0.6265322057418877,High Risk,74.4,High Value,High Risk / High Value,Month-to-month,6,181.7945848180662,154.2945848180662,True
3551-HUAZH,0.7886272888344841,High Risk,74.4,High Value,High Risk / High Value,Month-to-month,1,228.8280941282139,201.3280941282139,True
8685-WHQPW,0.575306222412315,High Risk,74.4,High Value,High Risk / High Value,Month-to-month,22,166.93085349515735,139.43085349515735,True
8361-LTMKD,0.7002580603166099,High Risk,74.4,High Value,High Risk / High Value,Month-to-month,4,203.18687878146756,175.68687878146756,True
2656-FMOKZ,0.6200517475161846,High Risk,74.45,High Value,High Risk / High Value,Month-to-month,15,180.0351251500618,152.5351251500618,True
1197-BVMVG,0.7740628564382199,High Risk,74.45,High Value,High Risk / High Value,Month-to-month,4,224.75302068111935,197.25302068111935,True
3703-KBKZP,0.6217876015225039,High Risk,74.45,High Value,High Risk / High Value,Month-to-month,16,180.53913904006663,153.03913904006663,True
2982-IHMFT,0.7265661910896583,High Risk,74.45,High Value,High Risk / High Value,Month-to-month,1,210.96212641383772,183.46212641383772,True
9398-MMQTO,0.4677278893424977,High Risk,74.45,High Value,High Risk / High Value,Month-to-month,3,135.80713131004092,108.30713131004092,True
0723-DRCLG,0.7917856316951277,High Risk,74.45,High Value,High Risk / High Value,Month-to-month,1,229.8989170908388,202.3989170908388,True
3488-PGMQJ,0.6567480559714717,High Risk,74.5,High Value,High Risk / High Value,Month-to-month,8,190.8181476625111,163.3181476625111,True
7180-PISOG,0.7201140989291048,High Risk,74.5,High Value,High Risk / High Value,Month-to-month,1,209.2291514438514,181.7291514438514,True
3235-ETOOB,0.5500541981897437,High Risk,74.5,High Value,High Risk / High Value,Month-to-month,8,159.81824728403004,132.31824728403004,True
7823-JSOAG,0.664774805933601,High Risk,74.5,High Value,High Risk / High Value,Month-to-month,3,193.15031986400783,165.65031986400783,True
4415-IJZTP,0.7544301069521259,High Risk,74.5,High Value,High Risk / High Value,Month-to-month,1,219.19966757494018,191.69966757494018,True
2985-JUUBZ,0.3027939044674328,High Risk,74.55,High Value,High Risk / High Value,Month-to-month,40,88.03581375438375,60.53581375438375,True
5839-SUYVZ,0.387383712580987,High Risk,74.55,High Value,High Risk / High Value,Month-to-month,16,112.62987751435907,85.12987751435907,True
1163-ONYEY,0.1124881205764479,Low Risk,74.55,High Value,Low Risk / High Value,Month-to-month,41,32.70535861699934,5.205358616999341,True
0709-TVGUR,0.7387263798786791,High Risk,74.55,High Value,High Risk / High Value,Month-to-month,9,214.7810013178265,187.2810013178265,True
1428-GTBJJ,0.5804423099412899,High Risk,74.55,High Value,High Risk / High Value,Month-to-month,11,168.76069940388032,141.26069940388032,True
7088-FBAWU,0.1824060960026522,Low Risk,74.55,High Value,Low Risk / High Value,Month-to-month,17,53.03366038229112,25.533660382291117,True
2325-NBPZG,0.5991591396480912,High Risk,74.55,High Value,High Risk / High Value,Month-to-month,3,174.2025240569843,146.7025240569843,True
2024-BASKD,0.6130853595158422,High Risk,74.6,High Value,High Risk / High Value,Month-to-month,1,178.37105449753912,150.87105449753912,True
1866-OBPNR,0.4465512635069,High Risk,74.6,High Value,High Risk / High Value,Month-to-month,1,129.91962460469747,102.41962460469747,True
5405-ZMYXQ,0.6139919461125765,High Risk,74.6,High Value,High Risk / High Value,Month-to-month,8,178.634816801993,151.134816801993,True
7978-DKUQH,0.4872458835881343,High Risk,74.6,High Value,High Risk / High Value,Month-to-month,25,141.7593173711318,114.2593173711318,True
3746-EUBYR,0.6871257978731045,High Risk,74.6,High Value,High Risk / High Value,Month-to-month,1,199.912379633201,172.412379633201,True
3411-WLRSQ,0.6312379315982216,High Risk,74.6,High Value,High Risk / High Value,Month-to-month,3,183.65236381918658,156.15236381918658,True
3452-SRFEG,0.2911388228223437,High Risk,74.6,High Value,High Risk / High Value,Month-to-month,49,84.70392911193268,57.20392911193268,True
0927-LCSMG,0.4722153575735773,High Risk,74.65,High Value,High Risk / High Value,Month-to-month,7,137.47841812718346,109.97841812718346,True
7341-LXCAF,0.7288429677197305,High Risk,74.65,High Value,High Risk / High Value,Month-to-month,4,212.19169740708378,184.69169740708378,True
4013-UBXWQ,0.543457089877223,High Risk,74.65,High Value,High Risk / High Value,Month-to-month,7,158.21937986140534,130.71937986140534,True
8659-HDIYE,0.0599464116205096,Low Risk,74.65,High Value,Low Risk / High Value,Month-to-month,64,17.452498547137065,-10.047501452862935,False
5399-ZIMKF,0.6311803573826136,High Risk,74.65,High Value,High Risk / High Value,Month-to-month,5,183.75869334658722,156.25869334658722,True
1518-VOWAV,0.4170150970830591,High Risk,74.65,High Value,High Risk / High Value,Month-to-month,9,121.40769028927642,93.90769028927642,True
8591-NXRCV,0.1218839340134522,Low Risk,74.65,High Value,Low Risk / High Value,Month-to-month,41,35.48467912900641,7.984679129006409,True
2424-WVHPL,0.5853937956445664,High Risk,74.7,High Value,High Risk / High Value,Month-to-month,1,170.54277448513156,143.04277448513156,True
9399-APLBT,0.632573166378937,High Risk,74.7,High Value,High Risk / High Value,Month-to-month,1,184.28754056117575,156.78754056117575,True
5240-IJOQT,0.7878162509967349,High Risk,74.7,High Value,High Risk / High Value,Month-to-month,1,229.51450840287885,202.01450840287885,True
2761-OCIAX,0.7026325819272968,High Risk,74.7,High Value,High Risk / High Value,Month-to-month,2,204.6979500928794,177.1979500928794,True
3765-JXVKY,0.6676892761658149,High Risk,74.7,High Value,High Risk / High Value,Month-to-month,1,194.51791682538686,167.01791682538686,True
0439-IFYUN,0.5737092871722679,High Risk,74.7,High Value,High Risk / High Value,Month-to-month,18,167.13872663189682,139.63872663189682,True
0191-ZHSKZ,0.2818816545135296,High Risk,74.75,High Value,High Risk / High Value,Month-to-month,30,82.17554933205672,54.67554933205672,True
2800-VEQXM,0.5966025999153423,High Risk,74.75,High Value,High Risk / High Value,Month-to-month,3,173.92457294032016,146.42457294032016,True
4546-FOKWR,0.5432780999612432,High Risk,74.75,High Value,High Risk / High Value,Month-to-month,16,158.37914809120144,130.87914809120144,True
4770-UEZOX,0.6541436948251923,High Risk,74.75,High Value,High Risk / High Value,Month-to-month,2,190.6992406339142,163.1992406339142,True
9169-BSVIN,0.4080377571807009,High Risk,74.75,High Value,High Risk / High Value,Month-to-month,12,118.95320716210384,91.45320716210384,True
4282-YMKNA,0.6996612661948066,High Risk,74.75,High Value,High Risk / High Value,Month-to-month,9,203.968750627441,176.468750627441,True
8065-YKXKD,0.6933514892028811,High Risk,74.75,High Value,High Risk / High Value,Month-to-month,10,202.12929288986993,174.62929288986993,True
6424-ELEYH,0.657403932885344,High Risk,74.75,High Value,High Risk / High Value,Month-to-month,3,191.64968153439992,164.14968153439992,True
6572-ADKRS,0.2434580378119961,High Risk,74.8,High Value,High Risk / High Value,Month-to-month,46,71.02157879051549,43.52157879051549,True
2984-MIIZL,0.5958738482853699,High Risk,74.8,High Value,High Risk / High Value,Month-to-month,4,173.8283190218081,146.3283190218081,True
4826-TZEVA,0.1939114830837094,Low Risk,74.8,High Value,Low Risk / High Value,Month-to-month,40,56.5678578451797,29.067857845179702,True
7401-RUBNK,0.3887299518806058,High Risk,74.8,High Value,High Risk / High Value,Month-to-month,18,113.40030156261031,85.90030156261031,True
3030-YDNRM,0.6981818882507353,High Risk,74.85,High Value,High Risk / High Value,Month-to-month,8,203.80976590871342,176.30976590871342,True
9334-GWGOW,0.7470228003182041,High Risk,74.85,High Value,High Risk / High Value,Month-to-month,7,218.06716075488856,190.56716075488856,True
8778-LMWTJ,0.5480334160499538,High Risk,74.85,High Value,High Risk / High Value,Month-to-month,9,159.97917464622225,132.47917464622225,True
7235-NXZCP,0.7139427496188538,High Risk,74.85,High Value,High Risk / High Value,Month-to-month,2,208.41059775498775,180.91059775498775,True
0265-EDXBD,0.545600999407938,High Risk,74.9,High Value,High Risk / High Value,Month-to-month,32,159.37550793705282,131.87550793705282,True
6358-LYNGM,0.7489519137281571,High Risk,74.9,High Value,High Risk / High Value,Month-to-month,1,218.77634351913196,191.27634351913196,True
1475-VWVDO,0.6392327811733395,High Risk,74.9,High Value,High Risk / High Value,Month-to-month,7,186.72628770854422,159.22628770854422,True
0618-XWMSS,0.2728278488386364,High Risk,74.9,High Value,High Risk / High Value,Month-to-month,28,79.69574292425409,52.19574292425409,True
4229-CZMLL,0.7155764885605483,High Risk,74.9,High Value,High Risk / High Value,Month-to-month,6,209.02704807342178,181.52704807342178,True
6996-KNSML,0.6935789936273239,High Risk,74.9,High Value,High Risk / High Value,Month-to-month,1,202.6013598284776,175.1013598284776,True
6711-FLDFB,0.7128203030637774,High Risk,74.9,High Value,High Risk / High Value,Month-to-month,7,208.22193872796004,180.72193872796004,True
0722-TROQR,0.7742002408186895,High Risk,74.9,High Value,High Risk / High Value,Month-to-month,4,226.1516323455474,198.6516323455474,True
7571-YXDAD,0.584959002125854,High Risk,74.9,High Value,High Risk / High Value,Month-to-month,2,170.87237411098323,143.37237411098323,True
4948-WBBKL,0.4443296385553914,High Risk,74.9,High Value,High Risk / High Value,Month-to-month,36,129.7931307184154,102.2931307184154,True
6856-RAURS,0.6715042869941493,High Risk,74.9,High Value,High Risk / High Value,Month-to-month,2,196.15311727386097,168.65311727386097,True
6906-ANDWJ,0.532750252919776,High Risk,74.9,High Value,High Risk / High Value,Month-to-month,15,155.6216763803958,128.1216763803958,True
5233-AOZUF,0.5290946505600957,High Risk,74.95,High Value,High Risk / High Value,Month-to-month,29,154.65701183196882,127.15701183196882,True
1157-BQCUW,0.7487996280933104,High Risk,74.95,High Value,High Risk / High Value,Month-to-month,1,218.87787528981508,191.37787528981508,True
1024-VRZHF,0.6762639534007217,High Risk,74.95,High Value,High Risk / High Value,Month-to-month,11,197.67533489879793,170.17533489879793,True
3858-VOBET,0.5773110501393992,High Risk,74.95,High Value,High Risk / High Value,Month-to-month,23,168.7509065109971,141.2509065109971,True
9685-WKZGT,0.6995551345559613,High Risk,74.95,High Value,High Risk / High Value,Month-to-month,14,204.4834636063803,176.9834636063803,True
4090-KPJIP,0.7389972842557485,High Risk,74.95,High Value,High Risk / High Value,Month-to-month,3,216.01260117437658,188.51260117437658,True
4503-BDXBD,0.493256111248221,High Risk,74.95,High Value,High Risk / High Value,Month-to-month,11,144.18122759841123,116.68122759841123,True
3943-KDREE,0.4726278956408163,High Risk,74.95,High Value,High Risk / High Value,Month-to-month,26,138.1514970352888,110.6514970352888,True
2080-GKCWQ,0.5729524929341004,High Risk,74.95,High Value,High Risk / High Value,Month-to-month,2,167.47687844710225,139.97687844710225,True
9286-DOJGF,0.4304933527011422,High Risk,74.95,High Value,High Risk / High Value,Month-to-month,38,125.83535946130738,98.33535946130738,True
9274-CNFMO,0.7025274654832493,High Risk,74.95,High Value,High Risk / High Value,Month-to-month,4,205.35229079808119,177.85229079808119,True
7850-VWJUU,0.3530416857011133,High Risk,75.0,High Value,High Risk / High Value,Month-to-month,23,103.26469306757562,75.76469306757562,True
7993-PYKOF,0.4644067855641259,High Risk,75.0,High Value,High Risk / High Value,Month-to-month,8,135.83898477750682,108.33898477750682,True
9552-TGUZV,0.4614942497417746,High Risk,75.0,High Value,High Risk / High Value,Month-to-month,8,134.9870680494691,107.48706804946909,True
5899-MQZZL,0.5834216829582363,High Risk,75.0,High Value,High Risk / High Value,Month-to-month,13,170.65084226528413,143.15084226528413,True
7611-YKYTC,0.244361806832306,High Risk,75.0,High Value,High Risk / High Value,Month-to-month,22,71.4758284984495,43.9758284984495,True
8676-TRMJS,0.5774766557061933,High Risk,75.0,High Value,High Risk / High Value,Month-to-month,3,168.91192179406156,141.41192179406156,True
3276-HDUEG,0.6796164907206814,High Risk,75.05,High Value,High Risk / High Value,Month-to-month,1,198.92034875148983,171.42034875148983,True
3966-HRMZA,0.5619677597354036,High Risk,75.05,High Value,High Risk / High Value,Month-to-month,3,164.48515343575394,136.98515343575394,True
9494-MRNYX,0.6086908221339978,High Risk,75.05,High Value,High Risk / High Value,Month-to-month,10,178.16076018451048,150.66076018451048,True
1980-KXVPM,0.705451705146818,High Risk,75.05,High Value,High Risk / High Value,Month-to-month,3,206.4821868379479,178.9821868379479,True
1452-VOQCH,0.7483424029943743,High Risk,75.1,High Value,High Risk / High Value,Month-to-month,1,219.1820064130223,191.6820064130223,True
2276-YDAVZ,0.6595686728769617,High Risk,75.1,High Value,High Risk / High Value,Month-to-month,3,193.18106859893334,165.68106859893334,True
5146-CBVOE,0.381211316698192,High Risk,75.1,High Value,High Risk / High Value,Month-to-month,16,111.65298254773347,84.15298254773347,True
7993-NQLJE,0.2878052506375022,High Risk,75.1,High Value,High Risk / High Value,Month-to-month,15,84.29527985921801,56.79527985921801,True
8816-VXNZD,0.7526253963763507,High Risk,75.1,High Value,High Risk / High Value,Month-to-month,1,220.43645234466933,192.93645234466933,True
8107-KNCIM,0.6969167703252803,High Risk,75.1,High Value,High Risk / High Value,Month-to-month,14,204.11995286057132,176.61995286057132,True
7912-SYRQT,0.6459327800949527,High Risk,75.1,High Value,High Risk / High Value,Month-to-month,7,189.1872519620107,161.6872519620107,True
9191-MYQKX,0.5699190910555942,High Risk,75.15,High Value,High Risk / High Value,Month-to-month,7,167.03473680202885,139.53473680202885,True
8325-QRPZR,0.6459178206223034,High Risk,75.15,High Value,High Risk / High Value,Month-to-month,7,189.3088244570878,161.8088244570878,True
0867-LDTTC,0.3253785037504007,High Risk,75.15,High Value,High Risk / High Value,Month-to-month,5,95.3635587716862,67.8635587716862,True
5570-PTWEH,0.6550504927405365,High Risk,75.15,High Value,High Risk / High Value,Month-to-month,3,191.98547366486017,164.48547366486017,True
0257-ZESQC,0.3583750986623465,High Risk,75.2,High Value,High Risk / High Value,Month-to-month,27,105.104248935693,77.604248935693,True
2460-NGXBJ,0.5955608897235353,High Risk,75.2,High Value,High Risk / High Value,Month-to-month,11,174.66609773811845,147.16609773811845,True
0196-JTUQI,0.603947347501309,High Risk,75.2,High Value,High Risk / High Value,Month-to-month,9,177.12567807518388,149.62567807518388,True
0617-FHSGK,0.1835703286135901,Low Risk,75.2,High Value,Low Risk / High Value,Month-to-month,49,53.83750597579372,26.337505975793718,True
7730-IUTDZ,0.2585935855517409,High Risk,75.2,High Value,High Risk / High Value,Month-to-month,43,75.84032677061457,48.34032677061457,True
9821-POOTN,0.4677883731083212,High Risk,75.2,High Value,High Risk / High Value,Month-to-month,35,137.19297406520846,109.69297406520846,True
5879-SESNB,0.6069076006889611,High Risk,75.25,High Value,High Risk / High Value,Month-to-month,11,178.11220811219286,150.61220811219286,True
0925-VYDLG,0.6687481178893872,High Risk,75.25,High Value,High Risk / High Value,Month-to-month,3,196.2608538975879,168.7608538975879,True
3199-XGZCY,0.701867628653557,High Risk,75.25,High Value,High Risk / High Value,Month-to-month,8,205.98060231910267,178.48060231910267,True
3208-YPIOE,0.3617897817600738,High Risk,75.25,High Value,High Risk / High Value,Month-to-month,39,106.17625620203766,78.67625620203766,True
5122-CYFXA,0.4725735692133362,High Risk,75.3,High Value,High Risk / High Value,Month-to-month,3,138.78068007088044,111.28068007088044,True
5564-NEMQO,0.6721242192073099,High Risk,75.3,High Value,High Risk / High Value,Month-to-month,1,197.3827194546107,169.8827194546107,True
3627-FHKBK,0.4388047053906665,High Risk,75.3,High Value,High Risk / High Value,Month-to-month,1,128.86377783207703,101.36377783207703,True
3014-WJKSM,0.3609608496063954,High Risk,75.3,High Value,High Risk / High Value,Month-to-month,29,106.00337270391014,78.50337270391014,True
5934-TSSAU,0.3725361597971564,High Risk,75.3,High Value,High Risk / High Value,Month-to-month,23,109.40269404763092,81.90269404763092,True
9787-XVQIU,0.7477319108926131,High Risk,75.3,High Value,High Risk / High Value,Month-to-month,1,219.5864302718337,192.0864302718337,True
9518-XXBXE,0.4946578629839838,High Risk,75.3,High Value,High Risk / High Value,Month-to-month,10,145.26617462250653,117.76617462250653,True
9940-RHLFB,0.6149671675641014,High Risk,75.3,High Value,High Risk / High Value,Month-to-month,1,180.59740809854966,153.09740809854966,True
8020-BWHYL,0.5054747353977952,High Risk,75.3,High Value,High Risk / High Value,Month-to-month,15,148.44276554427051,120.94276554427051,True
1228-ZLNBX,0.4196911702095614,High Risk,75.3,High Value,High Risk / High Value,Month-to-month,21,123.2507059554419,95.7507059554419,True
0221-WMXNQ,0.5481929213616724,High Risk,75.35,High Value,High Risk / High Value,Month-to-month,4,161.09471283594786,133.59471283594786,True
3733-LSYCE,0.3862095875763053,High Risk,75.35,High Value,High Risk / High Value,Month-to-month,15,113.49348045311095,85.99348045311095,True
8519-QJGJD,0.500369920488047,High Risk,75.35,High Value,High Risk / High Value,Month-to-month,14,147.04120668421993,119.54120668421993,True
5054-IEXZT,0.6254821340135421,High Risk,75.35,High Value,High Risk / High Value,Month-to-month,1,183.80730731188956,156.30730731188956,True
1596-BBVTG,0.3000362063288451,High Risk,75.35,High Value,High Risk / High Value,Month-to-month,35,88.17013977282606,60.67013977282606,True
0840-DFEZH,0.7127472337156687,High Risk,75.35,High Value,High Risk / High Value,Month-to-month,7,209.451465835855,181.951465835855,True
4988-IQIGL,0.7860512100933884,High Risk,75.35,High Value,High Risk / High Value,Month-to-month,1,230.99293885409355,203.49293885409355,True
2842-BCQGE,0.3079737253287633,High Risk,75.35,High Value,High Risk / High Value,Month-to-month,43,90.50269879373704,63.00269879373704,True
1602-IJQQE,0.6619386450623198,High Risk,75.35,High Value,High Risk / High Value,Month-to-month,4,194.52059993123862,167.02059993123862,True
1746-TGTWV,0.5117728037607806,High Risk,75.35,High Value,High Risk / High Value,Month-to-month,1,150.39211497716178,122.89211497716178,True
3956-CJUST,0.3923773861507937,High Risk,75.4,High Value,High Risk / High Value,Month-to-month,23,115.38249417150243,87.88249417150243,True
4301-VVZKA,0.6340065686742112,High Risk,75.4,High Value,High Risk / High Value,Month-to-month,16,186.43597158433857,158.93597158433857,True
6217-TOWGS,0.4296435749090802,High Risk,75.4,High Value,High Risk / High Value,Month-to-month,17,126.34098963776411,98.84098963776411,True
2077-MPJQO,0.7480231445376435,High Risk,75.4,High Value,High Risk / High Value,Month-to-month,7,219.96368588273947,192.46368588273947,True
2122-YWVYA,0.4663786418255419,High Risk,75.4,High Value,High Risk / High Value,Month-to-month,18,137.14330341521887,109.64330341521887,True
8155-IBNHG,0.4708211853121038,High Risk,75.4,High Value,High Risk / High Value,Month-to-month,24,138.44967775287728,110.94967775287728,True
5834-ASPWA,0.7472733982972963,High Risk,75.45,High Value,High Risk / High Value,Month-to-month,1,219.88893381597097,192.38893381597097,True
7410-YTJIK,0.5444414285228534,High Risk,75.45,High Value,High Risk / High Value,Month-to-month,7,160.20461254999225,132.70461254999225,True
2452-SNHFZ,0.1303003308636156,Low Risk,75.45,High Value,Low Risk / High Value,Month-to-month,47,38.341523858273206,10.841523858273206,True
2516-VQRRV,0.7167073584029545,High Risk,75.45,High Value,High Risk / High Value,Month-to-month,2,210.89472374686142,183.39472374686142,True
1216-JWVUX,0.4178644363627889,High Risk,75.5,High Value,High Risk / High Value,Month-to-month,25,123.0401832870232,95.5401832870232,True
1989-PRJHP,0.5839623447939577,High Risk,75.5,High Value,High Risk / High Value,Month-to-month,27,171.94771242458086,144.44771242458086,True
3522-CDKHF,0.2742458792259885,High Risk,75.5,High Value,High Risk / High Value,Month-to-month,32,80.7516991380923,53.251699138092306,True
0817-HSUSE,0.5128389416121791,High Risk,75.5,High Value,High Risk / High Value,Month-to-month,1,151.00542635770614,123.50542635770614,True
7020-OZKXZ,0.4981042372757063,High Risk,75.5,High Value,High Risk / High Value,Month-to-month,9,146.66679266583174,119.16679266583174,True
8185-UPYBR,0.710980998324187,High Risk,75.5,High Value,High Risk / High Value,Month-to-month,6,209.34835495655688,181.84835495655688,True
1320-HTRDR,0.7377208864285233,High Risk,75.5,High Value,High Risk / High Value,Month-to-month,3,217.22191500887868,189.72191500887868,True
0506-LVNGN,0.6174111617121916,High Risk,75.55,High Value,High Risk / High Value,Month-to-month,5,181.9171117426887,154.4171117426887,True
5043-TRZWM,0.614008027877955,High Risk,75.55,High Value,High Risk / High Value,Month-to-month,1,180.91439537410005,153.41439537410005,True
7817-BOQPW,0.7455150923277517,High Risk,75.55,High Value,High Risk / High Value,Month-to-month,2,219.6622943789104,192.1622943789104,True
8695-ARGXZ,0.5232904980450991,High Risk,75.55,High Value,High Risk / High Value,Month-to-month,34,154.18492879649824,126.68492879649824,True
9250-WYPLL,0.6532902737239028,High Risk,75.55,High Value,High Risk / High Value,Month-to-month,5,192.48871270137934,164.98871270137934,True
4360-PNRQB,0.5466568625436484,High Risk,75.6,High Value,High Risk / High Value,Month-to-month,18,161.1763093523693,133.6763093523693,True
6825-UYPFK,0.4226327270241442,High Risk,75.6,High Value,High Risk / High Value,Month-to-month,23,124.60903323579866,97.10903323579866,True
8584-KMVXD,0.5186123546410425,High Risk,75.6,High Value,High Risk / High Value,Month-to-month,8,152.90766664236497,125.40766664236497,True
6198-ZFIOJ,0.6523434474751351,High Risk,75.6,High Value,High Risk / High Value,Month-to-month,5,192.33694205356883,164.83694205356883,True
3987-KQDDU,0.4504801870993922,High Risk,75.6,High Value,High Risk / High Value,Month-to-month,9,132.8195783643848,105.3195783643848,True
0529-ONKER,0.6145935364325735,High Risk,75.65,High Value,High Risk / High Value,Month-to-month,15,181.32660402138433,153.82660402138433,True
4749-OJKQU,0.7307504900804846,High Risk,75.65,High Value,High Risk / High Value,Month-to-month,4,215.59697084089584,188.09697084089584,True
6034-YMTOB,0.4959169272358222,High Risk,75.65,High Value,High Risk / High Value,Month-to-month,5,146.31285062702082,118.81285062702082,True
4431-EDMIQ,0.2557383774251232,High Risk,75.7,High Value,High Risk / High Value,Month-to-month,7,75.50164116721912,48.00164116721912,True
8433-WXGNA,0.5997884829481739,High Risk,75.7,High Value,High Risk / High Value,Month-to-month,2,177.0755538207894,149.5755538207894,True
5196-SGOAK,0.6640861386028185,High Risk,75.7,High Value,High Risk / High Value,Month-to-month,1,196.0581506997101,168.5581506997101,True
9943-VSZUV,0.2004274631140765,High Risk,75.7,High Value,High Risk / High Value,Month-to-month,67,59.17219993516882,31.67219993516882,True
1262-OPMFY,0.5507678699814298,High Risk,75.75,High Value,High Risk / High Value,Month-to-month,9,162.7105979892639,135.2105979892639,True
5652-MSDEY,0.6061493560636184,High Risk,75.75,High Value,High Risk / High Value,Month-to-month,10,179.07167351509446,151.57167351509446,True
0064-YIJGF,0.4183141073371015,High Risk,75.75,High Value,High Risk / High Value,Month-to-month,27,123.5804451600632,96.0804451600632,True
7130-VTEWQ,0.7450507059389172,High Risk,75.75,High Value,High Risk / High Value,Month-to-month,8,220.10660480200463,192.60660480200463,True
6894-LFHLY,0.7849597315013555,High Risk,75.75,High Value,High Risk / High Value,Month-to-month,1,231.89672867878795,204.39672867878795,True
7595-EUIVN,0.5836440715414628,High Risk,75.8,High Value,High Risk / High Value,Month-to-month,1,172.53686042908723,145.03686042908723,True
5159-YFPKQ,0.6835302462388034,High Risk,75.8,High Value,High Risk / High Value,Month-to-month,2,202.06521139311508,174.56521139311508,True
9800-ONTFE,0.4718079739772671,High Risk,75.8,High Value,High Risk / High Value,Month-to-month,22,139.4758732671597,111.9758732671597,True
4581-SSPWD,0.7382582395448971,High Risk,75.8,High Value,High Risk / High Value,Month-to-month,3,218.24390077426244,190.74390077426244,True
3519-ZKXGG,0.7381154493965344,High Risk,75.85,High Value,High Risk / High Value,Month-to-month,3,218.3456216632358,190.8456216632358,True
7354-OIJLX,0.6921296664478634,High Risk,75.85,High Value,High Risk / High Value,Month-to-month,9,204.74233728027468,177.24233728027468,True
5022-JNQEQ,0.5076539082220375,High Risk,75.85,High Value,High Risk / High Value,Month-to-month,9,150.17164086070204,122.67164086070204,True
3583-KRKMD,0.3895838081566399,High Risk,75.9,High Value,High Risk / High Value,Month-to-month,18,115.32070305244699,87.82070305244699,True
1618-CFHME,0.7431029749064824,High Risk,75.9,High Value,High Risk / High Value,Month-to-month,2,219.96591160206788,192.46591160206788,True
5035-BVCXS,0.4883470927126911,High Risk,75.9,High Value,High Risk / High Value,Month-to-month,11,144.5556229138837,117.0556229138837,True
3074-GQWYX,0.6506968805337209,High Risk,75.9,High Value,High Risk / High Value,Month-to-month,5,192.61278360678673,165.11278360678673,True
0231-LXVAP,0.6111538650157988,High Risk,75.9,High Value,High Risk / High Value,Month-to-month,1,180.90765558332663,153.40765558332663,True
5448-VWNAM,0.1710906932273564,Low Risk,75.9,High Value,Low Risk / High Value,Month-to-month,19,50.64455610222977,23.14455610222977,True
6959-GQEGV,0.1727891844592715,Low Risk,75.95,High Value,Low Risk / High Value,Month-to-month,45,51.18102038275852,23.68102038275852,True
6960-HVYXR,0.6804631939375136,High Risk,76.0,High Value,High Risk / High Value,Month-to-month,1,201.6892906830791,174.1892906830791,True
2476-YGEFM,0.4323326362131109,High Risk,76.0,High Value,High Risk / High Value,Month-to-month,29,128.14339337356608,100.64339337356608,True
3315-TOTBP,0.5551048039166361,High Risk,76.0,High Value,High Risk / High Value,Month-to-month,15,164.53306388089095,137.03306388089095,True
3780-DDGSE,0.2347120563188403,High Risk,76.05,High Value,High Risk / High Value,Month-to-month,35,69.61442234388645,42.114422343886446,True
7576-OYWBN,0.7722608545050049,High Risk,76.05,High Value,High Risk / High Value,Month-to-month,3,229.0487081419119,201.5487081419119,True
8443-ZRDBZ,0.7259039334128105,High Risk,76.05,High Value,High Risk / High Value,Month-to-month,4,215.29947713057254,187.79947713057254,True
8486-AYEQH,0.5023488110078135,High Risk,76.05,High Value,High Risk / High Value,Month-to-month,31,148.99414560086245,121.49414560086245,True
7534-BFESC,0.610915853583111,High Risk,76.1,High Value,High Risk / High Value,Month-to-month,24,181.31371618493148,153.81371618493148,True
3370-HXOPH,0.6666778719369667,High Risk,76.1,High Value,High Risk / High Value,Month-to-month,3,197.86332561217233,170.36332561217233,True
2523-EWWZL,0.4440050461860812,High Risk,76.1,High Value,High Risk / High Value,Month-to-month,27,131.77625765756704,104.27625765756704,True
7175-NTIXE,0.1831610727507133,Low Risk,76.15,High Value,Low Risk / High Value,Month-to-month,25,54.39609119087059,26.896091190870592,True
4080-IIARD,0.3005916729357644,High Risk,76.2,High Value,High Risk / High Value,Month-to-month,13,89.32983336305045,61.829833363050454,True
9444-JTXHZ,0.6053435886582137,High Risk,76.2,High Value,High Risk / High Value,Month-to-month,1,179.89600767744795,152.39600767744795,True
8696-JKZNU,0.5147980908949243,High Risk,76.25,High Value,High Risk / High Value,Month-to-month,37,153.08808227987814,125.58808227987814,True
5928-QLDHB,0.6881594526015472,High Risk,76.25,High Value,High Risk / High Value,Month-to-month,9,204.64141721738514,177.14141721738514,True
5393-HJZSM,0.0687570388291213,Low Risk,76.3,High Value,Low Risk / High Value,Month-to-month,32,20.460032044381627,-7.039967955618373,False
6910-HADCM,0.6109328605489507,High Risk,76.35,High Value,High Risk / High Value,Month-to-month,1,181.9144232213583,154.4144232213583,True
7598-UAASY,0.5961343732811898,High Risk,76.4,High Value,High Risk / High Value,Month-to-month,2,177.62419786286335,150.12419786286335,True
3969-GYXEL,0.4374673484321287,High Risk,76.4,High Value,High Risk / High Value,Month-to-month,11,130.3477711388371,102.84777113883709,True
1597-FZREH,0.4219010223291157,High Risk,76.4,High Value,High Risk / High Value,Month-to-month,2,125.70962861318333,98.20962861318333,True
3296-SILRA,0.6274489868705392,High Risk,76.4,High Value,High Risk / High Value,Month-to-month,1,186.9547001279459,159.4547001279459,True
2070-FNEXE,0.4466209536830639,High Risk,76.45,High Value,High Risk / High Value,Month-to-month,7,133.16227044537393,105.66227044537393,True
2528-HFYZX,0.5699573048884473,High Risk,76.45,High Value,High Risk / High Value,Month-to-month,17,169.935620239015,142.435620239015,True
7901-HXJVA,0.497001278459172,High Risk,76.45,High Value,High Risk / High Value,Month-to-month,14,148.18341617899443,120.68341617899443,True
9248-OJYKK,0.7830399298535635,High Risk,76.45,High Value,High Risk / High Value,Month-to-month,1,233.46727028548926,205.96727028548926,True
4846-WHAFZ,0.5150137181156857,High Risk,76.5,High Value,High Risk / High Value,Month-to-month,37,153.65434279981486,126.15434279981486,True
7625-XCQRH,0.6771387090157551,High Risk,76.5,High Value,High Risk / High Value,Month-to-month,11,202.02433383485055,174.52433383485055,True
0637-KVDLV,0.7379096915253527,High Risk,76.5,High Value,High Risk / High Value,Month-to-month,2,220.155356466589,192.655356466589,True
6476-YHMGA,0.2102303721108396,High Risk,76.5,High Value,High Risk / High Value,Month-to-month,15,62.722231519268995,35.222231519268995,True
2305-MRGLV,0.2359348697644683,High Risk,76.55,High Value,High Risk / High Value,Month-to-month,28,70.43717569383318,42.93717569383318,True
1689-YQBYY,0.6332668205108072,High Risk,76.6,High Value,High Risk / High Value,Month-to-month,12,189.1821299593985,161.6821299593985,True
1092-GANHU,0.5528860391279993,High Risk,76.65,High Value,High Risk / High Value,Month-to-month,17,165.27698810672848,137.77698810672848,True
2919-HBCJO,0.5650745851718718,High Risk,76.65,High Value,High Risk / High Value,Month-to-month,4,168.9205711183535,141.4205711183535,True
1219-NNDDO,0.689567645725624,High Risk,76.85,High Value,High Risk / High Value,Month-to-month,9,206.6737669386554,179.1737669386554,True
8023-QHAIO,0.227186329027997,High Risk,76.85,High Value,High Risk / High Value,Month-to-month,56,68.09115060462612,40.59115060462612,True
5835-BEQEU,0.7290306026741464,High Risk,76.95,High Value,High Risk / High Value,Month-to-month,3,218.78572901552474,191.28572901552474,True
8258-GSTJK,0.7698101267161134,High Risk,77.0,High Value,High Risk / High Value,Month-to-month,3,231.17398105284883,203.67398105284883,True
2609-IAICY,0.7463924114714455,High Risk,77.15,High Value,High Risk / High Value,Month-to-month,1,224.5782807255859,197.0782807255859,True
8543-MSDMF,0.4791449057630955,High Risk,77.4,High Value,High Risk / High Value,Month-to-month,3,144.634681253648,117.13468125364801,True
9776-CLUJA,0.3088199013923502,High Risk,77.5,High Value,High Risk / High Value,Month-to-month,51,93.34081519583785,65.84081519583785,True
2754-XBHTB,0.6267245264367256,High Risk,77.65,High Value,High Risk / High Value,Month-to-month,9,189.7941219634658,162.2941219634658,True
3537-HPKQT,0.2171006413009568,High Risk,77.75,High Value,High Risk / High Value,Month-to-month,55,65.83034195848262,38.33034195848262,True
5536-SLHPM,0.330008520118191,High Risk,77.75,High Value,High Risk / High Value,Month-to-month,55,100.06683351283846,72.56683351283846,True
4465-VDKIQ,0.4349112314057214,High Risk,77.8,High Value,High Risk / High Value,Month-to-month,18,131.96076583312396,104.46076583312396,True
6376-GAHQE,0.6507575192823053,High Risk,77.85,High Value,High Risk / High Value,Month-to-month,4,197.5797442168971,170.0797442168971,True
0475-RIJEP,0.3807097356185731,High Risk,77.85,High Value,High Risk / High Value,Month-to-month,43,115.58918637983305,88.08918637983305,True
5419-JKZNQ,0.391716459700294,High Risk,77.9,High Value,High Risk / High Value,Month-to-month,30,119.00737762154635,91.50737762154635,True
8387-MOJJT,0.3029883051086395,High Risk,77.95,High Value,High Risk / High Value,Month-to-month,42,92.10995969455196,64.60995969455196,True
7786-WBJYI,0.5546546663492633,High Risk,77.95,High Value,High Risk / High Value,Month-to-month,4,168.6177918435078,141.1177918435078,True
8981-FJGLA,0.5535559638804278,High Risk,78.0,High Value,High Risk / High Value,Month-to-month,11,168.39172421242614,140.89172421242614,True
4412-YLTKF,0.6049881235053804,High Risk,78.05,High Value,High Risk / High Value,Month-to-month,27,184.15535985442025,156.65535985442025,True
2777-PHDEI,0.6789467443940043,High Risk,78.05,High Value,High Risk / High Value,Month-to-month,1,206.66799425981293,179.16799425981293,True
3096-IZETN,0.5192845937229673,High Risk,78.1,High Value,High Risk / High Value,Month-to-month,12,158.1688944020786,130.6688944020786,True
7072-MBHEV,0.6034220989653277,High Risk,78.1,High Value,High Risk / High Value,Month-to-month,11,183.79633712384918,156.29633712384918,True
3317-VLGQT,0.6595984271644842,High Risk,78.1,High Value,High Risk / High Value,Month-to-month,14,200.90708493003027,173.40708493003027,True
5606-AMZBO,0.5074759750309376,High Risk,78.15,High Value,High Risk / High Value,Month-to-month,10,154.67106504980433,127.17106504980433,True
0365-GXEZS,0.3859230958470021,High Risk,78.2,High Value,High Risk / High Value,Month-to-month,18,117.69882577141871,90.19882577141871,True
4013-TLDHQ,0.5080035188308522,High Risk,78.25,High Value,High Risk / High Value,Month-to-month,19,155.0299738592053,127.52997385920531,True
7018-WBJNK,0.5278915791586042,High Risk,78.3,High Value,High Risk / High Value,Month-to-month,13,161.20225152766295,133.70225152766295,True
1689-MRZQR,0.3558705573831524,High Risk,78.3,High Value,High Risk / High Value,Month-to-month,34,108.67219210809324,81.17219210809324,True
6178-KFNHS,0.5501037767978848,High Risk,78.3,High Value,High Risk / High Value,Month-to-month,12,167.98519032077007,140.48519032077007,True
0584-BJQGZ,0.169278526279035,Low Risk,78.35,High Value,Low Risk / High Value,Month-to-month,25,51.72559288245333,24.225592882453327,True
3249-ZPQRG,0.6233762478165744,High Risk,78.45,High Value,High Risk / High Value,Month-to-month,4,190.72507990072006,163.22507990072006,True
4183-WCSEP,0.3302621175728185,High Risk,78.45,High Value,High Risk / High Value,Month-to-month,31,101.0453461819917,73.5453461819917,True
9885-CSMWE,0.7227212773780806,High Risk,78.45,High Value,High Risk / High Value,Month-to-month,1,221.12018842021067,193.62018842021067,True
2272-UOINI,0.3503225141675143,High Risk,78.5,High Value,High Risk / High Value,Month-to-month,7,107.25123771238451,79.75123771238451,True
5288-AHOUP,0.7210037681775829,High Risk,78.5,High Value,High Risk / High Value,Month-to-month,11,220.73530362756702,193.23530362756702,True
9837-BMCLM,0.7299719575698392,High Risk,78.5,High Value,High Risk / High Value,Month-to-month,3,223.48091481000628,195.98091481000628,True
4059-IIEBK,0.6091321075234605,High Risk,78.55,High Value,High Risk / High Value,Month-to-month,7,186.6045754792745,159.1045754792745,True
1304-NECVQ,0.780165790216965,High Risk,78.55,High Value,High Risk / High Value,Month-to-month,2,238.99988900401615,211.49988900401615,True
6877-LGWXO,0.5898943676147238,High Risk,78.55,High Value,High Risk / High Value,Month-to-month,18,180.71119004693256,153.21119004693256,True
8945-GRKHX,0.6455941601839515,High Risk,78.65,High Value,High Risk / High Value,Month-to-month,1,198.0263247240244,170.5263247240244,True
1356-MKYSK,0.226923242387138,High Risk,78.65,High Value,High Risk / High Value,Month-to-month,6,69.60530075361879,42.10530075361879,True
8456-QDAVC,0.5335802504478384,High Risk,78.7,High Value,High Risk / High Value,Month-to-month,19,163.77178626995507,136.27178626995507,True
1569-TTNYJ,0.6910370833644884,High Risk,78.75,High Value,High Risk / High Value,Month-to-month,5,212.23476422831854,184.73476422831854,True
6175-IRFIT,0.5593299698753753,High Risk,78.75,High Value,High Risk / High Value,Month-to-month,5,171.78421699797465,144.28421699797465,True
2971-SGAFL,0.476497330311053,High Risk,78.75,High Value,High Risk / High Value,Month-to-month,13,146.34424257178216,118.84424257178216,True
1226-IENZN,0.6812724512297637,High Risk,78.75,High Value,High Risk / High Value,Month-to-month,16,209.23580158394117,181.73580158394117,True
6372-RFVNS,0.675633778760507,High Risk,78.8,High Value,High Risk / High Value,Month-to-month,1,207.635772888679,180.135772888679,True
3955-JBZZM,0.5212322515707584,High Risk,78.8,High Value,High Risk / High Value,Month-to-month,20,160.18509555272544,132.68509555272544,True
9355-NPPFS,0.6083245074316488,High Risk,78.8,High Value,High Risk / High Value,Month-to-month,26,186.95028762389433,159.45028762389433,True
5175-WLYXL,0.4548803228197453,High Risk,78.85,High Value,High Risk / High Value,Month-to-month,22,139.88252247191397,112.38252247191397,True
9231-ZJYAM,0.7657653438889517,High Risk,78.85,High Value,High Risk / High Value,Month-to-month,4,235.48432972601097,207.98432972601097,True
2190-BCXEC,0.2730357826285727,High Risk,78.85,High Value,High Risk / High Value,Month-to-month,40,83.96259869502553,56.462598695025534,True
2956-GGUCQ,0.5246510785520058,High Risk,78.85,High Value,High Risk / High Value,Month-to-month,24,161.33807642092006,133.83807642092006,True
6646-JPPHA,0.4305154941715133,High Risk,78.85,High Value,High Risk / High Value,Month-to-month,14,132.38997219015292,104.88997219015292,True
7126-RBHSD,0.4602165303257088,High Risk,78.9,High Value,High Risk / High Value,Month-to-month,17,141.61322854652389,114.11322854652389,True
6311-UEUME,0.5377505226085265,High Risk,78.9,High Value,High Risk / High Value,Month-to-month,29,165.4712133118697,137.9712133118697,True
3714-XPXBW,0.1153151911758239,Low Risk,78.9,High Value,Low Risk / High Value,Month-to-month,37,35.48363747671277,7.983637476712772,True
9465-RWMXL,0.4939118833785281,High Risk,78.9,High Value,High Risk / High Value,Month-to-month,32,151.9816256344069,124.4816256344069,True
3855-ONCAR,0.6116682459696428,High Risk,78.9,High Value,High Risk / High Value,Month-to-month,4,188.21643596731877,160.71643596731877,True
8637-XJIVR,0.585957767997945,High Risk,78.95,High Value,High Risk / High Value,Month-to-month,12,180.41932655540725,152.91932655540725,True
7627-JKIAZ,0.3616704988120653,High Risk,78.95,High Value,High Risk / High Value,Month-to-month,37,111.36015493672897,83.86015493672897,True
6689-TCZHQ,0.6943647319755466,High Risk,78.95,High Value,High Risk / High Value,Month-to-month,5,213.7983727989307,186.2983727989307,True
5760-FXFVO,0.529958519196013,High Risk,78.95,High Value,High Risk / High Value,Month-to-month,6,163.17687785304838,135.67687785304838,True
8740-CRYFY,0.7414797789521328,High Risk,78.95,High Value,High Risk / High Value,Month-to-month,1,228.30533133825648,200.80533133825648,True
1965-AKTSX,0.6748125127131729,High Risk,78.95,High Value,High Risk / High Value,Month-to-month,14,207.7781467269495,180.2781467269495,True
7198-GLXTC,0.662015135363187,High Risk,79.0,High Value,High Risk / High Value,Month-to-month,2,203.9668632053979,176.4668632053979,True
3088-LHEFH,0.5241586204119809,High Risk,79.0,High Value,High Risk / High Value,Month-to-month,11,161.49327094893133,133.99327094893133,True
6538-POCHL,0.2977753464154047,High Risk,79.0,High Value,High Risk / High Value,Month-to-month,33,91.7445842305862,64.2445842305862,True
7638-QVMVY,0.7031304607453903,High Risk,79.0,High Value,High Risk / High Value,Month-to-month,7,216.63449495565476,189.13449495565476,True
8752-STIVR,0.7250491824450532,High Risk,79.0,High Value,High Risk / High Value,Month-to-month,4,223.38765311132093,195.88765311132093,True
4747-LCAQL,0.1609821831457203,Low Risk,79.0,High Value,Low Risk / High Value,Month-to-month,25,49.59861062719642,22.09861062719642,True
6400-BWQKW,0.6328384777495966,High Risk,79.05,High Value,High Risk / High Value,Month-to-month,6,195.10093849781185,167.60093849781185,True
5960-WPXQM,0.7411692127703698,High Risk,79.05,High Value,High Risk / High Value,Month-to-month,1,228.49876245104116,200.99876245104116,True
1036-GUDCL,0.0459596547895055,Low Risk,79.05,High Value,Low Risk / High Value,Month-to-month,60,14.169131773330598,-13.330868226669402,False
8580-AECUZ,0.7801923348184987,High Risk,79.1,High Value,High Risk / High Value,Month-to-month,1,240.68153336815868,213.18153336815868,True
4587-NUKOX,0.559506313115054,High Risk,79.1,High Value,High Risk / High Value,Month-to-month,3,172.60210253286303,145.10210253286303,True
6288-LBEAR,0.3122663724297346,High Risk,79.1,High Value,High Risk / High Value,Month-to-month,23,96.33105323084882,68.83105323084882,True
3128-YOVTD,0.1340147928425895,Low Risk,79.15,High Value,Low Risk / High Value,Month-to-month,51,41.368356328614745,13.868356328614745,True
4816-LXZYW,0.5408213513851707,High Risk,79.15,High Value,High Risk / High Value,Month-to-month,23,166.94343885233144,139.44343885233144,True
4210-QFJMF,0.7277807747617735,High Risk,79.15,High Value,High Risk / High Value,Month-to-month,4,224.6550084573381,197.1550084573381,True
2254-DLXRI,0.6442819488328335,High Risk,79.15,High Value,High Risk / High Value,Month-to-month,1,198.88017337546324,171.38017337546324,True
4818-QIUFN,0.5684083029242458,High Risk,79.15,High Value,High Risk / High Value,Month-to-month,20,175.45911698817082,147.95911698817082,True
5271-DBYSJ,0.6295518169908596,High Risk,79.15,High Value,High Risk / High Value,Month-to-month,11,194.33320262782354,166.83320262782354,True
7493-TPUWZ,0.7176002584643925,High Risk,79.15,High Value,High Risk / High Value,Month-to-month,1,221.512435784081,194.012435784081,True
6092-QZVPP,0.1284858902111888,Low Risk,79.2,High Value,Low Risk / High Value,Month-to-month,36,39.68672176843201,12.186721768432008,True
6567-HOOPW,0.783815361337854,High Risk,79.2,High Value,High Risk / High Value,Month-to-month,1,242.10488881003636,214.60488881003636,True
2189-UXTKY,0.3260910800235899,High Risk,79.2,High Value,High Risk / High Value,Month-to-month,22,100.72301279768647,73.22301279768647,True
5561-NWEVX,0.7145770294093791,High Risk,79.2,High Value,High Risk / High Value,Month-to-month,2,220.71855284396904,193.21855284396904,True
7957-RYHQD,0.234544063419998,High Risk,79.2,High Value,High Risk / High Value,Month-to-month,40,72.44597030916898,44.945970309168985,True
1918-ZBFQJ,0.5674170259985488,High Risk,79.25,High Value,High Risk / High Value,Month-to-month,13,175.37441731050149,147.87441731050149,True
8225-BTJAU,0.7252496594221434,High Risk,79.25,High Value,High Risk / High Value,Month-to-month,10,224.15653848589898,196.65653848589898,True
2868-MZAGQ,0.7428424207035368,High Risk,79.25,High Value,High Risk / High Value,Month-to-month,1,229.59402117894567,202.09402117894567,True
6110-OHIHY,0.6564703857928625,High Risk,79.25,High Value,High Risk / High Value,Month-to-month,3,202.89858448892898,175.39858448892898,True
2026-TGDHM,0.7046084548954353,High Risk,79.3,High Value,High Risk / High Value,Month-to-month,7,217.91425684551126,190.41425684551126,True
6985-HAYWX,0.3626723304024989,High Risk,79.3,High Value,High Risk / High Value,Month-to-month,26,112.16367162358084,84.66367162358084,True
9029-FEGVJ,0.3871074528163685,High Risk,79.3,High Value,High Risk / High Value,Month-to-month,32,119.72072193251829,92.22072193251829,True
3312-ZWLGF,0.5055911571438094,High Risk,79.3,High Value,High Risk / High Value,Month-to-month,29,156.36417716986594,128.86417716986594,True
5919-TMRGD,0.7147565221145096,High Risk,79.35,High Value,High Risk / High Value,Month-to-month,1,221.19212711616666,193.69212711616666,True
1307-TVUFB,0.3652591651946503,High Risk,79.35,High Value,High Risk / High Value,Month-to-month,42,113.03492755696246,85.53492755696246,True
2070-XYMFH,0.5459788058076868,High Risk,79.35,High Value,High Risk / High Value,Month-to-month,23,168.96133113927579,141.46133113927579,True
6298-QDFNH,0.5526453801724843,High Risk,79.35,High Value,High Risk / High Value,Month-to-month,22,171.02440257507786,143.52440257507786,True
4910-AQFFX,0.5747927780422516,High Risk,79.35,High Value,High Risk / High Value,Month-to-month,9,177.8782470568454,150.3782470568454,True
9507-EXLTT,0.6811139395229728,High Risk,79.35,High Value,High Risk / High Value,Month-to-month,1,210.7809252944768,183.2809252944768,True
7074-IEVOJ,0.7482080368618054,High Risk,79.4,High Value,High Risk / High Value,Month-to-month,3,231.69010069462666,204.19010069462666,True
1678-FYZOW,0.731704600979074,High Risk,79.4,High Value,High Risk / High Value,Month-to-month,3,226.57964673918008,199.07964673918008,True
4631-OACRM,0.6874114251306999,High Risk,79.4,High Value,High Risk / High Value,Month-to-month,15,212.86382190597254,185.36382190597254,True
7148-XZPHA,0.1125436642710141,Low Risk,79.4,High Value,Low Risk / High Value,Month-to-month,55,34.85027107816223,7.35027107816223,True
9948-YPTDG,0.2719670890711682,High Risk,79.45,High Value,High Risk / High Value,Month-to-month,38,84.27036238414682,56.77036238414682,True
3422-GALYP,0.708819183902874,High Risk,79.45,High Value,High Risk / High Value,Month-to-month,2,219.63116822822505,192.13116822822505,True
6416-YJTTB,0.4320244152826665,High Risk,79.5,High Value,High Risk / High Value,Month-to-month,11,133.94916995839077,106.44916995839077,True
5442-XSDCW,0.5599776522697876,High Risk,79.5,High Value,High Risk / High Value,Month-to-month,11,173.62107108624764,146.12107108624764,True
2514-GINMM,0.7397686633553947,High Risk,79.5,High Value,High Risk / High Value,Month-to-month,1,229.36527407334015,201.86527407334015,True
2640-PMGFL,0.4256461557951091,High Risk,79.5,High Value,High Risk / High Value,Month-to-month,27,131.97159060427362,104.47159060427362,True
1730-ZMAME,0.5695154690414084,High Risk,79.5,High Value,High Risk / High Value,Month-to-month,32,176.57827117628867,149.07827117628867,True
6987-XQSJT,0.3521839240003883,High Risk,79.5,High Value,High Risk / High Value,Month-to-month,54,109.19462563632041,81.69462563632041,True
1761-AEZZR,0.7396127438741941,High Risk,79.55,High Value,High Risk / High Value,Month-to-month,1,229.46115572324936,201.96115572324936,True
2688-BHGOG,0.7312516660282,High Risk,79.55,High Value,High Risk / High Value,Month-to-month,9,226.8671731269189,199.3671731269189,True
9019-QVLZD,0.6736285377579585,High Risk,79.55,High Value,High Risk / High Value,Month-to-month,1,208.98988569671783,181.48988569671783,True
3420-YJLQT,0.6389193477198164,High Risk,79.55,High Value,High Risk / High Value,Month-to-month,2,198.22153303333448,170.72153303333448,True
2694-CIUMO,0.4948366085581526,High Risk,79.55,High Value,High Risk / High Value,Month-to-month,12,153.52058362212406,126.02058362212406,True
0872-NXJYS,0.6920605729904283,High Risk,79.55,High Value,High Risk / High Value,Month-to-month,9,214.70833246741543,187.20833246741543,True
6618-RYATB,0.6703816313959761,High Risk,79.55,High Value,High Risk / High Value,Month-to-month,1,207.9825492324446,180.4825492324446,True
7594-RQHXR,0.716370669384337,High Risk,79.6,High Value,High Risk / High Value,Month-to-month,1,222.39011060367358,194.89011060367358,True
4713-LZDRV,0.7808158494212308,High Risk,79.6,High Value,High Risk / High Value,Month-to-month,2,242.39647229432686,214.89647229432686,True
8988-ECPJR,0.3852844065645775,High Risk,79.6,High Value,High Risk / High Value,Month-to-month,34,119.60769117390745,92.10769117390745,True
5393-RXQSZ,0.6710504190508663,High Risk,79.6,High Value,High Risk / High Value,Month-to-month,1,208.3208920901509,180.8208920901509,True
8128-YVJRG,0.5415043030082171,High Risk,79.65,High Value,High Risk / High Value,Month-to-month,7,168.2101891649575,140.7101891649575,True
4248-HCETZ,0.3744264799200733,High Risk,79.65,High Value,High Risk / High Value,Month-to-month,30,116.30996958997198,88.80996958997198,True
2203-GHNWN,0.4828038309021527,High Risk,79.65,High Value,High Risk / High Value,Month-to-month,24,149.9757680122902,122.47576801229019,True
4290-BSXUX,0.5856782315338728,High Risk,79.65,High Value,High Risk / High Value,Month-to-month,3,181.9321574525246,154.4321574525246,True
8943-URTMR,0.6610286995129921,High Risk,79.65,High Value,High Risk / High Value,Month-to-month,2,205.33865007321833,177.83865007321833,True
8058-INTPH,0.7436848922449516,High Risk,79.65,High Value,High Risk / High Value,Month-to-month,1,231.01455650251054,203.51455650251054,True
0495-RVCBF,0.7458082433621772,High Risk,79.7,High Value,High Risk / High Value,Month-to-month,1,231.81957628426557,204.31957628426557,True
8642-GVWRF,0.4905051966091292,High Risk,79.7,High Value,High Risk / High Value,Month-to-month,2,152.46373026201564,124.96373026201564,True
6437-UKHMV,0.7046783208965764,High Risk,79.7,High Value,High Risk / High Value,Month-to-month,7,219.03516248428286,191.53516248428286,True
6229-LSCKB,0.7490552876343537,High Risk,79.7,High Value,High Risk / High Value,Month-to-month,6,232.82885505538616,205.32885505538616,True
7363-QTBIW,0.6936420198645484,High Risk,79.75,High Value,High Risk / High Value,Month-to-month,9,215.74000922837118,188.24000922837118,True
2154-KVJFF,0.6097996593849965,High Risk,79.75,High Value,High Risk / High Value,Month-to-month,15,189.66293906021855,162.16293906021855,True
1981-INRFU,0.7371570143373464,High Risk,79.75,High Value,High Risk / High Value,Month-to-month,2,229.27426038427316,201.77426038427316,True
9317-WZPGV,0.7209283927767948,High Risk,79.75,High Value,High Risk / High Value,Month-to-month,2,224.22675336340262,196.72675336340262,True
1867-TJHTS,0.1746912654344104,Low Risk,79.8,High Value,Low Risk / High Value,Month-to-month,58,54.36741562849721,26.867415628497213,True
8104-OSKWT,0.5879420361417992,High Risk,79.8,High Value,High Risk / High Value,Month-to-month,12,182.97932048805075,155.47932048805075,True
5364-EVNIB,0.5492941164170214,High Risk,79.8,High Value,High Risk / High Value,Month-to-month,13,170.9513149113054,143.4513149113054,True
7410-OIEDU,0.4384959434645168,High Risk,79.85,High Value,High Risk / High Value,Month-to-month,10,136.55421423400247,109.05421423400247,True
7133-VBDCG,0.3053916252171723,High Risk,79.85,High Value,High Risk / High Value,Month-to-month,25,95.10353296700569,67.60353296700569,True
7567-ECMCM,0.4760728303973866,High Risk,79.85,High Value,High Risk / High Value,Month-to-month,24,148.25622047820212,120.75622047820212,True
4283-FUTGF,0.6540257089579347,High Risk,79.85,High Value,High Risk / High Value,Month-to-month,19,203.67341615513524,176.17341615513524,True
9773-PEQBZ,0.5681514551480088,High Risk,79.85,High Value,High Risk / High Value,Month-to-month,10,176.93088540491718,149.43088540491718,True
3814-MLAXC,0.3341219600028131,High Risk,79.85,High Value,High Risk / High Value,Month-to-month,31,104.05059017427604,76.55059017427604,True
0537-QYZZN,0.4891087190935017,High Risk,79.85,High Value,High Risk / High Value,Month-to-month,24,152.31579175650285,124.81579175650285,True
5712-PTIWW,0.5945903225071334,High Risk,79.85,High Value,High Risk / High Value,Month-to-month,2,185.16434528355896,157.66434528355896,True
5243-SAOTC,0.2349718448781989,High Risk,79.85,High Value,High Risk / High Value,Month-to-month,54,73.17375707274431,45.67375707274431,True
1285-OKIPP,0.6699770315970344,High Risk,79.9,High Value,High Risk / High Value,Month-to-month,1,208.77154281595188,181.27154281595188,True
9170-GYZJC,0.0650675029005354,Low Risk,79.9,High Value,Low Risk / High Value,Month-to-month,41,20.27568457883584,-7.22431542116416,False
0495-ZBNGW,0.6889644781521864,High Risk,79.9,High Value,High Risk / High Value,Month-to-month,5,214.68822103700282,187.18822103700282,True
6161-UUUTA,0.7672051775996176,High Risk,79.9,High Value,High Risk / High Value,Month-to-month,3,239.06880539181685,211.56880539181685,True
4806-KEXQR,0.7211689499655909,High Risk,79.9,High Value,High Risk / High Value,Month-to-month,4,224.72345649877778,197.22345649877778,True
0727-IWKVK,0.5877792860088445,High Risk,79.9,High Value,High Risk / High Value,Month-to-month,9,183.15790331321608,155.65790331321608,True
9003-CPATH,0.3322358136562054,High Risk,79.9,High Value,High Risk / High Value,Month-to-month,42,103.52800189341018,76.02800189341018,True
4234-XTNEA,0.7326411305507373,High Risk,79.95,High Value,High Risk / High Value,Month-to-month,2,228.44116771137266,200.94116771137266,True
1184-PJVDB,0.6786798358517012,High Risk,79.95,High Value,High Risk / High Value,Month-to-month,10,211.61576621773975,184.11576621773975,True
9300-RENDD,0.738363210718544,High Risk,79.95,High Value,High Risk / High Value,Month-to-month,1,230.22534091809564,202.72534091809564,True
2187-PKZAY,0.5974544434949045,High Risk,79.95,High Value,High Risk / High Value,Month-to-month,12,186.28928275392872,158.78928275392872,True
4828-FAZPK,0.4708709373176247,High Risk,79.95,High Value,High Risk / High Value,Month-to-month,16,146.81991261032198,119.31991261032198,True
6496-JDSSB,0.6248832649077483,High Risk,80.0,High Value,High Risk / High Value,Month-to-month,8,194.9635786512175,167.4635786512175,True
1448-PWKYE,0.63459504423089,High Risk,80.0,High Value,High Risk / High Value,Month-to-month,1,197.99365380003766,170.49365380003766,True
6941-PMGEP,0.7191363316889223,High Risk,80.0,High Value,High Risk / High Value,Month-to-month,5,224.37053548694377,196.87053548694377,True
1346-UFHAX,0.4771042293142056,High Risk,80.0,High Value,High Risk / High Value,Month-to-month,13,148.85651954603216,121.35651954603216,True
1591-NFNLQ,0.2082795440289891,High Risk,80.0,High Value,High Risk / High Value,Month-to-month,51,64.9832177370446,37.4832177370446,True
0585-EGDDA,0.3296454774635292,High Risk,80.0,High Value,High Risk / High Value,Month-to-month,40,102.84938896862111,75.34938896862111,True
9643-AVVWI,0.5238286403826345,High Risk,80.0,High Value,High Risk / High Value,Month-to-month,3,163.434535799382,135.934535799382,True
8212-CRQXP,0.484184368875825,High Risk,80.0,High Value,High Risk / High Value,Month-to-month,22,151.0655230892574,123.5655230892574,True
7356-IWLFW,0.2617871254041977,High Risk,80.0,High Value,High Risk / High Value,Month-to-month,46,81.67758312610968,54.17758312610968,True
8544-GOQSH,0.3729387562568324,High Risk,80.05,High Value,High Risk / High Value,Month-to-month,14,116.42961500960179,88.92961500960179,True
4547-KQRTM,0.5836973033689118,High Risk,80.05,High Value,High Risk / High Value,Month-to-month,10,182.2273796252574,154.7273796252574,True
9500-LTVBP,0.2429484718839946,High Risk,80.05,High Value,High Risk / High Value,Month-to-month,35,75.8472981798237,48.347298179823696,True
8821-XNHVZ,0.6324605613399806,High Risk,80.05,High Value,High Risk / High Value,Month-to-month,1,197.45102494753525,169.95102494753525,True
7129-CAKJW,0.4670993602378547,High Risk,80.05,High Value,High Risk / High Value,Month-to-month,17,145.82608476945705,118.32608476945705,True
3347-YJZZE,0.2043315426223739,High Risk,80.1,High Value,High Risk / High Value,Month-to-month,29,63.83113059980338,36.33113059980338,True
6204-IEUXJ,0.407776403210639,High Risk,80.1,High Value,High Risk / High Value,Month-to-month,3,127.38527059897152,99.88527059897152,True
4277-PVRAN,0.6283455975626185,High Risk,80.1,High Value,High Risk / High Value,Month-to-month,8,196.28888122258638,168.78888122258638,True
3904-UKFRE,0.6434355157600041,High Risk,80.1,High Value,High Risk / High Value,Month-to-month,4,201.00282076826767,173.50282076826767,True
9696-RMYBA,0.6313520413529199,High Risk,80.1,High Value,High Risk / High Value,Month-to-month,5,197.2280641982386,169.7280641982386,True
4741-WWJQZ,0.5144348039442701,High Risk,80.15,High Value,High Risk / High Value,Month-to-month,2,160.8046031909197,133.3046031909197,True
0793-TWELN,0.6473596256032927,High Risk,80.15,High Value,High Risk / High Value,Month-to-month,4,202.3549085692053,174.8549085692053,True
9779-DPNEJ,0.5534245579758336,High Risk,80.15,High Value,High Risk / High Value,Month-to-month,22,172.99221545487597,145.49221545487597,True
6086-ESGRL,0.5823573608801335,High Risk,80.15,High Value,High Risk / High Value,Month-to-month,1,182.03617565071653,154.53617565071653,True
4818-DRBQT,0.4116923454308317,High Risk,80.15,High Value,High Risk / High Value,Month-to-month,29,128.68885179649655,101.18885179649655,True
7693-LCKZL,0.650732226374266,High Risk,80.15,High Value,High Risk / High Value,Month-to-month,5,203.40913298119997,175.90913298119997,True
8086-OVPWV,0.7345671023191355,High Risk,80.2,High Value,High Risk / High Value,Month-to-month,2,229.75789826337922,202.25789826337922,True
4529-CKBCL,0.734636073857866,High Risk,80.2,High Value,High Risk / High Value,Month-to-month,2,229.77947118126338,202.27947118126338,True
0137-OCGAB,0.6403751766309413,High Risk,80.2,High Value,High Risk / High Value,Month-to-month,1,200.29654774662586,172.79654774662586,True
8010-EZLOU,0.6600260612874355,High Risk,80.2,High Value,High Risk / High Value,Month-to-month,15,206.4429514494841,178.9429514494841,True
6918-UMQCG,0.6397366929181902,High Risk,80.2,High Value,High Risk / High Value,Month-to-month,5,200.09684281095156,172.59684281095156,True
4572-DVCGN,0.6151699238073768,High Risk,80.25,High Value,High Risk / High Value,Month-to-month,10,192.53280690361376,165.03280690361376,True
2359-KMGLI,0.5300373889554695,High Risk,80.25,High Value,High Risk / High Value,Month-to-month,24,165.88845180833806,138.38845180833806,True
5494-HECPR,0.7418282375542055,High Risk,80.25,High Value,High Risk / High Value,Month-to-month,1,232.1736926485275,204.6736926485275,True
1251-STYSZ,0.6934908170698361,High Risk,80.25,High Value,High Risk / High Value,Month-to-month,4,217.04528847243193,189.54528847243193,True
3481-JHUZH,0.4033604149210893,High Risk,80.25,High Value,High Risk / High Value,Month-to-month,41,126.24172585992793,98.74172585992793,True
9689-PTNPG,0.7299018367608049,High Risk,80.25,High Value,High Risk / High Value,Month-to-month,2,228.44102736021293,200.94102736021293,True
9897-KXHCM,0.7000559532099428,High Risk,80.3,High Value,High Risk / High Value,Month-to-month,3,219.2365228667578,191.7365228667578,True
2796-UUZZO,0.1119211252343242,Low Risk,80.3,High Value,Low Risk / High Value,Month-to-month,63,35.0503387896333,7.550338789633301,True
2674-MIAHT,0.6166191026056226,High Risk,80.3,High Value,High Risk / High Value,Month-to-month,4,193.10660436300282,165.60660436300282,True
7903-CMPEY,0.7101467311442694,High Risk,80.3,High Value,High Risk / High Value,Month-to-month,1,222.39665179245085,194.89665179245085,True
0947-IDHRQ,0.6178585517970693,High Risk,80.3,High Value,High Risk / High Value,Month-to-month,7,193.49476266628818,165.99476266628818,True
5389-FFVKB,0.448096620613476,High Risk,80.3,High Value,High Risk / High Value,Month-to-month,32,140.3304186775223,112.83041867752229,True
5301-GAUUY,0.3938273485085142,High Risk,80.35,High Value,High Risk / High Value,Month-to-month,32,123.41170706537054,95.91170706537054,True
6952-OMNWB,0.2035142300809672,High Risk,80.35,High Value,High Risk / High Value,Month-to-month,68,63.77423670932228,36.27423670932228,True
2789-HQBOU,0.7270040889648216,High Risk,80.35,High Value,High Risk / High Value,Month-to-month,3,227.81763633846134,200.31763633846134,True
2959-MJHIC,0.7156065330636137,High Risk,80.35,High Value,High Risk / High Value,Month-to-month,4,224.2460412334793,196.7460412334793,True
5599-HVLTW,0.6243406501163569,High Risk,80.35,High Value,High Risk / High Value,Month-to-month,14,195.64650782371217,168.14650782371217,True
0643-OKLRP,0.2772868858864485,High Risk,80.35,High Value,High Risk / High Value,Month-to-month,47,86.89200499580693,59.39200499580693,True
7964-VEXDG,0.3854947005976708,High Risk,80.35,High Value,High Risk / High Value,Month-to-month,21,120.8005468527891,93.3005468527891,True
1910-FMXJM,0.3905386440849802,High Risk,80.4,High Value,High Risk / High Value,Month-to-month,36,122.45729723928638,94.95729723928638,True
4086-YQSNZ,0.7673003318351017,High Risk,80.4,High Value,High Risk / High Value,Month-to-month,3,240.59469205021452,213.09469205021452,True
6961-VCPMC,0.4285514293833614,High Risk,80.4,High Value,High Risk / High Value,Month-to-month,46,134.3765861974468,106.87658619744681,True
2363-BJLSL,0.0771461554701065,Low Risk,80.4,High Value,Low Risk / High Value,Month-to-month,62,24.189948509206598,-3.310051490793402,False
6923-JHPMP,0.5900603592381747,High Risk,80.45,High Value,High Risk / High Value,Month-to-month,2,185.1343880127735,157.6343880127735,True
9391-EOYLI,0.7066751368471215,High Risk,80.45,High Value,High Risk / High Value,Month-to-month,12,221.7228575614686,194.2228575614686,True
8819-IMISP,0.4707481456776103,High Risk,80.45,High Value,High Risk / High Value,Month-to-month,31,147.69958444707862,120.19958444707862,True
3503-TYDAY,0.3011528845568736,High Risk,80.45,High Value,High Risk / High Value,Month-to-month,43,94.48822329414187,66.98822329414187,True
9921-ZVRHG,0.6463794047523297,High Risk,80.45,High Value,High Risk / High Value,Month-to-month,14,202.80477013806723,175.30477013806723,True
8198-RKSZG,0.245319669795495,High Risk,80.45,High Value,High Risk / High Value,Month-to-month,14,76.97027299668554,49.47027299668554,True
2397-BRLOM,0.6088390980139239,High Risk,80.45,High Value,High Risk / High Value,Month-to-month,8,191.0263111973587,163.5263111973587,True
3865-QBWSJ,0.3038211942011363,High Risk,80.45,High Value,High Risk / High Value,Month-to-month,38,95.32541878657752,67.82541878657752,True
8444-WRIDW,0.1889711801996214,Low Risk,80.45,High Value,Low Risk / High Value,Month-to-month,66,59.29065264353221,31.790652643532212,True
4636-QRJKY,0.6019710659641098,High Risk,80.5,High Value,High Risk / High Value,Month-to-month,6,188.98881615943228,161.48881615943228,True
5998-VVEJY,0.4664449239651247,High Risk,80.5,High Value,High Risk / High Value,Month-to-month,26,146.4403838788509,118.9403838788509,True
6357-JJPQT,0.7273946598257963,High Risk,80.5,High Value,High Risk / High Value,Month-to-month,3,228.36555345230875,200.86555345230875,True
7278-CKDNC,0.598677028239164,High Risk,80.5,High Value,High Risk / High Value,Month-to-month,24,187.95465301568555,160.45465301568555,True
5453-AXEPF,0.5130130390534852,High Risk,80.5,High Value,High Risk / High Value,Month-to-month,17,161.06044361084167,133.56044361084167,True
6330-JKLPC,0.5662921110097121,High Risk,80.5,High Value,High Risk / High Value,Month-to-month,11,177.78740825149913,150.28740825149913,True
9840-DVNDC,0.6130152785456954,High Risk,80.5,High Value,High Risk / High Value,Month-to-month,6,192.45614669942108,164.95614669942108,True
2867-UIMSS,0.6678249418690578,High Risk,80.5,High Value,High Risk / High Value,Month-to-month,1,209.6636404997907,182.1636404997907,True
0928-XUTSN,0.6568975822899403,High Risk,80.5,High Value,High Risk / High Value,Month-to-month,13,206.23299595992677,178.73299595992677,True
7439-DKZTW,0.7364816669522188,High Risk,80.55,High Value,High Risk / High Value,Month-to-month,1,231.3620332647048,203.8620332647048,True
2911-WDXMV,0.4755271999155639,High Risk,80.55,High Value,High Risk / High Value,Month-to-month,18,149.38449221747484,121.88449221747484,True
2737-YNGYW,0.6667969745667053,High Risk,80.55,High Value,High Risk / High Value,Month-to-month,2,209.47093557525764,181.97093557525764,True
3130-ICDUP,0.447394227034242,High Risk,80.55,High Value,High Risk / High Value,Month-to-month,2,140.54665945167196,113.04665945167196,True
0570-BFQHT,0.5003415720508017,High Risk,80.55,High Value,High Risk / High Value,Month-to-month,9,157.17980315189908,129.67980315189908,True
0318-QUUOB,0.7358968544214038,High Risk,80.55,High Value,High Risk / High Value,Month-to-month,1,231.17831733221192,203.67831733221192,True
1384-RCUXW,0.5080785731547816,High Risk,80.55,High Value,High Risk / High Value,Month-to-month,16,159.61034336370886,132.11034336370886,True
8490-BXHEO,0.5369710811733721,High Risk,80.55,High Value,High Risk / High Value,Month-to-month,18,168.68678029520896,141.18678029520896,True
7563-BIUPC,0.7101986267089715,High Risk,80.6,High Value,High Risk / High Value,Month-to-month,5,223.24383631969806,195.74383631969806,True
2868-SNELZ,0.5782276444995686,High Risk,80.6,High Value,High Risk / High Value,Month-to-month,2,181.7600777719944,154.2600777719944,True
3671-SHRSP,0.4851526785594346,High Risk,80.6,High Value,High Risk / High Value,Month-to-month,4,152.50289297837267,125.00289297837267,True
9369-XFEHK,0.4403713534046621,High Risk,80.6,High Value,High Risk / High Value,Month-to-month,33,138.4263312292215,110.92633122922149,True
5206-XZZQI,0.1417320139075652,Low Risk,80.6,High Value,Low Risk / High Value,Month-to-month,53,44.55204125170405,17.052041251704047,True
3956-MGXOG,0.5377280718165183,High Risk,80.6,High Value,High Risk / High Value,Month-to-month,28,169.02944209480432,141.52944209480432,True
7760-OYPDY,0.7330746500434718,High Risk,80.65,High Value,High Risk / High Value,Month-to-month,2,230.57763505142344,203.07763505142344,True
7495-OOKFY,0.6249522306759379,High Risk,80.65,High Value,High Risk / High Value,Month-to-month,8,196.56934987565614,169.06934987565614,True
8854-CCVSQ,0.5835860240892728,High Risk,80.65,High Value,High Risk / High Value,Month-to-month,18,183.55823008691942,156.05823008691942,True
7824-PANSQ,0.1393913135498878,Low Risk,80.65,High Value,Low Risk / High Value,Month-to-month,58,43.84344680741396,16.34344680741396,True
6103-BOCOU,0.5602447693728116,High Risk,80.7,High Value,High Risk / High Value,Month-to-month,26,176.32583626470503,148.82583626470503,True
6729-GDNGC,0.4939359905036395,High Risk,80.7,High Value,High Risk / High Value,Month-to-month,20,155.45647429121047,127.95647429121047,True
6458-CYIDZ,0.5022600171783923,High Risk,80.7,High Value,High Risk / High Value,Month-to-month,5,158.07629520655541,130.57629520655541,True
0940-OUQEC,0.5724308185364515,High Risk,80.7,High Value,High Risk / High Value,Month-to-month,10,180.1611515179774,152.6611515179774,True
3191-CSNMG,0.6954659226732254,High Risk,80.7,High Value,High Risk / High Value,Month-to-month,3,218.88398984294423,191.38398984294423,True
8183-ONMXC,0.6644129115084648,High Risk,80.75,High Value,High Risk / High Value,Month-to-month,2,209.24023615680326,181.74023615680326,True
3404-JNXAX,0.2486046441052299,High Risk,80.75,High Value,High Risk / High Value,Month-to-month,51,78.29181754483952,50.79181754483952,True
3842-QTGDL,0.2905124582617719,High Risk,80.75,High Value,High Risk / High Value,Month-to-month,16,91.48963591808854,63.98963591808854,True
2951-QOQTK,0.4296357865071947,High Risk,80.8,High Value,High Risk / High Value,Month-to-month,4,135.3868290441472,107.88682904414719,True
9957-YODKZ,0.7436050762809895,High Risk,80.8,High Value,High Risk / High Value,Month-to-month,6,234.3248316376654,206.8248316376654,True
6000-APYLU,0.6820438701403757,High Risk,80.8,High Value,High Risk / High Value,Month-to-month,9,214.92566435863517,187.42566435863517,True
6457-USBER,0.7380179363804862,High Risk,80.8,High Value,High Risk / High Value,Month-to-month,1,232.5642121122188,205.0642121122188,True
6786-OBWQR,0.6775948349195762,High Risk,80.85,High Value,High Risk / High Value,Month-to-month,5,213.65581537266615,186.15581537266615,True
2955-BJZHG,0.4994676705595975,High Risk,80.85,High Value,High Risk / High Value,Month-to-month,17,157.48964854249948,129.98964854249948,True
5275-SQEIZ,0.6622682267121954,High Risk,80.85,High Value,High Risk / High Value,Month-to-month,1,208.8231059057559,181.3231059057559,True
1704-NRWYE,0.7311339694095667,High Risk,80.85,High Value,High Risk / High Value,Month-to-month,9,230.5375075643775,203.0375075643775,True
5729-KLZAR,0.6116661679006582,High Risk,80.85,High Value,High Risk / High Value,Month-to-month,4,192.86751773159602,165.36751773159602,True
5228-EXCET,0.6502005225398769,High Risk,80.85,High Value,High Risk / High Value,Month-to-month,13,205.01797776466128,177.51797776466128,True
1871-MOWRM,0.2682976214849366,High Risk,80.85,High Value,High Risk / High Value,Month-to-month,12,84.59826451852277,57.09826451852277,True
6551-GNYDG,0.5411135102935418,High Risk,80.9,High Value,High Risk / High Value,Month-to-month,14,170.7267236327154,143.2267236327154,True
9878-TNQGW,0.7315606917375842,High Risk,80.95,High Value,High Risk / High Value,Month-to-month,2,230.95736818501402,203.45736818501402,True
7426-WEIJX,0.2242426103467102,High Risk,80.95,High Value,High Risk / High Value,Month-to-month,60,70.79451329950814,43.29451329950814,True
7929-DMBCV,0.3639869064875882,High Risk,81.0,High Value,High Risk / High Value,Month-to-month,20,114.9834637594291,87.4834637594291,True
4795-KTRTH,0.7298986726355582,High Risk,81.0,High Value,High Risk / High Value,Month-to-month,5,230.57499068557286,203.07499068557286,True
4138-NAXED,0.1923179602862161,Low Risk,81.0,High Value,Low Risk / High Value,Month-to-month,51,60.75324365441567,33.25324365441567,True
9560-ARGQJ,0.5973956410374839,High Risk,81.0,High Value,High Risk / High Value,Month-to-month,16,188.71728300374116,161.21728300374116,True
2612-RRIDN,0.7160839265127362,High Risk,81.0,High Value,High Risk / High Value,Month-to-month,4,226.2109123853734,198.7109123853734,True
9095-HFAFX,0.6248939804848131,High Risk,81.0,High Value,High Risk / High Value,Month-to-month,5,197.4040084351525,169.9040084351525,True
4277-UDIEF,0.1622602417853235,Low Risk,81.0,High Value,Low Risk / High Value,Month-to-month,24,51.258010379983695,23.758010379983695,True
4817-QRJSX,0.5577929448504507,High Risk,81.0,High Value,High Risk / High Value,Month-to-month,10,176.20679127825738,148.70679127825738,True
7703-ZEKEF,0.5756308190738629,High Risk,81.0,High Value,High Risk / High Value,Month-to-month,23,181.84177574543332,154.34177574543332,True
0256-LTHVJ,0.4959821605167523,High Risk,81.05,High Value,High Risk / High Value,Month-to-month,28,156.7774810285428,129.2774810285428,True
2018-QKYGT,0.706233870022355,High Risk,81.05,High Value,High Risk / High Value,Month-to-month,1,223.2369951447163,195.7369951447163,True
2250-IVBWA,0.0854787068482465,Low Risk,81.05,High Value,Low Risk / High Value,Month-to-month,64,27.01939184119648,-0.4806081588035198,False
6259-WJQLC,0.4538743003964556,High Risk,81.1,High Value,High Risk / High Value,Month-to-month,32,143.55590247239493,116.05590247239493,True
5445-UTODQ,0.698621899407896,High Risk,81.1,High Value,High Risk / High Value,Month-to-month,7,220.96712056372337,193.46712056372337,True
4614-NUVZD,0.741485934928497,High Risk,81.1,High Value,High Risk / High Value,Month-to-month,1,234.5245863585343,207.0245863585343,True
9625-QSTYE,0.5478685208198818,High Risk,81.15,High Value,High Risk / High Value,Month-to-month,13,173.3921688116803,145.8921688116803,True
5650-YLIBA,0.4837290699250126,High Risk,81.15,High Value,High Risk / High Value,Month-to-month,31,153.09299469521764,125.59299469521764,True
4299-SIMNS,0.6031569912626842,High Risk,81.15,High Value,High Risk / High Value,Month-to-month,9,190.89014037977063,163.39014037977063,True
6080-TCMYC,0.3959154261649625,High Risk,81.2,High Value,High Risk / High Value,Month-to-month,40,125.37849715792032,97.87849715792032,True
4646-QZXTF,0.233038593262105,High Risk,81.25,High Value,High Risk / High Value,Month-to-month,7,73.84410423992952,46.34410423992952,True
8808-ELEHO,0.7277948980900079,High Risk,81.25,High Value,High Risk / High Value,Month-to-month,8,230.62000833227125,203.12000833227125,True
7925-PNRGI,0.0555226334355654,Low Risk,81.3,High Value,Low Risk / High Value,Month-to-month,45,17.60456138341472,-9.895438616585281,False
4143-OOBWZ,0.6822584464469745,High Risk,81.3,High Value,High Risk / High Value,Month-to-month,5,216.3236856149422,188.8236856149422,True
2669-QVCRG,0.2530439280037815,High Risk,81.3,High Value,High Risk / High Value,Month-to-month,41,80.232638252159,52.732638252159006,True
5022-KVDQT,0.5437752841829399,High Risk,81.3,High Value,High Risk / High Value,Month-to-month,27,172.41482935588473,144.91482935588473,True
0334-GDDSO,0.7393615463443249,High Risk,81.35,High Value,High Risk / High Value,Month-to-month,3,234.57354100093227,207.07354100093227,True
2826-UWHIS,0.2331100140243406,High Risk,81.4,High Value,High Risk / High Value,Month-to-month,45,74.00310505216717,46.50310505216717,True
4612-SSVHJ,0.6554218927700903,High Risk,81.45,High Value,High Risk / High Value,Month-to-month,20,208.19804134788308,180.69804134788308,True
1508-DFXCU,0.651762729341886,High Risk,81.45,High Value,High Risk / High Value,Month-to-month,12,207.0356897890968,179.5356897890968,True
0818-OCPZO,0.5550009613002311,High Risk,81.45,High Value,High Risk / High Value,Month-to-month,27,176.2988303618249,148.7988303618249,True
7776-QGYJC,0.2082972996770809,High Risk,81.5,High Value,High Risk / High Value,Month-to-month,39,66.20729670236017,38.70729670236017,True
9050-IKDZA,0.6256692486951663,High Risk,81.5,High Value,High Risk / High Value,Month-to-month,2,198.86897069775864,171.36897069775864,True
7395-IGJOS,0.5091074976797175,High Risk,81.5,High Value,High Risk / High Value,Month-to-month,17,161.8198181374982,134.3198181374982,True
0621-HJWXJ,0.1835679289602473,Low Risk,81.55,High Value,Low Risk / High Value,Month-to-month,63,58.38286196616184,30.88286196616184,True
6968-GMKPR,0.2361743551966814,High Risk,81.55,High Value,High Risk / High Value,Month-to-month,55,75.11407279852854,47.61407279852854,True
4824-GUCBY,0.3645353203934399,High Risk,81.7,High Value,High Risk / High Value,Month-to-month,22,116.15188913696177,88.65188913696177,True
6772-KSATR,0.6594606381595878,High Risk,81.7,High Value,High Risk / High Value,Month-to-month,1,210.12394313678948,182.62394313678948,True
3018-TFTSU,0.3338160531289271,High Risk,81.7,High Value,High Risk / High Value,Month-to-month,12,106.36380900847004,78.86380900847004,True
4002-BQWPQ,0.1253720294700657,Low Risk,81.75,High Value,Low Risk / High Value,Month-to-month,25,39.9717372957937,12.471737295793702,True
2240-HSJQD,0.3007551004697247,High Risk,81.85,High Value,High Risk / High Value,Month-to-month,38,96.00553939644315,68.50553939644315,True
0620-DLSLK,0.5641699872374832,High Risk,81.9,High Value,High Risk / High Value,Month-to-month,13,180.20153562352453,152.70153562352453,True
8731-WBBMB,0.1652391625671216,Low Risk,81.9,High Value,Low Risk / High Value,Month-to-month,26,52.77904091556431,25.27904091556431,True
2208-NQBCT,0.2523188620443833,High Risk,81.95,High Value,High Risk / High Value,Month-to-month,26,80.64236990369513,53.142369903695126,True
2004-OCQXK,0.7388384358317779,High Risk,81.95,High Value,High Risk / High Value,Month-to-month,1,236.13645828401536,208.63645828401536,True
7314-OXENN,0.7025495976025264,High Risk,82.0,High Value,High Risk / High Value,Month-to-month,2,224.67536131328794,197.17536131328794,True
1564-NTYXF,0.7693734188410325,High Risk,82.0,High Value,High Risk / High Value,Month-to-month,13,246.04561934536218,218.54561934536218,True
4767-HZZHQ,0.2410184965002833,High Risk,82.05,High Value,High Risk / High Value,Month-to-month,30,77.12471378760816,49.62471378760816,True
4238-HFHSN,0.2843244578172105,High Risk,82.15,High Value,High Risk / High Value,Month-to-month,61,91.09329141776699,63.59329141776699,True
0641-EVBOJ,0.3986969068612209,High Risk,82.3,High Value,High Risk / High Value,Month-to-month,3,127.96974619524607,100.46974619524607,True
0742-NXBGR,0.6469018609013373,High Risk,82.3,High Value,High Risk / High Value,Month-to-month,1,207.6360902935022,180.1360902935022,True
3744-ZRRDZ,0.5637859973165166,High Risk,82.35,High Value,High Risk / High Value,Month-to-month,21,181.06832982815905,153.56832982815905,True
0867-MKZVY,0.4212830970977859,High Risk,82.4,High Value,High Risk / High Value,Month-to-month,20,135.38353608334447,107.88353608334447,True
2739-CACDQ,0.5827731524916593,High Risk,82.65,High Value,High Risk / High Value,Month-to-month,17,187.848184108399,160.348184108399,True
4559-UWIHT,0.6185396666947405,High Risk,82.65,High Value,High Risk / High Value,Month-to-month,14,199.3769834640492,171.8769834640492,True
6435-SRWBJ,0.6442987100075699,High Risk,82.75,High Value,High Risk / High Value,Month-to-month,5,207.931301187193,180.431301187193,True
8714-CTZJW,0.6363131012683202,High Risk,82.85,High Value,High Risk / High Value,Month-to-month,4,205.60230771631325,178.10230771631325,True
3727-RJMEO,0.7579753326760625,High Risk,82.85,High Value,High Risk / High Value,Month-to-month,6,244.91319961762593,217.41319961762593,True
5701-YVSVF,0.643735183394815,High Risk,82.9,High Value,High Risk / High Value,Month-to-month,11,208.12602214337764,180.62602214337764,True
2774-LVQUS,0.6168269885910281,High Risk,83.05,High Value,High Risk / High Value,Month-to-month,15,199.78717746969107,172.28717746969107,True
0921-OHLVP,0.5716238614289582,High Risk,83.05,High Value,High Risk / High Value,Month-to-month,22,185.14611059753238,157.64611059753238,True
9450-TRJUU,0.4597207194292541,High Risk,83.15,High Value,High Risk / High Value,Month-to-month,35,149.08053350011568,121.58053350011568,True
6015-VVHHE,0.7383098490284248,High Risk,83.15,High Value,High Risk / High Value,Month-to-month,5,239.42280939218276,211.92280939218276,True
0689-NKYLF,0.6492085985675552,High Risk,83.2,High Value,High Risk / High Value,Month-to-month,13,210.6552060632003,183.1552060632003,True
9274-UARKJ,0.5282423437700845,High Risk,83.2,High Value,High Risk / High Value,Month-to-month,15,171.40407570651703,143.90407570651703,True
6633-SYEUS,0.2610448237317203,High Risk,83.2,High Value,High Risk / High Value,Month-to-month,23,84.7038244044686,57.203824404468605,True
6630-UJZMY,0.8089686669296365,High Risk,83.25,High Value,High Risk / High Value,Month-to-month,4,262.6519019353798,235.15190193537978,True
7346-MEDWM,0.2746475475511219,High Risk,83.25,High Value,High Risk / High Value,Month-to-month,59,89.17119250116052,61.67119250116052,True
7989-VCQOH,0.1952100520528674,High Risk,83.25,High Value,High Risk / High Value,Month-to-month,18,63.37982365026473,35.87982365026473,True
0578-SKVMF,0.4366842786535549,High Risk,83.3,High Value,High Risk / High Value,Month-to-month,22,141.8656216061804,114.36562160618041,True
8931-GJJIQ,0.7505811575242728,High Risk,83.3,High Value,High Risk / High Value,Month-to-month,9,243.84130064491052,216.34130064491052,True
6173-ITPWD,0.2934374915986342,High Risk,83.35,High Value,High Risk / High Value,Month-to-month,47,95.38625820651002,67.88625820651002,True
3550-SAHFP,0.5746111437076747,High Risk,83.35,High Value,High Risk / High Value,Month-to-month,33,186.7859714293353,159.2859714293353,True
5076-YVXCM,0.2697579793698171,High Risk,83.4,High Value,High Risk / High Value,Month-to-month,51,87.74148036982672,60.24148036982672,True
2792-LSHWX,0.3961548943535214,High Risk,83.4,High Value,High Risk / High Value,Month-to-month,1,128.8533409374264,101.3533409374264,True
5371-VYLSX,0.3011934838958891,High Risk,83.4,High Value,High Risk / High Value,Month-to-month,50,97.96619257197692,70.46619257197692,True
2921-XWDJH,0.4225517410023446,High Risk,83.45,High Value,High Risk / High Value,Month-to-month,38,137.52157686791807,110.02157686791807,True
5949-XIKAE,0.629602030360181,High Risk,83.55,High Value,High Risk / High Value,Month-to-month,8,205.1526735827132,177.6526735827132,True
3365-SAIGS,0.5889680003782185,High Risk,83.55,High Value,High Risk / High Value,Month-to-month,17,191.9122780832406,164.4122780832406,True
8417-FMLZI,0.5448639053299037,High Risk,83.55,High Value,High Risk / High Value,Month-to-month,6,177.54117923222248,150.04117923222248,True
5060-TQUQN,0.3045858350633244,High Risk,83.55,High Value,High Risk / High Value,Month-to-month,30,99.24777142620891,71.74777142620891,True
5685-IIXLY,0.6529900219738612,High Risk,83.6,High Value,High Risk / High Value,Month-to-month,5,212.90086676435772,185.40086676435772,True
5940-NFXKV,0.6316918007310804,High Risk,83.65,High Value,High Risk / High Value,Month-to-month,19,206.07997461150404,178.57997461150404,True
8436-BJUMM,0.5751554136890232,High Risk,83.75,High Value,High Risk / High Value,Month-to-month,26,187.8601369961772,160.3601369961772,True
0923-PNFUB,0.6221101912366672,High Risk,83.75,High Value,High Risk / High Value,Month-to-month,3,203.19674121267644,175.69674121267644,True
2479-BRAMR,0.3119098019216966,High Risk,83.75,High Value,High Risk / High Value,Month-to-month,41,101.87753905267417,74.37753905267417,True
0027-KWYKW,0.6065734587843936,High Risk,83.75,High Value,High Risk / High Value,Month-to-month,23,198.12205597545258,170.62205597545258,True
6407-UTSLV,0.6856725558110112,High Risk,83.8,High Value,High Risk / High Value,Month-to-month,2,224.0915046901547,196.5915046901547,True
8802-UNOJF,0.4417116757332191,High Risk,83.8,High Value,High Risk / High Value,Month-to-month,12,144.36020986313068,116.86020986313068,True
0461-CVKMU,0.2816142143586457,High Risk,83.8,High Value,High Risk / High Value,Month-to-month,23,92.03715753669258,64.53715753669258,True
8705-DWKTI,0.2594816699592687,High Risk,83.8,High Value,High Risk / High Value,Month-to-month,52,84.8037993760882,57.30379937608819,True
0410-IPFTY,0.4134725338879315,High Risk,83.85,High Value,High Risk / High Value,Month-to-month,31,135.2117206693619,107.71172066936191,True
9965-YOKZB,0.7826807684280063,High Risk,83.85,High Value,High Risk / High Value,Month-to-month,9,255.94835148748444,228.44835148748444,True
9812-GHVRI,0.3705496919616065,High Risk,83.85,High Value,High Risk / High Value,Month-to-month,40,121.17530751682474,93.67530751682474,True
4833-QTJNO,0.1125621150418296,Low Risk,83.85,High Value,Low Risk / High Value,Month-to-month,67,36.80950005040391,9.309500050403912,True
5813-UECBU,0.4132244079290137,High Risk,83.85,High Value,High Risk / High Value,Month-to-month,33,135.1305797589064,107.6305797589064,True
0822-QGCXA,0.3128970357427396,High Risk,83.85,High Value,High Risk / High Value,Month-to-month,27,102.32202414341197,74.82202414341197,True
3908-BLSYF,0.6299925932882773,High Risk,83.9,High Value,High Risk / High Value,Month-to-month,6,206.13987644985724,178.63987644985724,True
1193-RTSLK,0.2092359945854022,High Risk,83.9,High Value,High Risk / High Value,Month-to-month,38,68.46410978828946,40.96410978828946,True
0013-EXCHZ,0.620594783550728,High Risk,83.9,High Value,High Risk / High Value,Month-to-month,3,203.06481912563373,175.56481912563373,True
3223-WZWJM,0.6274482740807185,High Risk,83.95,High Value,High Risk / High Value,Month-to-month,26,205.4297021753976,177.9297021753976,True
8739-XNIKG,0.7677553717072814,High Risk,84.0,High Value,High Risk / High Value,Month-to-month,5,251.51665977130537,224.01665977130537,True
5383-MMTWC,0.786411168756304,High Risk,84.0,High Value,High Risk / High Value,Month-to-month,8,257.6282988845652,230.1282988845652,True
7803-XOCCZ,0.1106234108092696,Low Risk,84.05,High Value,Low Risk / High Value,Month-to-month,52,36.261800946224525,8.761800946224525,True
2545-EBUPK,0.8211402557630378,High Risk,84.05,High Value,High Risk / High Value,Month-to-month,2,269.165670137845,241.66567013784498,True
3489-HHPFY,0.782095903031262,High Risk,84.05,High Value,High Risk / High Value,Month-to-month,2,256.3671265341325,228.86712653413252,True
8800-JOOCF,0.6902933748445946,High Risk,84.05,High Value,High Risk / High Value,Month-to-month,12,226.2747168071839,198.7747168071839,True
3192-LNKRK,0.3606033866368979,High Risk,84.05,High Value,High Risk / High Value,Month-to-month,34,118.20398712264193,90.70398712264193,True
1565-RHDJD,0.5016500964239716,High Risk,84.05,High Value,High Risk / High Value,Month-to-month,4,164.43839335729575,136.93839335729575,True
0637-UBJRP,0.443861613748323,High Risk,84.05,High Value,High Risk / High Value,Month-to-month,13,145.49561767863153,117.99561767863153,True
5628-FCGYG,0.6575910711488598,High Risk,84.1,High Value,High Risk / High Value,Month-to-month,21,215.68329542611457,188.18329542611457,True
2834-SPCJV,0.2035994157383243,High Risk,84.1,High Value,High Risk / High Value,Month-to-month,52,66.77857236801299,39.27857236801299,True
3672-YITQD,0.5947880389252391,High Risk,84.1,High Value,High Risk / High Value,Month-to-month,36,195.08452888708916,167.58452888708916,True
9167-APMXZ,0.5798269133126046,High Risk,84.15,High Value,High Risk / High Value,Month-to-month,22,190.29049554549715,162.79049554549715,True
1550-LOAHA,0.3140795886542153,High Risk,84.15,High Value,High Risk / High Value,Month-to-month,32,103.07620980248367,75.57620980248367,True
8623-TMRBY,0.3257473631449665,High Risk,84.2,High Value,High Risk / High Value,Month-to-month,51,106.96891910954412,79.46891910954412,True
5868-YWPDW,0.7197426231809343,High Risk,84.2,High Value,High Risk / High Value,Month-to-month,6,236.34908260015524,208.84908260015524,True
5016-IBERQ,0.4575467403336424,High Risk,84.25,High Value,High Risk / High Value,Month-to-month,23,150.33842020512657,122.83842020512657,True
7530-HDYDS,0.2143501997718138,High Risk,84.25,High Value,High Risk / High Value,Month-to-month,38,70.43011689002373,42.930116890023726,True
0239-OXEXL,0.1647185473875466,Low Risk,84.25,High Value,Low Risk / High Value,Month-to-month,46,54.122396707863125,26.622396707863125,True
0215-BQKGS,0.2431623946015957,High Risk,84.3,High Value,High Risk / High Value,Month-to-month,30,79.94450047316661,52.44450047316661,True
7861-UVUFT,0.6401764325042457,High Risk,84.3,High Value,High Risk / High Value,Month-to-month,15,210.47080571442086,182.97080571442086,True
5950-AAAGJ,0.5250882083270636,High Risk,84.3,High Value,High Risk / High Value,Month-to-month,18,172.63325025168868,145.13325025168868,True
4993-JCRGJ,0.3846596932686948,High Risk,84.3,High Value,High Risk / High Value,Month-to-month,26,126.46456735594879,98.96456735594879,True
0225-ZORZP,0.6165381843318087,High Risk,84.3,High Value,High Risk / High Value,Month-to-month,3,202.69925886276874,175.19925886276874,True
2013-SGDXK,0.6355505473557044,High Risk,84.3,High Value,High Risk / High Value,Month-to-month,1,208.9499534541349,181.4499534541349,True
5572-ZDXHY,0.4668013531188369,High Risk,84.3,High Value,High Risk / High Value,Month-to-month,22,153.47028086488,125.97028086488001,True
5117-IFGPS,0.6423756688070421,High Risk,84.3,High Value,High Risk / High Value,Month-to-month,29,211.19384863369123,183.69384863369123,True
4471-KXAUH,0.3495938253980554,High Risk,84.3,High Value,High Risk / High Value,Month-to-month,42,114.93596197611868,87.43596197611868,True
2123-AGEEN,0.7400810123145669,High Risk,84.35,High Value,High Risk / High Value,Month-to-month,7,243.46075021606148,215.96075021606148,True
3569-EDBPQ,0.3949052115199178,High Risk,84.35,High Value,High Risk / High Value,Month-to-month,24,129.90999290764978,102.40999290764978,True
5609-IMCGG,0.4585690628251245,High Risk,84.35,High Value,High Risk / High Value,Month-to-month,15,150.8531717522671,123.35317175226709,True
8875-AKBYH,0.7134454992550997,High Risk,84.35,High Value,High Risk / High Value,Month-to-month,20,234.69859866245386,207.19859866245386,True
0196-VULGZ,0.7976493970626991,High Risk,84.35,High Value,High Risk / High Value,Month-to-month,6,262.39873390473076,234.89873390473076,True
5357-TZHPP,0.7027657120845794,High Risk,84.4,High Value,High Risk / High Value,Month-to-month,9,231.32236178976018,203.82236178976018,True
7299-GNVPL,0.1611609023992128,Low Risk,84.4,High Value,Low Risk / High Value,Month-to-month,23,53.04772263372489,25.547722633724888,True
7005-CCBKV,0.6766765509326018,High Risk,84.4,High Value,High Risk / High Value,Month-to-month,6,222.7348535049752,195.2348535049752,True
3194-ORPIK,0.3173599874593834,High Risk,84.4,High Value,High Risk / High Value,Month-to-month,50,104.46221347213064,76.96221347213064,True
7613-LLQFO,0.7214075585708045,High Risk,84.45,High Value,High Risk / High Value,Month-to-month,12,237.59918645308736,210.09918645308736,True
4822-NGOCH,0.6223107191501668,High Risk,84.45,High Value,High Risk / High Value,Month-to-month,13,204.96114690570317,177.46114690570317,True
9938-EKRGF,0.1630447568238106,Low Risk,84.45,High Value,Low Risk / High Value,Month-to-month,15,53.69960588370614,26.19960588370614,True
8058-JMEQO,0.7834724859719263,High Risk,84.45,High Value,High Risk / High Value,Month-to-month,9,258.0405806172838,230.5405806172838,True
2683-BPJSO,0.4058711633655746,High Risk,84.45,High Value,High Risk / High Value,Month-to-month,29,133.67569701026883,106.17569701026883,True
3714-NTNFO,0.4260198233718793,High Risk,84.5,High Value,High Risk / High Value,Month-to-month,49,140.39483279220283,112.89483279220283,True
9367-WXLCH,0.6044963233468551,High Risk,84.5,High Value,High Risk / High Value,Month-to-month,8,199.21176335895612,171.71176335895612,True
7120-RFMVS,0.7213929397808947,High Risk,84.5,High Value,High Risk / High Value,Month-to-month,1,237.73504330479386,210.23504330479386,True
5520-FVEWJ,0.5888670509278371,High Risk,84.5,High Value,High Risk / High Value,Month-to-month,12,194.0611366332687,166.5611366332687,True
4919-IKATY,0.5918348348882639,High Risk,84.5,High Value,High Risk / High Value,Month-to-month,5,195.03916983742738,167.53916983742738,True
6172-FECYY,0.3263056364440203,High Risk,84.5,High Value,High Risk / High Value,Month-to-month,49,107.53402249012689,80.03402249012689,True
8868-GAGIO,0.2364679709064973,High Risk,84.55,High Value,High Risk / High Value,Month-to-month,45,77.97413106656295,50.47413106656295,True
8972-HJWNV,0.7961238988867977,High Risk,84.55,High Value,High Risk / High Value,Month-to-month,7,262.51787503842706,235.01787503842706,True
8937-RDTHP,0.572161563820242,High Risk,84.6,High Value,High Risk / High Value,Month-to-month,1,188.77898636685063,161.27898636685063,True
3196-NVXLZ,0.5418672535064012,High Risk,84.6,High Value,High Risk / High Value,Month-to-month,25,178.78368162190202,151.28368162190202,True
4750-ZRXIU,0.8102591373058988,High Risk,84.6,High Value,High Risk / High Value,Month-to-month,4,267.33689976270824,239.83689976270824,True
7517-LDMPS,0.6340783439093984,High Risk,84.6,High Value,High Risk / High Value,Month-to-month,12,209.20780878946692,181.70780878946692,True
1319-YLZJG,0.461916945145932,High Risk,84.6,High Value,High Risk / High Value,Month-to-month,12,152.40487688144879,124.90487688144879,True
4912-PIGUY,0.7883188296975205,High Risk,84.6,High Value,High Risk / High Value,Month-to-month,1,260.0979146703999,232.59791467039992,True
0875-CABNR,0.6372055414532016,High Risk,84.6,High Value,High Risk / High Value,Month-to-month,10,210.23959634706935,182.73959634706935,True
5889-LFOLL,0.7196519095054681,High Risk,84.6,High Value,High Risk / High Value,Month-to-month,13,237.44195102223412,209.94195102223412,True
9490-DFPMD,0.5493220028863629,High Risk,84.65,High Value,High Risk / High Value,Month-to-month,42,181.35041942288944,153.85041942288944,True
4098-NAUKP,0.221717647641025,High Risk,84.65,High Value,High Risk / High Value,Month-to-month,68,73.19675560396979,45.69675560396979,True
7503-ZGUZJ,0.7170094118605345,High Risk,84.65,High Value,High Risk / High Value,Month-to-month,1,236.70990218457757,209.20990218457757,True
8242-SOQUO,0.7248381025209277,High Risk,84.7,High Value,High Risk / High Value,Month-to-month,5,239.43577040573808,211.93577040573808,True
1624-WOIWJ,0.501050647009057,High Risk,84.7,High Value,High Risk / High Value,Month-to-month,10,165.5120602265018,138.0120602265018,True
3198-VELRD,0.6900224363814561,High Risk,84.75,High Value,High Risk / High Value,Month-to-month,3,228.0696657849808,200.5696657849808,True
4514-GFCFI,0.7390395373161602,High Risk,84.75,High Value,High Risk / High Value,Month-to-month,16,244.2710430714239,216.7710430714239,True
2916-BQZLN,0.5181378881101584,High Risk,84.75,High Value,High Risk / High Value,Month-to-month,19,171.2575254676101,143.7575254676101,True
5934-RMPOV,0.6175762139338034,High Risk,84.75,High Value,High Risk / High Value,Month-to-month,22,204.12437811047036,176.62437811047036,True
2362-IBOOY,0.5421808724804947,High Risk,84.75,High Value,High Risk / High Value,Month-to-month,36,179.20433287661552,151.70433287661552,True
2455-USLMV,0.3309593962026792,High Risk,84.75,High Value,High Risk / High Value,Month-to-month,31,109.39035442989055,81.89035442989055,True
0219-YTZUE,0.5798269221789083,High Risk,84.8,High Value,High Risk / High Value,Month-to-month,4,191.76035970300853,164.26035970300853,True
9774-NRNAU,0.3118844317184741,High Risk,84.8,High Value,High Risk / High Value,Month-to-month,27,103.14641925793376,75.64641925793376,True
9314-IJWSQ,0.6773931933108515,High Risk,84.8,High Value,High Risk / High Value,Month-to-month,14,224.0274768917648,196.5274768917648,True
4720-VSTSI,0.3177420527520859,High Risk,84.8,High Value,High Risk / High Value,Month-to-month,44,105.08365168616984,77.58365168616984,True
2205-YMZZJ,0.7852011754473329,High Risk,84.8,High Value,High Risk / High Value,Month-to-month,7,259.68173274394195,232.18173274394195,True
6877-TJMBR,0.6594914200374535,High Risk,84.8,High Value,High Risk / High Value,Month-to-month,1,218.1070024347866,190.6070024347866,True
3572-UOLYZ,0.230476753312553,High Risk,84.8,High Value,High Risk / High Value,Month-to-month,46,76.22327185552751,48.723271855527514,True
0315-LVCRK,0.5800423544751907,High Risk,84.8,High Value,High Risk / High Value,Month-to-month,11,191.83160747203507,164.33160747203507,True
4706-AXVKM,0.6928639804872211,High Risk,84.8,High Value,High Risk / High Value,Month-to-month,11,229.14397562673375,201.64397562673375,True
4822-YCXMX,0.622864040806178,High Risk,84.8,High Value,High Risk / High Value,Month-to-month,25,205.99359557541916,178.49359557541916,True
7398-LXGYX,0.2354551582479165,High Risk,84.8,High Value,High Risk / High Value,Month-to-month,44,77.86972993575094,50.36972993575094,True
3737-XBQDD,0.4559524350781453,High Risk,84.85,High Value,High Risk / High Value,Month-to-month,24,150.88150005388445,123.38150005388445,True
5019-GQVCR,0.5362555486919025,High Risk,84.85,High Value,High Risk / High Value,Month-to-month,43,177.4550048953809,149.9550048953809,True
2873-ZLIWT,0.3204922731497493,High Risk,84.85,High Value,High Risk / High Value,Month-to-month,40,106.05570056934928,78.55570056934928,True
5216-WASFJ,0.6380051074091012,High Risk,84.85,High Value,High Risk / High Value,Month-to-month,31,211.12546011828272,183.62546011828272,True
2379-ENZGV,0.6702375464812226,High Risk,84.85,High Value,High Risk / High Value,Month-to-month,6,221.79165769383377,194.29165769383377,True
6060-DRTNL,0.6756765883817504,High Risk,84.85,High Value,High Risk / High Value,Month-to-month,5,223.59151824434693,196.09151824434693,True
2202-CUYXZ,0.7288710292127387,High Risk,84.85,High Value,High Risk / High Value,Month-to-month,1,241.1943566319334,213.6943566319334,True
1766-GKNMI,0.6013050514459645,High Risk,84.9,High Value,High Risk / High Value,Month-to-month,29,199.09811558427333,171.59811558427333,True
7586-ZATGZ,0.504810523354491,High Risk,84.9,High Value,High Risk / High Value,Month-to-month,40,167.14781238790553,139.64781238790553,True
6473-ULUHT,0.2342091686187935,High Risk,84.9,High Value,High Risk / High Value,Month-to-month,16,77.54899782136872,50.048997821368715,True
0362-ZBZWJ,0.5428391847399009,High Risk,84.9,High Value,High Risk / High Value,Month-to-month,36,179.73948245922858,152.23948245922858,True
8382-SHQEH,0.753730381257533,High Risk,84.9,High Value,High Risk / High Value,Month-to-month,8,249.56766653818175,222.06766653818175,True
3865-ZYKAD,0.1320766237498037,Low Risk,84.9,High Value,Low Risk / High Value,Month-to-month,69,43.731890889797505,16.231890889797505,True
6127-ISGTU,0.695842724339288,High Risk,84.95,High Value,High Risk / High Value,Month-to-month,16,230.5361737872278,203.0361737872278,True
9208-OLGAQ,0.659960879551069,High Risk,84.95,High Value,High Risk / High Value,Month-to-month,18,218.6483391996669,191.1483391996669,True
8837-VVWLQ,0.5214386077859097,High Risk,84.95,High Value,High Risk / High Value,Month-to-month,8,172.7552179525108,145.2552179525108,True
2657-ALMWY,0.4878083665377832,High Risk,84.95,High Value,High Risk / High Value,Month-to-month,26,161.61335087580028,134.11335087580028,True
9282-IZGQK,0.7892354012273493,High Risk,85.0,High Value,High Risk / High Value,Month-to-month,1,261.63153550686627,234.13153550686627,True
9606-PBKBQ,0.6191967271247433,High Risk,85.0,High Value,High Risk / High Value,Month-to-month,32,205.26371504185238,177.76371504185238,True
0524-IAVZO,0.5995949233275529,High Risk,85.0,High Value,High Risk / High Value,Month-to-month,30,198.7657170830838,171.2657170830838,True
1628-BIZYP,0.7060052271414072,High Risk,85.0,High Value,High Risk / High Value,Month-to-month,1,234.04073279737653,206.54073279737653,True
6769-DYBQN,0.2859126963142765,High Risk,85.0,High Value,High Risk / High Value,Month-to-month,46,94.78005882818267,67.28005882818267,True
6230-BSUXY,0.7750183570448055,High Risk,85.0,High Value,High Risk / High Value,Month-to-month,1,256.918585360353,229.418585360353,True
9121-PHQSR,0.6520429901451174,High Risk,85.05,High Value,High Risk / High Value,Month-to-month,16,216.27939961618472,188.77939961618472,True
4536-PLEQY,0.5291474849350521,High Risk,85.05,High Value,High Risk / High Value,Month-to-month,12,175.51557501553214,148.01557501553214,True
1069-XAIEM,0.8227448463478345,High Risk,85.05,High Value,High Risk / High Value,Month-to-month,1,272.90035180934495,245.40035180934495,True
2642-DTVCO,0.7770291769405763,High Risk,85.05,High Value,High Risk / High Value,Month-to-month,9,257.73669284530445,230.23669284530445,True
9992-RRAMN,0.6493560439707795,High Risk,85.1,High Value,High Risk / High Value,Month-to-month,22,215.51477743346197,188.01477743346197,True
3541-ZNUHK,0.2006358433129322,High Risk,85.1,High Value,High Risk / High Value,Month-to-month,55,66.58903003712906,39.08903003712906,True
7927-AUXBZ,0.3554714363482057,High Risk,85.15,High Value,High Risk / High Value,Month-to-month,30,118.0467319396939,90.5467319396939,True
1394-SUIUH,0.2167924091569004,High Risk,85.15,High Value,High Risk / High Value,Month-to-month,44,71.99350719486928,44.49350719486928,True
4369-HTUIF,0.5927411985726451,High Risk,85.15,High Value,High Risk / High Value,Month-to-month,6,196.84046092799684,169.34046092799684,True
9185-TQCVP,0.7020681354737186,High Risk,85.15,High Value,High Risk / High Value,Month-to-month,14,233.14629676878985,205.64629676878985,True
9445-ZUEQE,0.2908130068931542,High Risk,85.2,High Value,High Risk / High Value,Month-to-month,27,96.63134593045729,69.13134593045729,True
7831-QGOXH,0.6821397461301003,High Risk,85.2,High Value,High Risk / High Value,Month-to-month,18,226.66139484410976,199.16139484410976,True
3106-ULWFW,0.6632590539740972,High Risk,85.2,High Value,High Risk / High Value,Month-to-month,8,220.38771845451305,192.88771845451305,True
3834-XUIFC,0.6772868810087482,High Risk,85.2,High Value,High Risk / High Value,Month-to-month,7,225.0488848215869,197.5488848215869,True
1200-TUZHR,0.7249636540732369,High Risk,85.2,High Value,High Risk / High Value,Month-to-month,8,240.89092297545517,213.39092297545517,True
4548-SDBKE,0.7669081343110512,High Risk,85.2,High Value,High Risk / High Value,Month-to-month,5,254.82823486887614,227.32823486887614,True
7248-VZQLC,0.3325666085327783,High Risk,85.2,High Value,High Risk / High Value,Month-to-month,47,110.50523268327159,83.00523268327159,True
0666-UXTJO,0.4333092763418554,High Risk,85.2,High Value,High Risk / High Value,Month-to-month,34,143.98000634287172,116.48000634287172,True
0195-IESCP,0.7313473374235251,High Risk,85.25,High Value,High Risk / High Value,Month-to-month,10,243.1547060098865,215.6547060098865,True
5373-SFODM,0.5009499165835387,High Risk,85.25,High Value,High Risk / High Value,Month-to-month,36,166.55332351611204,139.05332351611204,True
6331-EWIEB,0.6634195831859743,High Risk,85.25,High Value,High Risk / High Value,Month-to-month,20,220.5704259197568,193.0704259197568,True
8063-GBATB,0.6660478683133969,High Risk,85.25,High Value,High Risk / High Value,Month-to-month,27,221.44426501749663,193.94426501749663,True
3842-IYKUE,0.2158087162055036,High Risk,85.3,High Value,High Risk / High Value,Month-to-month,35,71.79308562008488,44.29308562008488,True
2952-QAYZF,0.6757565908950935,High Risk,85.3,High Value,High Risk / High Value,Month-to-month,5,224.80394509307075,197.30394509307075,True
8593-WHYHV,0.7739771116817974,High Risk,85.3,High Value,High Risk / High Value,Month-to-month,3,257.47896574318355,229.97896574318355,True
3536-IQCTX,0.5361201719810621,High Risk,85.3,High Value,High Risk / High Value,Month-to-month,32,178.35109761293995,150.85109761293995,True
2135-DQWAQ,0.5963040946267494,High Risk,85.3,High Value,High Risk / High Value,Month-to-month,5,198.3724831594807,170.8724831594807,True
2195-ZRVAX,0.3879652545621083,High Risk,85.3,High Value,High Risk / High Value,Month-to-month,47,129.06440123517655,101.56440123517655,True
6719-OXYBR,0.5426360382899665,High Risk,85.3,High Value,High Risk / High Value,Month-to-month,15,180.51873085792317,153.01873085792317,True
2959-FENLU,0.5911429666799722,High Risk,85.3,High Value,High Risk / High Value,Month-to-month,9,196.6555307254264,169.1555307254264,True
0419-YAAPX,0.2597325747111116,High Risk,85.3,High Value,High Risk / High Value,Month-to-month,49,86.4052356291455,58.905235629145494,True
3138-BKYAV,0.6661388597170167,High Risk,85.35,High Value,High Risk / High Value,Month-to-month,6,221.73431153970475,194.23431153970475,True
4248-QPAVC,0.5122245227337648,High Risk,85.35,High Value,High Risk / High Value,Month-to-month,17,170.5016157597746,143.0016157597746,True
4143-HHPMK,0.3100227046640731,High Risk,85.35,High Value,High Risk / High Value,Month-to-month,52,103.19570758800671,75.69570758800671,True
1845-CSBRZ,0.5157784856519224,High Risk,85.35,High Value,High Risk / High Value,Month-to-month,22,171.68460562652714,144.18460562652714,True
5153-RTHKF,0.474378141581344,High Risk,85.35,High Value,High Risk / High Value,Month-to-month,34,157.90388009747406,130.40388009747406,True
2691-NZETQ,0.7348954848803838,High Risk,85.35,High Value,High Risk / High Value,Month-to-month,9,244.62098557470893,217.12098557470893,True
5569-KGJHX,0.6407559538316214,High Risk,85.35,High Value,High Risk / High Value,Month-to-month,9,213.28523057216267,185.78523057216267,True
1268-ASBGA,0.6577140527047612,High Risk,85.35,High Value,High Risk / High Value,Month-to-month,16,218.92998815357035,191.42998815357035,True
6432-TWQLB,0.597984581518745,High Risk,85.4,High Value,High Risk / High Value,Month-to-month,5,199.16474472063322,171.66474472063322,True
1170-SASML,0.1652903915047527,Low Risk,85.4,High Value,Low Risk / High Value,Month-to-month,69,55.05161779457295,27.551617794572948,True
0876-WDUUZ,0.5413538305475347,High Risk,85.4,High Value,High Risk / High Value,Month-to-month,5,180.30330680216193,152.80330680216193,True
0533-BNWKF,0.3575577261625389,High Risk,85.45,High Value,High Risk / High Value,Month-to-month,55,119.15790003229691,91.65790003229691,True
9124-LHCJQ,0.721431044320271,High Risk,85.45,High Value,High Risk / High Value,Month-to-month,1,240.42050267495193,212.92050267495193,True
5914-DVBWJ,0.5543043352686452,High Risk,85.45,High Value,High Risk / High Value,Month-to-month,18,184.72469124995237,157.22469124995237,True
5597-GLBUC,0.7314629317207689,High Risk,85.45,High Value,High Risk / High Value,Month-to-month,1,243.76367931060486,216.26367931060486,True
3370-GQEAL,0.4584650780124679,High Risk,85.45,High Value,High Risk / High Value,Month-to-month,30,152.78577957304498,125.28577957304498,True
0843-WTBXE,0.2598569629383662,High Risk,85.45,High Value,High Risk / High Value,Month-to-month,53,86.59863218402523,59.098632184025234,True
9102-IAYHT,0.6556721173012635,High Risk,85.45,High Value,High Risk / High Value,Month-to-month,17,218.5060114512326,191.0060114512326,True
1785-BPHTP,0.3974674127468319,High Risk,85.45,High Value,High Risk / High Value,Month-to-month,28,132.45800263494547,104.95800263494547,True
0913-XWSCN,0.2232689342166302,High Risk,85.5,High Value,High Risk / High Value,Month-to-month,55,74.44902611453533,46.94902611453533,True
6686-YPGHK,0.2106619651938402,High Risk,85.5,High Value,High Risk / High Value,Month-to-month,47,70.24523229388602,42.74523229388602,True
2215-ZAFGX,0.7363499265999165,High Risk,85.5,High Value,High Risk / High Value,Month-to-month,9,245.5358830247422,218.0358830247422,True
0235-KGSLC,0.647025809131912,High Risk,85.55,High Value,High Risk / High Value,Month-to-month,1,215.8769260878168,188.3769260878168,True
5277-ZLOOR,0.8157462348439795,High Risk,85.55,High Value,High Risk / High Value,Month-to-month,2,272.1696525245195,244.6696525245195,True
4395-PZMSN,0.7208104072990223,High Risk,85.55,High Value,High Risk / High Value,Month-to-month,5,240.49478834328232,212.99478834328232,True
3247-ZVOUO,0.7044978254247134,High Risk,85.55,High Value,High Risk / High Value,Month-to-month,10,235.05217696382851,207.55217696382851,True
8519-IMDHU,0.6816450068784293,High Risk,85.6,High Value,High Risk / High Value,Month-to-month,15,227.56036909629483,200.06036909629483,True
7249-WBIYX,0.7253690317394675,High Risk,85.6,High Value,High Risk / High Value,Month-to-month,10,242.15719755590382,214.65719755590382,True
7892-QVYKW,0.5194288045420759,High Risk,85.6,High Value,High Risk / High Value,Month-to-month,23,173.4061121083266,145.9061121083266,True
5018-GWURO,0.3219781267187077,High Risk,85.6,High Value,High Risk / High Value,Month-to-month,56,107.48917782377337,79.98917782377337,True
2027-CWDNU,0.4953235247686259,High Risk,85.6,High Value,High Risk / High Value,Month-to-month,18,165.35880550875805,137.85880550875805,True
0259-GBZSH,0.7765954184991531,High Risk,85.65,High Value,High Risk / High Value,Month-to-month,2,259.41005061836466,231.91005061836466,True
9944-AEXBM,0.4903549192950095,High Risk,85.65,High Value,High Risk / High Value,Month-to-month,32,163.7957054667085,136.2957054667085,True
7488-MXJIV,0.7676858263747207,High Risk,85.65,High Value,High Risk / High Value,Month-to-month,4,256.43393501307986,228.93393501307986,True
7994-UYIVZ,0.677756015332163,High Risk,85.65,High Value,High Risk / High Value,Month-to-month,8,226.3942305814791,198.8942305814791,True
0697-ZMSWS,0.7666666185064188,High Risk,85.65,High Value,High Risk / High Value,Month-to-month,4,256.09348391279167,228.59348391279167,True
5192-EBGOV,0.8194387171980068,High Risk,85.7,High Value,High Risk / High Value,Month-to-month,1,273.88100244908986,246.38100244908986,True
3916-NRPAP,0.5464297878396852,High Risk,85.7,High Value,High Risk / High Value,Month-to-month,3,182.633227989658,155.133227989658,True
1492-QGCLU,0.0955546992678461,Low Risk,85.7,High Value,Low Risk / High Value,Month-to-month,53,31.937247136292207,4.437247136292207,True
0869-PAPRP,0.4915277169994007,High Risk,85.7,High Value,High Risk / High Value,Month-to-month,26,164.2833088527097,136.7833088527097,True
1143-NMNQJ,0.7818439161017918,High Risk,85.7,High Value,High Risk / High Value,Month-to-month,2,261.3156920787019,233.8156920787019,True
7137-RYLPP,0.5823822169051744,High Risk,85.7,High Value,High Risk / High Value,Month-to-month,37,194.64960835621645,167.14960835621645,True
6563-VNPMN,0.1646324911671501,Low Risk,85.7,High Value,Low Risk / High Value,Month-to-month,45,55.02511752279658,27.525117522796577,True
5226-NOZFC,0.5064593163775758,High Risk,85.75,High Value,High Risk / High Value,Month-to-month,26,169.3726568795708,141.8726568795708,True
3982-DQLUS,0.1897442276664609,Low Risk,85.75,High Value,Low Risk / High Value,Month-to-month,65,63.455213337356184,35.955213337356184,True
4439-JMPMT,0.5990607753164345,High Risk,85.75,High Value,High Risk / High Value,Month-to-month,5,200.34089978519864,172.84089978519864,True
9885-AIBVB,0.4853510409943627,High Risk,85.8,High Value,High Risk / High Value,Month-to-month,29,162.40816533753366,134.90816533753366,True
3049-NDXFL,0.646506023397772,High Risk,85.8,High Value,High Risk / High Value,Month-to-month,1,216.33384554936242,188.83384554936242,True
0689-DSXGL,0.1003789952166962,Low Risk,85.8,High Value,Low Risk / High Value,Month-to-month,52,33.58881937941088,6.088819379410879,True
2860-RANUS,0.6279286890606237,High Risk,85.8,High Value,High Risk / High Value,Month-to-month,20,210.1174979334659,182.6174979334659,True
0378-TOVMS,0.5697666423364938,High Risk,85.8,High Value,High Risk / High Value,Month-to-month,3,190.65531385863756,163.15531385863756,True
0118-JPNOY,0.4140521056550673,High Risk,85.8,High Value,High Risk / High Value,Month-to-month,26,138.55011559429863,111.05011559429863,True
0220-EBGCE,0.7213861579261038,High Risk,85.85,High Value,High Risk / High Value,Month-to-month,2,241.53090646602845,214.03090646602845,True
2189-WWOEW,0.4927560437041566,High Risk,85.9,High Value,High Risk / High Value,Month-to-month,15,165.07820220132953,137.57820220132953,True
5522-NYKPB,0.3536685862195368,High Risk,85.9,High Value,High Risk / High Value,Month-to-month,25,118.48251306940702,90.98251306940702,True
5201-USSQZ,0.2953190163350698,High Risk,85.9,High Value,High Risk / High Value,Month-to-month,26,98.93482366241173,71.43482366241173,True
7621-VPNET,0.2691061191710943,High Risk,85.9,High Value,High Risk / High Value,Month-to-month,42,90.15324098350831,62.65324098350831,True
2876-GZYZC,0.7212500313939464,High Risk,85.95,High Value,High Risk / High Value,Month-to-month,13,241.7666167734078,214.2666167734078,True
8734-DKSTZ,0.6271782799315467,High Risk,85.95,High Value,High Risk / High Value,Month-to-month,10,210.23329532445416,182.73329532445416,True
4952-YSOGZ,0.7437928428130561,High Risk,85.95,High Value,High Risk / High Value,Month-to-month,4,249.32307987515048,221.82307987515048,True
2960-NKRSO,0.3790089811750362,High Risk,85.95,High Value,High Risk / High Value,Month-to-month,24,127.045705534778,99.545705534778,True
5307-DZCVC,0.5207058618574216,High Risk,85.95,High Value,High Risk / High Value,Month-to-month,32,174.543208423917,147.043208423917,True
8132-YPVBX,0.5894824487607678,High Risk,85.95,High Value,High Risk / High Value,Month-to-month,6,197.59746423685317,170.09746423685317,True
5433-KYGHE,0.3494795091370666,High Risk,86.0,High Value,High Risk / High Value,Month-to-month,14,117.21542736457215,89.71542736457215,True
9866-QEVEE,0.5907559557957174,High Risk,86.0,High Value,High Risk / High Value,Month-to-month,19,198.13954757388365,170.63954757388365,True
6474-FVJLC,0.7768347101005112,High Risk,86.0,High Value,High Risk / High Value,Month-to-month,2,260.5503617677115,233.05036176771148,True
4844-JJWUY,0.7499378393821995,High Risk,86.0,High Value,High Risk / High Value,Month-to-month,1,251.52915132878974,224.02915132878974,True
1342-JPNKI,0.66033057870648,High Risk,86.05,High Value,High Risk / High Value,Month-to-month,10,221.60364056100119,194.10364056100119,True
3452-ABWRL,0.393139992379128,High Risk,86.05,High Value,High Risk / High Value,Month-to-month,47,131.93581574247347,104.43581574247347,True
2038-OEQZH,0.630075221540752,High Risk,86.05,High Value,High Risk / High Value,Month-to-month,4,211.45009397296866,183.95009397296866,True
1212-GLHMD,0.5496564277119464,High Risk,86.05,High Value,High Risk / High Value,Month-to-month,3,184.46194885799068,156.96194885799068,True
4826-XTSOH,0.8147231582686828,High Risk,86.05,High Value,High Risk / High Value,Month-to-month,1,273.4170182991786,245.9170182991786,True
0682-USIXD,0.5070279824760783,High Risk,86.05,High Value,High Risk / High Value,Month-to-month,21,170.1560557790595,142.6560557790595,True
5651-YLPRD,0.4292411912764246,High Risk,86.1,High Value,High Risk / High Value,Month-to-month,32,144.13489961871062,116.63489961871062,True
7460-ITWWP,0.4518360643045895,High Risk,86.1,High Value,High Risk / High Value,Month-to-month,45,151.7220320328381,124.22203203283809,True
7508-MYBOG,0.7023443898342856,High Risk,86.1,High Value,High Risk / High Value,Month-to-month,14,235.84022266245472,208.34022266245472,True
2716-GFZOR,0.1700565747096355,Low Risk,86.1,High Value,Low Risk / High Value,Month-to-month,43,57.103297221748505,29.603297221748505,True
3023-GFLBR,0.34518621904044,High Risk,86.15,High Value,High Risk / High Value,Month-to-month,33,115.97739180430224,88.47739180430224,True
6275-YDUVO,0.6480345647690966,High Risk,86.2,High Value,High Risk / High Value,Month-to-month,2,217.85625998407488,190.35625998407488,True
3540-RZJYU,0.4604165877738708,High Risk,86.2,High Value,High Risk / High Value,Month-to-month,15,154.78284847781993,127.28284847781993,True
3797-FKOGQ,0.6103346252588165,High Risk,86.2,High Value,High Risk / High Value,Month-to-month,11,205.18229431950897,177.68229431950897,True
0292-WEGCH,0.148562391799484,Low Risk,86.2,High Value,Low Risk / High Value,Month-to-month,54,49.94370487515053,22.44370487515053,True
5989-PGKJB,0.5958646252966043,High Risk,86.25,High Value,High Risk / High Value,Month-to-month,16,200.43396333414532,172.93396333414532,True
4285-GYRQC,0.6877695873351994,High Risk,86.25,High Value,High Risk / High Value,Month-to-month,7,231.3484949398777,203.8484949398777,True
0133-BMFZO,0.4662142213933217,High Risk,86.25,High Value,High Risk / High Value,Month-to-month,2,156.8228087211786,129.3228087211786,True
3914-FDRHP,0.510368345774487,High Risk,86.25,High Value,High Risk / High Value,Month-to-month,9,171.67515230989306,144.17515230989306,True
6986-IJDHX,0.2861121085986324,High Risk,86.3,High Value,High Risk / High Value,Month-to-month,39,96.29675239104171,68.79675239104171,True
8337-MSSXB,0.6118851799746726,High Risk,86.3,High Value,High Risk / High Value,Month-to-month,14,205.94219502407557,178.44219502407557,True
0880-FVFWF,0.2255984720579855,High Risk,86.4,High Value,High Risk / High Value,Month-to-month,56,76.0176611446588,48.5176611446588,True
6352-TWCAU,0.550694139657131,High Risk,86.45,High Value,High Risk / High Value,Month-to-month,35,185.6692826561,158.1692826561,True
8861-HGGKB,0.658815242497024,High Risk,86.45,High Value,High Risk / High Value,Month-to-month,10,222.1228530840841,194.6228530840841,True
0141-YEAYS,0.4919514321119325,High Risk,86.45,High Value,High Risk / High Value,Month-to-month,27,165.86388509369863,138.36388509369863,True
2057-ZBLPD,0.6579727040574516,High Risk,86.5,High Value,High Risk / High Value,Month-to-month,21,221.9670917137813,194.4670917137813,True
1925-TIBLE,0.7470996436615903,High Risk,86.5,High Value,High Risk / High Value,Month-to-month,7,252.0340647892375,224.5340647892375,True
4911-BANWH,0.4470714525286107,High Risk,86.55,High Value,High Risk / High Value,Month-to-month,31,150.9067334437699,123.4067334437699,True
7858-GTZSP,0.7218937718013101,High Risk,86.55,High Value,High Risk / High Value,Month-to-month,12,243.6716332026732,216.1716332026732,True
7658-UYUQS,0.4748690753343042,High Risk,86.55,High Value,High Risk / High Value,Month-to-month,21,160.28968203371772,132.78968203371772,True
5229-PRWKT,0.7382432700176422,High Risk,86.55,High Value,High Risk / High Value,Month-to-month,8,249.19032457810502,221.69032457810502,True
8603-IJWDN,0.7810058428933246,High Risk,86.6,High Value,High Risk / High Value,Month-to-month,1,263.77691337879145,236.27691337879145,True
3372-KWFBM,0.7244810555417593,High Risk,86.6,High Value,High Risk / High Value,Month-to-month,16,244.6862316986738,217.1862316986738,True
7779-LGOVN,0.7675134309231924,High Risk,86.65,High Value,High Risk / High Value,Month-to-month,10,259.36965127902903,231.86965127902903,True
8404-FYDIB,0.3289403659993662,High Risk,86.65,High Value,High Risk / High Value,Month-to-month,26,111.16046258399584,83.66046258399584,True
2504-DSHIH,0.6069258954598471,High Risk,86.8,High Value,High Risk / High Value,Month-to-month,23,205.45655413106743,177.95655413106743,True
0744-GKNGE,0.0976258767920707,Low Risk,86.8,High Value,Low Risk / High Value,Month-to-month,64,33.04831181165177,5.548311811651772,True
9451-LPGOO,0.746825679293131,High Risk,86.8,High Value,High Risk / High Value,Month-to-month,7,252.81542895431073,225.31542895431073,True
4140-MUHUG,0.7539126490679751,High Risk,86.85,High Value,High Risk / High Value,Month-to-month,3,255.36152292905916,227.86152292905916,True
0168-XZKBB,0.6634530248374918,High Risk,86.85,High Value,High Risk / High Value,Month-to-month,19,224.721491307831,197.221491307831,True
3097-NQYSN,0.7445294846636862,High Risk,86.85,High Value,High Risk / High Value,Month-to-month,2,252.18330439786047,224.68330439786047,True
0428-IKYCP,0.4897008410490171,High Risk,87.0,High Value,High Risk / High Value,Month-to-month,22,166.1554953679315,138.6554953679315,True
6979-ZNSFF,0.7452270020490088,High Risk,87.05,High Value,High Risk / High Value,Month-to-month,8,253.00084106062823,225.50084106062823,True
9430-FRQOC,0.5110649740691218,High Risk,87.1,High Value,High Risk / High Value,Month-to-month,4,173.60366104154,146.10366104154,True
4884-ZTHVF,0.7009992760697596,High Risk,87.1,High Value,High Risk / High Value,Month-to-month,8,238.1224440881366,210.6224440881366,True
5318-IXUZF,0.6260221502550325,High Risk,87.15,High Value,High Risk / High Value,Month-to-month,2,212.77553853943175,185.27553853943175,True
0178-SZBHO,0.3064397415254599,High Risk,87.2,High Value,High Risk / High Value,Month-to-month,47,104.2140272979784,76.7140272979784,True
6439-GTPCA,0.3243762544646864,High Risk,87.25,High Value,High Risk / High Value,Month-to-month,45,110.37712998797116,82.87712998797116,True
2845-HSJCY,0.6814862868957575,High Risk,87.25,High Value,High Risk / High Value,Month-to-month,14,231.8927462734539,204.3927462734539,True
1580-BMCMR,0.5619524532151163,High Risk,87.3,High Value,High Risk / High Value,Month-to-month,19,191.32795174615066,163.82795174615066,True
5973-EJGDP,0.2617124700650199,High Risk,87.35,High Value,High Risk / High Value,Month-to-month,51,89.1562786147,61.6562786147,True
5498-TXHLF,0.4334793128061832,High Risk,87.45,High Value,High Risk / High Value,Month-to-month,34,147.84028702911283,120.34028702911283,True
5240-CAOYT,0.1299268652813521,Low Risk,87.55,High Value,Low Risk / High Value,Month-to-month,57,44.36287851599128,16.862878515991277,True
6711-VTNRE,0.3918182834566927,High Risk,87.55,High Value,High Risk / High Value,Month-to-month,36,133.78439379487043,106.28439379487043,True
4673-KKSLS,0.2158628460392554,High Risk,87.6,High Value,High Risk / High Value,Month-to-month,31,73.7473827208512,46.247382720851206,True
7241-AJHFS,0.2029500116900449,High Risk,87.65,High Value,High Risk / High Value,Month-to-month,32,69.3754172460665,41.875417246066505,True
9529-OFXHY,0.5370015243390441,High Risk,87.75,High Value,High Risk / High Value,Month-to-month,15,183.7753466669294,156.2753466669294,True
5294-DMSFH,0.4737704510369901,High Risk,87.8,High Value,High Risk / High Value,Month-to-month,29,162.22847784408614,134.72847784408614,True
4660-IRIBM,0.3877455171583532,High Risk,87.9,High Value,High Risk / High Value,Month-to-month,18,132.9230407370551,105.42304073705509,True
9741-YLNTD,0.6196569111024374,High Risk,87.95,High Value,High Risk / High Value,Month-to-month,6,212.54541879269158,185.04541879269158,True
4123-DVHPH,0.6625910998294859,High Risk,88.05,High Value,High Risk / High Value,Month-to-month,9,227.53047072594632,200.03047072594632,True
6583-QGCSI,0.4583358094397348,High Risk,88.05,High Value,High Risk / High Value,Month-to-month,50,157.3902252825577,129.8902252825577,True
3753-TSEMP,0.6300339962727777,High Risk,88.15,High Value,High Risk / High Value,Month-to-month,15,216.59623740863688,189.09623740863688,True
9688-YGXVR,0.3002288604404086,High Risk,88.15,High Value,High Risk / High Value,Month-to-month,44,103.2141787865059,75.7141787865059,True
9681-KYGYB,0.3006260862910225,High Risk,88.2,High Value,High Risk / High Value,Month-to-month,49,103.40936116238593,75.90936116238593,True
3254-YRILK,0.6951033840858618,High Risk,88.2,High Value,High Risk / High Value,Month-to-month,19,239.10166205785475,211.60166205785475,True
0378-NHQXU,0.5688629187062622,High Risk,88.25,High Value,High Risk / High Value,Month-to-month,17,195.78839504572778,168.28839504572778,True
4184-TJFAN,0.4869830485803514,High Risk,88.3,High Value,High Risk / High Value,Month-to-month,3,167.70235243961562,140.20235243961562,True
0504-HHAPI,0.4971183934565829,High Risk,88.3,High Value,High Risk / High Value,Month-to-month,27,171.19266115464345,143.69266115464345,True
9415-DPEWS,0.608842203269585,High Risk,88.35,High Value,High Risk / High Value,Month-to-month,18,209.78571376958456,182.28571376958456,True
3722-WPXTK,0.7806452601930669,High Risk,88.35,High Value,High Risk / High Value,Month-to-month,1,268.9830340784241,241.4830340784241,True
0772-GYEQQ,0.5529096459694925,High Risk,88.35,High Value,High Risk / High Value,Month-to-month,3,190.5133121634782,163.0133121634782,True
3143-JQEGI,0.6089254101065796,High Risk,88.35,High Value,High Risk / High Value,Month-to-month,13,209.8143839333736,182.3143839333736,True
4526-ZJJTM,0.4209673928754419,High Risk,88.4,High Value,High Risk / High Value,Month-to-month,25,145.13271836773734,117.63271836773734,True
4633-MKHYU,0.6632777339620574,High Risk,88.4,High Value,High Risk / High Value,Month-to-month,9,228.6716315607589,201.1716315607589,True
2811-POVEX,0.4921323786332243,High Risk,88.45,High Value,High Risk / High Value,Month-to-month,23,169.7635246714239,142.2635246714239,True
6087-MVHJH,0.6961010304728302,High Risk,88.45,High Value,High Risk / High Value,Month-to-month,16,240.1235309667552,212.6235309667552,True
7228-OMTPN,0.7647997535503882,High Risk,88.45,High Value,High Risk / High Value,Month-to-month,4,263.8214989859742,236.3214989859742,True
9626-VFRGG,0.3674083777348482,High Risk,88.5,High Value,High Risk / High Value,Month-to-month,41,126.81100157518287,99.31100157518287,True
4695-WJZUE,0.8143603992912873,High Risk,88.55,High Value,High Risk / High Value,Month-to-month,2,281.2352920932496,253.7352920932496,True
5846-QFDFI,0.2040132849754144,High Risk,88.6,High Value,High Risk / High Value,Month-to-month,33,70.49475049040468,42.994750490404684,True
9777-WJJPR,0.3923983437457736,High Risk,88.65,High Value,High Risk / High Value,Month-to-month,31,135.66584137494505,108.16584137494505,True
5366-IJEQJ,0.6593825099590318,High Risk,88.7,High Value,High Risk / High Value,Month-to-month,20,228.10019167012786,200.60019167012786,True
9054-FOWNV,0.6051030373995722,High Risk,88.75,High Value,High Risk / High Value,Month-to-month,22,209.4412888199269,181.9412888199269,True
1658-XUHBX,0.3067120878827599,High Risk,88.75,High Value,High Risk / High Value,Month-to-month,59,106.16072141842027,78.66072141842027,True
2672-TGEFF,0.4741753263773879,High Risk,88.8,High Value,High Risk / High Value,Month-to-month,37,164.216399031017,136.716399031017,True
3068-OMWZA,0.8130956827502424,High Risk,88.8,High Value,High Risk / High Value,Month-to-month,1,281.59129685006394,254.09129685006394,True
0311-UNPFF,0.546932543022365,High Risk,88.8,High Value,High Risk / High Value,Month-to-month,26,189.41367829950548,161.91367829950548,True
1169-WCVAK,0.3094199452419743,High Risk,88.8,High Value,High Risk / High Value,Month-to-month,19,107.15831543620055,79.65831543620055,True
4521-YEEHE,0.602955006994249,High Risk,88.85,High Value,High Risk / High Value,Month-to-month,18,208.9329542486122,181.4329542486122,True
4636-JGAAI,0.3552306380753006,High Risk,88.85,High Value,High Risk / High Value,Month-to-month,34,123.09274455266277,95.59274455266277,True
2657-VPXTA,0.7030820431375112,High Risk,88.85,High Value,High Risk / High Value,Month-to-month,10,243.62847417779471,216.12847417779471,True
1273-MTETI,0.8047233104062099,High Risk,88.85,High Value,High Risk / High Value,Month-to-month,4,278.8486979054078,251.3486979054078,True
5842-POCOP,0.5374761595085581,High Risk,88.9,High Value,High Risk / High Value,Month-to-month,5,186.34835926321222,158.84835926321222,True
0581-MDMPW,0.53671662735872,High Risk,88.95,High Value,High Risk / High Value,Month-to-month,24,186.1896816138768,158.6896816138768,True
4951-UKAAQ,0.7448459271675808,High Risk,88.95,High Value,High Risk / High Value,Month-to-month,4,258.39077636406967,230.89077636406967,True
6595-YGXIT,0.650153322691926,High Risk,88.95,High Value,High Risk / High Value,Month-to-month,25,225.54143840844262,198.04143840844262,True
7508-SMHXL,0.5453405883922858,High Risk,89.0,High Value,High Risk / High Value,Month-to-month,15,189.2877182309624,161.7877182309624,True
0611-DFXKO,0.5784209428766321,High Risk,89.0,High Value,High Risk / High Value,Month-to-month,20,200.76990927247903,173.26990927247903,True
0187-QSXOE,0.7824069609723191,High Risk,89.0,High Value,High Risk / High Value,Month-to-month,7,271.573456153492,244.07345615349197,True
7277-OZCGZ,0.4095146219438021,High Risk,89.05,High Value,High Risk / High Value,Month-to-month,22,142.22238062797277,114.72238062797277,True
4154-AQUGT,0.5127041435007241,High Risk,89.05,High Value,High Risk / High Value,Month-to-month,13,178.059585517084,150.559585517084,True
1965-DDBWU,0.5209573868040931,High Risk,89.05,High Value,High Risk / High Value,Month-to-month,16,180.92589565012753,153.42589565012753,True
1452-KIOVK,0.4816313822320899,High Risk,89.1,High Value,High Risk / High Value,Month-to-month,22,167.36208901182889,139.86208901182889,True
1455-ESIQH,0.7785582230267463,High Risk,89.1,High Value,High Risk / High Value,Month-to-month,1,270.5411969195641,243.04119691956407,True
5828-DWPIL,0.2364416856518061,High Risk,89.1,High Value,High Risk / High Value,Month-to-month,62,82.1611213471461,54.66112134714611,True
3427-GGZZI,0.6408216048303417,High Risk,89.1,High Value,High Risk / High Value,Month-to-month,19,222.6790994624954,195.1790994624954,True
5626-MGTUK,0.5128189341655907,High Risk,89.1,High Value,High Risk / High Value,Month-to-month,20,178.1994514332011,150.6994514332011,True
2685-SREOM,0.6053177705973424,High Risk,89.1,High Value,High Risk / High Value,Month-to-month,25,210.3418721048705,182.8418721048705,True
4115-NZRKS,0.7847907452518954,High Risk,89.15,High Value,High Risk / High Value,Month-to-month,7,272.8599702629052,245.35997026290522,True
5575-TPIZQ,0.2992766747214207,High Risk,89.15,High Value,High Risk / High Value,Month-to-month,46,104.05401065051717,76.55401065051717,True
5419-KLXBN,0.4138785296729262,High Risk,89.15,High Value,High Risk / High Value,Month-to-month,25,143.89935658933135,116.39935658933135,True
3801-HMYNL,0.5982895129409462,High Risk,89.15,High Value,High Risk / High Value,Month-to-month,1,208.01628930687292,180.51628930687292,True
1792-UXAFY,0.6373978948626653,High Risk,89.15,High Value,High Risk / High Value,Month-to-month,17,221.6136870753258,194.1136870753258,True
5429-LWCMV,0.6935062077123402,High Risk,89.15,High Value,High Risk / High Value,Month-to-month,12,241.12170582846502,213.62170582846502,True
6005-OBZPH,0.6404648265949897,High Risk,89.15,High Value,High Risk / High Value,Month-to-month,26,222.680013234679,195.180013234679,True
4853-OITSN,0.6838134428744457,High Risk,89.15,High Value,High Risk / High Value,Month-to-month,5,237.75167688580166,210.25167688580166,True
2865-TCHJW,0.8006616276711699,High Risk,89.2,High Value,High Risk / High Value,Month-to-month,4,278.5341670342466,251.0341670342466,True
5857-TYBCJ,0.5404396638705263,High Risk,89.2,High Value,High Risk / High Value,Month-to-month,44,188.00815026727872,160.50815026727872,True
7251-XFOIL,0.2204244748863529,High Risk,89.2,High Value,High Risk / High Value,Month-to-month,61,76.68126632346446,49.181266323464456,True
2082-OJVTK,0.5673492365619874,High Risk,89.2,High Value,High Risk / High Value,Month-to-month,29,197.36945241518418,169.86945241518418,True
1818-ESQMW,0.4612638691779243,High Risk,89.2,High Value,High Risk / High Value,Month-to-month,27,160.46447480961632,132.96447480961632,True
1173-XZPYF,0.723873685121489,High Risk,89.2,High Value,High Risk / High Value,Month-to-month,11,251.82117758006362,224.32117758006362,True
9053-EJUNL,0.4705517936565783,High Risk,89.2,High Value,High Risk / High Value,Month-to-month,41,163.69555797725047,136.19555797725047,True
1894-IGFSG,0.5665900188088875,High Risk,89.25,High Value,High Risk / High Value,Month-to-month,22,197.2158207969035,169.7158207969035,True
7030-NJVDP,0.3980958178404322,High Risk,89.25,High Value,High Risk / High Value,Month-to-month,24,138.56720179480845,111.06720179480845,True
7577-SWIFR,0.7781391147527362,High Risk,89.25,High Value,High Risk / High Value,Month-to-month,1,270.8507723675587,243.3507723675587,True
8035-PWSEV,0.6196514992574312,High Risk,89.25,High Value,High Risk / High Value,Month-to-month,6,215.68519560403035,188.18519560403035,True
5898-IGSLP,0.2430803050644223,High Risk,89.3,High Value,High Risk / High Value,Month-to-month,31,84.65757784478636,57.15757784478636,True
6233-HXJMX,0.3956071241137958,High Risk,89.3,High Value,High Risk / High Value,Month-to-month,45,137.77809311511166,110.27809311511166,True
0345-HKJVM,0.6883484718404561,High Risk,89.3,High Value,High Risk / High Value,Month-to-month,6,239.73112228787562,212.23112228787562,True
1415-YFWLT,0.8164472938421629,High Risk,89.3,High Value,High Risk / High Value,Month-to-month,1,284.34409902641005,256.84409902641005,True
2869-ADAWR,0.3518571748020923,High Risk,89.3,High Value,High Risk / High Value,Month-to-month,45,122.54129826832467,95.04129826832467,True
4847-TAJYI,0.7935351338161759,High Risk,89.35,High Value,High Risk / High Value,Month-to-month,6,276.51922040525375,249.01922040525375,True
8481-YYXWG,0.6021030038057413,High Risk,89.35,High Value,High Risk / High Value,Month-to-month,5,209.81182322116763,182.31182322116763,True
7479-NITWS,0.6609433822124007,High Risk,89.35,High Value,High Risk / High Value,Month-to-month,7,230.3156356826442,202.8156356826442,True
4273-MBHYA,0.7548480486100376,High Risk,89.35,High Value,High Risk / High Value,Month-to-month,1,263.03812525889674,235.53812525889674,True
1513-XNPPH,0.5797182690445175,High Risk,89.4,High Value,High Risk / High Value,Month-to-month,12,202.12457168506148,174.62457168506148,True
0829-XXPLX,0.4365697947587017,High Risk,89.4,High Value,High Risk / High Value,Month-to-month,20,152.21442464056895,124.71442464056895,True
6413-XKKPU,0.4873684080400418,High Risk,89.4,High Value,High Risk / High Value,Month-to-month,17,169.925869147241,142.425869147241,True
1902-XBTFB,0.5081639838569453,High Risk,89.4,High Value,High Risk / High Value,Month-to-month,22,177.17645461156258,149.67645461156258,True
3374-LXDEV,0.4508617016921061,High Risk,89.4,High Value,High Risk / High Value,Month-to-month,13,157.19744091196975,129.69744091196975,True
0130-SXOUN,0.169289537325914,Low Risk,89.4,High Value,Low Risk / High Value,Month-to-month,66,59.024490084053184,31.524490084053184,True
5136-GFPMB,0.2483732735297906,High Risk,89.4,High Value,High Risk / High Value,Month-to-month,54,86.5978255488968,59.09782554889679,True
2311-QYMUQ,0.4582120790984171,High Risk,89.45,High Value,High Risk / High Value,Month-to-month,16,159.84957485387832,132.34957485387832,True
0924-BJCRC,0.3058002305021403,High Risk,89.45,High Value,High Risk / High Value,Month-to-month,60,106.67993941182414,79.17993941182414,True
2675-OTVVJ,0.4611239018211729,High Risk,89.45,High Value,High Risk / High Value,Month-to-month,31,160.86537876982527,133.36537876982527,True
7394-FKDNK,0.6673613820514954,High Risk,89.45,High Value,High Risk / High Value,Month-to-month,9,232.8123549355745,205.3123549355745,True
9611-CTWIH,0.7692769593212915,High Risk,89.45,High Value,High Risk / High Value,Month-to-month,3,268.36611364402916,240.86611364402916,True
5644-PDMZC,0.7296818082185411,High Risk,89.5,High Value,High Risk / High Value,Month-to-month,2,254.69543515868176,227.19543515868176,True
9134-CEQMF,0.7846418475886416,High Risk,89.5,High Value,High Risk / High Value,Month-to-month,7,273.8792369008154,246.37923690081539,True
1724-BQUHA,0.7944168997841268,High Risk,89.5,High Value,High Risk / High Value,Month-to-month,5,277.29121886964947,249.79121886964947,True
4112-LUEIZ,0.7237125402853996,High Risk,89.5,High Value,High Risk / High Value,Month-to-month,10,252.61186218661874,225.11186218661874,True
2990-HWIML,0.7558396520498678,High Risk,89.5,High Value,High Risk / High Value,Month-to-month,6,263.82583054800637,236.32583054800637,True
8739-WWKDU,0.6415411466948193,High Risk,89.5,High Value,High Risk / High Value,Month-to-month,25,223.92993725382672,196.42993725382672,True
5348-CAGXB,0.7082167684127584,High Risk,89.55,High Value,High Risk / High Value,Month-to-month,12,247.34116528431383,219.84116528431383,True
0970-ETWGE,0.7772991980377256,High Risk,89.55,High Value,High Risk / High Value,Month-to-month,1,271.4678584186855,243.96785841868552,True
2074-GKOWZ,0.6810041781258236,High Risk,89.55,High Value,High Risk / High Value,Month-to-month,2,237.83730418955324,210.33730418955324,True
9350-VLHMB,0.2213443728723135,High Risk,89.55,High Value,High Risk / High Value,Month-to-month,67,77.30341550379113,49.80341550379113,True
1307-ATKGB,0.5333995182508416,High Risk,89.55,High Value,High Risk / High Value,Month-to-month,24,186.2871147515152,158.7871147515152,True
2856-NNASM,0.4521439338994375,High Risk,89.55,High Value,High Risk / High Value,Month-to-month,43,157.90900819470903,130.40900819470903,True
5666-CYCYZ,0.5680985265652003,High Risk,89.55,High Value,High Risk / High Value,Month-to-month,24,198.40556991026338,170.90556991026338,True
6818-WOBHJ,0.2688550776733371,High Risk,89.6,High Value,High Risk / High Value,Month-to-month,68,93.9487183421709,66.4487183421709,True
9565-DJPIB,0.54899974971373,High Risk,89.6,High Value,High Risk / High Value,Month-to-month,4,191.8424725399658,164.3424725399658,True
4821-SJHJV,0.3700615216272249,High Risk,89.6,High Value,High Risk / High Value,Month-to-month,32,129.31429811741748,101.81429811741748,True
0929-PECLO,0.3180094574873631,High Risk,89.6,High Value,High Risk / High Value,Month-to-month,63,111.12522482438416,83.62522482438416,True
9470-XCCEM,0.4045371112259181,High Risk,89.65,High Value,High Risk / High Value,Month-to-month,35,141.4403328834739,113.9403328834739,True
5922-ABDVO,0.5076925801937503,High Risk,89.65,High Value,High Risk / High Value,Month-to-month,19,177.50709527604192,150.00709527604192,True
1670-SVOWZ,0.392790318082426,High Risk,89.65,High Value,High Risk / High Value,Month-to-month,14,137.33324286274905,109.83324286274905,True
6897-UUBNU,0.2559641816787992,High Risk,89.65,High Value,High Risk / High Value,Month-to-month,29,89.49403666126696,61.99403666126696,True
8999-BOHSE,0.6330673505046192,High Risk,89.7,High Value,High Risk / High Value,Month-to-month,11,221.46595122703093,193.96595122703093,True
8922-LIEGH,0.6481749025451317,High Risk,89.7,High Value,High Risk / High Value,Month-to-month,25,226.75102615736344,199.25102615736344,True
1935-IMVBB,0.2355205414055872,High Risk,89.7,High Value,High Risk / High Value,Month-to-month,56,82.39215099991658,54.89215099991658,True
0135-NMXAP,0.6189220593843492,High Risk,89.75,High Value,High Risk / High Value,Month-to-month,12,216.63819383600682,189.13819383600682,True
6917-YACBP,0.2649999961774295,High Risk,89.75,High Value,High Risk / High Value,Month-to-month,59,92.75662366200476,65.25662366200476,True
1522-VVDMG,0.5366531409838183,High Risk,89.75,High Value,High Risk / High Value,Month-to-month,7,187.84201567286104,160.34201567286104,True
3462-BJQQA,0.7290573835011542,High Risk,89.75,High Value,High Risk / High Value,Month-to-month,6,255.1883106599915,227.6883106599915,True
1754-GKYPY,0.6207480858683613,High Risk,89.75,High Value,High Risk / High Value,Month-to-month,22,217.27734875607317,189.77734875607317,True
0058-EVZWM,0.25710308245232,High Risk,89.8,High Value,High Risk / High Value,Month-to-month,55,90.0426415364515,62.5426415364515,True
4402-FTBXC,0.141173020252774,Low Risk,89.8,High Value,Low Risk / High Value,Month-to-month,54,49.44161515292651,21.94161515292651,True
1624-NALOJ,0.7749456015168199,High Risk,89.8,High Value,High Risk / High Value,Month-to-month,5,271.4014485632207,243.9014485632207,True
8337-UPOAQ,0.7668263256473239,High Risk,89.8,High Value,High Risk / High Value,Month-to-month,10,268.55791576820576,241.05791576820576,True
2114-MGINA,0.6149285037502267,High Risk,89.8,High Value,High Risk / High Value,Month-to-month,14,215.3602605834044,187.8602605834044,True
9526-JAWYF,0.4266321741965123,High Risk,89.8,High Value,High Risk / High Value,Month-to-month,26,149.41512004710253,121.91512004710253,True
4462-CYWMH,0.303773767976395,High Risk,89.8,High Value,High Risk / High Value,Month-to-month,62,106.38764902069306,78.88764902069306,True
3071-VBYPO,0.4747392260268344,High Risk,89.85,High Value,High Risk / High Value,Month-to-month,3,166.35574588819318,138.85574588819318,True
7529-ZDFXI,0.3906327802112492,High Risk,89.85,High Value,High Risk / High Value,Month-to-month,57,136.88358567772485,109.38358567772485,True
5886-VLQVU,0.3941630249888025,High Risk,89.85,High Value,High Risk / High Value,Month-to-month,35,138.1206364014512,110.62063640145121,True
8565-CLBZW,0.5424350383512859,High Risk,89.85,High Value,High Risk / High Value,Month-to-month,24,190.07737396386582,162.57737396386582,True
7682-AZNDK,0.4148613527184122,High Risk,89.85,High Value,High Risk / High Value,Month-to-month,34,145.3736409128224,117.8736409128224,True
1112-CUNAO,0.6491617071702184,High Risk,89.85,High Value,High Risk / High Value,Month-to-month,15,227.47599961805207,199.97599961805207,True
7952-OBOYL,0.5454733995121399,High Risk,89.85,High Value,High Risk / High Value,Month-to-month,3,191.1420612900465,163.6420612900465,True
1215-FIGMP,0.2701875384040839,High Risk,89.9,High Value,High Risk / High Value,Month-to-month,60,94.73045283985587,67.23045283985587,True
4811-JBUVU,0.4118036812844505,High Risk,89.9,High Value,High Risk / High Value,Month-to-month,30,144.38248869514123,116.88248869514123,True
3027-ZTDHO,0.7763164309474523,High Risk,89.9,High Value,High Risk / High Value,Month-to-month,1,272.1843038544863,244.6843038544863,True
8751-EDEKA,0.3216951230529341,High Risk,89.9,High Value,High Risk / High Value,Month-to-month,28,112.78952709358924,85.28952709358924,True
3640-PHQXK,0.5875461826816294,High Risk,89.9,High Value,High Risk / High Value,Month-to-month,31,205.99956711000607,178.49956711000607,True
9436-ZBZCT,0.6191429580077026,High Risk,89.95,High Value,High Risk / High Value,Month-to-month,14,217.1984453838921,189.6984453838921,True
1302-UHBDD,0.619336973230211,High Risk,89.95,High Value,High Risk / High Value,Month-to-month,20,217.2665068940242,189.7665068940242,True
8182-BJDSI,0.5865141052634606,High Risk,89.95,High Value,High Risk / High Value,Month-to-month,28,205.75208069694833,178.25208069694833,True
1891-FZYSA,0.3130157921371133,High Risk,89.95,High Value,High Risk / High Value,Month-to-month,69,109.80750496066004,82.30750496066004,True
2139-FQHLM,0.3420129832286361,High Risk,89.95,High Value,High Risk / High Value,Month-to-month,19,119.9798645815217,92.4798645815217,True
3703-VAVCL,0.4264681871023308,High Risk,90.0,High Value,High Risk / High Value,Month-to-month,2,149.69033367291811,122.19033367291811,True
9492-TOKRI,0.5474568447000928,High Risk,90.0,High Value,High Risk / High Value,Month-to-month,18,192.1573524897326,164.6573524897326,True
2207-QPJED,0.3563465635155248,High Risk,90.0,High Value,High Risk / High Value,Month-to-month,37,125.07764379394919,97.57764379394919,True
7270-BDIOA,0.5721198680377678,High Risk,90.0,High Value,High Risk / High Value,Month-to-month,22,200.8140736812565,173.3140736812565,True
2322-VCZHZ,0.4987291545071218,High Risk,90.0,High Value,High Risk / High Value,Month-to-month,23,175.05393323199974,147.55393323199974,True
4183-MYFRB,0.5558687338557167,High Risk,90.05,High Value,High Risk / High Value,Month-to-month,21,195.2183199864584,167.7183199864584,True
4554-YGZIH,0.3024542690862674,High Risk,90.05,High Value,High Risk / High Value,Month-to-month,49,106.22042703175168,78.72042703175168,True
0634-SZPQA,0.4873757418711666,High Risk,90.05,High Value,High Risk / High Value,Month-to-month,23,171.16392366644436,143.66392366644436,True
6267-DCFFZ,0.6066642635698418,High Risk,90.05,High Value,High Risk / High Value,Month-to-month,30,213.05745604441063,185.55745604441063,True
8058-DMYRU,0.4330269966202655,High Risk,90.05,High Value,High Risk / High Value,Month-to-month,54,152.07691607805413,124.57691607805413,True
4228-ZGYUW,0.7377236350804892,High Risk,90.05,High Value,High Risk / High Value,Month-to-month,4,259.08485202209243,231.58485202209243,True
3161-GETRM,0.4239197521353707,High Risk,90.05,High Value,High Risk / High Value,Month-to-month,34,148.8784973511815,121.3784973511815,True
3154-CFSZG,0.2066496258021153,High Risk,90.05,High Value,High Risk / High Value,Month-to-month,47,72.57431533357388,45.07431533357388,True
9524-EGPJC,0.6029030834424134,High Risk,90.1,High Value,High Risk / High Value,Month-to-month,18,211.85411449082966,184.35411449082966,True
8780-IXSTS,0.7260443806186259,High Risk,90.1,High Value,High Risk / High Value,Month-to-month,6,255.12473490557892,227.62473490557892,True
1941-HOSAM,0.7477424373830219,High Risk,90.1,High Value,High Risk / High Value,Month-to-month,1,262.7492150720201,235.2492150720201,True
6969-MVBAI,0.7734586292502732,High Risk,90.1,High Value,High Risk / High Value,Month-to-month,9,271.7856277322535,244.2856277322535,True
1173-NOEYG,0.4532249723504543,High Risk,90.15,High Value,High Risk / High Value,Month-to-month,27,159.34710190383447,131.84710190383447,True
7321-PKUYW,0.5694289647487215,High Risk,90.15,High Value,High Risk / High Value,Month-to-month,11,200.2026825711793,172.7026825711793,True
9921-QFQUL,0.4691820114467682,High Risk,90.15,High Value,High Risk / High Value,Month-to-month,23,164.957357494512,137.457357494512,True
6319-IEJWJ,0.620881848812931,High Risk,90.2,High Value,High Risk / High Value,Month-to-month,20,218.41381677541287,190.91381677541287,True
9170-CCKOU,0.311655099671721,High Risk,90.2,High Value,High Risk / High Value,Month-to-month,17,109.63403096251803,82.13403096251803,True
8012-SOUDQ,0.5113828293656254,High Risk,90.25,High Value,High Risk / High Value,Month-to-month,43,179.99397136596602,152.49397136596602,True
6032-KRXXO,0.589758643491638,High Risk,90.25,High Value,High Risk / High Value,Month-to-month,30,207.58029854296927,180.08029854296927,True
4813-HQMGZ,0.6746050779976016,High Risk,90.25,High Value,High Risk / High Value,Month-to-month,8,237.44412232820582,209.94412232820582,True
0139-IVFJG,0.5263218578163535,High Risk,90.35,High Value,High Risk / High Value,Month-to-month,2,185.45740142945942,157.95740142945942,True
9469-WEJBT,0.3853309167770606,High Risk,90.35,High Value,High Risk / High Value,Month-to-month,37,135.77712849014898,108.27712849014898,True
4873-ILOLJ,0.6348045982539834,High Risk,90.35,High Value,High Risk / High Value,Month-to-month,24,223.68292226376482,196.18292226376482,True
8212-DJRCH,0.4865073193262992,High Risk,90.35,High Value,High Risk / High Value,Month-to-month,5,171.4281515744114,143.9281515744114,True
8266-VBFQL,0.6277732433365312,High Risk,90.4,High Value,High Risk / High Value,Month-to-month,4,221.32773467072747,193.82773467072747,True
2034-GDRCN,0.772883755101629,High Risk,90.4,High Value,High Risk / High Value,Month-to-month,2,272.4878966986303,244.98789669863032,True
8782-LKFPK,0.3982307254207283,High Risk,90.4,High Value,High Risk / High Value,Month-to-month,44,140.400224554332,112.900224554332,True
7449-HVPIV,0.2815365838843874,High Risk,90.4,High Value,High Risk / High Value,Month-to-month,55,99.25853801427962,71.75853801427962,True
5131-PONJI,0.2327172577472094,High Risk,90.4,High Value,High Risk / High Value,Month-to-month,49,82.04679639135615,54.54679639135615,True
0258-NOKBL,0.60230493065042,High Risk,90.4,High Value,High Risk / High Value,Month-to-month,3,212.3486263501121,184.8486263501121,True
1236-WFCDV,0.5783613127849406,High Risk,90.45,High Value,High Risk / High Value,Month-to-month,14,204.01984489145173,176.51984489145173,True
1579-KLYDT,0.7373529528782579,High Risk,90.45,High Value,High Risk / High Value,Month-to-month,7,260.10494089256986,232.60494089256986,True
6507-ZJSUR,0.6867863459858669,High Risk,90.45,High Value,High Risk / High Value,Month-to-month,23,242.26731747824448,214.76731747824448,True
4918-FYJNT,0.221941058209372,High Risk,90.45,High Value,High Risk / High Value,Month-to-month,55,78.29081798864704,50.790817988647035,True
7156-MHUGY,0.7484116090937908,High Risk,90.5,High Value,High Risk / High Value,Month-to-month,13,264.1518774296535,236.6518774296535,True
6741-EGCBI,0.4461432329684161,High Risk,90.5,High Value,High Risk / High Value,Month-to-month,30,157.46625407620246,129.96625407620246,True
6284-AHOOQ,0.5353778900763891,High Risk,90.5,High Value,High Risk / High Value,Month-to-month,22,188.96162630246155,161.46162630246155,True
7294-TMAOP,0.7139174004742079,High Risk,90.55,High Value,High Risk / High Value,Month-to-month,1,252.11636039046414,224.61636039046414,True
7979-CORPM,0.5096385252297546,High Risk,90.55,High Value,High Risk / High Value,Month-to-month,24,179.9762969922617,152.4762969922617,True
7274-RTAPZ,0.7744831127412156,High Risk,90.55,High Value,High Risk / High Value,Month-to-month,1,273.5048388489966,246.0048388489966,True
1020-JPQOW,0.18126162749924,Low Risk,90.55,High Value,Low Risk / High Value,Month-to-month,56,64.0116374432191,36.5116374432191,True
5325-UWTWJ,0.2409334840499421,High Risk,90.55,High Value,High Risk / High Value,Month-to-month,31,85.0844552248168,57.58445522481679,True
0376-YMCJC,0.5460417136686647,High Risk,90.6,High Value,High Risk / High Value,Month-to-month,23,192.93837910768602,165.43837910768602,True
7928-VJYAB,0.6076746686813842,High Risk,90.6,High Value,High Risk / High Value,Month-to-month,11,214.7157674318803,187.2157674318803,True
5797-APWZC,0.7137519853651202,High Risk,90.6,High Value,High Risk / High Value,Month-to-month,1,252.19712650891157,224.69712650891157,True
4325-NFSKC,0.6269788322899942,High Risk,90.6,High Value,High Risk / High Value,Month-to-month,19,221.53670060134652,194.03670060134652,True
8775-LHDJH,0.7922546845777071,High Risk,90.6,High Value,High Risk / High Value,Month-to-month,1,279.935270248687,252.435270248687,True
6908-VVYHM,0.3028758900274056,High Risk,90.65,High Value,High Risk / High Value,Month-to-month,65,107.07722778083885,79.57722778083885,True
2495-KZNFB,0.481993833277429,High Risk,90.65,High Value,High Risk / High Value,Month-to-month,33,170.40168984773587,142.90168984773587,True
5339-PXDVH,0.608178527327248,High Risk,90.65,High Value,High Risk / High Value,Month-to-month,4,215.01239565863864,187.51239565863864,True
5692-ICXLW,0.6011920129848782,High Risk,90.7,High Value,High Risk / High Value,Month-to-month,31,212.659650753141,185.159650753141,True
3771-PZOBW,0.5594890340173134,High Risk,90.7,High Value,High Risk / High Value,Month-to-month,20,197.9080560029443,170.4080560029443,True
9281-OFDMF,0.447299228972232,High Risk,90.7,High Value,High Risk / High Value,Month-to-month,39,158.22315626434764,130.72315626434764,True
6794-HKIAJ,0.1119338005234288,Low Risk,90.7,High Value,Low Risk / High Value,Month-to-month,62,39.594343259152474,12.094343259152474,True
0432-CAJZV,0.6121237205687634,High Risk,90.7,High Value,High Risk / High Value,Month-to-month,3,216.5265236767887,189.0265236767887,True
0577-WHMEV,0.4135469744112765,High Risk,90.7,High Value,High Risk / High Value,Month-to-month,16,146.28397125850086,118.78397125850086,True
9050-QLROH,0.57721973342681,High Risk,90.7,High Value,High Risk / High Value,Month-to-month,18,204.1799363050655,176.6799363050655,True
4137-BTIKL,0.536458778512751,High Risk,90.75,High Value,High Risk / High Value,Month-to-month,2,189.8661731851254,162.3661731851254,True
8622-ZLFKO,0.7251533145715654,High Risk,90.75,High Value,High Risk / High Value,Month-to-month,6,256.6498868597413,229.1498868597413,True
2725-KXXWT,0.7733895796856876,High Risk,90.75,High Value,High Risk / High Value,Month-to-month,1,273.72190699025697,246.22190699025697,True
8189-HBVRW,0.1944546652328055,High Risk,90.8,High Value,High Risk / High Value,Month-to-month,53,68.8602860522411,41.360286052241094,True
9172-JITSM,0.5830407961610402,High Risk,90.8,High Value,High Risk / High Value,Month-to-month,26,206.46640673654755,178.96640673654755,True
7330-WZLNC,0.7312830820051484,High Risk,90.8,High Value,High Risk / High Value,Month-to-month,5,258.96196499966317,231.46196499966317,True
0112-QAWRZ,0.5740961508879386,High Risk,90.8,High Value,High Risk / High Value,Month-to-month,16,203.29892895243682,175.79892895243682,True
1891-UAWWU,0.6401732313711376,High Risk,90.8,High Value,High Risk / High Value,Month-to-month,20,226.69814469314724,199.19814469314724,True
9846-GKXAS,0.6677456724695261,High Risk,90.8,High Value,High Risk / High Value,Month-to-month,9,236.4620975349086,208.9620975349086,True
5167-ZFFMM,0.6718688047868614,High Risk,90.85,High Value,High Risk / High Value,Month-to-month,1,238.05319556805682,210.55319556805682,True
7481-ATQQS,0.4090692566153616,High Risk,90.85,High Value,High Risk / High Value,Month-to-month,49,144.93937365767187,117.43937365767187,True
2988-GBIVW,0.2776858927068575,High Risk,90.85,High Value,High Risk / High Value,Month-to-month,70,98.38827707443022,70.88827707443022,True
5281-BUZGT,0.4977781099631161,High Risk,90.85,High Value,High Risk / High Value,Month-to-month,36,176.3702510315815,148.8702510315815,True
9725-SCPZG,0.7460153971156019,High Risk,90.85,High Value,High Risk / High Value,Month-to-month,1,264.32444542901453,236.82444542901453,True
4373-MAVJG,0.5670848039659063,High Risk,90.9,High Value,High Risk / High Value,Month-to-month,14,201.03723385395347,173.53723385395347,True
8563-OYMQY,0.4870484788331951,High Risk,90.95,High Value,High Risk / High Value,Month-to-month,17,172.75853068452847,145.25853068452847,True
8189-XRIKE,0.5436059696062291,High Risk,90.95,High Value,High Risk / High Value,Month-to-month,32,192.8197554491775,165.3197554491775,True
2472-OVKUP,0.6569683899371743,High Risk,91.0,High Value,High Risk / High Value,Month-to-month,6,233.15808158870317,205.65808158870317,True
1379-FRVEB,0.6314032778861948,High Risk,91.0,High Value,High Risk / High Value,Month-to-month,15,224.08502332181052,196.58502332181052,True
5213-TWWJU,0.3693736943420947,High Risk,91.0,High Value,High Risk / High Value,Month-to-month,28,131.09072412200942,103.59072412200942,True
2378-HTWFW,0.3362500738525915,High Risk,91.0,High Value,High Risk / High Value,Month-to-month,35,119.33515121028472,91.83515121028472,True
2573-GYRUU,0.4054522342736955,High Risk,91.05,High Value,High Risk / High Value,Month-to-month,48,143.9740611294179,116.47406112941789,True
5222-IMUKT,0.481720568167733,High Risk,91.05,High Value,High Risk / High Value,Month-to-month,32,171.05656515352118,143.55656515352118,True
7739-LAXOG,0.4647511246306891,High Risk,91.05,High Value,High Risk / High Value,Month-to-month,32,165.03080060073455,137.53080060073455,True
1389-CXMLU,0.7379842854454781,High Risk,91.05,High Value,High Risk / High Value,Month-to-month,3,262.05452984026203,234.55452984026203,True
2672-HUYVI,0.7442408499927343,High Risk,91.1,High Value,High Risk / High Value,Month-to-month,6,264.4213315939186,236.92133159391858,True
6818-DJXAA,0.5513937239408638,High Risk,91.1,High Value,High Risk / High Value,Month-to-month,10,195.9046761789495,168.4046761789495,True
1195-OIYEJ,0.6995251717706622,High Risk,91.1,High Value,High Risk / High Value,Month-to-month,13,248.53429827839855,221.03429827839855,True
5091-HFAZW,0.6060576772399323,High Risk,91.15,High Value,High Risk / High Value,Month-to-month,2,215.44441339363738,187.94441339363738,True
9576-SYUHJ,0.4421803950242333,High Risk,91.15,High Value,High Risk / High Value,Month-to-month,37,157.18849772518956,129.68849772518956,True
8714-EUHJO,0.528228410577518,High Risk,91.15,High Value,High Risk / High Value,Month-to-month,31,187.77727653414902,160.27727653414902,True
0365-TRTPY,0.2186522642400762,High Risk,91.2,High Value,High Risk / High Value,Month-to-month,37,77.77023734491031,50.27023734491031,True
6712-OAWRH,0.6670476904534429,High Risk,91.25,High Value,High Risk / High Value,Month-to-month,26,237.38559684011904,209.88559684011904,True
8849-AYPTR,0.4726619110330418,High Risk,91.25,High Value,High Risk / High Value,Month-to-month,33,168.20855758888374,140.70855758888374,True
3988-RQIXO,0.8115433487644094,High Risk,91.3,High Value,High Risk / High Value,Month-to-month,1,288.9662401945432,261.4662401945432,True
3398-FSHON,0.7302261329245301,High Risk,91.3,High Value,High Risk / High Value,Month-to-month,12,260.0116191504374,232.5116191504374,True
9904-EHEVJ,0.4966644031415432,High Risk,91.35,High Value,High Risk / High Value,Month-to-month,32,176.9441435852219,149.4441435852219,True
9546-CQJSU,0.7700112367854954,High Risk,91.4,High Value,High Risk / High Value,Month-to-month,2,274.47820546455773,246.97820546455773,True
8414-MYSHR,0.7878495015104049,High Risk,91.4,High Value,High Risk / High Value,Month-to-month,5,280.8368333083989,253.33683330839892,True
4927-WWOOZ,0.7640486285442951,High Risk,91.45,High Value,High Risk / High Value,Month-to-month,2,272.5017636134656,245.00176361346558,True
6745-JEFZB,0.3698798072819335,High Risk,91.5,High Value,High Risk / High Value,Month-to-month,35,131.99160922855796,104.49160922855796,True
9402-ORRAH,0.7389963137534202,High Risk,91.5,High Value,High Risk / High Value,Month-to-month,15,263.710834562908,236.21083456290802,True
5095-AESKG,0.6583306960699666,High Risk,91.5,High Value,High Risk / High Value,Month-to-month,3,234.9253088925676,207.4253088925676,True
0093-EXYQL,0.5689945610904749,High Risk,91.55,High Value,High Risk / High Value,Month-to-month,40,203.15666306454858,175.65666306454858,True
4001-TSBTV,0.2671077001766836,High Risk,91.55,High Value,High Risk / High Value,Month-to-month,58,95.369468809584,67.869468809584,True
4583-PARNH,0.5934190564101272,High Risk,91.55,High Value,High Risk / High Value,Month-to-month,16,211.87730699595386,184.37730699595386,True
5712-AHQNN,0.3876002132002018,High Risk,91.65,High Value,High Risk / High Value,Month-to-month,43,138.54188220521416,111.04188220521416,True
6892-EZDTG,0.7339676166652004,High Risk,91.65,High Value,High Risk / High Value,Month-to-month,4,262.34571506272596,234.84571506272596,True
6692-UDPJC,0.5897968713632427,High Risk,91.65,High Value,High Risk / High Value,Month-to-month,14,210.81404471572066,183.31404471572066,True
2684-EIWEO,0.2818312817301897,High Risk,91.7,High Value,High Risk / High Value,Month-to-month,30,100.79132128516773,73.29132128516773,True
3186-BAXNB,0.5352829567729375,High Risk,91.7,High Value,High Risk / High Value,Month-to-month,1,191.43324383070563,163.93324383070563,True
3717-LNXKW,0.2850467823022925,High Risk,91.7,High Value,High Risk / High Value,Month-to-month,38,101.94128075476888,74.44128075476888,True
9940-HPQPG,0.3957807154536427,High Risk,91.75,High Value,High Risk / High Value,Month-to-month,9,141.6202345071997,114.12023450719971,True
0595-ITUDF,0.1684570180622711,Low Risk,91.8,High Value,Low Risk / High Value,Month-to-month,64,60.3109816066543,32.8109816066543,True
9614-RMGHA,0.2367438697836012,High Risk,91.85,High Value,High Risk / High Value,Month-to-month,65,84.8052053145327,57.3052053145327,True
5442-UTCVD,0.6587325202557744,High Risk,91.85,High Value,High Risk / High Value,Month-to-month,3,235.96786974342223,208.46786974342223,True
4558-FANTW,0.3262018042023105,High Risk,91.85,High Value,High Risk / High Value,Month-to-month,17,116.85037929233064,89.35037929233064,True
2974-GGUXS,0.4658445407580195,High Risk,91.95,High Value,High Risk / High Value,Month-to-month,36,167.05418153852958,139.55418153852958,True
3318-NMQXL,0.7590025467036402,High Risk,92.0,High Value,High Risk / High Value,Month-to-month,3,272.3301137572661,244.83011375726608,True
4145-UQXUQ,0.7798653179743187,High Risk,92.1,High Value,High Risk / High Value,Month-to-month,8,280.11982356319555,252.61982356319555,True
4879-GZLFH,0.4684493889296133,High Risk,92.15,High Value,High Risk / High Value,Month-to-month,42,168.3536836404691,140.8536836404691,True
3348-CFRNX,0.434020220717468,High Risk,92.35,High Value,High Risk / High Value,Month-to-month,28,156.31889279470684,128.81889279470684,True
3466-RITXD,0.399054200635578,High Risk,92.4,High Value,High Risk / High Value,Month-to-month,26,143.80317174103692,116.30317174103692,True
2462-XIIJB,0.7449345290477909,High Risk,92.5,High Value,High Risk / High Value,Month-to-month,5,268.73513135399054,241.23513135399054,True
5747-PMBSQ,0.515536784838403,High Risk,92.5,High Value,High Risk / High Value,Month-to-month,10,185.97989513045394,158.47989513045394,True
3990-QYKBE,0.6635746090126422,High Risk,92.5,High Value,High Risk / High Value,Month-to-month,37,239.3845402013107,211.8845402013107,True
5977-CKHON,0.3831967058297963,High Risk,92.55,High Value,High Risk / High Value,Month-to-month,43,138.31293498573584,110.81293498573584,True
6100-QQHEB,0.706652151351882,High Risk,92.55,High Value,High Risk / High Value,Month-to-month,17,255.06256076970504,227.56256076970504,True
3162-ZJZFU,0.2132566848987754,High Risk,92.55,High Value,High Risk / High Value,Month-to-month,53,76.97393413078848,49.47393413078848,True
7668-XCFYV,0.7856689353699119,High Risk,92.55,High Value,High Risk / High Value,Month-to-month,17,283.5832738770929,256.0832738770929,True
6198-RTPMF,0.674790997039078,High Risk,92.6,High Value,High Risk / High Value,Month-to-month,17,243.69402067069262,216.19402067069262,True
2074-GUHPQ,0.3637714859968979,High Risk,92.7,High Value,High Risk / High Value,Month-to-month,17,131.5143053324585,104.01430533245849,True
1930-WNXSB,0.3146269852611532,High Risk,92.85,High Value,High Risk / High Value,Month-to-month,58,113.9311507678425,86.4311507678425,True
6986-IXNDM,0.6938498371634085,High Risk,92.9,High Value,High Risk / High Value,Month-to-month,14,251.3887345026746,223.8887345026746,True
7483-IQWIB,0.4646890627225744,High Risk,92.95,High Value,High Risk / High Value,Month-to-month,37,168.45210868224683,140.95210868224683,True
0943-ZQPXH,0.3747623634301539,High Risk,92.95,High Value,High Risk / High Value,Month-to-month,44,135.85323055524793,108.35323055524793,True
5141-ZUVBH,0.3195407177165745,High Risk,93.0,High Value,High Risk / High Value,Month-to-month,9,115.89741831580156,88.39741831580156,True
2371-JQHZZ,0.6982143536226179,High Risk,93.0,High Value,High Risk / High Value,Month-to-month,24,253.2423460589235,225.7423460589235,True
2840-XANRC,0.6786921855651036,High Risk,93.15,High Value,High Risk / High Value,Month-to-month,24,246.55869063301867,219.05869063301867,True
8290-YWKHZ,0.6935235064728459,High Risk,93.2,High Value,High Risk / High Value,Month-to-month,32,252.08192413275003,224.58192413275003,True
5482-VXSXJ,0.5359478785638083,High Risk,93.2,High Value,High Risk / High Value,Month-to-month,22,194.8063349003731,167.3063349003731,True
7562-GSUHK,0.4950481958022778,High Risk,93.2,High Value,High Risk / High Value,Month-to-month,16,179.94011821021198,152.44011821021198,True
4250-WAROZ,0.2906229467060103,High Risk,93.25,High Value,High Risk / High Value,Month-to-month,60,105.6923001433083,78.1923001433083,True
3144-KMTWZ,0.217747133282573,High Risk,93.25,High Value,High Risk / High Value,Month-to-month,71,79.18918869653974,51.689188696539745,True
1485-YDHMM,0.2192651836214704,High Risk,93.25,High Value,High Risk / High Value,Month-to-month,52,79.74126565353825,52.24126565353825,True
6521-YYTYI,0.7969876772403226,High Risk,93.3,High Value,High Risk / High Value,Month-to-month,1,289.9999061174362,262.4999061174362,True
0236-HFWSV,0.7530488492401336,High Risk,93.35,High Value,High Risk / High Value,Month-to-month,15,274.1587292986093,246.65872929860927,True
7422-WNBTY,0.537303623868069,High Risk,93.35,High Value,High Risk / High Value,Month-to-month,33,195.6134438235285,168.1134438235285,True
6300-BWMJX,0.231702908101323,High Risk,93.35,High Value,High Risk / High Value,Month-to-month,59,84.35491923790815,56.85491923790815,True
6578-KRMAW,0.295126312181843,High Risk,93.4,High Value,High Risk / High Value,Month-to-month,32,107.50271047535813,80.00271047535813,True
5708-EVONK,0.2006997225706099,High Risk,93.4,High Value,High Risk / High Value,Month-to-month,58,73.10688094357036,45.60688094357036,True
1685-BQULA,0.4132323177680275,High Risk,93.4,High Value,High Risk / High Value,Month-to-month,40,150.5240040701817,123.02400407018169,True
3316-UWXUY,0.153528460696901,Low Risk,93.5,High Value,Low Risk / High Value,Month-to-month,50,55.98415319312494,28.48415319312494,True
0674-DGMAQ,0.5948246434813147,High Risk,93.5,High Value,High Risk / High Value,Month-to-month,32,216.90280624546142,189.40280624546142,True
1731-TVIUK,0.6689558499869617,High Risk,93.5,High Value,High Risk / High Value,Month-to-month,4,243.93475069774559,216.43475069774559,True
2985-FMWYF,0.7195821377578968,High Risk,93.5,High Value,High Risk / High Value,Month-to-month,23,262.39562653341704,234.89562653341704,True
9497-QCMMS,0.8494809925394343,High Risk,93.55,High Value,High Risk / High Value,Month-to-month,1,309.9288927230499,282.4288927230499,True
9025-AOMKI,0.7453030495601112,High Risk,93.55,High Value,High Risk / High Value,Month-to-month,6,271.9200911167588,244.42009111675878,True
9189-JWSHV,0.7451599761318639,High Risk,93.55,High Value,High Risk / High Value,Month-to-month,24,271.8678914918299,244.36789149182988,True
7402-EYFXX,0.7268559104531443,High Risk,93.6,High Value,High Risk / High Value,Month-to-month,26,265.3314815518158,237.83148155181578,True
0376-OIWME,0.4549569564558565,High Risk,93.6,High Value,High Risk / High Value,Month-to-month,36,166.07748738464585,138.57748738464585,True
8178-EYZUO,0.3456367520702443,High Risk,93.7,High Value,High Risk / High Value,Month-to-month,46,126.30603830902939,98.80603830902939,True
3062-ICYZQ,0.2798813247216847,High Risk,93.8,High Value,High Risk / High Value,Month-to-month,51,102.38618620968668,74.88618620968668,True
8749-JMNKX,0.3240912535402393,High Risk,93.8,High Value,High Risk / High Value,Month-to-month,51,118.55906237009036,91.05906237009036,True
8914-RBTSB,0.4704750280152395,High Risk,93.8,High Value,High Risk / High Value,Month-to-month,31,172.10917474853488,144.60917474853488,True
7852-LECYP,0.4685957617779979,High Risk,93.8,High Value,High Risk / High Value,Month-to-month,13,171.42170157362716,143.92170157362716,True
2719-BDAQO,0.512867525426614,High Risk,93.85,High Value,High Risk / High Value,Month-to-month,17,187.7172073190221,160.2172073190221,True
5002-GCQFH,0.2761780398918626,High Risk,93.85,High Value,High Risk / High Value,Month-to-month,49,101.08530527102009,73.58530527102009,True
7024-OHCCK,0.8473380324659238,High Risk,93.85,High Value,High Risk / High Value,Month-to-month,2,310.13842995301513,282.63842995301513,True
0397-GZBBC,0.4276210263223274,High Risk,93.85,High Value,High Risk / High Value,Month-to-month,59,156.51570994936665,129.01570994936665,True
4626-GYCZP,0.7901874049952908,High Risk,93.85,High Value,High Risk / High Value,Month-to-month,7,289.2204430393513,261.7204430393513,True
8149-RSOUN,0.8224458938653414,High Risk,93.85,High Value,High Risk / High Value,Month-to-month,1,301.0275338431229,273.5275338431229,True
4424-TKOPW,0.8453764990940454,High Risk,93.85,High Value,High Risk / High Value,Month-to-month,2,309.420479315907,281.920479315907,True
9912-GVSEQ,0.6389574437445195,High Risk,93.85,High Value,High Risk / High Value,Month-to-month,26,233.8680087721503,206.3680087721503,True
4307-KTUMW,0.2677118012534285,High Risk,93.9,High Value,High Risk / High Value,Month-to-month,53,98.03873873701806,70.53873873701806,True
7268-IGMFD,0.4888644409548399,High Risk,93.9,High Value,High Risk / High Value,Month-to-month,18,179.02704692207192,151.52704692207192,True
1608-GMEWB,0.5267093341901763,High Risk,93.9,High Value,High Risk / High Value,Month-to-month,45,192.88622527378448,165.38622527378448,True
5380-AFSSK,0.7422261616300619,High Risk,93.9,High Value,High Risk / High Value,Month-to-month,5,271.810642650545,244.310642650545,True
0111-KLBQG,0.4566499566089174,High Risk,93.95,High Value,High Risk / High Value,Month-to-month,32,167.31882735129037,139.81882735129037,True
1567-DSCIC,0.7064985696180641,High Risk,94.0,High Value,High Risk / High Value,Month-to-month,8,259.0023756219823,231.5023756219823,True
9300-AGZNL,0.8485467627756909,High Risk,94.0,High Value,High Risk / High Value,Month-to-month,1,311.0772432335683,283.5772432335683,True
2982-VPSGI,0.7765060185731519,High Risk,94.0,High Value,High Risk / High Value,Month-to-month,11,284.6671064089175,257.1671064089175,True
6833-JMZYP,0.6110973839321394,High Risk,94.0,High Value,High Risk / High Value,Month-to-month,15,224.02830094952233,196.52830094952233,True
2720-WGKHP,0.8444592995163648,High Risk,94.0,High Value,High Risk / High Value,Month-to-month,2,309.57877920269937,282.07877920269937,True
2267-WTPYD,0.2608306912382932,High Risk,94.0,High Value,High Risk / High Value,Month-to-month,57,95.62053140795831,68.12053140795831,True
8087-LGYHQ,0.7233290905164795,High Risk,94.05,High Value,High Risk / High Value,Month-to-month,9,265.3134937559921,237.8134937559921,True
9600-UDOPK,0.5661132035528852,High Risk,94.05,High Value,High Risk / High Value,Month-to-month,30,207.6474924971805,180.1474924971805,True
6137-NICCO,0.6043336680285557,High Risk,94.05,High Value,High Risk / High Value,Month-to-month,6,221.66656776453408,194.16656776453408,True
5609-CEBID,0.6762406773210186,High Risk,94.1,High Value,High Risk / High Value,Month-to-month,20,248.1735661700406,220.6735661700406,True
5334-JLAXU,0.1928134272802274,Low Risk,94.1,High Value,Low Risk / High Value,Month-to-month,60,70.76059967757065,43.26059967757065,True
4760-THGOT,0.3856098380240607,High Risk,94.1,High Value,High Risk / High Value,Month-to-month,43,141.51495445645003,114.01495445645003,True
8161-QYMTT,0.7927672284041953,High Risk,94.1,High Value,High Risk / High Value,Month-to-month,7,290.93764515205567,263.43764515205567,True
9360-OMDZZ,0.6997623767240629,High Risk,94.1,High Value,High Risk / High Value,Month-to-month,24,256.80579463396384,229.30579463396384,True
0023-XUOPT,0.598256379980523,High Risk,94.1,High Value,High Risk / High Value,Month-to-month,13,219.55410888905212,192.05410888905212,True
3976-BWUCK,0.3810532650294339,High Risk,94.1,High Value,High Risk / High Value,Month-to-month,30,139.84273773315192,112.34273773315192,True
1346-PJWTK,0.1140056879068091,Low Risk,94.15,High Value,Low Risk / High Value,Month-to-month,61,41.8611785140617,14.361178514061699,True
7218-HKQFK,0.6986749627984901,High Risk,94.2,High Value,High Risk / High Value,Month-to-month,2,256.6792078329093,229.1792078329093,True
5935-FCCNB,0.7812279725610674,High Risk,94.2,High Value,High Risk / High Value,Month-to-month,17,287.00753255948496,259.50753255948496,True
2929-ERCFZ,0.7056716713341762,High Risk,94.2,High Value,High Risk / High Value,Month-to-month,8,259.24965861474965,231.74965861474965,True
9093-FPDLG,0.5448450630636571,High Risk,94.2,High Value,High Risk / High Value,Month-to-month,11,200.16517926832637,172.66517926832637,True
5519-NPHVG,0.7644870307302095,High Risk,94.2,High Value,High Risk / High Value,Month-to-month,12,280.85724534966437,253.35724534966437,True
0082-OQIQY,0.5040797839711997,High Risk,94.2,High Value,High Risk / High Value,Month-to-month,29,185.18883103533935,157.68883103533935,True
3006-XIMLN,0.7388165989591328,High Risk,94.2,High Value,High Risk / High Value,Month-to-month,2,271.4264421256062,243.92644212560617,True
8708-XPXHZ,0.55781430654576,High Risk,94.2,High Value,High Risk / High Value,Month-to-month,42,204.92981993878135,177.42981993878135,True
7789-CRUVC,0.1440913784262565,Low Risk,94.2,High Value,Low Risk / High Value,Month-to-month,61,52.93629060623812,25.436290606238117,True
8621-MNIHH,0.5873408608845152,High Risk,94.25,High Value,High Risk / High Value,Month-to-month,34,215.8918169396257,188.3918169396257,True
1728-CXQBE,0.3673393653545816,High Risk,94.25,High Value,High Risk / High Value,Month-to-month,64,135.02476722021032,107.52476722021032,True
4094-NSEDU,0.7596251550048275,High Risk,94.25,High Value,High Risk / High Value,Month-to-month,21,279.2192163508995,251.7192163508995,True
2645-QTLMB,0.712613390718162,High Risk,94.25,High Value,High Risk / High Value,Month-to-month,7,261.9388670932284,234.4388670932284,True
8063-RJYNF,0.5991875413672471,High Risk,94.25,High Value,High Risk / High Value,Month-to-month,16,220.24636051806584,192.74636051806584,True
0730-KOAVE,0.3633411642351088,High Risk,94.3,High Value,High Risk / High Value,Month-to-month,30,133.62597997074596,106.12597997074596,True
1374-DMZUI,0.8411816147865581,High Risk,94.3,High Value,High Risk / High Value,Month-to-month,4,309.3613624700525,281.8613624700525,True
5461-QKNTN,0.4236895366115799,High Risk,94.3,High Value,High Risk / High Value,Month-to-month,43,155.82030087964074,128.32030087964074,True
9919-KNPOO,0.7157769047131712,High Risk,94.3,High Value,High Risk / High Value,Month-to-month,21,263.241272246363,235.741272246363,True
5274-XHAKY,0.2912517884904407,High Risk,94.3,High Value,High Risk / High Value,Month-to-month,41,107.11367025312936,79.61367025312936,True
5698-BQJOH,0.7208450486008523,High Risk,94.4,High Value,High Risk / High Value,Month-to-month,9,265.38631309288985,237.88631309288985,True
9058-HRZSV,0.1734172642126376,Low Risk,94.4,High Value,Low Risk / High Value,Month-to-month,65,63.84529999252466,36.34529999252466,True
2267-FPIMA,0.2592170000254108,High Risk,94.4,High Value,High Risk / High Value,Month-to-month,50,95.43333072935526,67.93333072935526,True
9763-PDTKK,0.4647034532169858,High Risk,94.4,High Value,High Risk / High Value,Month-to-month,4,171.0852233363655,143.5852233363655,True
2979-SXESE,0.4744769728815438,High Risk,94.4,High Value,High Risk / High Value,Month-to-month,17,174.68344233606916,147.18344233606916,True
9658-WYUFB,0.5683670822004161,High Risk,94.4,High Value,High Risk / High Value,Month-to-month,17,209.25002498290522,181.75002498290522,True
9574-RKJIF,0.4288010596739992,High Risk,94.4,High Value,High Risk / High Value,Month-to-month,30,157.86739812957956,130.36739812957956,True
2347-WKKAE,0.4154990553145575,High Risk,94.4,High Value,High Risk / High Value,Month-to-month,42,152.9701322046075,125.4701322046075,True
9223-UCPVT,0.7074259963596682,High Risk,94.4,High Value,High Risk / High Value,Month-to-month,1,260.44595481977547,232.94595481977547,True
4385-GZQXV,0.662112088265288,High Risk,94.45,High Value,High Risk / High Value,Month-to-month,16,243.89229827296015,216.39229827296015,True
3143-ILDAL,0.2869558964521254,High Risk,94.45,High Value,High Risk / High Value,Month-to-month,56,105.70163923762263,78.20163923762263,True
7271-AJDTL,0.2831757060077938,High Risk,94.45,High Value,High Risk / High Value,Month-to-month,55,104.3091871865009,76.8091871865009,True
3217-FZDMN,0.6975331130921306,High Risk,94.45,High Value,High Risk / High Value,Month-to-month,8,256.9398098730518,229.4398098730518,True
4192-GORJT,0.7480922823408666,High Risk,94.45,High Value,High Risk / High Value,Month-to-month,5,275.5635326616699,248.0635326616699,True
9253-QXKBE,0.7033379838625038,High Risk,94.45,High Value,High Risk / High Value,Month-to-month,29,259.0780630456726,231.5780630456726,True
5244-IRFIH,0.6828678251037283,High Risk,94.5,High Value,High Risk / High Value,Month-to-month,33,251.67093694197905,224.17093694197905,True
5899-OUVKV,0.5524881210897683,High Risk,94.5,High Value,High Risk / High Value,Month-to-month,31,203.6194970276341,176.1194970276341,True
1481-ZUWZA,0.3882593368873627,High Risk,94.5,High Value,High Risk / High Value,Month-to-month,28,143.09297860983753,115.59297860983753,True
9699-UBQFS,0.4368503271302507,High Risk,94.5,High Value,High Risk / High Value,Month-to-month,43,161.00118806385387,133.50118806385387,True
6101-IMRMM,0.5500712317099694,High Risk,94.5,High Value,High Risk / High Value,Month-to-month,6,202.72875244670925,175.22875244670925,True
6522-YRBXD,0.4897510445468096,High Risk,94.55,High Value,High Risk / High Value,Month-to-month,35,180.5932489214133,153.0932489214133,True
1626-ERCMM,0.7604852213965119,High Risk,94.55,High Value,High Risk / High Value,Month-to-month,20,280.4251229638568,252.92512296385678,True
9898-KZQDZ,0.4997862496366325,High Risk,94.55,High Value,High Risk / High Value,Month-to-month,40,184.29368062226004,156.79368062226004,True
5439-WIKXB,0.5265788406934365,High Risk,94.55,High Value,High Risk / High Value,Month-to-month,41,194.1733146115012,166.6733146115012,True
4971-PUYQO,0.6100365716534042,High Risk,94.55,High Value,High Risk / High Value,Month-to-month,27,224.94793561433454,197.44793561433454,True
3338-CVVEH,0.6995024188023296,High Risk,94.55,High Value,High Risk / High Value,Month-to-month,12,257.93801942126504,230.43801942126504,True
4910-GMJOT,0.8206652018838849,High Risk,94.6,High Value,High Risk / High Value,Month-to-month,1,302.7762195830405,275.2762195830405,True
9058-MJLZC,0.5491073722724232,High Risk,94.6,High Value,High Risk / High Value,Month-to-month,24,202.58767392618785,175.08767392618785,True
5567-WSELE,0.8389549901818862,High Risk,94.6,High Value,High Risk / High Value,Month-to-month,3,309.5240540777051,282.0240540777051,True
4070-OKWVH,0.2634969125004578,High Risk,94.6,High Value,High Risk / High Value,Month-to-month,52,97.21455089791891,69.71455089791891,True
4124-MMETB,0.6207341636939436,High Risk,94.65,High Value,High Risk / High Value,Month-to-month,22,229.1347055151639,201.6347055151639,True
5364-XYIRR,0.5053421403497188,High Risk,94.65,High Value,High Risk / High Value,Month-to-month,51,186.5394709779935,159.0394709779935,True
4831-EOBFE,0.2896996597920832,High Risk,94.65,High Value,High Risk / High Value,Month-to-month,29,106.93828391735065,79.43828391735065,True
6173-GOLSU,0.3313553381137906,High Risk,94.65,High Value,High Risk / High Value,Month-to-month,67,122.31485273463412,94.81485273463412,True
0848-ZGQIJ,0.5819872274214646,High Risk,94.65,High Value,High Risk / High Value,Month-to-month,16,214.83185519422238,187.33185519422238,True
2037-SGXHH,0.4589693399625502,High Risk,94.65,High Value,High Risk / High Value,Month-to-month,38,169.42164730707597,141.92164730707597,True
0129-KPTWJ,0.2869309446692296,High Risk,94.65,High Value,High Risk / High Value,Month-to-month,72,105.91625426047607,78.41625426047607,True
6583-KQJLK,0.7025601032828747,High Risk,94.65,High Value,High Risk / High Value,Month-to-month,15,259.33952372532394,231.83952372532394,True
0148-DCDOS,0.6182388253409298,High Risk,94.7,High Value,High Risk / High Value,Month-to-month,25,228.3341453631656,200.8341453631656,True
5955-ERIHD,0.7289550581534454,High Risk,94.7,High Value,High Risk / High Value,Month-to-month,18,269.224971627812,241.724971627812,True
0325-XBFAC,0.7284333698682331,High Risk,94.7,High Value,High Risk / High Value,Month-to-month,8,269.03229649343456,241.53229649343456,True
3647-GMGDH,0.5331525961869356,High Risk,94.7,High Value,High Risk / High Value,Month-to-month,22,196.90924834972094,169.40924834972094,True
6502-HCJTI,0.59188419428869,High Risk,94.7,High Value,High Risk / High Value,Month-to-month,7,218.60058947664191,191.10058947664191,True
1472-TNCWL,0.4818005202981923,High Risk,94.7,High Value,High Risk / High Value,Month-to-month,36,177.94338616173138,150.44338616173138,True
5168-MSWXT,0.6978691482315224,High Risk,94.75,High Value,High Risk / High Value,Month-to-month,8,257.88009700025333,230.38009700025333,True
7943-RQCHR,0.7849733780295138,High Risk,94.75,High Value,High Risk / High Value,Month-to-month,9,290.06728751635615,262.56728751635615,True
8017-LXHFA,0.6685213377747916,High Risk,94.75,High Value,High Risk / High Value,Month-to-month,23,247.03534734122985,219.53534734122985,True
5144-TVGLP,0.5742341750472255,High Risk,94.75,High Value,High Risk / High Value,Month-to-month,38,212.19388353432606,184.69388353432606,True
6350-XFYGW,0.7920186068397098,High Risk,94.75,High Value,High Risk / High Value,Month-to-month,4,292.6706756924438,265.1706756924438,True
0060-FUALY,0.2757489054764021,High Risk,94.75,High Value,High Risk / High Value,Month-to-month,59,101.89611429616747,74.39611429616747,True
3096-GKWEB,0.7290267613494543,High Risk,94.75,High Value,High Risk / High Value,Month-to-month,18,269.3936139876571,241.8936139876571,True
7982-VCELR,0.4307964487183354,High Risk,94.8,High Value,High Risk / High Value,Month-to-month,36,159.274063020143,131.774063020143,True
7225-CBZPL,0.7727227496398276,High Risk,94.8,High Value,High Risk / High Value,Month-to-month,17,285.691054996837,258.191054996837,True
3387-VATUS,0.7436635717500327,High Risk,94.85,High Value,High Risk / High Value,Month-to-month,5,275.0923101439134,247.59231014391338,True
5150-ITWWB,0.841076453410575,High Risk,94.85,High Value,High Risk / High Value,Month-to-month,3,311.12679626337285,283.62679626337285,True
3045-XETSH,0.697975075506786,High Risk,94.85,High Value,High Risk / High Value,Month-to-month,10,258.19145005609266,230.69145005609266,True
2344-JMOGN,0.463218661646707,High Risk,94.85,High Value,High Risk / High Value,Month-to-month,9,171.3515312230416,143.8515312230416,True
7398-SKNQZ,0.7518974806926785,High Risk,94.9,High Value,High Risk / High Value,Month-to-month,3,278.2847765791672,250.78477657916721,True
7209-JCUDS,0.7232235937560112,High Risk,94.9,High Value,High Risk / High Value,Month-to-month,10,267.67228428503734,240.17228428503734,True
2359-KLTEK,0.3940535013412581,High Risk,94.9,High Value,High Risk / High Value,Month-to-month,41,145.84314138141306,118.34314138141306,True
9714-EDSUC,0.4118677718208523,High Risk,94.9,High Value,High Risk / High Value,Month-to-month,4,152.43638102861564,124.93638102861564,True
4391-LNRXK,0.3879328039920036,High Risk,94.95,High Value,High Risk / High Value,Month-to-month,22,143.65345698225892,116.15345698225892,True
3452-GWUIN,0.7662988467088434,High Risk,94.95,High Value,High Risk / High Value,Month-to-month,19,283.76429443051825,256.26429443051825,True
5349-IECLD,0.6938770557673252,High Risk,94.95,High Value,High Risk / High Value,Month-to-month,2,256.9461431359194,229.44614313591939,True
3874-EQOEP,0.6478081083446481,High Risk,95.0,High Value,High Risk / High Value,Month-to-month,7,240.01290414169213,212.51290414169213,True
0094-OIFMO,0.7385676465749097,High Risk,95.0,High Value,High Risk / High Value,Month-to-month,11,273.6393130560041,246.13931305600408,True
2475-MROZF,0.2400122058534228,High Risk,95.0,High Value,High Risk / High Value,Month-to-month,30,88.92452226869315,61.42452226869315,True
0684-AOSIH,0.6977718562624035,High Risk,95.0,High Value,High Risk / High Value,Month-to-month,1,258.5244727452205,231.02447274522052,True
1194-HVAIF,0.4957663211363168,High Risk,95.0,High Value,High Risk / High Value,Month-to-month,27,183.68142198100537,156.18142198100537,True
2105-PHWON,0.3827731811894407,High Risk,95.0,High Value,High Risk / High Value,Month-to-month,33,141.8174636306878,114.3174636306878,True
5119-KEPFY,0.5404569529722556,High Risk,95.0,High Value,High Risk / High Value,Month-to-month,36,200.2393010762207,172.7393010762207,True
1597-LHYNC,0.5589413934300297,High Risk,95.0,High Value,High Risk / High Value,Month-to-month,26,207.08778626582603,179.58778626582603,True
3951-NJCVI,0.6254109255142984,High Risk,95.05,High Value,High Risk / High Value,Month-to-month,42,231.83670303352284,204.33670303352284,True
3793-MMFUH,0.8013048176711636,High Risk,95.05,High Value,High Risk / High Value,Month-to-month,13,297.039689386612,269.539689386612,True
5889-JTMUL,0.4762755993593938,High Risk,95.05,High Value,High Risk / High Value,Month-to-month,50,176.55298330453047,149.05298330453047,True
1095-JUDTC,0.4110439674251015,High Risk,95.05,High Value,High Risk / High Value,Month-to-month,47,152.37194350464802,124.87194350464802,True
2823-LKABH,0.5196351882263935,High Risk,95.05,High Value,High Risk / High Value,Month-to-month,18,192.62616609958297,165.12616609958297,True
5183-SNMJQ,0.5453346015090568,High Risk,95.1,High Value,High Risk / High Value,Month-to-month,10,202.25915035369405,174.75915035369405,True
9944-HKVVB,0.7387633344326796,High Risk,95.1,High Value,High Risk / High Value,Month-to-month,3,273.9999331077365,246.49993310773652,True
5382-SOYZL,0.7103623219252694,High Risk,95.1,High Value,High Risk / High Value,Month-to-month,22,263.4662815788631,235.96628157886312,True
6242-MBHPK,0.6158755330257462,High Risk,95.1,High Value,High Risk / High Value,Month-to-month,23,228.422076443919,200.922076443919,True
5649-ANRML,0.559035146270596,High Risk,95.1,High Value,High Risk / High Value,Month-to-month,2,207.34054540030132,179.84054540030132,True
5178-LMXOP,0.8458508263985339,High Risk,95.1,High Value,High Risk / High Value,Month-to-month,1,313.71761300295225,286.21761300295225,True
2270-CHBFN,0.170691001965073,Low Risk,95.1,High Value,Low Risk / High Value,Month-to-month,44,63.30758571882592,35.80758571882592,True
6075-SLNIL,0.4061785489611785,High Risk,95.1,High Value,High Risk / High Value,Month-to-month,38,150.64756202421148,123.14756202421148,True
9512-UIBFX,0.4639253617133018,High Risk,95.15,High Value,High Risk / High Value,Month-to-month,18,172.15574285138058,144.65574285138058,True
3003-CMDUU,0.5468900057130545,High Risk,95.15,High Value,High Risk / High Value,Month-to-month,25,202.94267777002887,175.44267777002887,True
7851-WZEKY,0.8152842872247438,High Risk,95.15,High Value,High Risk / High Value,Month-to-month,2,302.5397697247941,275.0397697247941,True
4659-NZRUF,0.5525016511497787,High Risk,95.15,High Value,High Risk / High Value,Month-to-month,19,205.02507521691564,177.52507521691564,True
5982-FPVQN,0.4731366789508861,High Risk,95.15,High Value,High Risk / High Value,Month-to-month,37,175.57392450848963,148.07392450848963,True
6328-ZPBGN,0.752578247456607,High Risk,95.15,High Value,High Risk / High Value,Month-to-month,11,279.27049895743505,251.77049895743505,True
3049-SOLAY,0.8102913638601091,High Risk,95.2,High Value,High Risk / High Value,Month-to-month,3,300.84497757398134,273.34497757398134,True
2754-VDLTR,0.6737694949668167,High Risk,95.2,High Value,High Risk / High Value,Month-to-month,10,250.1571380912797,222.6571380912797,True
1960-UYCNN,0.6960757646179758,High Risk,95.25,High Value,High Risk / High Value,Month-to-month,10,258.5747446614626,231.0747446614626,True
9061-TIHDA,0.7938585038780133,High Risk,95.25,High Value,High Risk / High Value,Month-to-month,13,294.898587728085,267.398587728085,True
3207-OYBWH,0.3406824604474807,High Risk,95.25,High Value,High Risk / High Value,Month-to-month,57,126.5550169947279,99.0550169947279,True
2824-MYYBN,0.560175752657058,High Risk,95.25,High Value,High Risk / High Value,Month-to-month,37,208.09128771828063,180.59128771828063,True
7547-EKNFS,0.3865933468369407,High Risk,95.25,High Value,High Risk / High Value,Month-to-month,42,143.60976351625257,116.10976351625257,True
9793-WECQC,0.4304749263667534,High Risk,95.3,High Value,High Risk / High Value,Month-to-month,23,159.99461588273124,132.49461588273124,True
2386-OWURY,0.3338624475727101,High Risk,95.3,High Value,High Risk / High Value,Month-to-month,58,124.08665588934917,96.58665588934917,True
9921-EZKBY,0.374110583202869,High Risk,95.3,High Value,High Risk / High Value,Month-to-month,33,139.04568045901033,111.54568045901033,True
8421-WZOOW,0.1868828106753693,Low Risk,95.3,High Value,Low Risk / High Value,Month-to-month,57,69.4587342437145,41.9587342437145,True
8357-EQXFO,0.7374571642279574,High Risk,95.35,High Value,High Risk / High Value,Month-to-month,7,274.2345083756294,246.7345083756294,True
2660-EMUBI,0.8057099138108267,High Risk,95.35,High Value,High Risk / High Value,Month-to-month,10,299.61531709926305,272.11531709926305,True
8755-IWJHN,0.2556471890625035,High Risk,95.35,High Value,High Risk / High Value,Month-to-month,69,95.06624196072787,67.56624196072787,True
2984-AFWNC,0.6655509012155488,High Risk,95.4,High Value,High Risk / High Value,Month-to-month,3,247.62486830625713,220.12486830625713,True
0701-RFGFI,0.4080870491753428,High Risk,95.4,High Value,High Risk / High Value,Month-to-month,49,151.83286751617806,124.33286751617806,True
0396-YCHWO,0.6163191966774979,High Risk,95.4,High Value,High Risk / High Value,Month-to-month,36,229.3077203158299,201.8077203158299,True
4724-WXVWF,0.2894809164420937,High Risk,95.4,High Value,High Risk / High Value,Month-to-month,48,107.7042697714454,80.2042697714454,True
9279-CJEOJ,0.6982406926160417,High Risk,95.4,High Value,High Risk / High Value,Month-to-month,21,259.7874320947245,232.28743209472452,True
1658-BYGOY,0.7711708472792399,High Risk,95.45,High Value,High Risk / High Value,Month-to-month,18,287.0722037539335,259.5722037539335,True
8098-LLAZX,0.8374738516901661,High Risk,95.45,High Value,High Risk / High Value,Month-to-month,4,311.75382866092275,284.25382866092275,True
9776-OJUZI,0.2946590976530631,High Risk,95.45,High Value,High Risk / High Value,Month-to-month,65,109.68832239684099,82.18832239684099,True
3318-OSATS,0.6790628151129458,High Risk,95.45,High Value,High Risk / High Value,Month-to-month,35,252.78452823986964,225.28452823986964,True
0295-PPHDO,0.8152094614430136,High Risk,95.45,High Value,High Risk / High Value,Month-to-month,1,303.4657980694691,275.9657980694691,True
4929-XIHVW,0.7252339476778855,High Risk,95.5,High Value,High Risk / High Value,Month-to-month,2,270.1133838126285,242.6133838126285,True
5302-BDJNT,0.3874643158047423,High Risk,95.5,High Value,High Risk / High Value,Month-to-month,35,144.31108442147627,116.81108442147627,True
0564-MUUQK,0.4680987448013777,High Risk,95.5,High Value,High Risk / High Value,Month-to-month,20,174.34337750127312,146.84337750127312,True
0564-JJHGS,0.7758008488912119,High Risk,95.5,High Value,High Risk / High Value,Month-to-month,9,288.9470261695319,261.4470261695319,True
0576-WNXXC,0.622642699323526,High Risk,95.55,High Value,High Risk / High Value,Month-to-month,27,232.02468868941537,204.52468868941537,True
4690-PKDQG,0.5178245750499005,High Risk,95.55,High Value,High Risk / High Value,Month-to-month,42,192.96473876947022,165.46473876947022,True
3597-MVHJT,0.6093432617461113,High Risk,95.6,High Value,High Risk / High Value,Month-to-month,27,227.18754170942015,199.68754170942015,True
3643-AHCFP,0.7692690698590762,High Risk,95.6,High Value,High Risk / High Value,Month-to-month,7,286.814280006258,259.314280006258,True
0637-YLETY,0.5658533728132683,High Risk,95.6,High Value,High Risk / High Value,Month-to-month,16,210.97277151969894,183.47277151969894,True
6356-ELRKD,0.7011702233346936,High Risk,95.6,High Value,High Risk / High Value,Month-to-month,1,261.42430606810717,233.92430606810717,True
3320-VEOYC,0.7857798536811674,High Risk,95.6,High Value,High Risk / High Value,Month-to-month,14,292.9701606464864,265.4701606464864,True
8610-WFCJF,0.4959915583748142,High Risk,95.6,High Value,High Risk / High Value,Month-to-month,49,184.92549262446573,157.42549262446573,True
3269-ATYWD,0.5725799439130268,High Risk,95.65,High Value,High Risk / High Value,Month-to-month,39,213.59235937759598,186.09235937759598,True
6857-VWJDT,0.690018386174468,High Risk,95.65,High Value,High Risk / High Value,Month-to-month,1,257.40100868659266,229.90100868659266,True
3853-LYGAM,0.5229323035009743,High Risk,95.65,High Value,High Risk / High Value,Month-to-month,17,195.07205183648597,167.57205183648597,True
2279-AXJJK,0.2484244477075622,High Risk,95.65,High Value,High Risk / High Value,Month-to-month,52,92.67101385059048,65.17101385059048,True
8413-VONUO,0.6639889606988013,High Risk,95.65,High Value,High Risk / High Value,Month-to-month,2,247.69112195427738,220.19112195427738,True
3585-ISXZP,0.6578900643415653,High Risk,95.65,High Value,High Risk / High Value,Month-to-month,8,245.4160201516558,217.9160201516558,True
6212-ATMLK,0.5156960258681716,High Risk,95.7,High Value,High Risk / High Value,Month-to-month,50,192.4732277347777,164.9732277347777,True
7011-CVEUC,0.4364642635562306,High Risk,95.7,High Value,High Risk / High Value,Month-to-month,25,162.90155708709196,135.40155708709196,True
7480-QNVZJ,0.5699434279304175,High Risk,95.7,High Value,High Risk / High Value,Month-to-month,50,212.71998560646975,185.21998560646975,True
2507-QZPQS,0.4983527196274963,High Risk,95.7,High Value,High Risk / High Value,Month-to-month,15,186.00018554657044,158.50018554657044,True
0407-BDJKB,0.3393080569351596,High Risk,95.75,High Value,High Risk / High Value,Month-to-month,60,126.70611116101196,99.20611116101196,True
3319-DWOEP,0.7768631589504398,High Risk,95.75,High Value,High Risk / High Value,Month-to-month,6,290.10012513106795,262.60012513106795,True
0916-QOFDP,0.7661531614452345,High Risk,95.8,High Value,High Risk / High Value,Month-to-month,14,286.25014417916856,258.75014417916856,True
1393-IMKZG,0.7059815741685168,High Risk,95.85,High Value,High Risk / High Value,Month-to-month,1,263.9065021478041,236.40650214780408,True
0754-UKWQP,0.7597924341624632,High Risk,95.85,High Value,High Risk / High Value,Month-to-month,2,284.02180877644116,256.52180877644116,True
7426-RHZGU,0.5747933085042114,High Risk,95.9,High Value,High Risk / High Value,Month-to-month,9,214.97844531366013,187.47844531366013,True
6234-PFPXL,0.3060106855919881,High Risk,95.9,High Value,High Risk / High Value,Month-to-month,22,114.45105651825946,86.95105651825946,True
8393-DLHGA,0.5556786005165179,High Risk,95.9,High Value,High Risk / High Value,Month-to-month,25,207.82935337918283,180.32935337918283,True
1771-OADNZ,0.610641546700689,High Risk,95.9,High Value,High Risk / High Value,Month-to-month,29,228.38604488152475,200.88604488152475,True
9190-MFJLN,0.6139292517263204,High Risk,95.9,High Value,High Risk / High Value,Month-to-month,19,229.61567943816112,202.11567943816112,True
4989-LIXVT,0.3379724453371088,High Risk,95.9,High Value,High Risk / High Value,Month-to-month,68,126.40507428053206,98.90507428053206,True
9495-SKLKD,0.346004858197059,High Risk,95.95,High Value,High Risk / High Value,Month-to-month,45,129.47674796163048,101.97674796163048,True
4647-MUZON,0.5782126334481539,High Risk,95.95,High Value,High Risk / High Value,Month-to-month,18,216.37005849946644,188.87005849946644,True
3158-MOERK,0.8121516259591752,High Risk,96.0,High Value,High Risk / High Value,Month-to-month,2,304.0695687591152,276.5695687591152,True
6365-MTGZX,0.5324282008863704,High Risk,96.0,High Value,High Risk / High Value,Month-to-month,24,199.3411184118571,171.8411184118571,True
2180-DXNEG,0.7013133034268668,High Risk,96.0,High Value,High Risk / High Value,Month-to-month,12,262.571700803019,235.07170080301898,True
4829-AUOAX,0.3866771965952204,High Risk,96.05,High Value,High Risk / High Value,Month-to-month,46,144.84734445858658,117.34734445858658,True
7526-BEZQB,0.7603719045815505,High Risk,96.05,High Value,High Risk / High Value,Month-to-month,12,284.83151359672587,257.33151359672587,True
9692-TUSXH,0.5883174872370683,High Risk,96.05,High Value,High Risk / High Value,Month-to-month,18,220.38078913156963,192.88078913156963,True
6862-CQUMB,0.4118437518827313,High Risk,96.1,High Value,High Risk / High Value,Month-to-month,37,154.35491976812887,126.85491976812887,True
0306-JAELE,0.6737385425671887,High Risk,96.1,High Value,High Risk / High Value,Month-to-month,5,252.51046836875662,225.01046836875662,True
9544-PYPSJ,0.2689006209797485,High Risk,96.1,High Value,High Risk / High Value,Month-to-month,62,100.78126373699993,73.28126373699993,True
5980-NOPLP,0.5720516139907226,High Risk,96.1,High Value,High Risk / High Value,Month-to-month,44,214.39922440758292,186.89922440758292,True
5565-FILXA,0.7815564478308599,High Risk,96.15,High Value,High Risk / High Value,Month-to-month,16,293.07194458985504,265.57194458985504,True
5959-BELXA,0.593923439348691,High Risk,96.15,High Value,High Risk / High Value,Month-to-month,32,222.7123809041689,195.2123809041689,True
0963-ZBDRN,0.4957443075520092,High Risk,96.2,High Value,High Risk / High Value,Month-to-month,32,185.99334930736285,158.49334930736285,True
5655-JSMZM,0.574833368548009,High Risk,96.2,High Value,High Risk / High Value,Month-to-month,49,215.66598321184205,188.16598321184205,True
3737-GCSPV,0.4682506555419035,High Risk,96.2,High Value,High Risk / High Value,Month-to-month,11,175.67828094621134,148.17828094621134,True
4060-LDNLU,0.7203776818108005,High Risk,96.2,High Value,High Risk / High Value,Month-to-month,7,270.27129866177614,242.77129866177614,True
7548-SEPYI,0.7244368177176311,High Risk,96.25,High Value,High Risk / High Value,Month-to-month,5,271.9354704507558,244.43547045075582,True
3500-RMZLT,0.4172513361074613,High Risk,96.3,High Value,High Risk / High Value,Month-to-month,15,156.70708430187923,129.20708430187923,True
9508-ILZDG,0.4938733705961886,High Risk,96.35,High Value,High Risk / High Value,Month-to-month,34,185.5803271020768,158.0803271020768,True
4657-FWVFY,0.3561214945036831,High Risk,96.35,High Value,High Risk / High Value,Month-to-month,40,133.81799338217647,106.31799338217647,True
8245-UMPYT,0.7835154851040933,High Risk,96.4,High Value,High Risk / High Value,Month-to-month,16,294.570481779735,267.070481779735,True
1010-DIAUQ,0.6000421334685991,High Risk,96.5,High Value,High Risk / High Value,Month-to-month,5,225.82585693090732,198.32585693090732,True
4039-HEUNW,0.6383671007407887,High Risk,96.5,High Value,High Risk / High Value,Month-to-month,36,240.24945836379584,212.74945836379584,True
5937-EORGB,0.6457775309110935,High Risk,96.5,High Value,High Risk / High Value,Month-to-month,15,243.03837375839004,215.53837375839004,True
2604-IJPDU,0.3831962771390695,High Risk,96.55,High Value,High Risk / High Value,Month-to-month,20,144.29064217533093,116.79064217533093,True
6899-PPEEA,0.6616114887749657,High Risk,96.55,High Value,High Risk / High Value,Month-to-month,37,249.12649804076946,221.62649804076946,True
4566-NECEV,0.645061657464851,High Risk,96.55,High Value,High Risk / High Value,Month-to-month,5,242.89474181010235,215.39474181010235,True
6635-CPNUN,0.3807984380415434,High Risk,96.6,High Value,High Risk / High Value,Month-to-month,28,143.46200354777105,115.96200354777105,True
9057-SIHCH,0.8071404557485529,High Risk,96.6,High Value,High Risk / High Value,Month-to-month,3,304.0820952987098,276.5820952987098,True
7813-ZGGAW,0.460658802317828,High Risk,96.6,High Value,High Risk / High Value,Month-to-month,31,173.5485971852185,146.0485971852185,True
4194-WHFCB,0.1942559815731248,Low Risk,96.65,High Value,Low Risk / High Value,Month-to-month,59,73.2218784142658,45.7218784142658,True
8844-TONUD,0.5686842434146596,High Risk,96.65,High Value,High Risk / High Value,Month-to-month,13,214.35699529150472,186.85699529150472,True
6821-BUXUX,0.5883714694794613,High Risk,96.65,High Value,High Risk / High Value,Month-to-month,13,221.77779984824076,194.27779984824076,True
9809-IMGCQ,0.7431381050189371,High Risk,96.7,High Value,High Risk / High Value,Month-to-month,22,280.25967354579177,252.75967354579177,True
0486-HECZI,0.2894481031778488,High Risk,96.75,High Value,High Risk / High Value,Month-to-month,55,109.2160055315818,81.7160055315818,True
8547-NSBBO,0.2189209936577028,High Risk,96.75,High Value,High Risk / High Value,Month-to-month,35,82.6043639318927,55.104363931892706,True
9961-JBNMK,0.621408984540737,High Risk,96.8,High Value,High Risk / High Value,Month-to-month,21,234.59431984381905,207.09431984381905,True
1264-BYWMS,0.4748414768838825,High Risk,96.8,High Value,High Risk / High Value,Month-to-month,55,179.26215435320333,151.76215435320333,True
0480-BIXDE,0.6541425941614875,High Risk,96.8,High Value,High Risk / High Value,Month-to-month,19,246.95191214784478,219.45191214784478,True
9909-IDLEK,0.3254431151037961,High Risk,96.8,High Value,High Risk / High Value,Month-to-month,20,122.8612848139851,95.3612848139851,True
9290-SHCMB,0.7406608373093977,High Risk,96.85,High Value,High Risk / High Value,Month-to-month,13,279.75870816431916,252.25870816431916,True
4007-NHVHI,0.329614799657607,High Risk,96.85,High Value,High Risk / High Value,Month-to-month,56,124.50045405267304,97.00045405267304,True
3323-CPBWR,0.4402549675885183,High Risk,96.9,High Value,High Risk / High Value,Month-to-month,23,166.37675480137696,138.87675480137696,True
5827-MWCZK,0.1946821914752488,High Risk,96.95,High Value,High Risk / High Value,Month-to-month,56,73.61031000774895,46.11031000774895,True
3644-QXEHN,0.5845760465208281,High Risk,97.0,High Value,High Risk / High Value,Month-to-month,13,221.14511839882925,193.64511839882925,True
3898-GUYTS,0.3463942900309021,High Risk,97.05,High Value,High Risk / High Value,Month-to-month,45,131.1085068052463,103.6085068052463,True
5981-ITEMU,0.4941041711369733,High Risk,97.1,High Value,High Risk / High Value,Month-to-month,40,187.1123085678604,159.6123085678604,True
6645-MXQJT,0.5689059366827853,High Risk,97.1,High Value,High Risk / High Value,Month-to-month,2,215.43898916240397,187.93898916240397,True
7969-AULMZ,0.7166228543483483,High Risk,97.35,High Value,High Risk / High Value,Month-to-month,21,272.07661599616563,244.57661599616563,True
9445-SZLCH,0.3944377104606015,High Risk,97.35,High Value,High Risk / High Value,Month-to-month,36,149.75419334202428,122.25419334202428,True
5740-YHGTW,0.1307217358951422,Low Risk,97.55,High Value,Low Risk / High Value,Month-to-month,70,49.73243081262737,22.23243081262737,True
6393-WRYZE,0.6213284362017762,High Risk,97.65,High Value,High Risk / High Value,Month-to-month,34,236.62361500090347,209.12361500090347,True
4947-DSMXK,0.4952817803713089,High Risk,97.7,High Value,High Risk / High Value,Month-to-month,34,188.71721677487983,161.21721677487983,True
8276-MQBYC,0.5619245551857792,High Risk,97.8,High Value,High Risk / High Value,Month-to-month,51,214.3292638389599,186.8292638389599,True
8168-UQWWF,0.7141261407779721,High Risk,97.85,High Value,High Risk / High Value,Month-to-month,11,272.5212472129858,245.02124721298583,True
0329-GTIAJ,0.6683753296584242,High Risk,97.9,High Value,High Risk / High Value,Month-to-month,3,255.19238461688298,227.69238461688298,True
6108-OQZDQ,0.7564268210533714,High Risk,97.95,High Value,High Risk / High Value,Month-to-month,4,288.9588277764932,261.4588277764932,True
0011-IGKFF,0.7137429143788911,High Risk,98.0,High Value,High Risk / High Value,Month-to-month,13,272.7925418756122,245.2925418756122,True
0655-RBDUG,0.7315822240640015,High Risk,98.05,High Value,High Risk / High Value,Month-to-month,7,279.75338457095387,252.25338457095387,True
5312-UXESG,0.4262137377318871,High Risk,98.05,High Value,High Risk / High Value,Month-to-month,41,162.98200223998498,135.48200223998498,True
7295-JOMMD,0.580988753165741,High Risk,98.1,High Value,High Risk / High Value,Month-to-month,4,222.2804870736808,194.7804870736808,True
2454-RPBRZ,0.7111658226170556,High Risk,98.1,High Value,High Risk / High Value,Month-to-month,12,272.0849320750593,244.58493207505933,True
2665-NPTGL,0.6635224521841504,High Risk,98.1,High Value,High Risk / High Value,Month-to-month,26,253.8570549811341,226.3570549811341,True
4472-VESGY,0.1739804348646818,Low Risk,98.15,High Value,Low Risk / High Value,Month-to-month,52,66.59710075967723,39.09710075967723,True
2506-CLAKW,0.4118427996297444,High Risk,98.15,High Value,High Risk / High Value,Month-to-month,6,157.6472460562717,130.1472460562717,True
0952-KMEEH,0.515317483664355,High Risk,98.15,High Value,High Risk / High Value,Month-to-month,13,197.25580298446016,169.75580298446016,True
2446-BEGGB,0.8077654270227665,High Risk,98.25,High Value,High Risk / High Value,Month-to-month,6,309.51551749944855,282.01551749944855,True
9734-YWGEX,0.6319467667787189,High Risk,98.3,High Value,High Risk / High Value,Month-to-month,9,242.26943197995746,214.76943197995746,True
4735-ASGMA,0.6789711515987699,High Risk,98.35,High Value,High Risk / High Value,Month-to-month,26,260.42956976298217,232.92956976298217,True
3545-CNWRG,0.4697305993220487,High Risk,98.35,High Value,High Risk / High Value,Month-to-month,49,180.1722173289616,152.6722173289616,True
1323-OOEPC,0.373301923200496,High Risk,98.4,High Value,High Risk / High Value,Month-to-month,53,143.25834604742235,115.75834604742235,True
1866-RZZQS,0.6454757067224877,High Risk,98.4,High Value,High Risk / High Value,Month-to-month,41,247.70775721182187,220.20775721182187,True
4598-XLKNJ,0.6498039466731004,High Risk,98.5,High Value,High Risk / High Value,Month-to-month,25,249.6221861144715,222.1221861144715,True
1450-GALXR,0.7172635630347047,High Risk,98.5,High Value,High Risk / High Value,Month-to-month,10,275.53679773978183,248.03679773978183,True
4021-RQSNY,0.7176043066041139,High Risk,98.5,High Value,High Risk / High Value,Month-to-month,29,275.66769438197036,248.16769438197036,True
1455-UGQVH,0.772863688883214,High Risk,98.5,High Value,High Risk / High Value,Month-to-month,10,296.8955860844867,269.3955860844867,True
5138-WVKYJ,0.6278444739506863,High Risk,98.55,High Value,High Risk / High Value,Month-to-month,10,241.30888434057655,213.80888434057655,True
6683-VLCTZ,0.7513928908174465,High Risk,98.55,High Value,High Risk / High Value,Month-to-month,20,288.7941006212315,261.2941006212315,True
3211-AAPKX,0.5646983418709948,High Risk,98.55,High Value,High Risk / High Value,Month-to-month,20,217.03898420640746,189.53898420640746,True
8949-JTMAY,0.5806687586362267,High Risk,98.6,High Value,High Risk / High Value,Month-to-month,29,223.2903644459746,195.7903644459746,True
2208-UGTGR,0.3698865386888678,High Risk,98.6,High Value,High Risk / High Value,Month-to-month,56,142.2361695874172,114.73616958741721,True
4902-OHLSK,0.5611034211321425,High Risk,98.65,High Value,High Risk / High Value,Month-to-month,29,215.87612472927486,188.37612472927486,True
6559-PDZLR,0.5314469357760215,High Risk,98.65,High Value,High Risk / High Value,Month-to-month,26,204.46623683578767,176.96623683578767,True
9172-ANCRX,0.7057748687717208,High Risk,98.7,High Value,High Risk / High Value,Month-to-month,10,271.6739202362985,244.1739202362985,True
7938-OUHIO,0.6858219854169787,High Risk,98.7,High Value,High Risk / High Value,Month-to-month,3,263.9934568465576,236.4934568465576,True
6988-CJEYV,0.4186905146888343,High Risk,98.7,High Value,High Risk / High Value,Month-to-month,49,161.166539819173,133.666539819173,True
0946-CLJTI,0.5241618170340261,High Risk,98.7,High Value,High Risk / High Value,Month-to-month,58,201.76560823090767,174.26560823090767,True
9133-AYJZG,0.5848592195351762,High Risk,98.7,High Value,High Risk / High Value,Month-to-month,23,225.12985937567538,197.62985937567538,True
1427-VERSM,0.3434433511849487,High Risk,98.7,High Value,High Risk / High Value,Month-to-month,56,132.2016491716223,104.70164917162231,True
7079-QRCBC,0.7002538506617622,High Risk,98.75,High Value,High Risk / High Value,Month-to-month,24,269.68526423611115,242.18526423611115,True
6845-RGTYS,0.3482333725506369,High Risk,98.75,High Value,High Risk / High Value,Month-to-month,47,134.11337760356406,106.61337760356406,True
1075-BGWOH,0.7780454887347117,High Risk,98.75,High Value,High Risk / High Value,Month-to-month,16,299.6447688489559,272.1447688489559,True
5394-SVGJV,0.3585219566869158,High Risk,98.8,High Value,High Risk / High Value,Month-to-month,37,138.1456803506024,110.64568035060239,True
0468-YRPXN,0.4101755044728513,High Risk,98.8,High Value,High Risk / High Value,Month-to-month,29,158.04882538347908,130.54882538347908,True
3005-NFMTA,0.4651050583438927,High Risk,98.8,High Value,High Risk / High Value,Month-to-month,55,179.21428108106875,151.71428108106875,True
1751-NCDLI,0.6018148750427816,High Risk,98.85,High Value,High Risk / High Value,Month-to-month,46,232.00866155211796,204.50866155211796,True
3312-UUMZW,0.5158914604524256,High Risk,98.85,High Value,High Risk / High Value,Month-to-month,32,198.88389637631684,171.38389637631684,True
6088-BXMRG,0.5774973170357582,High Risk,98.85,High Value,High Risk / High Value,Month-to-month,32,222.63387817704034,195.13387817704034,True
4315-MURBD,0.466941512319893,High Risk,98.9,High Value,High Risk / High Value,Month-to-month,12,180.10401071690595,152.60401071690595,True
0354-WYROK,0.5072905475540292,High Risk,98.9,High Value,High Risk / High Value,Month-to-month,31,195.66703709706462,168.16703709706462,True
2675-DHUTR,0.4903610709131606,High Risk,98.9,High Value,High Risk / High Value,Month-to-month,58,189.1371686619152,161.6371686619152,True
2277-DJJDL,0.4285361874448283,High Risk,99.0,High Value,High Risk / High Value,Month-to-month,60,165.45782197244822,137.95782197244822,True
5649-RXQTV,0.4084903832731765,High Risk,99.0,High Value,High Risk / High Value,Month-to-month,51,157.71813698177345,130.21813698177345,True
6956-SMUCM,0.5926996844140144,High Risk,99.0,High Value,High Risk / High Value,Month-to-month,3,228.841348152251,201.341348152251,True
2025-JKFWI,0.6077961294668976,High Risk,99.0,High Value,High Risk / High Value,Month-to-month,13,234.67008558716918,207.17008558716918,True
7028-DVOIQ,0.6675964120006456,High Risk,99.05,High Value,High Risk / High Value,Month-to-month,35,257.8891559737894,230.3891559737894,True
5536-RTPWK,0.4199454790223708,High Risk,99.05,High Value,High Risk / High Value,Month-to-month,49,162.2228388189467,134.7228388189467,True
3565-UNOCC,0.650860030488245,High Risk,99.05,High Value,High Risk / High Value,Month-to-month,29,251.42397547745662,223.92397547745662,True
5331-RGMTT,0.4433427946252983,High Risk,99.05,High Value,High Risk / High Value,Month-to-month,54,171.2611048497796,143.7611048497796,True
3588-WSTTJ,0.6023258554021538,High Risk,99.05,High Value,High Risk / High Value,Month-to-month,35,232.675466312575,205.175466312575,True
9420-LOJKX,0.4749274513567922,High Risk,99.1,High Value,High Risk / High Value,Month-to-month,15,183.55471067488662,156.05471067488662,True
8065-BVEPF,0.302444009139689,High Risk,99.1,High Value,High Risk / High Value,Month-to-month,65,116.8915850923984,89.3915850923984,True
0310-MVLET,0.3795755115694715,High Risk,99.15,High Value,High Risk / High Value,Month-to-month,61,146.7761566912411,119.27615669124111,True
4236-XPXAV,0.5233955010401241,High Risk,99.15,High Value,High Risk / High Value,Month-to-month,5,202.3891893197004,174.8891893197004,True
2227-JRSJX,0.4562602398653123,High Risk,99.15,High Value,High Risk / High Value,Month-to-month,21,176.4289908523183,148.9289908523183,True
9974-JFBHQ,0.1603856071022092,Low Risk,99.15,High Value,Low Risk / High Value,Month-to-month,64,62.01870848231778,34.51870848231778,True
6907-NZZIJ,0.596014209701493,High Risk,99.15,High Value,High Risk / High Value,Month-to-month,36,230.46975467842185,202.96975467842185,True
2519-FAKOD,0.4900113856468377,High Risk,99.25,High Value,High Risk / High Value,Month-to-month,38,189.67115709924974,162.17115709924974,True
6861-XWTWQ,0.8159679252550349,High Risk,99.25,High Value,High Risk / High Value,Month-to-month,7,315.8407846680927,288.3407846680927,True
3934-HXCFZ,0.5060416369059476,High Risk,99.25,High Value,High Risk / High Value,Month-to-month,23,195.87606660536966,168.37606660536966,True
4445-ZJNMU,0.6725135538462174,High Risk,99.3,High Value,High Risk / High Value,Month-to-month,9,260.44432399802463,232.94432399802463,True
3524-WQDSG,0.4551377261054902,High Risk,99.3,High Value,High Risk / High Value,Month-to-month,43,176.26118718887318,148.76118718887318,True
5480-TBGPH,0.5069541396054968,High Risk,99.3,High Value,High Risk / High Value,Month-to-month,24,196.3281296450208,168.8281296450208,True
6467-CHFZW,0.4782520757146601,High Risk,99.35,High Value,High Risk / High Value,Month-to-month,47,185.30594051678077,157.80594051678077,True
7780-OTDSO,0.6471017728180659,High Risk,99.4,High Value,High Risk / High Value,Month-to-month,18,250.85547325065147,223.35547325065147,True
9732-EQMWY,0.3572253590955938,High Risk,99.4,High Value,High Risk / High Value,Month-to-month,49,138.4819827069979,110.98198270699791,True
0487-RPVUM,0.1301430504335108,Low Risk,99.4,High Value,Low Risk / High Value,Month-to-month,61,50.451254931054805,22.951254931054805,True
0979-PHULV,0.2780991850038818,High Risk,99.45,High Value,High Risk / High Value,Month-to-month,69,107.86215939968059,80.36215939968059,True
6210-KBBPI,0.717651008597282,High Risk,99.45,High Value,High Risk / High Value,Month-to-month,9,278.34453193949884,250.84453193949884,True
6627-CFOSN,0.21454631663988,High Risk,99.45,High Value,High Risk / High Value,Month-to-month,59,83.21286164036066,55.71286164036066,True
7450-NWRTR,0.7958584618084649,High Risk,99.45,High Value,High Risk / High Value,Month-to-month,12,308.67768370472214,281.17768370472214,True
8019-ENHXU,0.3888961815823094,High Risk,99.45,High Value,High Risk / High Value,Month-to-month,42,150.83532850760662,123.33532850760662,True
2003-CKLOR,0.2525176725091298,High Risk,99.5,High Value,High Risk / High Value,Month-to-month,66,97.98948281716784,70.48948281716784,True
1587-FKLZB,0.3494482370519066,High Risk,99.5,High Value,High Risk / High Value,Month-to-month,66,135.60338838799237,108.10338838799237,True
0897-FEGMU,0.7647449648782734,High Risk,99.5,High Value,High Risk / High Value,Month-to-month,11,296.759283621014,269.259283621014,True
2568-OIADY,0.6197962071819718,High Risk,99.5,High Value,High Risk / High Value,Month-to-month,37,240.5119181969642,213.0119181969642,True
4009-ALQFH,0.5855050112454266,High Risk,99.5,High Value,High Risk / High Value,Month-to-month,25,227.2052196137878,199.7052196137878,True
8818-XYFCQ,0.4225868199934378,High Risk,99.55,High Value,High Risk / High Value,Month-to-month,32,164.06721992835224,136.56721992835224,True
4803-AXVYP,0.5779994105154316,High Risk,99.55,High Value,High Risk / High Value,Month-to-month,38,224.40538113556374,196.90538113556374,True
2012-NWRPA,0.8046975042007175,High Risk,99.55,High Value,High Risk / High Value,Month-to-month,11,312.4197825184076,284.9197825184076,True
2265-CYWIV,0.7740814318407331,High Risk,99.6,High Value,High Risk / High Value,Month-to-month,4,300.68419138421433,273.18419138421433,True
9305-CDSKC,0.7827560216842364,High Risk,99.65,High Value,High Risk / High Value,Month-to-month,8,304.20638648725327,276.70638648725327,True
0447-RXSGD,0.5937520019518204,High Risk,99.65,High Value,High Risk / High Value,Month-to-month,24,230.75280927854573,203.25280927854573,True
8468-EHYJA,0.3771967000106891,High Risk,99.65,High Value,High Risk / High Value,Month-to-month,57,146.59183950865418,119.09183950865418,True
2674-MLXMN,0.3059040242634633,High Risk,99.65,High Value,High Risk / High Value,Month-to-month,71,118.88501046963106,91.38501046963106,True
7783-YKGDV,0.5243641556961884,High Risk,99.7,High Value,High Risk / High Value,Month-to-month,12,203.88851465934897,176.38851465934897,True
6543-XRMYR,0.6786141454973729,High Risk,99.7,High Value,High Risk / High Value,Month-to-month,30,263.86553819374353,236.36553819374353,True
4128-ETESU,0.5191614961663967,High Risk,99.7,High Value,High Risk / High Value,Month-to-month,47,201.86556455438006,174.36556455438006,True
6215-NQCPY,0.6736838107660974,High Risk,99.7,High Value,High Risk / High Value,Month-to-month,15,261.9484761401817,234.4484761401817,True
0107-YHINA,0.784805441854127,High Risk,99.75,High Value,High Risk / High Value,Month-to-month,1,305.3089370173018,277.8089370173018,True
0420-HLGXF,0.6614680959162665,High Risk,99.75,High Value,High Risk / High Value,Month-to-month,39,257.3276260138256,229.82762601382558,True
7240-FQLHE,0.5606477131818458,High Risk,99.75,High Value,High Risk / High Value,Month-to-month,18,218.1059766205676,190.6059766205676,True
3811-VBYBZ,0.7590748522323542,High Risk,99.8,High Value,High Risk / High Value,Month-to-month,7,295.4471139858769,267.9471139858769,True
5419-CONWX,0.689288541378811,High Risk,99.8,High Value,High Risk / High Value,Month-to-month,4,268.28488607546086,240.78488607546086,True
8785-CJSHH,0.425537926090469,High Risk,99.8,High Value,High Risk / High Value,Month-to-month,60,165.62787159293234,138.12787159293234,True
6651-AZVTJ,0.4873370588499227,High Risk,99.8,High Value,High Risk / High Value,Month-to-month,49,189.6813300455669,162.1813300455669,True
2845-AFFTX,0.644424417707248,High Risk,99.8,High Value,High Risk / High Value,Month-to-month,41,250.82287186001508,223.32287186001508,True
8631-WUXGY,0.3971457524315355,High Risk,99.8,High Value,High Risk / High Value,Month-to-month,46,154.57706976140224,127.07706976140224,True
0320-JDNQG,0.4281322088078934,High Risk,99.85,High Value,High Risk / High Value,Month-to-month,23,166.72110409292583,139.22110409292583,True
8443-WVPSS,0.6085290975301144,High Risk,99.85,High Value,High Risk / High Value,Month-to-month,10,236.9703585146895,209.4703585146895,True
4686-UXDML,0.5895971019576493,High Risk,99.85,High Value,High Risk / High Value,Month-to-month,21,229.59795545883796,202.09795545883796,True
8784-CGILN,0.5875788567004013,High Risk,99.85,High Value,High Risk / High Value,Month-to-month,18,228.81202048198676,201.31202048198676,True
1571-SAVHK,0.6057337966881889,High Risk,99.95,High Value,High Risk / High Value,Month-to-month,12,236.1180626180395,208.6180626180395,True
1254-IZEYF,0.679483321425816,High Risk,99.95,High Value,High Risk / High Value,Month-to-month,31,264.8659961083902,237.36599610839022,True
3440-JPSCL,0.5803799609888755,High Risk,99.95,High Value,High Risk / High Value,Month-to-month,6,226.23501069326863,198.73501069326863,True
0089-IIQKO,0.3765154789305135,High Risk,99.95,High Value,High Risk / High Value,Month-to-month,39,146.76761626450883,119.26761626450883,True
5883-GTGVD,0.6962708807103574,High Risk,99.95,High Value,High Risk / High Value,Month-to-month,19,271.4098706553009,243.9098706553009,True
3473-XIIIT,0.7115150820103816,High Risk,100.0,High Value,High Risk / High Value,Month-to-month,16,277.4908819840489,249.99088198404888,True
8709-KRDVL,0.6129308028691588,High Risk,100.0,High Value,High Risk / High Value,Month-to-month,33,239.04301311897194,211.54301311897194,True
8397-MVTAZ,0.6330752033365545,High Risk,100.05,High Value,High Risk / High Value,Month-to-month,34,247.0227789659069,219.5227789659069,True
1666-JXLKU,0.6218058798765798,High Risk,100.05,High Value,High Risk / High Value,Month-to-month,37,242.62554529844203,215.12554529844203,True
2669-OIDSD,0.2987425870599536,High Risk,100.05,High Value,High Risk / High Value,Month-to-month,48,116.56786375785859,89.06786375785859,True
2632-UCGVD,0.3122156365593419,High Risk,100.05,High Value,High Risk / High Value,Month-to-month,66,121.82498030727243,94.32498030727243,True
9647-ERGBE,0.6266096524700646,High Risk,100.05,High Value,High Risk / High Value,Month-to-month,30,244.4999533455569,216.9999533455569,True
8634-MPHTR,0.6052681654052835,High Risk,100.05,High Value,High Risk / High Value,Month-to-month,47,236.17261180031457,208.67261180031457,True
5515-AKOAJ,0.4201516447443836,High Risk,100.1,High Value,High Risk / High Value,Month-to-month,54,164.02300059175988,136.52300059175988,True
9094-AZPHK,0.7160826684121415,High Risk,100.15,High Value,High Risk / High Value,Month-to-month,15,279.6911490417563,252.19114904175632,True
2754-SDJRD,0.6890007816900456,High Risk,100.15,High Value,High Risk / High Value,Month-to-month,8,269.11337031640653,241.61337031640653,True
0596-BQCEQ,0.31377926501853,High Risk,100.15,High Value,High Risk / High Value,Month-to-month,62,122.55747422726253,95.05747422726253,True
2612-RANWT,0.6979276469426132,High Risk,100.15,High Value,High Risk / High Value,Month-to-month,12,272.6000699810806,245.1000699810806,True
2656-TABEH,0.7747630046839271,High Risk,100.2,High Value,High Risk / High Value,Month-to-month,4,302.76188697038504,275.26188697038504,True
4817-VYYWS,0.6291485359286662,High Risk,100.2,High Value,High Risk / High Value,Month-to-month,30,245.85866487020417,218.35866487020417,True
0324-BRPCJ,0.4271704772842914,High Risk,100.2,High Value,High Risk / High Value,Month-to-month,68,166.92967911315543,139.42967911315543,True
7379-FNIUJ,0.5728370748615507,High Risk,100.2,High Value,High Risk / High Value,Month-to-month,2,223.85327211439682,196.35327211439682,True
3621-CEOVK,0.7651379984463164,High Risk,100.2,High Value,High Risk / High Value,Month-to-month,14,299.0006270328515,271.5006270328515,True
5299-RULOA,0.6731319578500148,High Risk,100.25,High Value,High Risk / High Value,Month-to-month,10,263.1777672204095,235.67776722040952,True
0939-YAPAF,0.6281993833123826,High Risk,100.25,High Value,High Risk / High Value,Month-to-month,35,245.61025389055877,218.11025389055877,True
3178-FESZO,0.7197656162107681,High Risk,100.25,High Value,High Risk / High Value,Month-to-month,1,281.41036179800506,253.91036179800506,True
3393-FMZPV,0.6542248838266084,High Risk,100.25,High Value,High Risk / High Value,Month-to-month,25,255.78557395410823,228.28557395410823,True
9889-TMAHG,0.4386153555941751,High Risk,100.3,High Value,High Risk / High Value,Month-to-month,8,171.57316864777346,144.07316864777346,True
2800-QQUSO,0.4948520727378714,High Risk,100.3,High Value,High Risk / High Value,Month-to-month,42,193.57128529287314,166.07128529287314,True
5816-QVHRX,0.342957741571767,High Risk,100.3,High Value,High Risk / High Value,Month-to-month,37,134.1547797706281,106.6547797706281,True
9330-IJWIO,0.6878721360769748,High Risk,100.35,High Value,High Risk / High Value,Month-to-month,13,269.20907853576523,241.70907853576523,True
1641-RQDAY,0.6320417221530406,High Risk,100.4,High Value,High Risk / High Value,Month-to-month,32,247.48225672624457,219.98225672624457,True
0722-SVSFK,0.6616967980187433,High Risk,100.4,High Value,High Risk / High Value,Month-to-month,7,259.0939982322192,231.59399823221918,True
1482-OXZSY,0.487386441922801,High Risk,100.4,High Value,High Risk / High Value,Month-to-month,30,190.84103519929198,163.34103519929198,True
6847-KJLTS,0.3632778678566633,High Risk,100.4,High Value,High Risk / High Value,Month-to-month,58,142.2450819379551,114.74508193795509,True
7029-RPUAV,0.6866462784960968,High Risk,100.45,High Value,High Risk / High Value,Month-to-month,17,268.99711283223843,241.49711283223843,True
6116-RFVHN,0.6322906018861534,High Risk,100.45,High Value,High Risk / High Value,Month-to-month,34,247.70300474191004,220.20300474191004,True
4998-IKFSE,0.5838638279941133,High Risk,100.45,High Value,High Risk / High Value,Month-to-month,30,228.73157393583386,201.23157393583386,True
0434-CSFON,0.5444009131046157,High Risk,100.5,High Value,High Risk / High Value,Month-to-month,47,213.37793789135412,185.87793789135412,True
0781-LKXBR,0.807230903893393,High Risk,100.5,High Value,High Risk / High Value,Month-to-month,9,316.3941527810154,288.8941527810154,True
8840-DQLGN,0.3441785400360739,High Risk,100.5,High Value,High Risk / High Value,Month-to-month,35,134.90077876713917,107.40077876713917,True
7714-YXSMB,0.611529497218073,High Risk,100.5,High Value,High Risk / High Value,Month-to-month,26,239.68898643462376,212.18898643462376,True
9681-OXGVC,0.7939833973659668,High Risk,100.5,High Value,High Risk / High Value,Month-to-month,5,311.20179259759067,283.70179259759067,True
7549-MYGPK,0.2266026551638225,High Risk,100.55,High Value,High Risk / High Value,Month-to-month,63,88.86109820921718,61.361098209217175,True
6481-ESCNL,0.5052692475608566,High Risk,100.55,High Value,High Risk / High Value,Month-to-month,29,198.1388090847521,170.6388090847521,True
6615-NGGZJ,0.721845997183193,High Risk,100.55,High Value,High Risk / High Value,Month-to-month,14,283.0682985654032,255.5682985654032,True
8761-NSOBC,0.2991662665948982,High Risk,100.55,High Value,High Risk / High Value,Month-to-month,44,117.31655561385634,89.81655561385634,True
4822-RVYBB,0.8112982888277039,High Risk,100.6,High Value,High Risk / High Value,Month-to-month,8,318.30477063866135,290.80477063866135,True
8384-FZBJK,0.4004162828175802,High Risk,100.6,High Value,High Risk / High Value,Month-to-month,57,157.0993244006494,129.5993244006494,True
2968-SSGAA,0.7725111141913504,High Risk,100.6,High Value,High Risk / High Value,Month-to-month,10,303.0870105418344,275.5870105418344,True
1932-UEDCX,0.5783755901443901,High Risk,100.6,High Value,High Risk / High Value,Month-to-month,33,226.91987903724998,199.41987903724998,True
3768-NLUBH,0.4405432245974717,High Risk,100.6,High Value,High Risk / High Value,Month-to-month,57,172.84272873857205,145.34272873857205,True
7392-YYPYJ,0.6878659346310592,High Risk,100.65,High Value,High Risk / High Value,Month-to-month,22,270.01145465040287,242.51145465040287,True
3791-LGQCY,0.4644289489062473,High Risk,100.65,High Value,High Risk / High Value,Month-to-month,56,182.3046174589138,154.8046174589138,True
7641-EUYET,0.3640809361293509,High Risk,100.7,High Value,High Risk / High Value,Month-to-month,46,142.98550604607996,115.48550604607996,True
0265-PSUAE,0.3908759336467313,High Risk,100.7,High Value,High Risk / High Value,Month-to-month,16,153.50870542108078,126.00870542108078,True
9079-LWTFD,0.158658200821524,Low Risk,100.75,High Value,Low Risk / High Value,Month-to-month,47,62.340773557797306,34.840773557797306,True
7587-AOVVU,0.295533475658162,High Risk,100.75,High Value,High Risk / High Value,Month-to-month,27,116.1224909229833,88.6224909229833,True
5590-BYNII,0.6133947437792618,High Risk,100.75,High Value,High Risk / High Value,Month-to-month,22,241.01812969946647,213.51812969946647,True
7315-WYOAW,0.6063367319620964,High Risk,100.75,High Value,High Risk / High Value,Month-to-month,13,238.24486040620673,210.74486040620673,True
4078-SAYYN,0.7655143971601679,High Risk,100.75,High Value,High Risk / High Value,Month-to-month,11,300.789744504159,273.289744504159,True
6851-WEFYX,0.6632907506873548,High Risk,100.8,High Value,High Risk / High Value,Month-to-month,35,260.7528599102129,233.25285991021292,True
7216-EWTRS,0.8407423763100362,High Risk,100.8,High Value,High Risk / High Value,Month-to-month,1,330.5126429750014,303.0126429750014,True
1013-QCWAM,0.4412663584103811,High Risk,100.8,High Value,High Risk / High Value,Month-to-month,66,173.470630818289,145.970630818289,True
8510-AWCXC,0.7277128841855943,High Risk,100.8,High Value,High Risk / High Value,Month-to-month,13,286.0784890310408,258.5784890310408,True
2040-VZIKE,0.3508184805788453,High Risk,100.85,High Value,High Risk / High Value,Month-to-month,49,137.98217068886854,110.48217068886854,True
6326-MTTXK,0.684443421885034,High Risk,100.85,High Value,High Risk / High Value,Month-to-month,8,269.20186447871214,241.70186447871214,True
4132-KALRO,0.6636319499056598,High Risk,100.85,High Value,High Risk / High Value,Month-to-month,4,261.0164003771446,233.51640037714458,True
0899-LIIBW,0.5508910507538799,High Risk,100.85,High Value,High Risk / High Value,Month-to-month,34,216.6737136272623,189.1737136272623,True
7881-INRLC,0.4405702595887024,High Risk,100.85,High Value,High Risk / High Value,Month-to-month,45,173.28289165013047,145.78289165013047,True
6023-YEBUP,0.7988508064178208,High Risk,100.95,High Value,High Risk / High Value,Month-to-month,3,314.5115567407282,287.0115567407282,True
4433-JCGCG,0.6016131783403234,High Risk,101.0,High Value,High Risk / High Value,Month-to-month,46,236.97543094825335,209.47543094825335,True
8374-XGEJJ,0.592809558833014,High Risk,101.0,High Value,High Risk / High Value,Month-to-month,43,233.50768522432423,206.00768522432423,True
7901-TBKJX,0.5276957308989488,High Risk,101.05,High Value,High Risk / High Value,Month-to-month,56,207.96224906862125,180.46224906862125,True
2430-USGXP,0.6856847506606579,High Risk,101.05,High Value,High Risk / High Value,Month-to-month,24,270.224931811612,242.724931811612,True
0680-DFNNY,0.7374440504716127,High Risk,101.1,High Value,High Risk / High Value,Month-to-month,15,290.76681466045216,263.26681466045216,True
6029-WTIPC,0.657590188580498,High Risk,101.1,High Value,High Risk / High Value,Month-to-month,37,259.2812354554045,231.7812354554045,True
4523-WXCEF,0.3567268677443219,High Risk,101.1,High Value,High Risk / High Value,Month-to-month,59,140.65383668290866,113.15383668290866,True
3167-SNQPL,0.4935498588592294,High Risk,101.15,High Value,High Risk / High Value,Month-to-month,38,194.69801607208313,167.19801607208313,True
0880-TKATG,0.6980763657776525,High Risk,101.15,High Value,High Risk / High Value,Month-to-month,4,275.3806551537973,247.8806551537973,True
8378-LKJAF,0.4733729317946177,High Risk,101.15,High Value,High Risk / High Value,Month-to-month,38,186.73852099899977,159.23852099899977,True
0302-JOIVN,0.6218020533609152,High Risk,101.15,High Value,High Risk / High Value,Month-to-month,8,245.29158302008062,217.79158302008062,True
3663-MITLP,0.6503716918222273,High Risk,101.25,High Value,High Risk / High Value,Month-to-month,15,256.81552180830204,229.31552180830204,True
4597-NUCQV,0.7083581152762193,High Risk,101.25,High Value,High Risk / High Value,Month-to-month,24,279.7129107696971,252.2129107696971,True
0147-ESWWR,0.5720697622679323,High Risk,101.25,High Value,High Risk / High Value,Month-to-month,39,225.89604737554976,198.39604737554976,True
0886-QGENL,0.5741749308715592,High Risk,101.25,High Value,High Risk / High Value,Month-to-month,27,226.72732582790698,199.22732582790698,True
4289-DTDKW,0.5611448287795149,High Risk,101.3,High Value,High Risk / High Value,Month-to-month,40,221.69148750592296,194.19148750592296,True
7748-UMTRK,0.5910763004835643,High Risk,101.3,High Value,High Risk / High Value,Month-to-month,30,233.51651403204173,206.01651403204173,True
5569-OUICF,0.5471806185878838,High Risk,101.3,High Value,High Risk / High Value,Month-to-month,28,216.17464698551527,188.67464698551527,True
6693-FRIRW,0.4472733821214497,High Risk,101.3,High Value,High Risk / High Value,Month-to-month,18,176.70429507472113,149.20429507472113,True
0125-LZQXK,0.6039492714884923,High Risk,101.35,High Value,High Risk / High Value,Month-to-month,15,238.7200087948989,211.2200087948989,True
8429-XIBUM,0.5523893710157922,High Risk,101.35,High Value,High Risk / High Value,Month-to-month,22,218.3401847345571,190.8401847345571,True
3902-FOIGH,0.7701919083276749,High Risk,101.35,High Value,High Risk / High Value,Month-to-month,12,304.42990464513844,276.92990464513844,True
4553-DVPZG,0.434108459443925,High Risk,101.35,High Value,High Risk / High Value,Month-to-month,62,171.58788022210302,144.08788022210302,True
2809-ZMYOQ,0.6506506869757357,High Risk,101.35,High Value,High Risk / High Value,Month-to-month,32,257.1794437874642,229.6794437874642,True
7234-FECYN,0.753075919154647,High Risk,101.35,High Value,High Risk / High Value,Month-to-month,8,297.66455318466154,270.16455318466154,True
2452-KDRRH,0.3657544304542634,High Risk,101.4,High Value,High Risk / High Value,Month-to-month,67,144.64124706744303,117.14124706744303,True
2603-HVKCG,0.5441685746821069,High Risk,101.4,High Value,High Risk / High Value,Month-to-month,31,215.196904543786,187.696904543786,True
4958-XCBDQ,0.6656972503601489,High Risk,101.4,High Value,High Risk / High Value,Month-to-month,35,263.25663462742455,235.75663462742455,True
9600-NAXZN,0.5494475763625865,High Risk,101.4,High Value,High Risk / High Value,Month-to-month,43,217.28453854834845,189.78453854834845,True
2692-BUCFV,0.5351176569159166,High Risk,101.45,High Value,High Risk / High Value,Month-to-month,29,211.72197654706702,184.22197654706702,True
5419-JPRRN,0.8049981297363953,High Risk,101.45,High Value,High Risk / High Value,Month-to-month,1,318.50153502085345,291.00153502085345,True
8118-TJAFG,0.5732203001968311,High Risk,101.5,High Value,High Risk / High Value,Month-to-month,9,226.90925583291562,199.40925583291562,True
1028-FFNJK,0.6162375322428261,High Risk,101.5,High Value,High Risk / High Value,Month-to-month,30,243.93762713832274,216.43762713832274,True
5628-RKIFK,0.3281560791108566,High Risk,101.55,High Value,High Risk / High Value,Month-to-month,49,129.9645743514592,102.46457435145919,True
5299-SJCZT,0.7410755436416542,High Risk,101.55,High Value,High Risk / High Value,Month-to-month,3,293.49926368155894,265.99926368155894,True
0702-PGIBZ,0.739903660088418,High Risk,101.7,High Value,High Risk / High Value,Month-to-month,4,293.4679887008693,265.9679887008693,True
8903-WMRNW,0.5251338836467083,High Risk,101.75,High Value,High Risk / High Value,Month-to-month,15,208.38625337810504,180.88625337810504,True
1723-HKXJQ,0.5433790987170524,High Risk,101.75,High Value,High Risk / High Value,Month-to-month,42,215.6264108483943,188.1264108483943,True
3629-ZNKXA,0.6851142263219437,High Risk,101.8,High Value,High Risk / High Value,Month-to-month,17,272.00405013433806,244.50405013433806,True
2474-BRUCM,0.467952733519888,High Risk,101.85,High Value,High Risk / High Value,Month-to-month,40,185.87784504510233,158.37784504510233,True
7056-IMHCC,0.5328404067714092,High Risk,101.9,High Value,High Risk / High Value,Month-to-month,53,211.75610605502573,184.25610605502573,True
0402-CQAJN,0.4967965885633856,High Risk,101.9,High Value,High Risk / High Value,Month-to-month,37,197.43193226097506,169.93193226097506,True
8884-ADFVN,0.810823538578508,High Risk,101.95,High Value,High Risk / High Value,Month-to-month,7,322.38749305650765,294.88749305650765,True
6688-UZPWD,0.7392013457461037,High Risk,102.0,High Value,High Risk / High Value,Month-to-month,11,294.05429533780006,266.55429533780006,True
4238-JSSWH,0.5086049902376859,High Risk,102.05,High Value,High Risk / High Value,Month-to-month,35,202.4222430896478,174.9222430896478,True
0348-SDKOL,0.3058736564327686,High Risk,102.1,High Value,High Risk / High Value,Month-to-month,58,121.79583125496413,94.29583125496413,True
1465-VINDH,0.6364209387187472,High Risk,102.1,High Value,High Risk / High Value,Month-to-month,10,253.41645358841794,225.91645358841794,True
0871-URUWO,0.6662678797114713,High Risk,102.25,High Value,High Risk / High Value,Month-to-month,13,265.690973731942,238.190973731942,True
7233-DRTRF,0.4083613473837423,High Risk,102.4,High Value,High Risk / High Value,Month-to-month,63,163.08318769117133,135.58318769117133,True
7181-BQYBV,0.7207162056124014,High Risk,102.45,High Value,High Risk / High Value,Month-to-month,1,287.965763533463,260.465763533463,True
0365-BZUWY,0.7054186381102294,High Risk,102.55,High Value,High Risk / High Value,Month-to-month,17,282.1286572189957,254.62865721899573,True
2439-LYPMQ,0.6353194996001638,High Risk,102.6,High Value,High Risk / High Value,Month-to-month,38,254.2167445700095,226.7167445700095,True
9547-ITEFG,0.6306774321238356,High Risk,102.6,High Value,High Risk / High Value,Month-to-month,9,252.35926769003163,224.85926769003163,True
3352-ALMCK,0.4736194668930302,High Risk,102.65,High Value,High Risk / High Value,Month-to-month,40,189.60644927862126,162.10644927862126,True
4983-CLMLV,0.3037508919588967,High Risk,102.7,High Value,High Risk / High Value,Month-to-month,52,121.66134475629691,94.16134475629691,True
4658-HCOHW,0.4987688189420926,High Risk,102.8,High Value,High Risk / High Value,Month-to-month,21,199.96639489026376,172.46639489026376,True
6402-ZFPPI,0.5522066707139552,High Risk,102.8,High Value,High Risk / High Value,Month-to-month,25,221.39069842263893,193.89069842263893,True
4550-VBOFE,0.4082045605308037,High Risk,102.95,High Value,High Risk / High Value,Month-to-month,70,163.89617207592033,136.39617207592033,True
2034-CGRHZ,0.6254434484366708,High Risk,102.95,High Value,High Risk / High Value,Month-to-month,24,251.11867176456553,223.61867176456553,True
0639-TSIQW,0.1770102579456475,Low Risk,102.95,High Value,Low Risk / High Value,Month-to-month,67,71.0705036164672,43.57050361646721,True
7142-HVGBG,0.5941549960486743,High Risk,103.0,High Value,High Risk / High Value,Month-to-month,43,238.67206191275247,211.17206191275247,True
4188-FRABG,0.2359109216652458,High Risk,103.05,High Value,High Risk / High Value,Month-to-month,57,94.81141986265396,67.31141986265396,True
4062-HBMOS,0.48329412207032,High Risk,103.05,High Value,High Risk / High Value,Month-to-month,52,194.23349118945126,166.73349118945126,True
2018-PZKMU,0.516977876279967,High Risk,103.1,High Value,High Risk / High Value,Month-to-month,9,207.87163427341196,180.37163427341196,True
3086-RUCRN,0.1460923563543311,Low Risk,103.1,High Value,Low Risk / High Value,Month-to-month,66,58.74227556651299,31.242275566512987,True
2357-COQEK,0.6475122265293657,High Risk,103.3,High Value,High Risk / High Value,Month-to-month,28,260.86325070188553,233.36325070188553,True
5449-FIBXJ,0.532333526178686,High Risk,103.3,High Value,High Risk / High Value,Month-to-month,19,214.46120769160726,186.96120769160726,True
7089-IVVAZ,0.5678241590785615,High Risk,103.35,High Value,High Risk / High Value,Month-to-month,8,228.8700446790004,201.3700446790004,True
1343-EHPYB,0.4159444471081477,High Risk,103.4,High Value,High Risk / High Value,Month-to-month,63,167.73375774083166,140.23375774083166,True
4298-OYIFC,0.6703611152523625,High Risk,103.45,High Value,High Risk / High Value,Month-to-month,15,270.4605437541419,242.9605437541419,True
9801-GDWGV,0.5717905669197216,High Risk,103.45,High Value,High Risk / High Value,Month-to-month,39,230.69176317659634,203.19176317659634,True
7426-GSWPO,0.2978273574587424,High Risk,103.5,High Value,High Risk / High Value,Month-to-month,64,120.21801283822136,92.71801283822136,True
1035-IPQPU,0.4650958001160291,High Risk,103.5,High Value,High Risk / High Value,Month-to-month,63,187.73591971683513,160.23591971683513,True
9129-UXERG,0.5838485431342678,High Risk,103.6,High Value,High Risk / High Value,Month-to-month,18,235.8981653679696,208.3981653679696,True
3005-TYFRD,0.3702720021330346,High Risk,103.65,High Value,High Risk / High Value,Month-to-month,55,149.67690278224723,122.17690278224723,True
3932-IJWDZ,0.4088090674892584,High Risk,103.65,High Value,High Risk / High Value,Month-to-month,45,165.25493339652039,137.75493339652039,True
2832-KJCRD,0.5346000296305784,High Risk,103.65,High Value,High Risk / High Value,Month-to-month,38,216.10404297771686,188.60404297771686,True
0280-XJGEX,0.4228657393051861,High Risk,103.7,High Value,High Risk / High Value,Month-to-month,49,171.0195909471964,143.5195909471964,True
1842-EZJMK,0.2947178988358609,High Risk,103.7,High Value,High Risk / High Value,Month-to-month,50,119.19275982618724,91.69275982618724,True
3413-DHLPB,0.2409669650754942,High Risk,103.75,High Value,High Risk / High Value,Month-to-month,60,97.50125824367183,70.00125824367183,True
9919-YLNNG,0.3267791931530843,High Risk,103.8,High Value,High Risk / High Value,Month-to-month,42,132.28675297223157,104.78675297223157,True
3804-RVTGV,0.3702048325247886,High Risk,103.85,High Value,High Risk / High Value,Month-to-month,50,149.93851024502726,122.43851024502726,True
2038-LLMLM,0.4613153553155995,High Risk,103.85,High Value,High Risk / High Value,Month-to-month,48,186.83963863314753,159.33963863314753,True
7181-OQCUT,0.457976983846962,High Risk,103.85,High Value,High Risk / High Value,Month-to-month,21,185.48754811277732,157.98754811277732,True
6646-VRFOL,0.5277091310024309,High Risk,103.85,High Value,High Risk / High Value,Month-to-month,53,213.73011369294954,186.23011369294954,True
5519-YLDGW,0.637836153403105,High Risk,103.9,High Value,High Risk / High Value,Month-to-month,21,258.4575877204722,230.9575877204722,True
5502-RLUYV,0.3611586368323227,High Risk,103.95,High Value,High Risk / High Value,Month-to-month,69,146.4155171650078,118.9155171650078,True
3001-UNBTL,0.6636055878116082,High Risk,103.95,High Value,High Risk / High Value,Month-to-month,29,269.029023326765,241.529023326765,True
5293-WXJAK,0.6768577329835653,High Risk,104.05,High Value,High Risk / High Value,Month-to-month,11,274.6654837560659,247.1654837560659,True
4391-RESHN,0.5395581218672674,High Risk,104.05,High Value,High Risk / High Value,Month-to-month,23,218.94998806312776,191.44998806312776,True
6353-BRMMA,0.2874307490091504,High Risk,104.1,High Value,High Risk / High Value,Month-to-month,54,116.69400979022495,89.19400979022495,True
2107-FBPTK,0.6795795221514485,High Risk,104.1,High Value,High Risk / High Value,Month-to-month,30,275.90249019826655,248.40249019826655,True
2369-UAPKZ,0.6177420685095578,High Risk,104.1,High Value,High Risk / High Value,Month-to-month,5,250.7971023941954,223.2971023941954,True
3384-CTMSF,0.5331800144539918,High Risk,104.1,High Value,High Risk / High Value,Month-to-month,47,216.4657540681761,188.9657540681761,True
8313-NDOIA,0.6668745859917325,High Risk,104.15,High Value,High Risk / High Value,Month-to-month,24,270.87445371105196,243.37445371105196,True
9168-INPSZ,0.4517098267034506,High Risk,104.15,High Value,High Risk / High Value,Month-to-month,44,183.4777559595411,155.9777559595411,True
9874-QLCLH,0.6194753757241851,High Risk,104.2,High Value,High Risk / High Value,Month-to-month,17,251.74240318679432,224.24240318679432,True
5385-SUIRI,0.4893815330434907,High Risk,104.2,High Value,High Risk / High Value,Month-to-month,52,198.87486739821378,171.37486739821378,True
4077-CROMM,0.5388829143145144,High Risk,104.2,High Value,High Risk / High Value,Month-to-month,31,218.9912387191324,191.4912387191324,True
2360-RDGRO,0.3460619595163611,High Risk,104.25,High Value,High Risk / High Value,Month-to-month,65,140.7001411903645,113.20014119036449,True
6892-XPFPU,0.7034592522535275,High Risk,104.25,High Value,High Risk / High Value,Month-to-month,24,286.00894548497797,258.50894548497797,True
0895-DQHEW,0.4422107050685438,High Risk,104.3,High Value,High Risk / High Value,Month-to-month,54,179.87804850073158,152.37804850073158,True
3096-JRDSO,0.4946517099250571,High Risk,104.3,High Value,High Risk / High Value,Month-to-month,27,201.20947604621546,173.70947604621546,True
1550-EENBN,0.4513479248812625,High Risk,104.35,High Value,High Risk / High Value,Month-to-month,31,183.68280824930298,156.18280824930298,True
5956-YHHRX,0.7290779533153885,High Risk,104.35,High Value,High Risk / High Value,Month-to-month,21,296.7092092709971,269.2092092709971,True
2378-VTKDH,0.4347284187233682,High Risk,104.35,High Value,High Risk / High Value,Month-to-month,65,176.91925092575553,149.41925092575553,True
1875-QIVME,0.7462688372477035,High Risk,104.4,High Value,High Risk / High Value,Month-to-month,2,303.850819773775,276.350819773775,True
4423-YLHDV,0.5580748873805078,High Risk,104.4,High Value,High Risk / High Value,Month-to-month,21,227.22577114584757,199.72577114584757,True
5219-YIPTK,0.6086395804564139,High Risk,104.4,High Value,High Risk / High Value,Month-to-month,33,247.8136915786335,220.3136915786335,True
5923-GXUOC,0.5986822223825014,High Risk,104.4,High Value,High Risk / High Value,Month-to-month,10,243.75945366525926,216.25945366525926,True
2080-CAZNM,0.6023625258917906,High Risk,104.4,High Value,High Risk / High Value,Month-to-month,41,245.25792604210153,217.75792604210153,True
0654-HMSHN,0.5603703663922561,High Risk,104.4,High Value,High Risk / High Value,Month-to-month,21,228.160398380271,200.660398380271,True
8818-DOPVL,0.5853609368943476,High Risk,104.45,High Value,High Risk / High Value,Month-to-month,46,238.449704448597,210.949704448597,True
5995-SNNEW,0.6991951839487867,High Risk,104.45,High Value,High Risk / High Value,Month-to-month,23,284.820654157458,257.320654157458,True
8552-OBVRU,0.3274341680714548,High Risk,104.5,High Value,High Risk / High Value,Month-to-month,48,133.44579519752142,105.94579519752142,True
8123-QBNAZ,0.3948281010280934,High Risk,104.5,High Value,High Risk / High Value,Month-to-month,36,160.91219257399948,133.41219257399948,True
6771-XWBDM,0.3572885794736727,High Risk,104.5,High Value,High Risk / High Value,Month-to-month,57,145.61296056449532,118.11296056449532,True
0093-XWZFY,0.4525035167971878,High Risk,104.5,High Value,High Risk / High Value,Month-to-month,40,184.4178082706939,156.9178082706939,True
9927-DSWDF,0.4266645380482317,High Risk,104.6,High Value,High Risk / High Value,Month-to-month,22,174.05353165139564,146.55353165139564,True
8625-AZYZY,0.6624707706338542,High Risk,104.65,High Value,High Risk / High Value,Month-to-month,24,270.3775079726481,242.87750797264812,True
9851-QXEEQ,0.558687450101053,High Risk,104.7,High Value,High Risk / High Value,Month-to-month,41,228.12884649976297,200.62884649976297,True
4840-ORQXB,0.4288150427542149,High Risk,104.75,High Value,High Risk / High Value,Month-to-month,56,175.18166534116563,147.68166534116563,True
6661-HBGWL,0.5251126135163577,High Risk,104.75,High Value,High Risk / High Value,Month-to-month,42,214.52163043677007,187.02163043677007,True
7892-POOKP,0.6014598246877785,High Risk,104.8,High Value,High Risk / High Value,Month-to-month,28,245.82865954638885,218.32865954638885,True
9412-GHEEC,0.348396467707195,High Risk,104.8,High Value,High Risk / High Value,Month-to-month,40,142.39660428128474,114.89660428128474,True
9221-OTIVJ,0.7661567148270071,High Risk,104.85,High Value,High Risk / High Value,Month-to-month,14,313.29297304348563,285.79297304348563,True
3001-CBHLQ,0.613752631444769,High Risk,104.9,High Value,High Risk / High Value,Month-to-month,32,251.09233905036947,223.59233905036947,True
2883-ILGWO,0.3453186505160417,High Risk,104.9,High Value,High Risk / High Value,Month-to-month,57,141.27331311261784,113.77331311261784,True
9601-BRXPO,0.5325060491254446,High Risk,104.95,High Value,High Risk / High Value,Month-to-month,25,217.95738843729015,190.45738843729015,True
3170-GWYKC,0.1917003596249929,Low Risk,104.95,High Value,Low Risk / High Value,Month-to-month,60,78.46391569630774,50.96391569630774,True
2786-GCDPI,0.5024425881033663,High Risk,104.95,High Value,High Risk / High Value,Month-to-month,50,205.65226352364834,178.15226352364834,True
3197-ARFOY,0.4253794041738123,High Risk,105.0,High Value,High Risk / High Value,Month-to-month,19,174.19286600917616,146.69286600917616,True
3838-OZURD,0.3155427407587227,High Risk,105.0,High Value,High Risk / High Value,Month-to-month,66,129.21475234069692,101.71475234069692,True
6496-SLWHQ,0.8062110113222688,High Risk,105.0,High Value,High Risk / High Value,Month-to-month,3,330.14340913646913,302.64340913646913,True
6518-LGAOV,0.5311439117823388,High Risk,105.0,High Value,High Risk / High Value,Month-to-month,38,217.50343187486774,190.00343187486774,True
4484-GLZOU,0.499554094981724,High Risk,105.05,High Value,High Risk / High Value,Month-to-month,52,204.6648149435374,177.1648149435374,True
5055-MGMGF,0.3552483152285725,High Risk,105.05,High Value,High Risk / High Value,Month-to-month,65,145.54345850757,118.04345850757,True
0207-MDKNV,0.4322746260005875,High Risk,105.1,High Value,High Risk / High Value,Month-to-month,15,177.1850464513808,149.6850464513808,True
2874-YXVVA,0.4546940107738015,High Risk,105.1,High Value,High Risk / High Value,Month-to-month,34,186.3745280760735,158.8745280760735,True
5118-MUEYH,0.3420498158813709,High Risk,105.1,High Value,High Risk / High Value,Month-to-month,48,140.20279903161514,112.70279903161514,True
5287-QWLKY,0.2263377945172814,High Risk,105.1,High Value,High Risk / High Value,Month-to-month,71,92.77359859468848,65.27359859468848,True
9408-HRXRK,0.4081329646925267,High Risk,105.15,High Value,High Risk / High Value,Month-to-month,45,167.36920682593484,139.86920682593484,True
1469-LBJQJ,0.3966679622725342,High Risk,105.2,High Value,High Risk / High Value,Month-to-month,66,162.74493156117535,135.24493156117535,True
9661-ACXBS,0.4946438933853822,High Risk,105.2,High Value,High Risk / High Value,Month-to-month,42,202.94249657815465,175.44249657815465,True
3419-SNJJD,0.2548696340029593,High Risk,105.25,High Value,High Risk / High Value,Month-to-month,65,104.61761301736473,77.11761301736473,True
6891-JPYFF,0.2971073800381443,High Risk,105.25,High Value,High Risk / High Value,Month-to-month,48,121.95515182115727,94.45515182115727,True
6734-GMPVK,0.6951398421433911,High Risk,105.3,High Value,High Risk / High Value,Month-to-month,5,285.4730789730264,257.9730789730264,True
7145-FEJWU,0.7007889211900572,High Risk,105.3,High Value,High Risk / High Value,Month-to-month,12,287.79298626512076,260.29298626512076,True
4587-VVTOX,0.7552578973959466,High Risk,105.3,High Value,High Risk / High Value,Month-to-month,6,310.1617607235934,282.6617607235934,True
9090-SGQXL,0.4415396524501763,High Risk,105.3,High Value,High Risk / High Value,Month-to-month,68,181.32708907171389,153.82708907171389,True
5947-SGKCL,0.6108405108432587,High Risk,105.35,High Value,High Risk / High Value,Month-to-month,15,250.97298648761551,223.47298648761551,True
8059-UDZFY,0.5502108073627539,High Risk,105.35,High Value,High Risk / High Value,Month-to-month,33,226.06236336709787,198.56236336709787,True
5052-PNLOS,0.7119262034363832,High Risk,105.35,High Value,High Risk / High Value,Month-to-month,3,292.5055595748896,265.0055595748896,True
2697-NQBPF,0.5154871448616652,High Risk,105.35,High Value,High Risk / High Value,Month-to-month,34,211.79562577358809,184.29562577358809,True
0899-WZRSD,0.2451865095257233,High Risk,105.35,High Value,High Risk / High Value,Month-to-month,56,100.73855523628629,73.23855523628629,True
2133-TSRRM,0.3415444511114853,High Risk,105.35,High Value,High Risk / High Value,Month-to-month,34,140.3286609059204,112.8286609059204,True
4191-XOVOM,0.2681267066896203,High Risk,105.4,High Value,High Risk / High Value,Month-to-month,63,110.21616405183534,82.71616405183534,True
8677-HDZEE,0.3137399876543575,High Risk,105.45,High Value,High Risk / High Value,Month-to-month,56,129.0271386227928,101.52713862279279,True
5129-JLPIS,0.448580974005728,High Risk,105.5,High Value,High Risk / High Value,Month-to-month,25,184.5686417546568,157.0686417546568,True
7207-RMRDB,0.3767695417155921,High Risk,105.5,High Value,High Risk / High Value,Month-to-month,65,155.0218279388804,127.52182793888039,True
5339-TJFEK,0.2983144719080399,High Risk,105.5,High Value,High Risk / High Value,Month-to-month,62,122.74148946656302,95.24148946656302,True
3389-YGYAI,0.7878395025021908,High Risk,105.5,High Value,High Risk / High Value,Month-to-month,8,324.15656330452646,296.65656330452646,True
4446-BZKHU,0.4119429862251064,High Risk,105.55,High Value,High Risk / High Value,Month-to-month,61,169.5742705646339,142.0742705646339,True
8111-SLLHI,0.6294445406648961,High Risk,105.65,High Value,High Risk / High Value,Month-to-month,39,259.35318131286044,231.85318131286044,True
8868-WOZGU,0.6364786308953984,High Risk,105.7,High Value,High Risk / High Value,Month-to-month,28,262.3755860140101,234.87558601401008,True
1421-HCERK,0.3600282942962772,High Risk,105.7,High Value,High Risk / High Value,Month-to-month,30,148.41446375775436,120.91446375775436,True
6900-PXRMS,0.577583586023578,High Risk,105.75,High Value,High Risk / High Value,Month-to-month,26,238.20991046577416,210.70991046577416,True
1104-TNLZA,0.610849763856282,High Risk,105.8,High Value,High Risk / High Value,Month-to-month,28,252.04882956237904,224.54882956237904,True
2249-YPRNG,0.5885660245677327,High Risk,105.85,High Value,High Risk / High Value,Month-to-month,20,242.96888343192853,215.46888343192853,True
7752-XUSCI,0.4394439728258233,High Risk,105.9,High Value,High Risk / High Value,Month-to-month,60,181.4947552167933,153.9947552167933,True
5647-FXOTP,0.4926395522872508,High Risk,105.9,High Value,High Risk / High Value,Month-to-month,60,203.46506149015744,175.96506149015744,True
1400-MMYXY,0.805307987069918,High Risk,105.9,High Value,High Risk / High Value,Month-to-month,3,332.60025173974685,305.10025173974685,True
1228-FZFRV,0.2446307987653195,High Risk,105.95,High Value,High Risk / High Value,Month-to-month,50,101.08266920382385,73.58266920382385,True
5130-IEKQT,0.5359059209398875,High Risk,105.95,High Value,High Risk / High Value,Month-to-month,25,221.43900606196627,193.93900606196627,True
5804-HYIEZ,0.2677133974924829,High Risk,106.05,High Value,High Risk / High Value,Month-to-month,70,110.72492263590347,83.22492263590347,True
1309-BXVOQ,0.6301037190315155,High Risk,106.1,High Value,High Risk / High Value,Month-to-month,21,260.7306178980508,233.2306178980508,True
7599-FKVXZ,0.4230268262679539,High Risk,106.15,High Value,High Risk / High Value,Month-to-month,42,175.1267606725389,147.6267606725389,True
6377-WHAOX,0.4387826985974204,High Risk,106.15,High Value,High Risk / High Value,Month-to-month,60,181.64945547885313,154.14945547885313,True
3957-LXOLK,0.6991229834784363,High Risk,106.15,High Value,High Risk / High Value,Month-to-month,28,289.42642831532044,261.92642831532044,True
1548-FEHVL,0.3337522963540199,High Risk,106.2,High Value,High Risk / High Value,Month-to-month,61,138.23352610390796,110.73352610390796,True
0337-CNPZE,0.5650045234374411,High Risk,106.3,High Value,High Risk / High Value,Month-to-month,41,234.23392528145996,206.73392528145996,True
5380-WJKOV,0.5923600821656745,High Risk,106.35,High Value,High Risk / High Value,Month-to-month,34,245.69022947944597,218.19022947944597,True
4220-TINQT,0.3993324027083152,High Risk,106.35,High Value,High Risk / High Value,Month-to-month,61,165.62910400931437,138.12910400931437,True
3757-NJYBX,0.5107493947417587,High Risk,106.35,High Value,High Risk / High Value,Month-to-month,32,211.84097271006556,184.34097271006556,True
5630-IXDXV,0.5089164498583852,High Risk,106.35,High Value,High Risk / High Value,Month-to-month,47,211.08073132551317,183.58073132551317,True
1552-AAGRX,0.336091601752136,High Risk,106.4,High Value,High Risk / High Value,Month-to-month,30,139.46457106306636,111.96457106306636,True
8118-LSUEL,0.711794281847865,High Risk,106.4,High Value,High Risk / High Value,Month-to-month,23,295.36615519559007,267.86615519559007,True
8938-UMKPI,0.5296385262352379,High Risk,106.4,High Value,High Risk / High Value,Month-to-month,47,219.7788028465743,192.2788028465743,True
7048-GXDAY,0.4697184460565362,High Risk,106.4,High Value,High Risk / High Value,Month-to-month,39,194.91436637562026,167.41436637562026,True
8535-SFUTN,0.3560498414882676,High Risk,106.45,High Value,High Risk / High Value,Month-to-month,61,147.81587194306175,120.31587194306175,True
9822-WMWVG,0.3153720622367117,High Risk,106.5,High Value,High Risk / High Value,Month-to-month,41,130.9897860500182,103.48978605001821,True
7825-ECJRF,0.4798359040674282,High Risk,106.6,High Value,High Risk / High Value,Month-to-month,19,199.48697875699258,171.98697875699258,True
4010-YLMVT,0.2845540884561401,High Risk,106.6,High Value,High Risk / High Value,Month-to-month,56,118.30051673475569,90.80051673475569,True
6591-QGOYB,0.3762228743339124,High Risk,106.65,High Value,High Risk / High Value,Month-to-month,17,156.48426123607587,128.98426123607587,True
2027-FECZV,0.7211191787915292,High Risk,106.7,High Value,High Risk / High Value,Month-to-month,12,300.0793238705191,272.5793238705191,True
9710-ZUSHQ,0.4809359812157969,High Risk,106.75,High Value,High Risk / High Value,Month-to-month,37,200.22567237966666,172.72567237966666,True
9572-MTILT,0.2220856077541783,High Risk,106.75,High Value,High Risk / High Value,Month-to-month,59,92.45979064825828,64.95979064825828,True
3606-TWKGI,0.7572442641345396,High Risk,106.9,High Value,High Risk / High Value,Month-to-month,13,315.70270616033093,288.20270616033093,True
9137-UIYPG,0.3503397712765043,High Risk,106.9,High Value,High Risk / High Value,Month-to-month,35,146.0601540428874,118.5601540428874,True
4716-HHKQH,0.5750195633367893,High Risk,107.05,High Value,High Risk / High Value,Month-to-month,20,240.06779259529281,212.56779259529281,True
4566-GOLUK,0.3569837904977337,High Risk,107.35,High Value,High Risk / High Value,Month-to-month,47,149.4566186487337,121.9566186487337,True
6394-MFYNG,0.4339399583715888,High Risk,107.4,High Value,High Risk / High Value,Month-to-month,48,181.76009096352368,154.26009096352368,True
8800-ZKRFW,0.5168293395681586,High Risk,107.5,High Value,High Risk / High Value,Month-to-month,30,216.68070061395048,189.18070061395048,True
2615-YVMYX,0.3447380351249007,High Risk,107.5,High Value,High Risk / High Value,Month-to-month,71,144.53142122611462,117.03142122611462,True
0114-PEGZZ,0.530311010694681,High Risk,107.55,High Value,High Risk / High Value,Month-to-month,33,222.43630188083046,194.93630188083046,True
7821-DPRQE,0.243913545855591,High Risk,107.7,High Value,High Risk / High Value,Month-to-month,68,102.4510066657239,74.9510066657239,True
1833-TCXKK,0.4512363047096838,High Risk,107.75,High Value,High Risk / High Value,Month-to-month,45,189.62077614662687,162.12077614662687,True
5760-IFJOZ,0.613838755881182,High Risk,107.95,High Value,High Risk / High Value,Month-to-month,3,258.429185419757,230.929185419757,True
2081-VEYEH,0.6327334234192152,High Risk,107.95,High Value,High Risk / High Value,Month-to-month,3,266.38393492660674,238.88393492660674,True
3657-COGMW,0.3041310734999372,High Risk,108.1,High Value,High Risk / High Value,Month-to-month,52,128.2186192768385,100.7186192768385,True
6179-GJPSO,0.2701699561311678,High Risk,108.15,High Value,High Risk / High Value,Month-to-month,43,113.95363494678462,86.45363494678462,True
0363-QJVFX,0.3503690670977336,High Risk,108.15,High Value,High Risk / High Value,Month-to-month,32,147.78041696581758,120.28041696581758,True
4329-YPDDQ,0.3759892313716069,High Risk,108.2,High Value,High Risk / High Value,Month-to-month,20,158.65993585419068,131.15993585419068,True
1074-AMIOH,0.2491011731596987,High Risk,108.25,High Value,High Risk / High Value,Month-to-month,53,105.1642877786958,77.6642877786958,True
1110-KYLGQ,0.1979816081423275,High Risk,108.25,High Value,High Risk / High Value,Month-to-month,63,83.58288541748712,56.08288541748712,True
1216-BGTSP,0.3119192300773015,High Risk,108.45,High Value,High Risk / High Value,Month-to-month,45,131.92779795734506,104.42779795734506,True
2027-WKXMW,0.3500269955439108,High Risk,108.75,High Value,High Risk / High Value,Month-to-month,63,148.45519948506117,120.95519948506117,True
2144-BFDSO,0.3182136147464862,High Risk,108.75,High Value,High Risk / High Value,Month-to-month,50,134.96234935435348,107.46234935435348,True
3761-FLYZI,0.3846726936021536,High Risk,108.8,High Value,High Risk / High Value,Month-to-month,65,163.22431734926585,135.72431734926585,True
9971-ZWPBF,0.5301319466283464,High Risk,108.9,High Value,High Risk / High Value,Month-to-month,34,225.152339052525,197.652339052525,True
8495-LJDFO,0.2833285402786982,High Risk,108.95,High Value,High Risk / High Value,Month-to-month,64,120.38771340712026,92.88771340712026,True
9278-VZKCD,0.4580702069726703,High Risk,109.1,High Value,High Risk / High Value,Month-to-month,52,194.9042923648015,167.4042923648015,True
3571-RFHAR,0.3229730382037429,High Risk,109.15,High Value,High Risk / High Value,Month-to-month,65,137.4847777677603,109.9847777677603,True
9052-VKDUW,0.3006185573784288,High Risk,109.4,High Value,High Risk / High Value,Month-to-month,65,128.26191369108045,100.76191369108045,True
7537-CBQUZ,0.3271274273745609,High Risk,109.4,High Value,High Risk / High Value,Month-to-month,63,139.5721881636302,112.07218816363019,True
2522-AHJXR,0.2481928929839497,High Risk,109.45,High Value,High Risk / High Value,Month-to-month,60,105.94237733466386,78.44237733466386,True
6599-RCLCJ,0.4365767896466108,High Risk,109.55,High Value,High Risk / High Value,Month-to-month,47,186.52525049256622,159.02525049256622,True
4176-FXYBO,0.3251568287389532,High Risk,109.55,High Value,High Risk / High Value,Month-to-month,54,138.92162929457405,111.42162929457405,True
1061-PNTHC,0.2230964439347756,High Risk,109.6,High Value,High Risk / High Value,Month-to-month,56,95.36034399548046,67.86034399548046,True
0237-YFUTL,0.2721550015859532,High Risk,109.65,High Value,High Risk / High Value,Month-to-month,50,116.3830041032091,88.8830041032091,True
3331-HQDTW,0.417667508423503,High Risk,109.8,High Value,High Risk / High Value,Month-to-month,34,178.85358045711246,151.35358045711246,True
1656-DRSMG,0.2711025719894382,High Risk,109.85,High Value,High Risk / High Value,Month-to-month,63,116.14440837885516,88.64440837885516,True
0177-PXBAT,0.4491303484143552,High Risk,109.9,High Value,High Risk / High Value,Month-to-month,33,192.5017586338768,165.0017586338768,True
3992-YWPKO,0.5991696890335464,High Risk,109.9,High Value,High Risk / High Value,Month-to-month,6,256.8101204166684,229.31012041666838,True
3174-RKMOW,0.4693508037105907,High Risk,109.95,High Value,High Risk / High Value,Month-to-month,35,201.25997138511985,173.75997138511985,True
9851-KIELU,0.4998967692241069,High Risk,110.1,High Value,High Risk / High Value,Month-to-month,10,214.65067373713924,187.15067373713924,True
2931-SVLTV,0.2778549732254431,High Risk,110.1,High Value,High Risk / High Value,Month-to-month,40,119.30814695327302,91.80814695327302,True
7576-JMYWV,0.3729352089510147,High Risk,110.2,High Value,High Risk / High Value,Month-to-month,46,160.2800941029671,132.7800941029671,True
3336-JORSO,0.5840410128908019,High Risk,110.45,High Value,High Risk / High Value,Month-to-month,33,251.5785865077774,224.0785865077774,True
5099-BAILX,0.3967732656867313,High Risk,110.75,High Value,High Risk / High Value,Month-to-month,43,171.37629278174143,143.87629278174143,True
1320-REHCS,0.4668655646649651,High Risk,110.75,High Value,High Risk / High Value,Month-to-month,52,201.65090901791507,174.15090901791507,True
6030-REHUX,0.6185261446595788,High Risk,110.85,High Value,High Risk / High Value,Month-to-month,28,267.3981302285058,239.8981302285058,True
6067-NGCEU,0.2459514015632836,High Risk,111.05,High Value,High Risk / High Value,Month-to-month,65,106.5203222600503,79.0203222600503,True
9079-YEXQJ,0.32430856639581,High Risk,111.1,High Value,High Risk / High Value,Month-to-month,54,140.5196587336405,113.01965873364051,True
2067-QYTCF,0.333638461964773,High Risk,111.15,High Value,High Risk / High Value,Month-to-month,64,144.62726868479962,117.12726868479962,True
0115-TFERT,0.5931765070262425,High Risk,111.2,High Value,High Risk / High Value,Month-to-month,21,257.2487875671409,229.74878756714088,True
6168-YBYNP,0.3644316072583953,High Risk,111.35,High Value,High Risk / High Value,Month-to-month,59,158.259891926067,130.759891926067,True
3292-PBZEJ,0.6962842776629744,High Risk,111.4,High Value,High Risk / High Value,Month-to-month,11,302.50766727345587,275.00766727345587,True
7130-YXBRO,0.3492761301929014,High Risk,111.45,High Value,High Risk / High Value,Month-to-month,48,151.81461636899556,124.31461636899556,True
2587-EKXTS,0.4499637749434315,High Risk,111.5,High Value,High Risk / High Value,Month-to-month,44,195.66674753415123,168.16674753415123,True
9481-IEBZY,0.2019951949639896,High Risk,112.9,High Value,High Risk / High Value,Month-to-month,72,88.94050429459426,61.44050429459426,True
0771-WLCLA,0.5368659231737017,High Risk,112.95,High Value,High Risk / High Value,Month-to-month,16,236.49212348763155,208.99212348763155,True
1583-IHQZE,0.5572257370698946,High Risk,112.95,High Value,High Risk / High Value,Month-to-month,12,245.46072330797398,217.96072330797398,True
7279-BUYWN,0.5287666151221052,High Risk,113.2,High Value,High Risk / High Value,Month-to-month,41,233.43988524410702,205.93988524410702,True
9158-VCTQB,0.3226888409949167,High Risk,113.6,High Value,High Risk / High Value,Month-to-month,41,142.9640641143879,115.4640641143879,True
6710-HSJRD,0.3691019781810981,High Risk,114.1,High Value,High Risk / High Value,Month-to-month,61,164.24668927080683,136.74668927080683,True
4361-BKAXE,0.3157064044162695,High Risk,114.5,High Value,High Risk / High Value,Month-to-month,41,140.97869489208517,113.47869489208517,True
9659-QEQSY,0.3691480393666468,High Risk,115.65,High Value,High Risk / High Value,Month-to-month,45,166.49868593573555,138.99868593573555,True
8016-NCFVO,0.3641173232786616,High Risk,116.5,High Value,High Risk / High Value,Month-to-month,55,165.4367058316599,137.9367058316599,True
2302-ANTDP,0.3155120826804289,High Risk,117.45,High Value,High Risk / High Value,Month-to-month,48,144.52188703218388,117.02188703218388,True
6823-SIDFQ,0.0297748183456428,Low Risk,18.25,Low Value,Low Risk / Low Value,One year,28,2.1192226957511267,-25.380777304248873,False
2967-MXRAV,0.0990207494227071,Low Risk,18.8,Low Value,Low Risk / Low Value,One year,1,7.260201347672885,-20.239798652327117,False
7369-TRPFD,0.0466943729317029,Low Risk,18.8,Low Value,Low Risk / Low Value,One year,19,3.4236314233524565,-24.076368576647543,False
6508-NJYRO,0.0582351215499228,Low Risk,18.8,Low Value,Low Risk / Low Value,One year,15,4.2697991120403405,-23.23020088795966,False
3572-UUHRS,0.0135119428495193,Low Risk,18.85,Low Value,Low Risk / Low Value,One year,45,0.9933304785824115,-26.50666952141759,False
9732-OUYRN,0.0101977309186709,Low Risk,19.0,Low Value,Low Risk / Low Value,One year,49,0.7556518610735137,-26.744348138926487,False
0661-KQHNK,0.0769418333293025,Low Risk,19.0,Low Value,Low Risk / Low Value,One year,6,5.701389849701315,-21.798610150298686,False
9451-WLYRI,0.0082774363263114,Low Risk,19.05,Low Value,Low Risk / Low Value,One year,53,0.6149721318633056,-26.885027868136696,False
0307-BCOPK,0.0567966112631761,Low Risk,19.05,Low Value,Low Risk / Low Value,One year,16,4.2197042337976685,-23.280295766202332,False
4530-NDRKU,0.0257469611134342,Low Risk,19.05,Low Value,Low Risk / Low Value,One year,42,1.912870475922594,-25.587129524077405,False
1697-LYYYX,0.0047035019833035,Low Risk,19.1,Low Value,Low Risk / Low Value,One year,61,0.35036386273627773,-27.149636137263723,False
7009-PCARS,0.0067992663473322,Low Risk,19.1,Low Value,Low Risk / Low Value,One year,55,0.5064773502127756,-26.993522649787224,False
8873-TMKGR,0.0286287484174542,Low Risk,19.1,Low Value,Low Risk / Low Value,One year,29,2.1325554696161637,-25.367444530383835,False
4163-HFTUK,0.0135026797733318,Low Risk,19.1,Low Value,Low Risk / Low Value,One year,51,1.005814616315486,-26.494185383684513,False
6016-NXBNJ,0.0293894283278132,Low Risk,19.15,Low Value,Low Risk / Low Value,One year,35,2.194949454662728,-25.305050545337274,False
1998-VHJHK,0.0324503976122873,Low Risk,19.15,Low Value,Low Risk / Low Value,One year,27,2.4235579456736773,-25.07644205432632,False
6051-PTVNS,0.0063534154262318,Low Risk,19.15,Low Value,Low Risk / Low Value,One year,55,0.474504831108122,-27.02549516889188,False
2862-JVEOY,0.0897376428934778,Low Risk,19.15,Low Value,Low Risk / Low Value,One year,6,6.702055859499389,-20.79794414050061,False
9498-FIMXL,0.1133492909499983,Low Risk,19.2,Low Value,Low Risk / Low Value,One year,8,8.487594906335872,-19.01240509366413,False
1439-LCGVL,0.0337770213761383,Low Risk,19.2,Low Value,Low Risk / Low Value,One year,26,2.529223360645236,-24.970776639354764,False
3653-NCRDJ,0.0167302474557945,Low Risk,19.2,Low Value,Low Risk / Low Value,One year,43,1.252760929489892,-26.24723907051011,False
9531-NSBMR,0.0302358035272331,Low Risk,19.25,Low Value,Low Risk / Low Value,One year,36,2.269952949807025,-25.230047050192976,False
9617-UDPEU,0.0577542960850093,Low Risk,19.25,Low Value,Low Risk / Low Value,One year,22,4.3359037785820735,-23.16409622141793,False
3523-BRGUW,0.0399577653668108,Low Risk,19.3,Low Value,Low Risk / Low Value,One year,26,3.0076209991598493,-24.492379000840153,False
1915-OAKWD,0.0717724210357579,Low Risk,19.3,Low Value,Low Risk / Low Value,One year,16,5.402310131361498,-22.097689868638504,False
7190-XHTWJ,0.0187572894988173,Low Risk,19.3,Low Value,Low Risk / Low Value,One year,38,1.4118611805759782,-26.08813881942402,False
6598-RFFVI,0.1043427529781019,Low Risk,19.3,Low Value,Low Risk / Low Value,One year,2,7.853879016661731,-19.64612098333827,False
2592-HODOV,0.0620101278844707,Low Risk,19.3,Low Value,Low Risk / Low Value,One year,13,4.66750232586411,-22.83249767413589,False
5914-GXMDA,0.0250363604867951,Low Risk,19.3,Low Value,Low Risk / Low Value,One year,32,1.884486853841067,-25.615513146158932,False
4815-TUMEQ,0.1027260462606893,Low Risk,19.3,Low Value,Low Risk / Low Value,One year,10,7.732189502042084,-19.767810497957917,False
5602-BVFMK,0.0683671024128777,Low Risk,19.3,Low Value,Low Risk / Low Value,One year,12,5.145991798617305,-22.354008201382694,False
9347-AERRL,0.038065767307507,Low Risk,19.3,Low Value,Low Risk / Low Value,One year,23,2.865210305236052,-24.63478969476395,False
5961-VUSRV,0.0979502878137239,Low Risk,19.35,Low Value,Low Risk / Low Value,One year,12,7.391818469862676,-20.108181530137323,False
4425-OWHWB,0.0626985694120763,Low Risk,19.35,Low Value,Low Risk / Low Value,One year,20,4.731547540682338,-22.76845245931766,False
5986-WWXDV,0.0158313385884205,Low Risk,19.35,Low Value,Low Risk / Low Value,One year,39,1.194711966575153,-26.305288033424848,False
1345-ZUKID,0.0616573388311203,Low Risk,19.35,Low Value,Low Risk / Low Value,One year,14,4.652971074890495,-22.847028925109505,False
4893-GYUJU,0.014394737036493,Low Risk,19.35,Low Value,Low Risk / Low Value,One year,50,1.0862988304589443,-26.413701169541056,False
9766-HGEDE,0.0530755005654729,Low Risk,19.35,Low Value,Low Risk / Low Value,One year,17,4.005342650173413,-23.49465734982659,False
4311-QTTAI,0.0543160428373574,Low Risk,19.35,Low Value,Low Risk / Low Value,One year,16,4.098960172721177,-23.401039827278822,False
5016-LIPDW,0.0058064152161776,Low Risk,19.4,Low Value,Low Risk / Low Value,One year,57,0.4393133752559972,-27.060686624744005,False
3985-HOYPM,0.0336685150099856,Low Risk,19.4,Low Value,Low Risk / Low Value,One year,26,2.54735984565551,-24.95264015434449,False
8249-THVEC,0.0080405265008039,Low Risk,19.4,Low Value,Low Risk / Low Value,One year,51,0.6083462350508231,-26.891653764949176,False
2788-CJQAQ,0.0639983229452356,Low Risk,19.45,Low Value,Low Risk / Low Value,One year,13,4.854592787010846,-22.645407212989156,False
1179-INLAT,0.1391104744508701,Low Risk,19.45,Low Value,Low Risk / Low Value,One year,3,10.552225039470752,-16.947774960529248,False
1015-JPFYW,0.073961069016516,Low Risk,19.45,Low Value,Low Risk / Low Value,One year,7,5.610316890247821,-21.889683109752177,False
0895-LNKRC,0.0773043162720312,Low Risk,19.45,Low Value,Low Risk / Low Value,One year,6,5.863918910814927,-21.636081089185073,False
2650-GYRYL,0.0293375963948901,Low Risk,19.45,Low Value,Low Risk / Low Value,One year,33,2.2254033745343884,-25.274596625465612,False
6729-FZWSY,0.0055685972623662,Low Risk,19.45,Low Value,Low Risk / Low Value,One year,67,0.4224059453367881,-27.077594054663212,False
2821-WARNZ,0.0087454324573537,Low Risk,19.45,Low Value,Low Risk / Low Value,One year,49,0.6633847790525649,-26.836615220947436,False
8241-JUIQO,0.0062940142123226,Low Risk,19.45,Low Value,Low Risk / Low Value,One year,61,0.4774324480757308,-27.02256755192427,False
2550-QHZGP,0.0847739127532656,Low Risk,19.5,Low Value,Low Risk / Low Value,One year,7,6.447056064885849,-21.05294393511415,False
8076-FEZKJ,0.0742318257600707,Low Risk,19.5,Low Value,Low Risk / Low Value,One year,10,5.645330349053377,-21.854669650946622,False
7649-PHJVR,0.0703729030716055,Low Risk,19.5,Low Value,Low Risk / Low Value,One year,11,5.351859278595599,-22.148140721404403,False
2122-SZZZD,0.0128774432436653,Low Risk,19.5,Low Value,Low Risk / Low Value,One year,44,0.9793295586807461,-26.520670441319254,False
8395-ETZKQ,0.004184282763943,Low Risk,19.5,Low Value,Low Risk / Low Value,One year,68,0.31821470419786513,-27.181785295802136,False
0428-AXXLJ,0.0517567640636693,Low Risk,19.5,Low Value,Low Risk / Low Value,One year,25,3.93610190704205,-23.56389809295795,False
3423-HHXAO,0.0737614615517362,Low Risk,19.5,Low Value,Low Risk / Low Value,One year,14,5.609559151009538,-21.890440848990462,False
4644-OBGFZ,0.0064349365588759,Low Risk,19.5,Low Value,Low Risk / Low Value,One year,55,0.4893769253025122,-27.010623074697488,False
7216-KAOID,0.014129804928348,Low Risk,19.5,Low Value,Low Risk / Low Value,One year,41,1.0745716648008656,-26.425428335199136,False
2320-TZRRH,0.0462850621645323,Low Risk,19.5,Low Value,Low Risk / Low Value,One year,20,3.519978977612681,-23.98002102238732,False
4451-RWASJ,0.0678183162625483,Low Risk,19.5,Low Value,Low Risk / Low Value,One year,15,5.157582951766799,-22.3424170482332,False
3486-NPGST,0.0201100645926831,Low Risk,19.55,Low Value,Low Risk / Low Value,One year,36,1.533291874869123,-25.96670812513088,False
8717-VCTXJ,0.0208743430225944,Low Risk,19.55,Low Value,Low Risk / Low Value,One year,42,1.5915642837577098,-25.90843571624229,False
3131-NWVFJ,0.0538325463527001,Low Risk,19.55,Low Value,Low Risk / Low Value,One year,14,4.104462496661619,-23.39553750333838,False
7061-OVMIM,0.0254787440267182,Low Risk,19.55,Low Value,Low Risk / Low Value,One year,30,1.9426268383171292,-25.55737316168287,False
7311-MQJCH,0.131389132230162,Low Risk,19.55,Low Value,Low Risk / Low Value,One year,5,10.0177643868887,-17.4822356131113,False
0788-DXBFY,0.0111463986243988,Low Risk,19.55,Low Value,Low Risk / Low Value,One year,58,0.8498571631172864,-26.650142836882715,False
7872-BAAZR,0.0077360697560331,Low Risk,19.55,Low Value,Low Risk / Low Value,One year,53,0.5898366385487437,-26.910163361451257,False
7609-NRNCA,0.0526673234280263,Low Risk,19.55,Low Value,Low Risk / Low Value,One year,17,4.015620074769865,-23.484379925230137,False
6837-BJYDQ,0.1025014638644958,Low Risk,19.6,Low Value,Low Risk / Low Value,One year,3,7.8352118978020595,-19.66478810219794,False
3280-NMUVX,0.0186283646715894,Low Risk,19.6,Low Value,Low Risk / Low Value,One year,34,1.423952195496294,-26.076047804503705,False
9170-ARBTB,0.0075246171525745,Low Risk,19.6,Low Value,Low Risk / Low Value,One year,52,0.5751817351427948,-26.924818264857205,False
8022-BECSI,0.040702591308124,Low Risk,19.6,Low Value,Low Risk / Low Value,One year,22,3.1113060795929988,-24.388693920407,False
7319-ZNRTR,0.0418934519187839,Low Risk,19.6,Low Value,Low Risk / Low Value,One year,25,3.2023354646718416,-24.29766453532816,False
3146-JTQHR,0.0768642969428159,Low Risk,19.6,Low Value,Low Risk / Low Value,One year,10,5.875506858308848,-21.624493141691154,False
4750-UKWJK,0.0241234033821476,Low Risk,19.6,Low Value,Low Risk / Low Value,One year,37,1.843992954531363,-25.656007045468638,False
4487-ZYJZK,0.0155600704117973,Low Risk,19.6,Low Value,Low Risk / Low Value,One year,38,1.1894117822777857,-26.310588217722213,False
0042-JVWOJ,0.0482961805173343,Low Risk,19.6,Low Value,Low Risk / Low Value,One year,26,3.6917600387450347,-23.808239961254966,False
0956-SYCWG,0.0903506541946033,Low Risk,19.65,Low Value,Low Risk / Low Value,One year,13,6.924022384203424,-20.575977615796575,False
3082-WQRVY,0.0728406183647126,Low Risk,19.65,Low Value,Low Risk / Low Value,One year,14,5.582140788379751,-21.91785921162025,False
5562-BETPV,0.0977993633027504,Low Risk,19.65,Low Value,Low Risk / Low Value,One year,1,7.494854206706276,-20.005145793293725,False
5312-TSZVC,0.0506808757456706,Low Risk,19.65,Low Value,Low Risk / Low Value,One year,15,3.8839289127694663,-23.616071087230534,False
6082-OQFBA,0.0332876344500767,Low Risk,19.65,Low Value,Low Risk / Low Value,One year,23,2.550997866081628,-24.949002133918373,False
8573-JGCZW,0.0760385853616626,Low Risk,19.65,Low Value,Low Risk / Low Value,One year,17,5.827216989191013,-21.67278301080899,False
8008-OTEZX,0.0187424474034903,Low Risk,19.65,Low Value,Low Risk / Low Value,One year,35,1.4363274567664792,-26.063672543233523,False
3178-CIFOT,0.0536683610270407,Low Risk,19.65,Low Value,Low Risk / Low Value,One year,23,4.112874847307264,-23.387125152692736,False
9503-XJUME,0.0071891529395157,Low Risk,19.65,Low Value,Low Risk / Low Value,One year,52,0.5509407355197857,-26.949059264480216,False
8969-PRHFK,0.0505559057221687,Low Risk,19.65,Low Value,Low Risk / Low Value,One year,18,3.874351835018398,-23.6256481649816,False
1272-ILHFG,0.0503343558358058,Low Risk,19.65,Low Value,Low Risk / Low Value,One year,15,3.857373359476977,-23.642626640523023,False
1964-SVLEA,0.0626380374894421,Low Risk,19.7,Low Value,Low Risk / Low Value,One year,20,4.812480420313836,-22.687519579686164,False
6974-DAFLI,0.0112857779750789,Low Risk,19.7,Low Value,Low Risk / Low Value,One year,55,0.8670863218253119,-26.63291367817469,False
7706-YLMQA,0.0037401290443693,Low Risk,19.7,Low Value,Low Risk / Low Value,One year,70,0.28735411447889336,-27.212645885521106,False
7026-YMSBE,0.027563999829045,Low Risk,19.7,Low Value,Low Risk / Low Value,One year,30,2.1177421068655278,-25.382257893134472,False
1429-UYJSV,0.0685628282271374,Low Risk,19.7,Low Value,Low Risk / Low Value,One year,12,5.267682092690967,-22.23231790730903,False
6746-WAUWT,0.0635844569913311,Low Risk,19.7,Low Value,Low Risk / Low Value,One year,19,4.885193830643968,-22.614806169356033,False
2466-FCCPT,0.0417946557216326,Low Risk,19.7,Low Value,Low Risk / Low Value,One year,20,3.2110833990930328,-24.288916600906965,False
7762-ONLJY,0.0782381650430824,Low Risk,19.7,Low Value,Low Risk / Low Value,One year,6,6.011038220260021,-21.48896177973998,False
2923-ARZLG,0.1391087880177995,Low Risk,19.7,Low Value,Low Risk / Low Value,One year,0,10.687728183407536,-16.812271816592464,False
6260-XLACS,0.0986567162151373,Low Risk,19.7,Low Value,Low Risk / Low Value,One year,4,7.579795506808999,-19.920204493191,False
2277-AXSDC,0.026496870011837,Low Risk,19.75,Low Value,Low Risk / Low Value,One year,32,2.0409214126617448,-25.459078587338254,False
2667-WYLWJ,0.097472633052649,Low Risk,19.75,Low Value,Low Risk / Low Value,One year,8,7.507829560880289,-19.99217043911971,False
8510-BBWMU,0.022302680211058,Low Risk,19.75,Low Value,Low Risk / Low Value,One year,41,1.7178639432567424,-25.78213605674326,False
2589-AYCRP,0.0106120982353463,Low Risk,19.75,Low Value,Low Risk / Low Value,One year,50,0.8173968665775488,-26.68260313342245,False
9845-QOMAD,0.0527375809221207,Low Risk,19.75,Low Value,Low Risk / Low Value,One year,14,4.062112170526347,-23.437887829473652,False
1680-VDCWW,0.0690840479645583,Low Risk,19.8,Low Value,Low Risk / Low Value,One year,12,5.334670183823192,-22.165329816176808,False
1038-ZAGBI,0.0617328698501423,Low Risk,19.8,Low Value,Low Risk / Low Value,One year,12,4.767012209827989,-22.73298779017201,False
4795-UXVCJ,0.0317669091207143,Low Risk,19.8,Low Value,Low Risk / Low Value,One year,26,2.4530407223015587,-25.04695927769844,False
2829-HYVZP,0.0398939826886936,Low Risk,19.8,Low Value,Low Risk / Low Value,One year,29,3.0806133432209197,-24.419386656779082,False
1813-JLKWR,0.0045164757075085,Low Risk,19.8,Low Value,Low Risk / Low Value,One year,64,0.3487622541338064,-27.151237745866194,False
0219-QAERP,0.0261988610190256,Low Risk,19.8,Low Value,Low Risk / Low Value,One year,30,2.023076047889157,-25.476923952110845,False
1226-JZNKR,0.0995127907735754,Low Risk,19.8,Low Value,Low Risk / Low Value,One year,8,7.6843777035354925,-19.815622296464507,False
0969-RGKCU,0.0156489105121148,Low Risk,19.8,Low Value,Low Risk / Low Value,One year,37,1.208408869745505,-26.291591130254496,False
4318-RAJVY,0.1023281751908373,Low Risk,19.8,Low Value,Low Risk / Low Value,One year,10,7.901781688236457,-19.598218311763542,False
1686-STUHN,0.0157043200576104,Low Risk,19.8,Low Value,Low Risk / Low Value,One year,42,1.212687594848675,-26.287312405151326,False
5917-RYRMG,0.0290494915898608,Low Risk,19.8,Low Value,Low Risk / Low Value,One year,32,2.243201740569051,-25.256798259430948,False
4685-TFLLS,0.0449083841155315,Low Risk,19.8,Low Value,Low Risk / Low Value,One year,18,3.4678254214013426,-24.032174578598656,False
5871-DGTXZ,0.0244631412228672,Low Risk,19.8,Low Value,Low Risk / Low Value,One year,32,1.8890437652298058,-25.610956234770192,False
1561-BWHIN,0.04040129235304,Low Risk,19.8,Low Value,Low Risk / Low Value,One year,19,3.1197877955017486,-24.38021220449825,False
8779-YIQQA,0.0362068075978498,Low Risk,19.8,Low Value,Low Risk / Low Value,One year,21,2.795889682705962,-24.704110317294038,False
5995-WWKKG,0.0383394580482015,Low Risk,19.8,Low Value,Low Risk / Low Value,One year,37,2.96057295048212,-24.53942704951788,False
3721-CNZHX,0.0576574057081785,Low Risk,19.8,Low Value,Low Risk / Low Value,One year,15,4.452304868785544,-23.047695131214457,False
9801-NOSHQ,0.0335824154652074,Low Risk,19.8,Low Value,Low Risk / Low Value,One year,23,2.5932341222233153,-24.906765877776685,False
4464-JCOLN,0.0929478106786924,Low Risk,19.85,Low Value,Low Risk / Low Value,One year,2,7.195554763690972,-20.30444523630903,False
5642-MHDQT,0.010907140541623,Low Risk,19.85,Low Value,Low Risk / Low Value,One year,53,0.8443762850297447,-26.655623714970254,False
7297-DVYGA,0.0140634994783044,Low Risk,19.85,Low Value,Low Risk / Low Value,One year,51,1.0887258121129353,-26.411274187887066,False
7446-SFAOA,0.0285417921300703,Low Risk,19.85,Low Value,Low Risk / Low Value,One year,37,2.2095628377493925,-25.29043716225061,False
4962-CHQPW,0.0244476403498872,Low Risk,19.85,Low Value,Low Risk / Low Value,One year,29,1.892614077686518,-25.607385922313483,False
9447-YPTBX,0.0146092596812244,Low Risk,19.85,Low Value,Low Risk / Low Value,One year,50,1.130975838221987,-26.369024161778015,False
1064-FBXNK,0.0946495433224582,Low Risk,19.85,Low Value,Low Risk / Low Value,One year,1,7.327294396308103,-20.172705603691895,False
8075-GXIUB,0.0907373029764136,Low Risk,19.85,Low Value,Low Risk / Low Value,One year,9,7.02442830991906,-20.47557169008094,False
6479-OAUSD,0.0340665111586783,Low Risk,19.9,Low Value,Low Risk / Low Value,One year,25,2.643901931025023,-24.856098068974976,False
7677-SJJJK,0.0676441911098912,Low Risk,19.9,Low Value,Low Risk / Low Value,One year,8,5.249865672038656,-22.250134327961344,False
7279-NMVJC,0.055755596901076,Low Risk,19.9,Low Value,Low Risk / Low Value,One year,17,4.327191875492508,-23.17280812450749,False
8884-MRNSU,0.0472105731544692,Low Risk,19.9,Low Value,Low Risk / Low Value,One year,17,3.664012582518355,-23.835987417481647,False
1069-QJOEE,0.0428430951246433,Low Risk,19.9,Low Value,Low Risk / Low Value,One year,25,3.3250526126235664,-24.174947387376434,False
6061-PQHMK,0.0349964228192097,Low Risk,19.9,Low Value,Low Risk / Low Value,One year,25,2.7160723749988644,-24.783927625001134,False
8194-PEEBY,0.0329662394359168,Low Risk,19.9,Low Value,Low Risk / Low Value,One year,24,2.5585098426215023,-24.941490157378496,False
1755-FZQEC,0.0173422030238764,Low Risk,19.9,Low Value,Low Risk / Low Value,One year,39,1.3459283766830474,-26.154071623316952,False
3079-BCHLN,0.0120827292631511,Low Risk,19.9,Low Value,Low Risk / Low Value,One year,47,0.9377406181131569,-26.562259381886843,False
2819-GWENI,0.0264108896678795,Low Risk,19.9,Low Value,Low Risk / Low Value,One year,28,2.0497491471241283,-25.45025085287587,False
8748-HFWBO,0.0404913151181101,Low Risk,19.9,Low Value,Low Risk / Low Value,One year,19,3.1425309663165244,-24.357469033683476,False
2878-DHMIN,0.025669507755438,Low Risk,19.9,Low Value,Low Risk / Low Value,One year,35,1.9922104968995429,-25.507789503100458,False
2673-ZALNP,0.0871044767971008,Low Risk,19.9,Low Value,Low Risk / Low Value,One year,7,6.760178444222992,-20.739821555777006,False
6202-JVYEU,0.1434450602434504,Low Risk,19.9,Low Value,Low Risk / Low Value,One year,9,11.132771125494186,-16.367228874505813,False
5173-ZXXXL,0.1069976377921434,Low Risk,19.95,Low Value,Low Risk / Low Value,One year,2,8.324951208417716,-19.175048791582284,False
7560-QRBXH,0.0095346343662724,Low Risk,19.95,Low Value,Low Risk / Low Value,One year,48,0.7418422268678241,-26.758157773132176,False
4636-TVXVG,0.0048072928606269,Low Risk,19.95,Low Value,Low Risk / Low Value,One year,62,0.37403142102107595,-27.125968578978924,False
9522-ZSINC,0.1200148672074186,Low Risk,19.95,Low Value,Low Risk / Low Value,One year,13,9.337756743073205,-18.162243256926793,False
0621-TSSMU,0.0069908712067932,Low Risk,19.95,Low Value,Low Risk / Low Value,One year,56,0.5439247342445449,-26.956075265755455,False
9847-HNVGP,0.0516525929149295,Low Risk,19.95,Low Value,Low Risk / Low Value,One year,17,4.018829991746089,-23.481170008253912,False
0221-NAUXK,0.0920594583534125,Low Risk,19.95,Low Value,Low Risk / Low Value,One year,10,7.16268615718726,-20.33731384281274,False
4632-PAOYU,0.0349974292801158,Low Risk,19.95,Low Value,Low Risk / Low Value,One year,22,2.72297498513941,-24.77702501486059,False
8859-YSTWS,0.0116473852362576,Low Risk,19.95,Low Value,Low Risk / Low Value,One year,48,0.9062248083070225,-26.593775191692977,False
5619-XZZKR,0.0969766394320969,Low Risk,19.95,Low Value,Low Risk / Low Value,One year,4,7.545267431014301,-19.954732568985698,False
5546-QUERU,0.0868441969084116,Low Risk,19.95,Low Value,Low Risk / Low Value,One year,13,6.756912740458963,-20.743087259541035,False
4709-LKHYG,0.0353619712447917,Low Risk,20.0,Low Value,Low Risk / Low Value,One year,29,2.7582337570937527,-24.741766242906248,False
9824-QCJPK,0.0197298607518681,Low Risk,20.0,Low Value,Low Risk / Low Value,One year,36,1.538929138645712,-25.961070861354287,False
4716-MRVEN,0.0294467495626206,Low Risk,20.0,Low Value,Low Risk / Low Value,One year,29,2.296846465884407,-25.203153534115593,False
8084-OIVBS,0.07104043679541,Low Risk,20.0,Low Value,Low Risk / Low Value,One year,11,5.54115407004198,-21.95884592995802,False
4323-ELYYB,0.0540722624845037,Low Risk,20.0,Low Value,Low Risk / Low Value,One year,13,4.2176364737912895,-23.282363526208712,False
0967-BMLBD,0.0841076866368651,Low Risk,20.0,Low Value,Low Risk / Low Value,One year,11,6.5603995576754786,-20.939600442324522,False
1269-FOYWN,0.0120313175602817,Low Risk,20.0,Low Value,Low Risk / Low Value,One year,44,0.9384427697019726,-26.56155723029803,False
3556-BVQGL,0.063529195424147,Low Risk,20.0,Low Value,Low Risk / Low Value,One year,20,4.955277243083466,-22.544722756916535,False
1401-FTHFQ,0.0446698079738176,Low Risk,20.0,Low Value,Low Risk / Low Value,One year,23,3.484245021957773,-24.015754978042228,False
4955-VCWBI,0.0122049066894688,Low Risk,20.0,Low Value,Low Risk / Low Value,One year,43,0.9519827217785665,-26.548017278221433,False
5876-QMYLD,0.0336018123943482,Low Risk,20.05,Low Value,Low Risk / Low Value,One year,23,2.6274937201760578,-24.87250627982394,False
9442-JTWDL,0.0693394222156259,Low Risk,20.05,Low Value,Low Risk / Low Value,One year,11,5.421996120150868,-22.07800387984913,False
2682-KEVRP,0.069889745076925,Low Risk,20.05,Low Value,Low Risk / Low Value,One year,22,5.465028616290151,-22.03497138370985,False
5993-BQHEA,0.0648413100134185,Low Risk,20.05,Low Value,Low Risk / Low Value,One year,12,5.07026623649926,-22.42973376350074,False
6100-FJZDG,0.041783718205841,Low Risk,20.05,Low Value,Low Risk / Low Value,One year,26,3.2672778451057374,-24.23272215489426,False
2812-REYAT,0.0153244024022124,Low Risk,20.05,Low Value,Low Risk / Low Value,One year,49,1.1982916458409987,-26.301708354159,False
5380-XPJNZ,0.018112880044404,Low Risk,20.05,Low Value,Low Risk / Low Value,One year,38,1.416336655072171,-26.083663344927828,False
5849-ASHZJ,0.0265523698898987,Low Risk,20.05,Low Value,Low Risk / Low Value,One year,27,2.076262563540629,-25.42373743645937,False
4359-INNWN,0.0514789165899664,Low Risk,20.05,Low Value,Low Risk / Low Value,One year,17,4.0253938827524225,-23.47460611724758,False
8902-ZEOVF,0.0098685765957016,Low Risk,20.05,Low Value,Low Risk / Low Value,One year,47,0.7716733469008867,-26.728326653099113,False
4291-YZODP,0.0740270021106501,Low Risk,20.05,Low Value,Low Risk / Low Value,One year,7,5.788541430042285,-21.711458569957713,False
7632-YUTXB,0.0309758053836253,Low Risk,20.05,Low Value,Low Risk / Low Value,One year,25,2.4221531019725804,-25.07784689802742,False
1757-TCATG,0.0194017104429087,Low Risk,20.05,Low Value,Low Risk / Low Value,One year,35,1.5171167480832457,-25.982883251916753,False
0859-YGKFW,0.0447781090255428,Low Risk,20.05,Low Value,Low Risk / Low Value,One year,18,3.50142423525232,-23.99857576474768,False
8752-IMQOS,0.080100539416107,Low Risk,20.1,Low Value,Low Risk / Low Value,One year,5,6.279081284828628,-21.220918715171372,False
1934-MKPXS,0.0192237240614373,Low Risk,20.1,Low Value,Low Risk / Low Value,One year,33,1.5069477291760704,-25.99305227082393,False
2387-KDZQY,0.0704485332605592,Low Risk,20.1,Low Value,Low Risk / Low Value,One year,17,5.522460522295237,-21.977539477704763,False
7328-OWMOM,0.0218798346266828,Low Risk,20.1,Low Value,Low Risk / Low Value,One year,31,1.715160236385665,-25.784839763614336,False
0829-DDVLK,0.0568099657271669,Low Risk,20.1,Low Value,Low Risk / Low Value,One year,15,4.4533332133526145,-23.046666786647386,False
8499-BRXTD,0.05006617819184,Low Risk,20.1,Low Value,Low Risk / Low Value,One year,18,3.9246877084583383,-23.57531229154166,False
1133-KXCGE,0.0512412146040738,Low Risk,20.1,Low Value,Low Risk / Low Value,One year,18,4.016798812813345,-23.483201187186655,False
1776-SPBWV,0.0287435557301681,Low Risk,20.1,Low Value,Low Risk / Low Value,One year,34,2.2532073336878775,-25.24679266631212,False
2150-OEGBV,0.0335083430034573,Low Risk,20.1,Low Value,Low Risk / Low Value,One year,27,2.626719008041018,-24.873280991958982,False
1403-LKLIK,0.0200609144124954,Low Risk,20.1,Low Value,Low Risk / Low Value,One year,33,1.5725750807955148,-25.927424919204483,False
4616-EWBNJ,0.0586214554727067,Low Risk,20.1,Low Value,Low Risk / Low Value,One year,16,4.595335894505479,-22.904664105494522,False
3243-ZHOHY,0.0553939649095043,Low Risk,20.1,Low Value,Low Risk / Low Value,One year,16,4.342332909256043,-23.157667090743956,False
9483-GCPWE,0.0667528676369043,Low Risk,20.1,Low Value,Low Risk / Low Value,One year,9,5.2327572940569285,-22.267242705943072,False
5627-TVBPP,0.0247809436015962,Low Risk,20.1,Low Value,Low Risk / Low Value,One year,35,1.9425781689291264,-25.557421831070872,False
0902-RFHOF,0.0179695357257196,Low Risk,20.1,Low Value,Low Risk / Low Value,One year,38,1.4086319055391596,-26.09136809446084,False
1952-DVVSW,0.0740602085305992,Low Risk,20.1,Low Value,Low Risk / Low Value,One year,10,5.805579746713673,-21.694420253286328,False
5474-LAMUQ,0.0372073643100858,Low Risk,20.1,Low Value,Low Risk / Low Value,One year,24,2.916685288267626,-24.583314711732374,False
2749-CTKAJ,0.0347487509324685,Low Risk,20.15,Low Value,Low Risk / Low Value,One year,22,2.7307305920280367,-24.76926940797196,False
0516-VRYBW,0.0464208412853845,Low Risk,20.15,Low Value,Low Risk / Low Value,One year,18,3.647981812411941,-23.852018187588058,False
5777-ZPQNC,0.0949192275481002,Low Risk,20.15,Low Value,Low Risk / Low Value,One year,12,7.459227496867454,-20.040772503132544,False
3778-FOAQW,0.037167240039717,Low Risk,20.15,Low Value,Low Risk / Low Value,One year,24,2.9207875585211602,-24.57921244147884,False
8631-XVRZL,0.1040675632627412,Low Risk,20.15,Low Value,Low Risk / Low Value,One year,9,8.178149459002517,-19.32185054099748,False
5505-OVWQW,0.0532689101191229,Low Risk,20.15,Low Value,Low Risk / Low Value,One year,17,4.186137301711273,-23.313862698288727,False
9602-WCXPI,0.0094630907634219,Low Risk,20.15,Low Value,Low Risk / Low Value,One year,50,0.74365698764351,-26.75634301235649,False
7137-NAXML,0.0399793458966613,Low Risk,20.15,Low Value,Low Risk / Low Value,One year,23,3.141776897289128,-24.358223102710873,False
8327-WKMIE,0.0187030454206172,Low Risk,20.15,Low Value,Low Risk / Low Value,One year,37,1.4697788243792025,-26.0302211756208,False
5519-TEEUH,0.0282962889554499,Low Risk,20.15,Low Value,Low Risk / Low Value,One year,33,2.22366386756403,-25.27633613243597,False
6469-MRVET,0.1784072609980513,Low Risk,20.2,Low Value,Low Risk / Low Value,One year,1,14.05492402142648,-13.44507597857352,False
4697-LUPSU,0.0924331753243892,Low Risk,20.2,Low Value,Low Risk / Low Value,One year,2,7.281885552055382,-20.218114447944618,False
9805-FILKB,0.0149277061770491,Low Risk,20.2,Low Value,Low Risk / Low Value,One year,46,1.1760046926279282,-26.323995307372073,False
5039-LZRQT,0.06468568578174,Low Risk,20.2,Low Value,Low Risk / Low Value,One year,13,5.095938325885477,-22.404061674114523,False
9621-OUPYD,0.0520415843666597,Low Risk,20.2,Low Value,Low Risk / Low Value,One year,25,4.099836016405451,-23.40016398359455,False
2926-JEJJC,0.1164500427348063,Low Risk,20.2,Low Value,Low Risk / Low Value,One year,8,9.17393436664804,-18.32606563335196,False
1722-LDZJS,0.0069927861111595,Low Risk,20.2,Low Value,Low Risk / Low Value,One year,53,0.5508916898371454,-26.949108310162856,False
5924-SNGKP,0.018784892404459,Low Risk,20.25,Low Value,Low Risk / Low Value,One year,41,1.4835368776421496,-26.01646312235785,False
1178-PZGAB,0.0465777817209545,Low Risk,20.25,Low Value,Low Risk / Low Value,One year,19,3.6784803114123816,-23.821519688587617,False
6188-UXBBR,0.0253598752235486,Low Risk,20.25,Low Value,Low Risk / Low Value,One year,38,2.0027961457797505,-25.49720385422025,False
4518-FZBSX,0.0127210668625785,Low Risk,20.25,Low Value,Low Risk / Low Value,One year,42,1.0046462554721372,-26.49535374452786,False
1834-WULEG,0.031201644473711,Low Risk,20.25,Low Value,Low Risk / Low Value,One year,24,2.464149872311326,-25.035850127688676,False
4393-OBCRR,0.1039000668903604,Low Risk,20.25,Low Value,Low Risk / Low Value,One year,3,8.205507782666214,-19.294492217333786,False
4537-CIBHB,0.0675046191067295,Low Risk,20.25,Low Value,Low Risk / Low Value,One year,9,5.331177293953963,-22.168822706046036,False
6072-NUQCB,0.0372536577584672,Low Risk,20.25,Low Value,Low Risk / Low Value,One year,22,2.9421076214749475,-24.557892378525054,False
7353-YOWFP,0.0856051286833436,Low Risk,20.25,Low Value,Low Risk / Low Value,One year,7,6.760665037767062,-20.739334962232938,False
8610-ZIKJJ,0.0941559068827745,Low Risk,20.3,Low Value,Low Risk / Low Value,One year,2,7.454323147909258,-20.045676852090743,False
8590-OHDIW,0.015827325009701,Low Risk,20.3,Low Value,Low Risk / Low Value,One year,38,1.2530493210180282,-26.24695067898197,False
5214-CHIWJ,0.0320239881619964,Low Risk,20.3,Low Value,Low Risk / Low Value,One year,27,2.535339142785255,-24.964660857214746,False
3125-RAHBV,0.0395052943368638,Low Risk,20.3,Low Value,Low Risk / Low Value,One year,22,3.127634152649507,-24.372365847350494,False
5177-RVZNU,0.0177388345369983,Low Risk,20.3,Low Value,Low Risk / Low Value,One year,37,1.4043835302941554,-26.095616469705845,False
5847-MXBEO,0.0408696156171811,Low Risk,20.3,Low Value,Low Risk / Low Value,One year,22,3.2356474684122283,-24.26435253158777,False
7665-VIGUD,0.0722686415366762,Low Risk,20.35,Low Value,Low Risk / Low Value,One year,10,5.7356007355583065,-21.764399264441693,False
7073-QETQY,0.0074958402239804,Low Risk,20.35,Low Value,Low Risk / Low Value,One year,66,0.5949073593762044,-26.905092640623796,False
1872-EBWSC,0.0294368599243122,Low Risk,20.35,Low Value,Low Risk / Low Value,One year,29,2.336256387893038,-25.163743612106963,False
8512-WIWYV,0.0241772911762746,Low Risk,20.35,Low Value,Low Risk / Low Value,One year,32,1.9188307142050338,-25.581169285794967,False
1085-LDWAM,0.0044697431838986,Low Risk,20.35,Low Value,Low Risk / Low Value,One year,69,0.35474116779011244,-27.145258832209887,False
3982-JGSFD,0.0268439604916983,Low Risk,20.35,Low Value,Low Risk / Low Value,One year,36,2.130470924423636,-25.369529075576363,False
1930-BZLHI,0.058844803125781,Low Risk,20.35,Low Value,Low Risk / Low Value,One year,21,4.670217800077609,-22.82978219992239,False
7813-TKCVO,0.045408452178443,Low Risk,20.35,Low Value,Low Risk / Low Value,One year,20,3.603841807142129,-23.89615819285787,False
5774-QPLTF,0.0115606182561425,Low Risk,20.35,Low Value,Low Risk / Low Value,One year,50,0.9175084678987495,-26.58249153210125,False
5003-OKNNK,0.0493556595115731,Low Risk,20.35,Low Value,Low Risk / Low Value,One year,15,3.917111917135999,-23.582888082864002,False
1763-KUAAW,0.0650613419190758,Low Risk,20.35,Low Value,Low Risk / Low Value,One year,18,5.163593401407451,-22.33640659859255,False
1074-WVEVG,0.0064436531692818,Low Risk,20.35,Low Value,Low Risk / Low Value,One year,59,0.51140053378005,-26.98859946621995,False
0731-EBJQB,0.0157497407318925,Low Risk,20.4,Low Value,Low Risk / Low Value,One year,52,1.2530493726293672,-26.246950627370634,False
7817-OMJNA,0.0628963532300029,Low Risk,20.4,Low Value,Low Risk / Low Value,One year,14,5.00403386297903,-22.49596613702097,False
3594-BDSOA,0.0361326729006581,Low Risk,20.4,Low Value,Low Risk / Low Value,One year,24,2.874715455976358,-24.625284544023643,False
2239-CFOUJ,0.0967328429563159,Low Risk,20.4,Low Value,Low Risk / Low Value,One year,1,7.696064985604492,-19.803935014395506,False
6772-WFQRD,0.0210411928455065,Low Risk,20.4,Low Value,Low Risk / Low Value,One year,40,1.674037302788497,-25.8259626972115,False
6248-BSHKG,0.0047672104173119,Low Risk,20.4,Low Value,Low Risk / Low Value,One year,61,0.3792792608013348,-27.120720739198664,False
3705-PSNGL,0.0254116098300016,Low Risk,20.4,Low Value,Low Risk / Low Value,One year,45,2.0217476780749273,-25.478252321925073,False
2495-TTHBQ,0.1171049999343063,Low Risk,20.4,Low Value,Low Risk / Low Value,One year,4,9.316873794773409,-18.183126205226593,False
7244-KXYZN,0.0366792984066209,Low Risk,20.45,Low Value,Low Risk / Low Value,One year,24,2.92535744442005,-24.57464255557995,False
3724-BSCVH,0.0636490222503942,Low Risk,20.45,Low Value,Low Risk / Low Value,One year,10,5.07632776958019,-22.42367223041981,False
6870-ECSHE,0.1080287183824075,Low Risk,20.45,Low Value,Low Risk / Low Value,One year,2,8.61583043458891,-18.884169565411092,False
1682-VCOIO,0.0386370481558505,Low Risk,20.45,Low Value,Low Risk / Low Value,One year,23,3.081497775669857,-24.418502224330144,False
0048-PIHNL,0.0107895789590264,Low Risk,20.45,Low Value,Low Risk / Low Value,One year,49,0.8605228698771503,-26.63947713012285,False
9639-BUJXT,0.005099685491525,Low Risk,20.5,Low Value,Low Risk / Low Value,One year,63,0.40771985504742375,-27.092280144952575,False
4378-BZYFP,0.0717263558276995,Low Risk,20.5,Low Value,Low Risk / Low Value,One year,17,5.734522148424575,-21.765477851575426,False
0129-QMPDR,0.0167422416970845,Low Risk,20.5,Low Value,Low Risk / Low Value,One year,44,1.3385422236819058,-26.161457776318095,False
8189-DUKMV,0.1030371340161893,Low Risk,20.5,Low Value,Low Risk / Low Value,One year,4,8.237818864594336,-19.262181135405662,False
8746-BFOAJ,0.0548904800793907,Low Risk,20.5,Low Value,Low Risk / Low Value,One year,21,4.388493882347286,-23.111506117652713,False
5857-XRECV,0.0989459316676555,Low Risk,20.5,Low Value,Low Risk / Low Value,One year,2,7.910727236829058,-19.589272763170943,False
5918-VUKWP,0.0263924535109843,Low Risk,20.55,Low Value,Low Risk / Low Value,One year,32,2.115223186637837,-25.384776813362162,False
3712-PKXZA,0.0075747314342969,Low Risk,20.55,Low Value,Low Risk / Low Value,One year,61,0.607076850801725,-26.892923149198275,False
9620-QJREV,0.0096776693835798,Low Risk,20.55,Low Value,Low Risk / Low Value,One year,47,0.7756168127470031,-26.724383187252997,False
0422-OHQHQ,0.0501907033924352,Low Risk,20.55,Low Value,Low Risk / Low Value,One year,15,4.022533923386719,-23.477466076613283,False
8763-KIAFH,0.0389480164493569,Low Risk,20.55,Low Value,Low Risk / Low Value,One year,27,3.121488778333709,-24.37851122166629,False
6924-TDGMT,0.0934936451635436,Low Risk,20.55,Low Value,Low Risk / Low Value,One year,11,7.493048191632202,-20.0069518083678,False
5808-TOTXO,0.1185757787326888,Low Risk,20.55,Low Value,Low Risk / Low Value,One year,3,9.503255786531346,-17.996744213468652,False
4302-ZYFEL,0.0043035215165671,Low Risk,20.55,Low Value,Low Risk / Low Value,One year,69,0.3449057319452703,-27.15509426805473,False
2690-DVRVK,0.1107969483725703,Low Risk,20.55,Low Value,Low Risk / Low Value,One year,5,8.879821427319646,-18.620178572680352,False
0052-YNYOT,0.0059601199111333,Low Risk,20.55,Low Value,Low Risk / Low Value,One year,67,0.47767381027777833,-27.02232618972222,False
2907-ILJBN,0.0613070178702249,Low Risk,20.6,Low Value,Low Risk / Low Value,One year,11,4.925405815693869,-22.57459418430613,False
6563-VRERX,0.0201044308745344,Low Risk,20.6,Low Value,Low Risk / Low Value,One year,33,1.6151899764600939,-25.884810023539906,False
9067-SQTNS,0.0121470755463109,Low Risk,20.6,Low Value,Low Risk / Low Value,One year,44,0.9758960493906178,-26.524103950609383,False
8884-FEEWR,0.0224180940766172,Low Risk,20.6,Low Value,Low Risk / Low Value,One year,35,1.801069678115426,-25.698930321884575,False
7435-ZNUYY,0.0876152093486403,Low Risk,20.6,Low Value,Low Risk / Low Value,One year,6,7.039005919069762,-20.460994080930238,False
8191-XWSZG,0.0089358595840248,Low Risk,20.65,Low Value,Low Risk / Low Value,One year,52,0.7196494515994372,-26.780350548400563,False
4933-IKULF,0.0643262923054346,Low Risk,20.65,Low Value,Low Risk / Low Value,One year,17,5.1805179508181745,-22.319482049181826,False
2351-RRBUE,0.0739100122216014,Low Risk,20.65,Low Value,Low Risk / Low Value,One year,7,5.952342834266669,-21.54765716573333,False
6223-DHJGV,0.0217166548718037,Low Risk,20.65,Low Value,Low Risk / Low Value,One year,42,1.7489508001007108,-25.75104919989929,False
3750-YHRYO,0.0726822114041383,Low Risk,20.65,Low Value,Low Risk / Low Value,One year,7,5.853461895432278,-21.64653810456772,False
9534-NSXEM,0.0453330268341117,Low Risk,20.65,Low Value,Low Risk / Low Value,One year,26,3.650895316085186,-23.849104683914813,False
4092-OFQZS,0.0445281034480616,Low Risk,20.65,Low Value,Low Risk / Low Value,One year,20,3.5860708111896407,-23.91392918881036,False
8430-TWCBX,0.0102588814476038,Low Risk,20.7,Low Value,Low Risk / Low Value,One year,49,0.8281994992650549,-26.671800500734946,False
7305-ZWMAJ,0.0259019080787768,Low Risk,20.7,Low Value,Low Risk / Low Value,One year,30,2.091061039199651,-25.40893896080035,False
9867-JCZSP,0.046414560258867,Low Risk,20.75,Low Value,Low Risk / Low Value,One year,17,3.756098288948812,-23.743901711051187,False
6419-ZTTLE,0.0909843953820242,Low Risk,20.75,Low Value,Low Risk / Low Value,One year,23,7.362912196290308,-20.13708780370969,False
9509-MPYOD,0.02136886638071,Low Risk,20.75,Low Value,Low Risk / Low Value,One year,35,1.729275511858957,-25.77072448814104,False
8966-OIQHG,0.0373912559339942,Low Risk,20.75,Low Value,Low Risk / Low Value,One year,22,3.0258873864584803,-24.47411261354152,False
6532-YLWSI,0.0088445830410382,Low Risk,20.8,Low Value,Low Risk / Low Value,One year,53,0.7174725762890188,-26.78252742371098,False
6527-PZFPV,0.0420287374490417,Low Risk,20.8,Low Value,Low Risk / Low Value,One year,24,3.4093711818662635,-24.090628818133737,False
4980-URKXC,0.0208284413398647,Low Risk,20.85,Low Value,Low Risk / Low Value,One year,36,1.6936647075510982,-25.806335292448903,False
5266-PFRQK,0.01029725642524,Low Risk,20.85,Low Value,Low Risk / Low Value,One year,52,0.8373214062183907,-26.66267859378161,False
5324-KTGCG,0.004869909092444,Low Risk,20.85,Low Value,Low Risk / Low Value,One year,71,0.39599665785208393,-27.104003342147916,False
6980-CDGFC,0.0060873733837387,Low Risk,20.85,Low Value,Low Risk / Low Value,One year,67,0.49499476669871245,-27.005005233301286,False
9746-UGFAC,0.0432771001432754,Low Risk,20.85,Low Value,Low Risk / Low Value,One year,22,3.5190773981504395,-23.98092260184956,False
3452-FLHYD,0.0501471195458801,Low Risk,20.95,Low Value,Low Risk / Low Value,One year,25,4.097270402496134,-23.402729597503864,False
6447-EGDIV,0.0265615271950832,Low Risk,20.95,Low Value,Low Risk / Low Value,One year,31,2.170209579474273,-25.329790420525725,False
0835-DUUIQ,0.0341583471676943,Low Risk,21.05,Low Value,Low Risk / Low Value,One year,24,2.8042295107318638,-24.695770489268135,False
1293-HHSHJ,0.0215035261411272,Low Risk,21.1,Low Value,Low Risk / Low Value,One year,35,1.7695251661533575,-25.730474833846642,False
6922-NCEDI,0.008868024160375,Low Risk,21.2,Low Value,Low Risk / Low Value,One year,56,0.733208237579805,-26.766791762420194,False
8909-BOLNL,0.0998471069470222,Low Risk,21.2,Low Value,Low Risk / Low Value,One year,3,8.255358802379796,-19.244641197620204,False
2560-QTSBS,0.0057216559572043,Low Risk,23.3,Low Value,Low Risk / Low Value,One year,72,0.5199268768311549,-26.980073123168847,False
0784-GTUUK,0.0099755012059336,Low Risk,23.75,Low Value,Low Risk / Low Value,One year,62,0.9239807991995996,-26.5760192008004,False
9229-RQABD,0.0649690924223332,Low Risk,23.75,Low Value,Low Risk / Low Value,One year,18,6.017762185618613,-21.482237814381385,False
7356-AYNJP,0.1717162308359293,Low Risk,23.9,Low Value,Low Risk / Low Value,One year,4,16.00566987621697,-11.49433012378303,False
1599-EAHXY,0.0069573730576393,Low Risk,23.95,Low Value,Low Risk / Low Value,One year,60,0.6498534304487988,-26.8501465695512,False
6546-OPBBH,0.0154808778351531,Low Risk,23.95,Low Value,Low Risk / Low Value,One year,51,1.4459913941924754,-26.054008605807525,False
3251-YMVWZ,0.0123883032319718,Low Risk,24.05,Low Value,Low Risk / Low Value,One year,53,1.1619609016427952,-26.338039098357203,False
6158-DWPZT,0.2693236491622421,High Risk,24.1,Low Value,High Risk / Low Value,One year,9,25.313729784759136,-2.1862702152408637,False
4116-IQRFR,0.1037766324204249,Low Risk,24.1,Low Value,Low Risk / Low Value,One year,4,9.753965681195735,-17.746034318804263,False
7471-WNSUF,0.0087782056629248,Low Risk,24.15,Low Value,Low Risk / Low Value,One year,60,0.8267753003625724,-26.673224699637426,False
8277-RVRSV,0.0267968803202197,Low Risk,24.15,Low Value,Low Risk / Low Value,One year,33,2.5238641729598923,-24.976135827040107,False
1897-RCFUM,0.02845473837534,Low Risk,24.2,Low Value,Low Risk / Low Value,One year,39,2.685558207864589,-24.814441792135412,False
8461-EFQYM,0.0493746163073542,Low Risk,24.25,Low Value,Low Risk / Low Value,One year,38,4.669604337268023,-22.830395662731977,False
8958-JPTRR,0.0141999391347433,Low Risk,24.3,Low Value,Low Risk / Low Value,One year,56,1.3457282317996229,-26.154271768200378,False
1371-OJCEK,0.015952798107551,Low Risk,24.35,Low Value,Low Risk / Low Value,One year,48,1.514957472283581,-25.98504252771642,False
9795-VOWON,0.3406567886254422,High Risk,24.35,Low Value,High Risk / Low Value,One year,7,32.35047193181512,4.850471931815122,True
0269-XFESX,0.0436919009358195,Low Risk,24.35,Low Value,Low Risk / Low Value,One year,23,4.149201372370099,-23.3507986276299,False
9361-YNQWJ,0.0102987174307124,Low Risk,24.4,Low Value,Low Risk / Low Value,One year,64,0.980025950706592,-26.51997404929341,False
7089-RKVSZ,0.0894891137731449,Low Risk,24.4,Low Value,Low Risk / Low Value,One year,8,8.515784066652468,-18.98421593334753,False
4163-NCJAK,0.0243834389210002,Low Risk,24.45,Low Value,Low Risk / Low Value,One year,46,2.3250828183119743,-25.174917181688027,False
5451-MHQOF,0.0123069656914588,Low Risk,24.45,Low Value,Low Risk / Low Value,One year,56,1.1735307135090536,-26.326469286490948,False
0804-YGEQV,0.0243851000941443,Low Risk,24.45,Low Value,Low Risk / Low Value,One year,43,2.32524121947713,-25.174758780522872,False
4121-AGSIN,0.0110755173170829,Low Risk,24.5,Low Value,Low Risk / Low Value,One year,58,1.0582656796472711,-26.44173432035273,False
3372-CDXFJ,0.0747859844610823,Low Risk,24.5,Low Value,Low Risk / Low Value,One year,13,7.145800815256413,-20.354199184743585,False
2324-AALNO,0.0162350407633994,Low Risk,24.55,Low Value,Low Risk / Low Value,One year,48,1.5544239778916755,-25.945576022108323,False
5313-FPXWG,0.0190690114122524,Low Risk,24.6,Low Value,Low Risk / Low Value,One year,51,1.8294809548914954,-25.670519045108506,False
5789-LDFXO,0.0681383347112457,Low Risk,24.6,Low Value,Low Risk / Low Value,One year,24,6.537191832196912,-20.96280816780309,False
1131-ALZWV,0.0522948971523948,Low Risk,24.6,Low Value,Low Risk / Low Value,One year,24,5.017172432800757,-22.482827567199244,False
8592-PLTMQ,0.0070103844828122,Low Risk,24.7,Low Value,Low Risk / Low Value,One year,64,0.6753103372292992,-26.8246896627707,False
4584-LBNMK,0.0210676034240387,Low Risk,24.7,Low Value,Low Risk / Low Value,One year,45,2.029442237837648,-25.47055776216235,False
1333-PBMXB,0.0144112129402905,Low Risk,24.75,Low Value,Low Risk / Low Value,One year,54,1.3910423290615406,-26.10895767093846,False
6510-UPNKS,0.0508898182032893,Low Risk,24.8,Low Value,Low Risk / Low Value,One year,23,4.922063216622141,-22.577936783377858,False
4403-BWPAY,0.1020752128571647,Low Risk,24.8,Low Value,Low Risk / Low Value,One year,14,9.872714587544971,-17.62728541245503,False
2662-NNTDK,0.0061738968074247,Low Risk,24.8,Low Value,Low Risk / Low Value,One year,65,0.5971392992141169,-26.902860700785883,False
5201-CBWYG,0.0066041303970817,Low Risk,24.8,Low Value,Low Risk / Low Value,One year,62,0.638751492005742,-26.861248507994258,False
1022-RKXDR,0.0296513779563916,Low Risk,24.85,Low Value,Low Risk / Low Value,One year,41,2.873663294643692,-24.62633670535631,False
3378-AJRAO,0.0217900108140525,Low Risk,24.85,Low Value,Low Risk / Low Value,One year,44,2.1117788980438985,-25.388221101956102,False
3417-TSCIC,0.1523493740028342,Low Risk,24.85,Low Value,Low Risk / Low Value,One year,29,14.764939581484676,-12.735060418515324,False
5512-IDZEI,0.0203864892087907,Low Risk,24.9,Low Value,Low Risk / Low Value,One year,46,1.979731967065665,-25.520268032934336,False
6551-ZCOTS,0.0565310522159821,Low Risk,24.9,Low Value,Low Risk / Low Value,One year,33,5.489730480694021,-22.01026951930598,False
6096-EGVTU,0.0059092156295025,Low Risk,24.9,Low Value,Low Risk / Low Value,One year,64,0.5738439297809879,-26.92615607021901,False
4597-ELFTS,0.0140881241986257,Low Risk,24.9,Low Value,Low Risk / Low Value,One year,56,1.3680977409285418,-26.13190225907146,False
4538-WNTMJ,0.014566205732939,Low Risk,24.95,Low Value,Low Risk / Low Value,One year,46,1.4173646488436296,-26.08263535115637,False
3823-KYNQY,0.0819760670562207,Low Risk,24.95,Low Value,Low Risk / Low Value,One year,12,7.976681204905555,-19.523318795094447,False
6814-ZPWFQ,0.0167018358303664,Low Risk,25.0,Low Value,Low Risk / Low Value,One year,51,1.628428993460724,-25.871571006539277,False
1839-UMACK,0.0277439790627231,Low Risk,25.05,Low Value,Low Risk / Low Value,One year,42,2.7104480345327335,-24.78955196546727,False
2332-TODQS,0.0146507314825712,Low Risk,25.05,Low Value,Low Risk / Low Value,One year,48,1.4313032121897935,-26.068696787810207,False
9575-IWCAZ,0.111628432408684,Low Risk,25.1,Low Value,Low Risk / Low Value,One year,6,10.927307248486079,-16.57269275151392,False
0023-UYUPN,0.0246233550229154,Low Risk,25.2,Low Value,Low Risk / Low Value,One year,50,2.4199833316521255,-25.080016668347874,False
6674-KVJHG,0.1239689779179511,Low Risk,25.2,Low Value,Low Risk / Low Value,One year,11,12.183671149776234,-15.316328850223766,False
1696-MZVAU,0.0801261722825404,Low Risk,25.25,Low Value,Low Risk / Low Value,One year,39,7.890424815523167,-19.60957518447683,False
0203-HHYIJ,0.0488919399464886,Low Risk,25.3,Low Value,Low Risk / Low Value,One year,25,4.82416771452003,-22.67583228547997,False
6754-WKSHP,0.0324413526781935,Low Risk,25.35,Low Value,Low Risk / Low Value,One year,30,3.2073143325296005,-24.2926856674704,False
8042-RNLKO,0.006470752512384,Low Risk,25.45,Low Value,Low Risk / Low Value,One year,66,0.642254540616674,-26.857745459383327,False
7452-FOLON,0.0209026766289007,Low Risk,25.45,Low Value,Low Risk / Low Value,One year,39,2.074695168801539,-25.42530483119846,False
9891-NQDBD,0.0399131536510395,Low Risk,25.55,Low Value,Low Risk / Low Value,One year,28,3.9771461955578316,-23.522853804442168,False
4707-YNOQA,0.0356834078923703,Low Risk,25.6,Low Value,Low Risk / Low Value,One year,34,3.562631443974251,-23.93736855602575,False
8595-SIZNC,0.0689826413318469,Low Risk,25.6,Low Value,Low Risk / Low Value,One year,22,6.887226910571595,-20.612773089428405,False
3935-TBRZZ,0.0155102742321461,Low Risk,25.7,Low Value,Low Risk / Low Value,One year,44,1.5545947862880034,-25.945405213711997,False
3727-OVPRY,0.0071601123636233,Low Risk,25.7,Low Value,Low Risk / Low Value,One year,66,0.7176580622059632,-26.782341937794037,False
3069-SSVSN,0.3402791807129784,High Risk,25.85,Low Value,High Risk / Low Value,One year,1,34.305245603578925,6.805245603578925,True
3887-PBQAO,0.0208818857436222,Low Risk,25.9,Low Value,Low Risk / Low Value,One year,45,2.109279278963278,-25.390720721036722,False
6765-MBQNU,0.0444247082403991,Low Risk,26.0,Low Value,Low Risk / Low Value,One year,26,4.5046654155764685,-22.99533458442353,False
9067-YGSCA,0.0050098972061177,Low Risk,26.05,Low Value,Low Risk / Low Value,One year,70,0.5089805066555277,-26.99101949334447,False
3506-OVLKD,0.0299620503422654,Low Risk,26.2,Low Value,Low Risk / Low Value,One year,35,3.0615223039726787,-24.43847769602732,False
9066-QRSDU,0.0106455738449597,Low Risk,26.3,Low Value,Low Risk / Low Value,One year,69,1.0919165092775165,-26.408083490722483,False
8332-OSJDW,0.0723711426455457,Low Risk,26.4,Low Value,Low Risk / Low Value,One year,12,7.451332846785386,-20.048667153214616,False
2809-ILCYT,0.0649602505810533,Low Risk,26.8,Low Value,Low Risk / Low Value,One year,25,6.789645390731692,-20.710354609268308,False
3547-LQRIK,0.0226231656413769,Low Risk,26.9,Low Value,Low Risk / Low Value,One year,47,2.3733963074368507,-25.12660369256315,False
4999-IEZLT,0.0141667847542492,Low Risk,29.45,Low Value,Low Risk / Low Value,One year,66,1.6271260629492916,-25.87287393705071,False
9309-BZGNT,0.0294259632472034,Low Risk,29.8,Low Value,Low Risk / Low Value,One year,69,3.4198854485899792,-24.08011455141002,False
9758-MFWGD,0.0467839321531207,Low Risk,29.9,Low Value,Low Risk / Low Value,One year,48,5.455474328375404,-22.044525671624598,False
0946-FKYTX,0.0350398719443848,Low Risk,30.1,Low Value,Low Risk / Low Value,One year,52,4.113330567551332,-23.38666943244867,False
9750-BOOHV,0.0706623741983552,Low Risk,30.15,Low Value,Low Risk / Low Value,One year,32,8.308835270113596,-19.191164729886403,False
4776-XSKYQ,0.1480496525614667,Low Risk,30.25,Low Value,Low Risk / Low Value,One year,12,17.466157760939033,-10.033842239060967,False
3551-GAEGL,0.0564078047744535,Low Risk,30.4,Low Value,Low Risk / Low Value,One year,34,6.687709334059208,-20.812290665940793,False
6174-NRBTZ,0.0544452621913258,Low Risk,30.75,Low Value,Low Risk / Low Value,One year,46,6.529348068294746,-20.970651931705255,False
2316-ESMLS,0.1093880939133738,Low Risk,33.15,Low Value,Low Risk / Low Value,One year,12,14.142239721590531,-13.357760278409469,False
1623-NLDOT,0.0421767270851811,Low Risk,33.55,Low Value,Low Risk / Low Value,One year,42,5.518613855460521,-21.981386144539478,False
4198-VFOEA,0.1711390890918235,Low Risk,33.6,Low Value,Low Risk / Low Value,One year,12,22.426066234592554,-5.073933765407446,False
0756-MPZRL,0.0369972445148086,Low Risk,33.7,Low Value,Low Risk / Low Value,One year,46,4.862547846581295,-22.637452153418707,False
5199-FPUSP,0.0412918759059616,Low Risk,34.05,Low Value,Low Risk / Low Value,One year,33,5.483354660932171,-22.01664533906783,False
0723-VSOBE,0.1270830868360558,Low Risk,34.2,Low Value,Low Risk / Low Value,One year,45,16.950342122193124,-10.549657877806876,False
3034-ZBEQN,0.0424844946590172,Low Risk,34.7,Low Value,Low Risk / Low Value,One year,48,5.749426662204798,-21.750573337795203,False
9581-GVBXT,0.0172130677506307,Low Risk,34.8,Low Value,Low Risk / Low Value,One year,59,2.3361575551155984,-25.163842444884402,False
2144-ESWKO,0.0563754014756834,Low Risk,35.2,Low Value,Low Risk / Low Value,One year,43,7.739215114581818,-19.760784885418182,False
1397-XKKWR,0.1966808865972871,High Risk,35.3,Low Value,High Risk / Low Value,One year,7,27.077057657848513,-0.4229423421514866,False
3739-YBWAB,0.0588893424624348,Low Risk,35.35,Low Value,Low Risk / Low Value,One year,36,8.118779198583574,-19.381220801416426,False
0121-SNYRK,0.0312878988306221,Low Risk,35.4,Low Value,Low Risk / Low Value,One year,50,4.3196073125556875,-23.18039268744431,False
4032-RMHCI,0.0393711374290104,Low Risk,35.4,Low Value,Low Risk / Low Value,One year,41,5.435579233449175,-22.064420766550825,False
5701-GUXDC,0.0906209919475545,Low Risk,35.4,Low Value,Low Risk / Low Value,One year,26,12.511134148279375,-14.988865851720625,False
2073-QBVBI,0.042597048173479,Low Risk,35.45,Low Value,Low Risk / Low Value,One year,41,5.88925489522434,-21.61074510477566,False
5245-VDBUR,0.0298081117123406,Low Risk,35.45,Low Value,Low Risk / Low Value,One year,52,4.1211204847896505,-23.37887951521035,False
2259-OUUSZ,0.253746102482725,High Risk,35.5,Low Value,High Risk / Low Value,One year,7,35.131147888733274,7.631147888733274,True
8898-KASCD,0.0511394378113051,Low Risk,35.55,Low Value,Low Risk / Low Value,One year,39,7.090227355348396,-20.409772644651603,False
1430-SFQSA,0.0591253242314439,Low Risk,35.6,Low Value,Low Risk / Low Value,One year,29,8.208960016293672,-19.291039983706327,False
4115-UMJFQ,0.0240239728226611,Low Risk,35.75,Low Value,Low Risk / Low Value,One year,69,3.3495424107995238,-24.150457589200478,False
5170-PTRKA,0.0283011697852644,Low Risk,35.8,Low Value,Low Risk / Low Value,One year,49,3.951409325418615,-23.548590674581384,False
2361-FJWNO,0.0423238935908475,Low Risk,36.0,Low Value,Low Risk / Low Value,One year,40,5.942274660154989,-21.55772533984501,False
0305-SQECB,0.151676967792559,Low Risk,36.05,Low Value,Low Risk / Low Value,One year,11,21.325023286794828,-6.174976713205172,False
6481-LXPWL,0.033708307636603,Low Risk,36.1,Low Value,Low Risk / Low Value,One year,56,4.745792632157336,-22.754207367842664,False
0230-UBYPQ,0.016189905870087,Low Risk,36.1,Low Value,Low Risk / Low Value,One year,63,2.279376847449549,-25.220623152550452,False
3648-GZPHF,0.084148075097673,Low Risk,36.25,Low Value,Low Risk / Low Value,One year,32,11.89643411693352,-15.60356588306648,False
7089-XXAYG,0.2145164302827523,High Risk,38.1,Low Value,High Risk / Low Value,One year,25,31.87499637571417,4.3749963757141686,True
1153-GNOLC,0.1977893993091248,High Risk,39.1,Low Value,High Risk / Low Value,One year,33,30.160905500648447,2.6609055006484468,True
4291-HYEBC,0.2537007332992245,High Risk,39.1,Low Value,High Risk / Low Value,One year,28,38.68682482079875,11.186824820798748,True
6114-TCFID,0.0506828849364872,Low Risk,39.5,Low Value,Low Risk / Low Value,One year,29,7.807698424465853,-19.692301575534145,False
0373-AIVNJ,0.160836988568426,Low Risk,39.55,Low Value,Low Risk / Low Value,One year,9,24.80830130173687,-2.6916986982631315,False
6810-VCAEX,0.0227917123889004,Low Risk,39.65,Low Value,Low Risk / Low Value,One year,47,3.5243964452576138,-23.975603554742385,False
8319-QBEHW,0.1743964063066918,Low Risk,39.95,Low Value,Low Risk / Low Value,One year,26,27.171832084614117,-0.3281679153858832,False
4654-GGUII,0.1148735100217697,Low Risk,40.2,Low Value,Low Risk / Low Value,One year,18,18.009868901213054,-9.490131098786946,False
6967-PEJLL,0.0698118506041609,Low Risk,40.2,Low Value,Low Risk / Low Value,One year,37,10.945101937720347,-16.554898062279655,False
2606-PKWJB,0.0272442074866961,Low Risk,40.25,Low Value,Low Risk / Low Value,One year,40,4.2766594702241205,-23.22334052977588,False
1729-VLAZJ,0.1030211147284773,Low Risk,40.25,Low Value,Low Risk / Low Value,One year,10,16.171739484502726,-11.328260515497274,False
7325-ENZFI,0.050762324690707,Low Risk,40.3,Low Value,Low Risk / Low Value,One year,39,7.9783145716384185,-19.521685428361582,False
1929-ZCBHE,0.0313497359024144,Low Risk,40.3,Low Value,Low Risk / Low Value,One year,47,4.927237991782471,-22.57276200821753,False
5640-CAXOA,0.1362439914232395,Low Risk,40.35,Low Value,Low Risk / Low Value,One year,30,21.440035710318085,-6.059964289681915,False
0308-IVGOK,0.1966151280889961,High Risk,40.4,Low Value,High Risk / Low Value,One year,11,30.978679581702224,3.478679581702224,True
5125-CNDSP,0.0146654557363692,Low Risk,40.6,Low Value,Low Risk / Low Value,One year,63,2.3221282612966996,-25.1778717387033,False
8328-SKJNO,0.0611744094665269,Low Risk,40.65,Low Value,Low Risk / Low Value,One year,23,9.69828500477584,-17.80171499522416,False
9495-REDIY,0.1369114906349403,Low Risk,40.65,Low Value,Low Risk / Low Value,One year,25,21.70526316781026,-5.7947368321897414,False
2877-VDUER,0.0716491456054565,Low Risk,40.9,Low Value,Low Risk / Low Value,One year,35,11.428755215526367,-16.071244784473635,False
8745-PVESG,0.0228041391991103,Low Risk,41.1,Low Value,Low Risk / Low Value,One year,57,3.65527547222539,-23.84472452777461,False
8292-FRFZQ,0.0368442971694818,Low Risk,41.15,Low Value,Low Risk / Low Value,One year,39,5.912957031244287,-21.587042968755714,False
4905-JEFDW,0.4258367312737096,High Risk,41.6,Low Value,High Risk / Low Value,One year,11,69.08775128184664,41.587751281846636,True
7795-CFOCW,0.0296586615100439,Low Risk,42.3,Low Value,Low Risk / Low Value,One year,45,4.892789389311941,-22.607210610688057,False
8035-BUYVG,0.0842212831240498,Low Risk,42.35,Low Value,Low Risk / Low Value,One year,40,13.910408227183687,-13.589591772816313,False
6598-KELSS,0.0492781444159976,Low Risk,43.05,Low Value,Low Risk / Low Value,One year,50,8.273554056723917,-19.226445943276083,False
4544-RXFMG,0.1997156684672115,High Risk,43.45,Low Value,High Risk / Low Value,One year,8,33.84281860011133,6.342818600111329,True
4825-XJGDM,0.0129457373437889,Low Risk,43.7,Low Value,Low Risk / Low Value,One year,61,2.2063420155019426,-25.293657984498058,False
8205-OTCHB,0.2265234067622413,High Risk,43.75,Low Value,High Risk / Low Value,One year,22,38.65055627880742,11.150556278807422,True
3638-DIMPH,0.1954371101627899,High Risk,43.8,Low Value,High Risk / Low Value,One year,13,33.38456715800776,5.884567158007762,True
1282-IHQAC,0.0370518379535388,Low Risk,44.05,Low Value,Low Risk / Low Value,One year,70,6.365320501228198,-21.134679498771803,False
7029-IJEJK,0.0287786649707984,Low Risk,44.1,Low Value,Low Risk / Low Value,One year,54,4.949642588327618,-22.550357411672383,False
7636-PEPNS,0.0254384929633496,Low Risk,44.1,Low Value,Low Risk / Low Value,One year,58,4.375166404766498,-23.124833595233504,False
9388-ZEYVT,0.084915582514179,Low Risk,44.15,Low Value,Low Risk / Low Value,One year,43,14.62118957520391,-12.87881042479609,False
9746-YKGXB,0.0360698809473844,Low Risk,44.25,Low Value,Low Risk / Low Value,One year,52,6.224759704494863,-21.275240295505135,False
7244-QWYHG,0.0454967174341184,Low Risk,44.45,Low Value,Low Risk / Low Value,One year,50,7.887083450791596,-19.612916549208403,False
5872-OEQNH,0.0587391967001033,Low Risk,44.45,Low Value,Low Risk / Low Value,One year,60,10.18273344394641,-17.31726655605359,False
2233-TXSIU,0.1407241754062169,Low Risk,44.45,Low Value,Low Risk / Low Value,One year,17,24.39523942754473,-3.1047605724552696,False
5160-UXJED,0.1028745326478341,Low Risk,44.6,Low Value,Low Risk / Low Value,One year,17,17.893996208764264,-9.606003791235736,False
2599-CZABP,0.1832702740179891,Low Risk,44.6,Low Value,Low Risk / Low Value,One year,14,31.878031462689023,4.378031462689023,True
9702-AIUJO,0.0384573894925134,Low Risk,44.8,Low Value,Low Risk / Low Value,One year,50,6.719275092131941,-20.78072490786806,False
2137-DQMEV,0.0148494535264684,Low Risk,44.8,Low Value,Low Risk / Low Value,One year,68,2.5944965201445593,-24.90550347985544,False
4081-DYXAV,0.3268880820108807,High Risk,44.85,Low Value,High Risk / Low Value,One year,19,57.1776288649332,29.677628864933197,True
0234-TEVTT,0.0409331491082581,Low Risk,45.0,Low Value,Low Risk / Low Value,One year,48,7.183767668499296,-20.316232331500704,False
6968-MHOMU,0.0782736686515718,Low Risk,45.0,Low Value,Low Risk / Low Value,One year,58,13.737028848350851,-13.762971151649149,False
7338-ERIVA,0.0461947027304127,Low Risk,45.05,Low Value,Low Risk / Low Value,One year,39,8.116178296219859,-19.383821703780143,False
7269-JISCY,0.0264058302655904,Low Risk,45.05,Low Value,Low Risk / Low Value,One year,55,4.6393723485129055,-22.860627651487093,False
3941-XTSKM,0.0908538509497142,Low Risk,45.1,Low Value,Low Risk / Low Value,One year,42,15.980283843545232,-11.519716156454768,False
7136-RVDTZ,0.0848508860422476,Low Risk,45.25,Low Value,Low Risk / Low Value,One year,70,14.974060114305646,-12.525939885694354,False
8224-UAXBZ,0.0531016344399892,Low Risk,45.35,Low Value,Low Risk / Low Value,One year,58,9.39182057522869,-18.108179424771308,False
5386-THSLQ,0.036178022887308,Low Risk,45.55,Low Value,Low Risk / Low Value,One year,66,6.42684487581583,-21.07315512418417,False
2212-LYASK,0.1558380300579362,Low Risk,45.85,Low Value,Low Risk / Low Value,One year,27,27.866177344809863,0.36617734480986286,True
2834-JKOOW,0.0928430452886005,Low Risk,45.9,Low Value,Low Risk / Low Value,One year,15,16.619833537112378,-10.880166462887622,False
1337-BOZWO,0.1593868731231862,Low Risk,46.4,Low Value,Low Risk / Low Value,One year,18,28.84264856037177,1.3426485603717708,True
8672-OAUPW,0.0178169785766971,Low Risk,47.85,Low Value,Low Risk / Low Value,One year,51,3.32491545709033,-24.17508454290967,False
2483-XSSMZ,0.0708806317925122,Low Risk,47.85,Low Value,Low Risk / Low Value,One year,39,13.227389101959666,-14.272610898040334,False
9139-TWBAS,0.109384160194148,Low Risk,47.85,Low Value,Low Risk / Low Value,One year,26,20.41272505463093,-7.087274945369071,False
1208-DNHLN,0.1391266983438595,Low Risk,48.35,Low Value,Low Risk / Low Value,One year,23,26.234425873209865,-1.2655741267901348,False
7102-JJVTX,0.1044164589337081,Low Risk,48.6,Low Value,Low Risk / Low Value,One year,9,19.791095626295036,-7.708904373704964,False
7801-CEDNV,0.0575658794547706,Low Risk,48.7,Low Value,Low Risk / Low Value,One year,27,10.93348748484458,-16.56651251515542,False
6937-GCDGQ,0.0997338040371603,Low Risk,48.95,Low Value,Low Risk / Low Value,One year,19,19.03968185971409,-8.46031814028591,False
6281-FKEWS,0.197861543570808,High Risk,49.05,Low Value,High Risk / Low Value,One year,44,37.84992397737772,10.34992397737772,True
8124-NZVGJ,0.3782878393751742,High Risk,49.25,Low Value,High Risk / Low Value,One year,6,72.65963674798658,45.15963674798658,True
4702-HDRKD,0.0233611164008347,Low Risk,49.35,Low Value,Low Risk / Low Value,One year,67,4.496197268086651,-23.00380273191335,False
5498-IBWPI,0.0137693396783706,Low Risk,49.4,Low Value,Low Risk / Low Value,One year,66,2.6528009824348797,-24.84719901756512,False
8050-WYBND,0.2590515791391401,High Risk,49.45,Low Value,High Risk / Low Value,One year,22,49.95939229487887,22.459392294878867,True
0489-WMEMG,0.1161555261565427,Low Risk,49.45,Low Value,Low Risk / Low Value,One year,23,22.401173996920043,-5.098826003079957,False
8865-TNMNX,0.1193073588803786,Low Risk,49.55,Low Value,Low Risk / Low Value,One year,10,23.055550566838765,-4.444449433161235,False
1534-OULXE,0.0177159565553849,Low Risk,49.7,Low Value,Low Risk / Low Value,One year,61,3.4338838591302556,-24.066116140869745,False
8563-IIOXK,0.1979773955248518,High Risk,49.75,Low Value,High Risk / Low Value,One year,7,38.41256416670937,10.912564166709373,True
9830-ECLEN,0.0243466278145988,Low Risk,50.0,Low Value,Low Risk / Low Value,One year,58,4.747592423846766,-22.752407576153235,False
4611-ANLQC,0.0369007621621023,Low Risk,50.05,Low Value,Low Risk / Low Value,One year,60,7.202844270231559,-20.29715572976844,False
1925-LFCZZ,0.1167096863835699,Low Risk,50.05,Low Value,Low Risk / Low Value,One year,55,22.781147233640926,-4.718852766359074,False
3606-SBKRY,0.286941203750154,High Risk,50.05,Low Value,High Risk / Low Value,One year,31,56.0094882660113,28.509488266011303,True
3926-YZVVX,0.0353820765728426,Low Risk,50.05,Low Value,Low Risk / Low Value,One year,41,6.906404436636011,-20.59359556336399,False
5777-KJIRB,0.0667266963555248,Low Risk,50.25,Low Value,Low Risk / Low Value,One year,40,13.076764318273973,-14.423235681726027,False
0104-PPXDV,0.0213772551588852,Low Risk,50.3,Low Value,Low Risk / Low Value,One year,58,4.19357614451851,-23.30642385548149,False
0980-FEXWF,0.0709953632474239,Low Risk,50.35,Low Value,Low Risk / Low Value,One year,26,13.941004504080396,-13.558995495919604,False
4023-RTIQM,0.138513931375248,Low Risk,50.4,Low Value,Low Risk / Low Value,One year,31,27.22629835111875,-0.27370164888125004,False
0254-WWRKD,0.0117386785827902,Low Risk,50.55,Low Value,Low Risk / Low Value,One year,67,2.3142217892041743,-25.185778210795824,False
6778-JFCMK,0.2142724506750565,High Risk,50.6,Low Value,High Risk / Low Value,One year,24,42.28452541621566,14.784525416215658,True
2405-LBMUW,0.0236537575942685,Low Risk,50.7,Low Value,Low Risk / Low Value,One year,61,4.677057489114711,-22.82294251088529,False
6537-OTKMY,0.3566624940976949,High Risk,50.75,Low Value,High Risk / Low Value,One year,15,70.59242414428627,43.09242414428627,True
8314-DPQHL,0.1616992565031619,Low Risk,50.8,Low Value,Low Risk / Low Value,One year,9,32.035856698406434,4.535856698406434,True
3315-IKYZQ,0.0670277302530295,Low Risk,50.8,Low Value,Low Risk / Low Value,One year,28,13.279533917730202,-14.220466082269798,False
1834-ABKHQ,0.0366768964419079,Low Risk,50.95,Low Value,Low Risk / Low Value,One year,52,7.2878827074893096,-20.21211729251069,False
5315-CKEQK,0.1898747836555342,Low Risk,51.0,Low Value,Low Risk / Low Value,One year,28,37.76609446908576,10.266094469085758,True
1094-BKOSX,0.0457730449981338,Low Risk,51.0,Low Value,Low Risk / Low Value,One year,45,9.104258650128813,-18.395741349871187,False
3181-VTHOE,0.026574945554525,Low Risk,51.05,Low Value,Low Risk / Low Value,One year,70,5.290938785178155,-22.209061214821844,False
6682-VCIXC,0.0482364191377254,Low Risk,51.25,Low Value,Low Risk / Low Value,One year,43,9.641254275152866,-17.858745724847132,False
8190-ZTQFB,0.2068302382907537,High Risk,51.35,Low Value,High Risk / Low Value,One year,41,41.42085767129779,13.920857671297789,True
0983-TATYJ,0.0652935073306922,Low Risk,51.45,Low Value,Low Risk / Low Value,One year,33,13.101468713440045,-14.398531286559955,False
0080-EMYVY,0.1149163101155684,Low Risk,51.45,Low Value,Low Risk / Low Value,One year,14,23.05853220623938,-4.441467793760619,False
4189-NAKJS,0.1387482599329252,Low Risk,51.55,Low Value,Low Risk / Low Value,One year,26,27.894643918214946,0.39464391821494615,True
7614-QVWQL,0.094570141665488,Low Risk,51.8,Low Value,Low Risk / Low Value,One year,49,19.105060019261884,-8.394939980738116,False
6229-UOLQL,0.0265442108730041,Low Risk,52.0,Low Value,Low Risk / Low Value,One year,56,5.383165965045232,-22.116834034954767,False
9150-HEPMB,0.0181401257926266,Low Risk,52.7,Low Value,Low Risk / Low Value,One year,56,3.7283400541585454,-23.771659945841456,False
8318-LCNBW,0.1060379123822253,Low Risk,53.15,Low Value,Low Risk / Low Value,One year,35,21.980068668149574,-5.519931331850426,False
2550-AEVRU,0.0190016039696764,Low Risk,53.45,Low Value,Low Risk / Low Value,One year,57,3.960979355498895,-23.539020644501104,False
8996-ZROXE,0.0426477993784254,Low Risk,53.5,Low Value,Low Risk / Low Value,One year,57,8.89846334030846,-18.60153665969154,False
4598-ZADCK,0.0527969335311103,Low Risk,53.6,Low Value,Low Risk / Low Value,One year,53,11.036670985343296,-16.463329014656704,False
3863-IUBJR,0.1558638847358946,Low Risk,53.65,Low Value,Low Risk / Low Value,One year,12,32.61217992271491,5.112179922714908,True
2703-AMTUL,0.0307056991990812,Low Risk,53.65,Low Value,Low Risk / Low Value,One year,36,6.424706971919754,-21.075293028080246,False
5062-CJJKH,0.0666843165119164,Low Risk,53.65,Low Value,Low Risk / Low Value,One year,25,13.952692965370828,-13.547307034629172,False
1122-YJBCS,0.0128811084008295,Low Risk,53.65,Low Value,Low Risk / Low Value,One year,69,2.6951787162475602,-24.80482128375244,False
7841-FCRQD,0.0576336956878566,Low Risk,53.75,Low Value,Low Risk / Low Value,One year,33,12.08146345856694,-15.41853654143306,False
8668-KNZTI,0.0297497526950868,Low Risk,53.75,Low Value,Low Risk / Low Value,One year,52,6.236291908707571,-21.26370809129243,False
2450-ZKEED,0.1175424692232373,Low Risk,53.8,Low Value,Low Risk / Low Value,One year,11,24.66276089241965,-2.8372391075803485,False
8259-DZLIZ,0.0275090333610644,Low Risk,53.85,Low Value,Low Risk / Low Value,One year,64,5.77730964132394,-21.72269035867606,False
8627-EHGIP,0.1274945820664679,Low Risk,53.95,Low Value,Low Risk / Low Value,One year,44,26.82549753969518,-0.6745024603048186,False
8883-GRDWQ,0.0671373251778035,Low Risk,54.0,Low Value,Low Risk / Low Value,One year,20,14.13912068244542,-13.36087931755458,False
6738-ISCBM,0.1451007281492229,Low Risk,54.0,Low Value,Low Risk / Low Value,One year,44,30.558213348226346,3.058213348226346,True
9200-NLNPD,0.069385391284686,Low Risk,54.05,Low Value,Low Risk / Low Value,One year,56,14.626093555855384,-12.873906444144616,False
3340-QBBFM,0.0492699394749148,Low Risk,54.1,Low Value,Low Risk / Low Value,One year,36,10.395464529812273,-17.104535470187727,False
9705-ZJBCG,0.0672492487684383,Low Risk,54.15,Low Value,Low Risk / Low Value,One year,13,14.202032601162642,-13.297967398837358,False
5906-CVLHP,0.0291068140396366,Low Risk,54.15,Low Value,Low Risk / Low Value,One year,45,6.146922522960656,-21.353077477039342,False
8409-WQJUX,0.218212263771847,High Risk,54.2,Low Value,High Risk / Low Value,One year,25,46.125708316093025,18.625708316093025,True
3354-OADJP,0.0941557890054261,Low Risk,54.25,Low Value,Low Risk / Low Value,One year,8,19.921011058823026,-7.5789889411769735,False
6994-ORCWG,0.2027681823044018,High Risk,54.25,Low Value,High Risk / Low Value,One year,14,42.90067817105381,15.400678171053812,True
3482-ABPKK,0.0413157923099891,Low Risk,54.3,Low Value,Low Risk / Low Value,One year,28,8.749445337486392,-18.750554662513608,False
6981-TDRFT,0.1253299841623441,Low Risk,54.3,Low Value,Low Risk / Low Value,One year,44,26.541130746059604,-0.9588692539403958,False
3422-WJOYD,0.0389007684386029,Low Risk,54.35,Low Value,Low Risk / Low Value,One year,28,8.245601382088465,-19.254398617911534,False
0557-ASKVU,0.0964487451908536,Low Risk,54.4,Low Value,Low Risk / Low Value,One year,18,20.462565779691502,-7.037434220308498,False
9931-DCEZH,0.0578867814638578,Low Risk,54.4,Low Value,Low Risk / Low Value,One year,28,12.28125955537207,-15.21874044462793,False
1099-BTKWT,0.0593955894823582,Low Risk,54.4,Low Value,Low Risk / Low Value,One year,68,12.601368264577118,-14.898631735422882,False
8570-KLJYJ,0.0531329833376148,Low Risk,54.45,Low Value,Low Risk / Low Value,One year,36,11.283054676659193,-16.21694532334081,False
6094-ZIVKX,0.0149933028585229,Low Risk,54.45,Low Value,Low Risk / Low Value,One year,68,3.1839028285216306,-24.31609717147837,False
9411-TPQQV,0.0976488528689712,Low Risk,54.55,Low Value,Low Risk / Low Value,One year,40,20.774305203609277,-6.725694796390723,False
2812-ENYMO,0.1064087166592925,Low Risk,54.55,Low Value,Low Risk / Low Value,One year,26,22.637922425681182,-4.862077574318818,False
1877-HKBQX,0.1087912579546763,Low Risk,54.6,Low Value,Low Risk / Low Value,One year,11,23.166010468868773,-4.333989531131227,False
7901-IIDQV,0.0888989733127346,Low Risk,54.6,Low Value,Low Risk / Low Value,One year,24,18.930147377213707,-8.569852622786293,False
6576-FBXOJ,0.2703592243859625,High Risk,54.6,Low Value,High Risk / Low Value,One year,17,57.57029324074686,30.070293240746857,True
6195-MELTI,0.0218849989128958,Low Risk,54.65,Low Value,Low Risk / Low Value,One year,57,4.664459243300046,-22.835540756699956,False
1708-PBBOA,0.0818468599889878,Low Risk,54.75,Low Value,Low Risk / Low Value,One year,42,17.47635077914862,-10.023649220851379,False
1042-HFUCW,0.0645072394900329,Low Risk,54.75,Low Value,Low Risk / Low Value,One year,25,13.773908312109274,-13.726091687890726,False
8050-XGRVL,0.0119531633355805,Low Risk,54.75,Low Value,Low Risk / Low Value,One year,62,2.5522992012298267,-24.947700798770175,False
2430-RRYUW,0.0140586390074673,Low Risk,54.8,Low Value,Low Risk / Low Value,One year,66,3.0046123286759117,-24.49538767132409,False
2724-FJDYW,0.0872357551567465,Low Risk,54.85,Low Value,Low Risk / Low Value,One year,39,18.661036564355427,-8.838963435644573,False
2511-MORQY,0.0372556402775867,Low Risk,54.9,Low Value,Low Risk / Low Value,One year,50,7.97680513983409,-19.52319486016591,False
5944-UGLLK,0.0553929523772567,Low Risk,54.9,Low Value,Low Risk / Low Value,One year,53,11.860185033494432,-15.639814966505568,False
6461-PPAXN,0.0388779201709161,Low Risk,54.95,Low Value,Low Risk / Low Value,One year,35,8.331732682228175,-19.168267317771825,False
2188-SXWVT,0.0392533545851157,Low Risk,55.0,Low Value,Low Risk / Low Value,One year,34,8.419844558507318,-19.080155441492682,False
2519-TWKFS,0.1005148446826822,Low Risk,55.1,Low Value,Low Risk / Low Value,One year,25,21.59963497386158,-5.90036502613842,False
9987-LUTYD,0.0736133329513573,Low Risk,55.15,Low Value,Low Risk / Low Value,One year,13,15.833123717842685,-11.666876282157315,False
4576-CSAJH,0.0831080444557405,Low Risk,55.15,Low Value,Low Risk / Low Value,One year,22,17.875293741762945,-9.624706258237055,False
6586-PSJOX,0.0782110572156321,Low Risk,55.2,Low Value,Low Risk / Low Value,One year,15,16.83727639738128,-10.662723602618719,False
6303-KFWSL,0.1628904214309752,Low Risk,55.25,Low Value,Low Risk / Low Value,One year,29,35.09881355783938,7.598813557839378,True
5724-BIDBU,0.0602799644172707,Low Risk,55.35,Low Value,Low Risk / Low Value,One year,49,13.012334518934143,-14.487665481065857,False
1301-LOPVR,0.0786113848138572,Low Risk,55.35,Low Value,Low Risk / Low Value,One year,29,16.969446582843283,-10.530553417156717,False
2039-JONDJ,0.0525310345911029,Low Risk,55.45,Low Value,Low Risk / Low Value,One year,27,11.360098885498957,-16.139901114501043,False
9619-GSATL,0.0403542782008635,Low Risk,55.45,Low Value,Low Risk / Low Value,One year,43,8.726814432327735,-18.773185567672265,False
6008-NAIXK,0.145361185412729,Low Risk,55.45,Low Value,Low Risk / Low Value,One year,54,31.43508315142971,3.9350831514297084,True
6693-DJWTY,0.0319728470034087,Low Risk,55.6,Low Value,Low Risk / Low Value,One year,35,6.932992144219144,-20.567007855780858,False
6416-JNVRK,0.0515607063475733,Low Risk,55.65,Low Value,Low Risk / Low Value,One year,46,11.19047790214557,-16.30952209785443,False
3800-LYTRK,0.0701976530135072,Low Risk,55.7,Low Value,Low Risk / Low Value,One year,14,15.249036164124167,-12.250963835875833,False
9894-QMIMJ,0.0881670274941788,Low Risk,55.8,Low Value,Low Risk / Low Value,One year,23,19.18690852328319,-8.31309147671681,False
6784-XYJAE,0.1021150017334937,Low Risk,55.8,Low Value,Low Risk / Low Value,One year,36,22.2222666772429,-5.277733322757101,False
1371-WEPDS,0.1085737916273499,Low Risk,55.8,Low Value,Low Risk / Low Value,One year,40,23.627828533943884,-3.872171466056116,False
5306-BVTKJ,0.0353828772333609,Low Risk,55.8,Low Value,Low Risk / Low Value,One year,48,7.700021743523999,-19.799978256476003,False
7746-QYVCO,0.0899014012452268,Low Risk,55.85,Low Value,Low Risk / Low Value,One year,16,19.58187371222908,-7.918126287770921,False
2858-MOFSQ,0.175282815386361,Low Risk,55.85,Low Value,Low Risk / Low Value,One year,17,38.17922643338022,10.679226433380222,True
3067-SVMTC,0.0086520161462644,Low Risk,55.9,Low Value,Low Risk / Low Value,One year,68,1.8862260400471018,-25.613773959952898,False
2898-LSJGD,0.2703020595625296,High Risk,55.95,Low Value,High Risk / Low Value,One year,21,58.981260906841776,31.481260906841776,True
6933-FHBZC,0.1036610740953359,Low Risk,56.05,Low Value,Low Risk / Low Value,One year,26,22.65979249186995,-4.8402075081300495,False
7995-ZHHNZ,0.0405012168650726,Low Risk,56.1,Low Value,Low Risk / Low Value,One year,42,8.861261237909234,-18.638738762090767,False
8109-YUOHE,0.0732576739361811,Low Risk,56.1,Low Value,Low Risk / Low Value,One year,17,16.028046480497064,-11.471953519502936,False
6388-TABGU,0.0112622454952087,Low Risk,56.15,Low Value,Low Risk / Low Value,One year,62,2.4662628297682767,-25.033737170231724,False
0743-HRVFF,0.1015250610329768,Low Risk,56.15,Low Value,Low Risk / Low Value,One year,51,22.232465490306424,-5.267534509693576,False
6728-CZFEI,0.1631635669289554,Low Risk,56.15,Low Value,Low Risk / Low Value,One year,15,35.7303737039373,8.230373703937303,True
6584-VQMYT,0.0438348506477158,Low Risk,56.2,Low Value,Low Risk / Low Value,One year,27,9.60772256496635,-17.892277435033648,False
0661-WCQNQ,0.0676986083415966,Low Risk,56.25,Low Value,Low Risk / Low Value,One year,22,14.851382204937757,-12.648617795062243,False
7508-KBIMB,0.0747911035183932,Low Risk,56.25,Low Value,Low Risk / Low Value,One year,24,16.40729833434751,-11.092701665652491,False
2746-DIJLO,0.0745404011513471,Low Risk,56.3,Low Value,Low Risk / Low Value,One year,41,16.366835880801283,-11.133164119198717,False
1264-FUHCX,0.0781203894504669,Low Risk,56.3,Low Value,Low Risk / Low Value,One year,49,17.15289391163902,-10.347106088360981,False
6968-URWQU,0.0756953456339787,Low Risk,56.35,Low Value,Low Risk / Low Value,One year,43,16.63518763325133,-10.86481236674867,False
9060-HJJRW,0.0986498335560549,Low Risk,56.4,Low Value,Low Risk / Low Value,One year,51,21.699017388989834,-5.800982611010166,False
2639-UGMAZ,0.0563789702033225,Low Risk,56.45,Low Value,Low Risk / Low Value,One year,71,12.412112185112466,-15.087887814887534,False
2725-IWWBA,0.0167926896997605,Low Risk,56.9,Low Value,Low Risk / Low Value,One year,46,3.726465771273852,-23.77353422872615,False
5575-GNVDE,0.0419261963756448,Low Risk,56.95,Low Value,Low Risk / Low Value,One year,34,9.312017846012587,-18.187982153987413,False
6064-PUPMC,0.0410789806090484,Low Risk,57.2,Low Value,Low Risk / Low Value,One year,23,9.163898994266518,-18.336101005733482,False
5989-OMNJE,0.1730389848854092,Low Risk,57.6,Low Value,Low Risk / Low Value,One year,24,38.87147756465832,11.37147756465832,True
6543-JXSOO,0.0523913092780742,Low Risk,57.75,Low Value,Low Risk / Low Value,One year,23,11.799832632154263,-15.700167367845737,False
4549-ZDQYY,0.0155989839224533,Low Risk,57.95,Low Value,Low Risk / Low Value,One year,52,3.525448361394058,-23.97455163860594,False
2282-YGNOR,0.0388361245180414,Low Risk,58.0,Low Value,Low Risk / Low Value,One year,29,8.784731365980965,-18.715268634019033,False
6296-DDOOR,0.168530750942687,Low Risk,58.2,Low Value,Low Risk / Low Value,One year,19,38.25310984897109,10.753109848971093,True
2680-XKKNJ,0.0820946059848116,Low Risk,58.2,Low Value,Low Risk / Low Value,One year,8,18.633833666432537,-8.866166333567463,False
6152-ONASV,0.0119842855940651,Low Risk,58.25,Low Value,Low Risk / Low Value,One year,68,2.7225300798317393,-24.77746992016826,False
9357-UJRUN,0.1158614233499557,Low Risk,58.35,Low Value,Low Risk / Low Value,One year,24,26.366004804632666,-1.1339951953673335,False
6872-HXFNF,0.0199266799142604,Low Risk,58.35,Low Value,Low Risk / Low Value,One year,64,4.534614914688667,-22.965385085311333,False
8821-KVZKQ,0.033864074821552,Low Risk,58.4,Low Value,Low Risk / Low Value,One year,70,7.712881681356684,-19.787118318643316,False
5844-QVTAT,0.0493999192026567,Low Risk,58.45,Low Value,Low Risk / Low Value,One year,33,11.260958581841608,-16.239041418158394,False
3055-VTCGS,0.0249098674850914,Low Risk,58.55,Low Value,Low Risk / Low Value,One year,63,5.688043690883195,-21.811956309116805,False
1898-JSNDC,0.0789323769532771,Low Risk,58.6,Low Value,Low Risk / Low Value,One year,39,18.039205428901948,-9.460794571098052,False
8680-CGLTP,0.0665264196379899,Low Risk,58.75,Low Value,Low Risk / Low Value,One year,29,15.242865899554438,-12.257134100445562,False
2027-DNKIV,0.034056490007755,Low Risk,58.75,Low Value,Low Risk / Low Value,One year,37,7.803193273026865,-19.696806726973136,False
5837-LXSDN,0.1326163122633467,Low Risk,58.85,Low Value,Low Risk / Low Value,One year,21,30.437432909122016,2.937432909122016,True
4565-EVZMJ,0.0244233379189266,Low Risk,58.9,Low Value,Low Risk / Low Value,One year,47,5.61028495335663,-21.88971504664337,False
6941-KXRRV,0.075687501655728,Low Risk,58.95,Low Value,Low Risk / Low Value,One year,48,17.400935068160145,-10.099064931839855,False
9473-CBZOP,0.0735170967456369,Low Risk,59.0,Low Value,Low Risk / Low Value,One year,28,16.91628396117105,-10.58371603882895,False
7228-PAQPD,0.1203172780621784,Low Risk,59.1,Low Value,Low Risk / Low Value,One year,14,27.731929420551502,0.23192942055150212,True
7629-WIXZF,0.269637148229469,High Risk,59.1,Low Value,High Risk / Low Value,One year,7,62.148666295410315,34.648666295410315,True
5795-BKOYE,0.0094129466512652,Low Risk,59.1,Low Value,Low Risk / Low Value,One year,69,2.169590073650116,-25.330409926349883,False
4328-VUFWD,0.0683608260268216,Low Risk,59.3,Low Value,Low Risk / Low Value,One year,39,15.80980823522303,-11.69019176477697,False
7153-CHRBV,0.0152806813554471,Low Risk,59.3,Low Value,Low Risk / Low Value,One year,57,3.5339631770742503,-23.96603682292575,False
5294-CDGWY,0.0640825818160018,Low Risk,59.3,Low Value,Low Risk / Low Value,One year,51,14.820378696586733,-12.679621303413267,False
8383-SGHJU,0.0627305265615958,Low Risk,59.4,Low Value,Low Risk / Low Value,One year,33,14.532153783259286,-12.967846216740714,False
4547-FZJWE,0.0207588145052086,Low Risk,59.45,Low Value,Low Risk / Low Value,One year,55,4.813034937105141,-22.68696506289486,False
3205-MXZRA,0.0756299026757062,Low Risk,59.45,Low Value,Low Risk / Low Value,One year,26,17.53517108487586,-9.96482891512414,False
3950-VPYJB,0.0100758276399097,Low Risk,59.6,Low Value,Low Risk / Low Value,One year,57,2.3420253766206107,-25.15797462337939,False
1353-GHZOS,0.1280362257423015,Low Risk,59.75,Low Value,Low Risk / Low Value,One year,22,29.83564150359981,2.3356415035998097,True
6047-SUHPR,0.0386725274820451,Low Risk,59.8,Low Value,Low Risk / Low Value,One year,39,9.01920685936256,-18.480793140637438,False
1752-OZXFY,0.028957375530647,Low Risk,59.8,Low Value,Low Risk / Low Value,One year,60,6.753439121257493,-20.746560878742507,False
1699-HPSBG,0.2319948803855362,High Risk,59.8,Low Value,High Risk / Low Value,One year,12,54.105846003514756,26.605846003514756,True
9127-QRZMH,0.027514889432904,Low Risk,59.85,Low Value,Low Risk / Low Value,One year,44,6.422387916981288,-21.077612083018714,False
3401-URHDA,0.0209871634102815,Low Risk,59.9,Low Value,Low Risk / Low Value,One year,51,4.902811244275862,-22.59718875572414,False
5753-QQWPW,0.0696511691013251,Low Risk,59.9,Low Value,Low Risk / Low Value,One year,28,16.271209613760558,-11.228790386239442,False
4785-QRJHC,0.1157320148616699,Low Risk,59.9,Low Value,Low Risk / Low Value,One year,46,27.036155991834704,-0.4638440081652959,False
6933-VLYFX,0.1101391238525631,Low Risk,59.95,Low Value,Low Risk / Low Value,One year,31,25.751077852348516,-1.7489221476514842,False
3275-RHRNE,0.1432374659799633,Low Risk,60.0,Low Value,Low Risk / Low Value,One year,28,33.517567039311416,6.017567039311416,True
1183-CANVH,0.0927287652560933,Low Risk,60.0,Low Value,Low Risk / Low Value,One year,23,21.698531069925835,-5.801468930074165,False
3605-JISKB,0.0271764400317989,Low Risk,60.0,Low Value,Low Risk / Low Value,One year,55,6.3592869674409425,-21.140713032559056,False
2634-HCZGT,0.0494697369023518,Low Risk,60.05,Low Value,Low Risk / Low Value,One year,53,11.58556503384628,-15.91443496615372,False
5196-WPYOW,0.0065126082390086,Low Risk,60.05,Low Value,Low Risk / Low Value,One year,67,1.5252202865346192,-25.97477971346538,False
7876-AEHIG,0.0406137847414111,Low Risk,60.15,Low Value,Low Risk / Low Value,One year,51,9.527384693563924,-17.972615306436076,False
4445-KWOKW,0.054233645417906,Low Risk,60.15,Low Value,Low Risk / Low Value,One year,42,12.722399710359479,-14.777600289640521,False
8220-OCUFY,0.1006691328647661,Low Risk,60.25,Low Value,Low Risk / Low Value,One year,21,23.654729494898415,-3.8452705051015847,False
3489-VSFRD,0.0179935412860984,Low Risk,60.25,Low Value,Low Risk / Low Value,One year,56,4.228032363700972,-23.271967636299028,False
9720-JJJOR,0.0372293657406424,Low Risk,60.3,Low Value,Low Risk / Low Value,One year,41,8.755229941226874,-18.744770058773128,False
2292-XQWSV,0.0713388464658507,Low Risk,60.3,Low Value,Low Risk / Low Value,One year,40,16.77675652337411,-10.723243476625889,False
0378-XSZPU,0.0148272547010279,Low Risk,60.3,Low Value,Low Risk / Low Value,One year,58,3.4869254880407317,-24.013074511959267,False
8869-TORSS,0.0252152564993756,Low Risk,60.35,Low Value,Low Risk / Low Value,One year,48,5.934788845975538,-21.56521115402446,False
7781-EWARA,0.0313001414858574,Low Risk,60.35,Low Value,Low Risk / Low Value,One year,70,7.3669578008188275,-20.133042199181173,False
3441-CGZJH,0.0703047490205707,Low Risk,60.4,Low Value,Low Risk / Low Value,One year,43,16.560986679285634,-10.939013320714366,False
2794-XIMMO,0.0958498794080587,Low Risk,60.45,Low Value,Low Risk / Low Value,One year,53,22.59708831984688,-4.902911680153121,False
2239-CGBUZ,0.021987421399168,Low Risk,60.5,Low Value,Low Risk / Low Value,One year,51,5.18793207913369,-22.312067920866312,False
2969-VAPYH,0.0071900910869078,Low Risk,60.5,Low Value,Low Risk / Low Value,One year,67,1.6965019919558957,-25.803498008044105,False
9640-ZSLDC,0.0342454313816544,Low Risk,60.6,Low Value,Low Risk / Low Value,One year,53,8.093565252740202,-19.406434747259798,False
0657-DOGUM,0.0373303745997423,Low Risk,60.6,Low Value,Low Risk / Low Value,One year,48,8.822660732903094,-18.677339267096905,False
0993-OSGPT,0.018660646041341,Low Risk,60.65,Low Value,Low Risk / Low Value,One year,68,4.413895911388593,-23.086104088611407,False
7750-EYXWZ,0.2835821415062106,High Risk,60.65,Low Value,High Risk / Low Value,One year,12,67.07710184117153,39.577101841171526,True
4730-AWNAU,0.06480955512959,Low Risk,60.7,Low Value,Low Risk / Low Value,One year,36,15.34236598582784,-12.15763401417216,False
7105-MXJLL,0.1311693488808601,Low Risk,60.7,Low Value,Low Risk / Low Value,One year,26,31.05171996056601,3.551719960566011,True
4086-ATNFV,0.0461906994198743,Low Risk,60.8,Low Value,Low Risk / Low Value,One year,34,10.952738646440594,-16.547261353559406,False
9955-QOPOY,0.0374990542448407,Low Risk,60.8,Low Value,Low Risk / Low Value,One year,69,8.891775742536627,-18.608224257463373,False
3740-RLMVT,0.0141731074729213,Low Risk,60.95,Low Value,Low Risk / Low Value,One year,67,3.369018511850758,-24.130981488149242,False
4636-OLWOE,0.0308972683418239,Low Risk,61.0,Low Value,Low Risk / Low Value,One year,54,7.350460138519907,-20.149539861480093,False
7670-ZBPOQ,0.0244294271496542,Low Risk,61.05,Low Value,Low Risk / Low Value,One year,58,5.816524457196916,-21.683475542803084,False
6402-SSEJG,0.1865406747151124,Low Risk,61.05,Low Value,Low Risk / Low Value,One year,25,44.41440194629469,16.91440194629469,True
7470-DYNOE,0.0786341840373085,Low Risk,61.1,Low Value,Low Risk / Low Value,One year,53,18.737739714250242,-8.762260285749758,False
3727-OWVYD,0.0352650241649273,Low Risk,61.2,Low Value,Low Risk / Low Value,One year,35,8.417055967684849,-19.08294403231515,False
9314-QDMDW,0.2770296938278464,High Risk,61.25,Low Value,High Risk / Low Value,One year,11,66.17546811312681,38.67546811312681,True
0020-JDNXP,0.0704742814039067,Low Risk,61.25,Low Value,Low Risk / Low Value,One year,34,16.834543970358215,-10.665456029641785,False
8788-DOXSU,0.0459204364512036,Low Risk,61.35,Low Value,Low Risk / Low Value,One year,59,10.98715322749723,-16.51284677250277,False
2580-ATZSQ,0.0102772974581902,Low Risk,61.35,Low Value,Low Risk / Low Value,One year,65,2.4589975763338785,-25.04100242366612,False
2348-KCJLT,0.0369141967060789,Low Risk,61.5,Low Value,Low Risk / Low Value,One year,44,8.853870079953024,-18.646129920046974,False
1402-PTHGN,0.0614180422201098,Low Risk,61.5,Low Value,Low Risk / Low Value,One year,18,14.731117426493336,-12.768882573506664,False
9052-DHNKM,0.0939881677984113,Low Risk,61.55,Low Value,Low Risk / Low Value,One year,26,22.56138973916964,-4.938610260830359,False
0074-HDKDG,0.0678878278456128,Low Risk,61.6,Low Value,Low Risk / Low Value,One year,25,16.30937176163002,-11.190628238369982,False
9798-DRYDS,0.1293052292341733,Low Risk,61.95,Low Value,Low Risk / Low Value,One year,17,31.240789909122444,3.7407899091224444,True
0384-LPITE,0.0771415680296262,Low Risk,62.05,Low Value,Low Risk / Low Value,One year,40,18.667873755329392,-8.832126244670608,False
1536-YHDOE,0.0930077679035746,Low Risk,62.1,Low Value,Low Risk / Low Value,One year,17,22.525551308566733,-4.974448691433267,False
4808-YNLEU,0.0806143241148287,Low Risk,62.15,Low Value,Low Risk / Low Value,One year,35,19.539702950572757,-7.960297049427243,False
7931-PXHFC,0.0710034571765499,Low Risk,62.3,Low Value,Low Risk / Low Value,One year,38,17.251709990186328,-10.248290009813672,False
9670-BPNXF,0.0248431863253802,Low Risk,62.55,Low Value,Low Risk / Low Value,One year,45,6.060371088144873,-21.439628911855127,False
0022-TCJCI,0.0457288702067763,Low Risk,62.7,Low Value,Low Risk / Low Value,One year,45,11.182080631663009,-16.31791936833699,False
4632-XJMEX,0.01135378388691,Low Risk,62.85,Low Value,Low Risk / Low Value,One year,53,2.7829827374399443,-24.717017262560056,False
2541-YGPKE,0.0269780174116298,Low Risk,63.7,Low Value,Low Risk / Low Value,One year,42,6.702148865571191,-20.79785113442881,False
5975-BAICR,0.0604605281745727,Low Risk,63.7,Low Value,Low Risk / Low Value,One year,36,15.020209014409096,-12.479790985590904,False
5387-ASZNZ,0.0189607249995443,Low Risk,63.85,Low Value,Low Risk / Low Value,One year,66,4.721504935761525,-22.778495064238477,False
2150-WLKUW,0.0825722397089027,Low Risk,63.9,Low Value,Low Risk / Low Value,One year,40,20.577827857855645,-6.922172142144355,False
4003-OCTMP,0.0911562093709162,Low Risk,64.0,Low Value,Low Risk / Low Value,One year,31,22.752589858980684,-4.747410141019316,False
5756-OZRIO,0.0456949313523158,Low Risk,64.05,Low Value,Low Risk / Low Value,One year,61,11.414365377151725,-16.085634622848275,False
5815-HGGHV,0.0960755890764279,Low Risk,64.15,Low Value,Low Risk / Low Value,One year,20,24.036671253086112,-3.463328746913888,False
1177-XZBJL,0.0170650122606476,Low Risk,64.15,Low Value,Low Risk / Low Value,One year,53,4.269410092430121,-23.23058990756988,False
7753-USQYQ,0.0490731726483681,Low Risk,64.2,Low Value,Low Risk / Low Value,One year,55,12.286940967698406,-15.213059032301594,False
2522-WLNSF,0.0750502843807476,Low Risk,64.2,Low Value,Low Risk / Low Value,One year,34,18.79109020325158,-8.708909796748419,False
8777-PVYGU,0.0424620977518186,Low Risk,64.3,Low Value,Low Risk / Low Value,One year,52,10.648220253223549,-16.85177974677645,False
5203-XEHAX,0.0709643976304692,Low Risk,64.35,Low Value,Low Risk / Low Value,One year,34,17.809580051330705,-9.690419948669295,False
0866-QLSIR,0.0514442691941696,Low Risk,64.4,Low Value,Low Risk / Low Value,One year,34,12.92074265080764,-14.57925734919236,False
5825-XJOCM,0.0378771896927027,Low Risk,64.4,Low Value,Low Risk / Low Value,One year,48,9.513234963219212,-17.98676503678079,False
6440-DKQGE,0.0686179178948295,Low Risk,64.5,Low Value,Low Risk / Low Value,One year,30,17.26083724644436,-10.23916275355564,False
8845-LWKGE,0.1152396427756509,Low Risk,64.5,Low Value,Low Risk / Low Value,One year,30,28.988532140214986,1.4885321402149856,True
7032-LMBHI,0.0717232685713072,Low Risk,64.65,Low Value,Low Risk / Low Value,One year,37,18.08394632122654,-9.416053678773459,False
4872-VXRIL,0.0244525914559779,Low Risk,64.65,Low Value,Low Risk / Low Value,One year,56,6.165354146752989,-21.33464585324701,False
7945-HLKEA,0.0242320502778873,Low Risk,64.75,Low Value,Low Risk / Low Value,One year,60,6.11919849642349,-21.38080150357651,False
6253-WRFHY,0.3136318538186891,High Risk,64.75,Low Value,High Risk / Low Value,One year,13,79.19988388556446,51.69988388556446,True
3137-NYQQI,0.0955676843146386,Low Risk,64.8,Low Value,Low Risk / Low Value,One year,17,24.15186517999547,-3.3481348200045318,False
6718-BDGHG,0.0850207732529875,Low Risk,64.85,Low Value,Low Risk / Low Value,One year,43,21.503028867279333,-5.996971132720667,False
4223-BKEOR,0.0805913111297657,Low Risk,64.85,Low Value,Low Risk / Low Value,One year,21,20.38275145438469,-7.117248545615311,False
0484-FFVBJ,0.1549322773399534,Low Risk,64.85,Low Value,Low Risk / Low Value,One year,32,39.184696923434316,11.684696923434316,True
7105-BENQF,0.0974121409401378,Low Risk,64.85,Low Value,Low Risk / Low Value,One year,15,24.63699162587495,-2.8630083741250516,False
0895-LMRSF,0.2095771837596921,High Risk,64.9,Low Value,High Risk / Low Value,One year,23,53.04608098141567,25.54608098141567,True
5756-JYOJT,0.129705213302977,Low Risk,64.9,Low Value,Low Risk / Low Value,One year,11,32.82968653911651,5.3296865391165085,True
5081-NWSUP,0.1257946573815917,Low Risk,64.9,Low Value,Low Risk / Low Value,One year,10,31.83988572985468,4.339885729854679,True
8597-CTXVJ,0.0087658401841058,Low Risk,64.95,Low Value,Low Risk / Low Value,One year,70,2.22043114783492,-25.27956885216508,False
0303-UNCIP,0.0791684031638578,Low Risk,65.0,Low Value,Low Risk / Low Value,One year,41,20.069190202037955,-7.430809797962045,False
3957-HHLMR,0.0186997826859675,Low Risk,65.2,Low Value,Low Risk / Low Value,One year,70,4.754980741387817,-22.74501925861218,False
5127-BZENZ,0.0300978631310227,Low Risk,65.2,Low Value,Low Risk / Low Value,One year,56,7.653284636956451,-19.84671536304355,False
5446-DKWYW,0.082638597685215,Low Risk,65.2,Low Value,Low Risk / Low Value,One year,61,21.01334261939647,-6.486657380603528,False
7184-LRUUR,0.1146596567677896,Low Risk,65.25,Low Value,Low Risk / Low Value,One year,22,29.178016155983265,1.678016155983265,True
7994-XIRTR,0.0367809214781156,Low Risk,65.25,Low Value,Low Risk / Low Value,One year,54,9.359824993143468,-18.14017500685653,False
0297-RBCSG,0.1267868228078705,Low Risk,65.35,Low Value,Low Risk / Low Value,One year,19,32.31352359492791,4.813523594927908,True
7541-YLXCL,0.0700405731702289,Low Risk,65.4,Low Value,Low Risk / Low Value,One year,36,17.864548592798585,-9.635451407201415,False
9209-NWPGU,0.0395904520373651,Low Risk,65.4,Low Value,Low Risk / Low Value,One year,44,10.097940696650344,-17.402059303349656,False
2581-VKIRT,0.0126165110789086,Low Risk,65.5,Low Value,Low Risk / Low Value,One year,59,3.2228877551072026,-24.2771122448928,False
4957-TIALW,0.0480863090277693,Low Risk,65.6,Low Value,Low Risk / Low Value,One year,15,12.302401301664498,-15.197598698335502,False
0002-ORFBO,0.1487556487554193,Low Risk,65.6,Low Value,Low Risk / Low Value,One year,9,38.05764517758647,10.557645177586473,True
9114-AAFQH,0.083335671706299,Low Risk,65.65,Low Value,Low Risk / Low Value,One year,48,21.336848705322268,-6.163151294677732,False
9055-MOJJJ,0.011474239333401,Low Risk,65.8,Low Value,Low Risk / Low Value,One year,64,2.9445192977373646,-24.555480702262635,False
3161-ONRWK,0.0132313166227427,Low Risk,65.85,Low Value,Low Risk / Low Value,One year,60,3.3980005784696665,-24.101999421530333,False
7919-ZODZZ,0.1900862163886479,Low Risk,65.9,Low Value,Low Risk / Low Value,One year,10,48.854058474046404,21.354058474046404,True
5499-ECUTN,0.0471793892750559,Low Risk,66.05,Low Value,Low Risk / Low Value,One year,47,12.153174780308024,-15.346825219691976,False
0334-ZFJSR,0.0223324918659252,Low Risk,66.05,Low Value,Low Risk / Low Value,One year,55,5.752738242203002,-21.747261757797,False
6827-IEAUQ,0.0323391434158264,Low Risk,66.15,Low Value,Low Risk / Low Value,One year,27,8.343013914131976,-19.156986085868024,False
4942-VZZOM,0.0355081819175672,Low Risk,66.15,Low Value,Low Risk / Low Value,One year,64,9.160578312003576,-18.339421687996424,False
3850-OKINF,0.0331092493087944,Low Risk,66.2,Low Value,Low Risk / Low Value,One year,71,8.548145986544538,-18.95185401345546,False
9330-DHBFL,0.0507299229564012,Low Risk,66.25,Low Value,Low Risk / Low Value,One year,23,13.10734384386016,-14.39265615613984,False
1265-HVPZB,0.0202290563160238,Low Risk,66.4,Low Value,Low Risk / Low Value,One year,59,5.238516423597524,-22.261483576402476,False
4174-LPGTI,0.0520326639205424,Low Risk,66.5,Low Value,Low Risk / Low Value,One year,41,13.494671387792671,-14.005328612207329,False
1866-DIOQZ,0.0200971694273555,Low Risk,66.8,Low Value,Low Risk / Low Value,One year,71,5.235714579214655,-22.264285420785345,False
9803-FTJCG,0.0109319457900676,Low Risk,66.85,Low Value,Low Risk / Low Value,One year,71,2.8501222466574743,-24.649877753342526,False
9253-VIFJQ,0.0153906082745493,Low Risk,67.05,Low Value,Low Risk / Low Value,One year,65,4.024567110753269,-23.475432889246733,False
9207-ZPANB,0.0472253152128328,Low Risk,67.45,Low Value,Low Risk / Low Value,One year,37,12.422855293311734,-15.077144706688266,False
0628-CNQRM,0.0823504674340722,Low Risk,67.5,Low Value,Low Risk / Low Value,One year,22,21.678760552019508,-5.821239447980492,False
8738-JOKAR,0.0409063387415045,Low Risk,67.7,Low Value,Low Risk / Low Value,One year,42,10.800500617919433,-16.699499382080567,False
6252-DFGTK,0.0360082283789705,Low Risk,68.1,Low Value,Low Risk / Low Value,One year,37,9.563425375170773,-17.936574624829227,False
1474-JUWSM,0.0481570221472959,Low Risk,68.4,Low Value,Low Risk / Low Value,One year,58,12.846367228012655,-14.653632771987345,False
5820-PTRYM,0.0303461086041565,Low Risk,68.45,Low Value,Low Risk / Low Value,One year,56,8.1010454224226,-19.3989545775774,False
1338-CECEE,0.0676383048231955,Low Risk,68.5,Low Value,Low Risk / Low Value,One year,41,18.069573133516677,-9.430426866483323,False
1921-KYSAY,0.1215706994496004,Low Risk,68.6,Low Value,Low Risk / Low Value,One year,41,32.52502493074609,5.025024930746092,True
4560-WQAQW,0.0249802899040528,Low Risk,68.7,Low Value,Low Risk / Low Value,One year,59,6.692969073992867,-20.807030926007133,False
1840-BIUOG,0.2040175835445129,High Risk,68.7,Low Value,High Risk / Low Value,One year,20,54.66243115908135,27.16243115908135,True
5791-KAJFD,0.0448992975216048,Low Risk,68.75,Low Value,Low Risk / Low Value,One year,56,12.038624147980286,-15.461375852019714,False
5829-NVSQN,0.0945555122400428,Low Risk,68.75,Low Value,Low Risk / Low Value,One year,23,25.352696719361475,-2.147303280638525,False
4578-PHJYZ,0.0454422323141911,Low Risk,68.75,Low Value,Low Risk / Low Value,One year,52,12.184198539242491,-15.315801460757509,False
4114-QMKVN,0.0287555335889149,Low Risk,68.75,Low Value,Low Risk / Low Value,One year,56,7.710077443527807,-19.78992255647219,False
9968-FFVVH,0.0129083567502,Low Risk,68.8,Low Value,Low Risk / Low Value,One year,63,3.463570283213665,-24.036429716786337,False
2925-MXLSX,0.1415451488409953,Low Risk,68.95,Low Value,Low Risk / Low Value,One year,30,38.06219824908784,10.562198249087842,True
6992-TKNYO,0.0668765495791352,Low Risk,69.0,Low Value,Low Risk / Low Value,One year,38,17.996479491745283,-9.503520508254717,False
9609-BENEA,0.1269255869354943,Low Risk,69.0,Low Value,Low Risk / Low Value,One year,35,34.15567544434152,6.655675444341519,True
8690-UPCZI,0.0595360136193277,Low Risk,69.05,Low Value,Low Risk / Low Value,One year,29,16.032750787616852,-11.467249212383148,False
4501-UYKBC,0.0878487642367133,Low Risk,69.1,Low Value,Low Risk / Low Value,One year,46,23.674363474151868,-3.8256365258481324,False
0872-CASZJ,0.0322903026988309,Low Risk,69.1,Low Value,Low Risk / Low Value,One year,59,8.701913674307939,-18.79808632569206,False
8760-ZRHKE,0.0284165077173314,Low Risk,69.2,Low Value,Low Risk / Low Value,One year,71,7.6690471027533995,-19.8309528972466,False
1544-JJMYL,0.0526875612718115,Low Risk,69.35,Low Value,Low Risk / Low Value,One year,27,14.250141259380495,-13.249858740619505,False
6332-FBZRI,0.0132174177696223,Low Risk,69.35,Low Value,Low Risk / Low Value,One year,67,3.5748488970608956,-23.925151102939104,False
2969-WGHQO,0.1539096008271626,Low Risk,69.45,Low Value,Low Risk / Low Value,One year,7,41.68718493204113,14.187184932041127,True
3523-QRQLL,0.1718980258627564,Low Risk,69.5,Low Value,Low Risk / Low Value,One year,22,46.59295991010013,19.092959910100127,True
0667-NSRGI,0.0694839714348501,Low Risk,69.55,Low Value,Low Risk / Low Value,One year,48,18.847179831845917,-8.652820168154083,False
2391-IPLOP,0.0734514781172269,Low Risk,69.65,Low Value,Low Risk / Low Value,One year,50,19.951992258372933,-7.5480077416270674,False
4342-HFXWS,0.0213502365540656,Low Risk,69.7,Low Value,Low Risk / Low Value,One year,48,5.803634802491652,-21.69636519750835,False
0743-HNPFG,0.0243182871483153,Low Risk,69.75,Low Value,Low Risk / Low Value,One year,51,6.61518206152047,-20.88481793847953,False
2988-PLAHS,0.4304378341604149,High Risk,69.95,Low Value,High Risk / Low Value,One year,3,117.42559334813201,89.92559334813201,True
3164-AALRN,0.3224111498212515,High Risk,70.0,Low Value,High Risk / Low Value,One year,5,88.01824390120166,60.51824390120166,True
2325-ZUSFD,0.0426812292986094,Low Risk,70.1,Low Value,Low Risk / Low Value,One year,57,11.668621277946823,-15.831378722053177,False
7657-DYEPJ,0.0704997940521016,Low Risk,70.15,Low Value,Low Risk / Low Value,One year,38,19.28768615574422,-8.212313844255782,False
9378-FXTIZ,0.0927785707105928,Low Risk,70.15,Low Value,Low Risk / Low Value,One year,54,25.382825267857534,-2.117174732142466,False
7581-EBBOU,0.0286213151542099,Low Risk,70.15,Low Value,Low Risk / Low Value,One year,60,7.830362506464517,-19.669637493535483,False
9289-LBQVU,0.0335422890947693,Low Risk,70.15,Low Value,Low Risk / Low Value,One year,64,9.17666716199246,-18.323332838007538,False
6061-GWWAV,0.0343151167054237,Low Risk,70.2,Low Value,Low Risk / Low Value,One year,41,9.394792651610901,-18.1052073483891,False
1137-DGOWI,0.0661499302334425,Low Risk,70.25,Low Value,Low Risk / Low Value,One year,30,18.12342713570741,-9.37657286429259,False
3468-DRVQJ,0.1775688094069429,Low Risk,70.3,Low Value,Low Risk / Low Value,One year,10,48.68404047510154,21.18404047510154,True
4644-PIZRT,0.1615171653384272,Low Risk,70.35,High Value,Low Risk / High Value,One year,17,44.31465706807757,16.814657068077572,True
0369-ZGOVK,0.2216889672602262,High Risk,70.4,High Value,High Risk / High Value,One year,28,60.86692285096771,33.36692285096771,True
2364-UFROM,0.0588179798756994,Low Risk,70.4,High Value,Low Risk / High Value,One year,30,16.14906455467203,-11.35093544532797,False
9565-JSNFM,0.1792660833432582,Low Risk,70.45,High Value,Low Risk / High Value,One year,38,49.2542527289769,21.7542527289769,True
6478-HRRCZ,0.0393435419016591,Low Risk,70.5,High Value,Low Risk / High Value,One year,32,10.81750684586117,-16.682493154138832,False
8550-XSXUQ,0.078113798489448,Low Risk,70.55,High Value,Low Risk / High Value,One year,48,21.49262108537917,-6.00737891462083,False
1154-HYWWO,0.0322768195950388,Low Risk,70.6,High Value,Low Risk / High Value,One year,38,8.887099507297982,-18.612900492702018,False
2361-UPSND,0.0247425209381886,Low Risk,70.6,High Value,Low Risk / High Value,One year,46,6.812605715120849,-20.68739428487915,False
4906-ZHGPK,0.0569314189640654,Low Risk,70.7,High Value,Low Risk / High Value,One year,54,15.697700150961756,-11.802299849038244,False
4186-ZBUEW,0.0897435872997483,Low Risk,70.7,High Value,Low Risk / High Value,One year,36,24.7449993261596,-2.7550006738403994,False
0654-PQKDW,0.0191321922334083,Low Risk,70.75,High Value,Low Risk / High Value,One year,62,5.279050142003185,-22.220949857996814,False
0635-WKOLD,0.0552671493988268,Low Risk,70.75,High Value,Low Risk / High Value,One year,40,15.249588197871285,-12.250411802128715,False
6685-GBWJZ,0.0125891198499736,Low Risk,70.8,High Value,Low Risk / High Value,One year,63,3.47610777297471,-24.02389222702529,False
3021-VLNRJ,0.0275627922931146,Low Risk,70.8,High Value,Low Risk / High Value,One year,50,7.610638207974803,-19.8893617920252,False
8016-ZMGMO,0.0570543968982551,Low Risk,70.85,High Value,Low Risk / High Value,One year,66,15.764985678941358,-11.735014321058642,False
4903-CNOZC,0.104124528050558,Low Risk,70.9,High Value,Low Risk / High Value,One year,29,28.791473251259795,1.291473251259795,True
1661-CZBAU,0.0532078446631713,Low Risk,70.95,High Value,Low Risk / High Value,One year,48,14.722876657522816,-12.777123342477184,False
5397-TUPSH,0.0919698644398205,Low Risk,70.95,High Value,Low Risk / High Value,One year,65,25.44852133982053,-2.0514786601794697,False
4682-BLBUC,0.0733136071445627,Low Risk,70.95,High Value,Low Risk / High Value,One year,44,20.286241664936224,-7.213758335063776,False
2065-MMKGR,0.2079658861194146,High Risk,71.0,High Value,High Risk / High Value,One year,29,57.58575386646591,30.085753866465907,True
9470-YFUYI,0.0177267099984648,Low Risk,71.0,High Value,Low Risk / High Value,One year,71,4.908525998574904,-22.591474001425098,False
0533-UCAAU,0.0705772712177636,Low Risk,71.1,High Value,Low Risk / High Value,One year,57,19.570371535973667,-7.929628464026333,False
8331-ZXFOE,0.0229679579776663,Low Risk,71.1,High Value,Low Risk / High Value,One year,58,6.368785067627088,-21.131214932372913,False
8184-WMOFI,0.0131273581912824,Low Risk,71.4,High Value,Low Risk / High Value,One year,62,3.655444161944498,-23.844555838055502,False
4890-VMUAV,0.0192000020295523,Low Risk,71.5,High Value,Low Risk / High Value,One year,63,5.353920565940659,-22.14607943405934,False
7108-DGVUU,0.1792156964762642,Low Risk,71.7,High Value,Low Risk / High Value,One year,21,50.114085205657766,22.614085205657766,True
3915-ODIYG,0.066924314116929,Low Risk,71.75,High Value,Low Risk / High Value,One year,60,18.72709619776966,-8.772903802230338,False
5915-DGNVC,0.0585201395891274,Low Risk,71.8,High Value,Low Risk / High Value,One year,49,16.386809487747453,-11.113190512252547,False
7100-FQPRV,0.0481891614159216,Low Risk,71.9,High Value,Low Risk / High Value,One year,43,13.512722752638577,-13.987277247361423,False
4826-DXMUP,0.087577242583297,Low Risk,72.1,High Value,Low Risk / High Value,One year,35,24.625844841997278,-2.874155158002722,False
9938-ZREHM,0.0630409215057838,Low Risk,72.1,High Value,Low Risk / High Value,One year,37,17.726476718211348,-9.773523281788652,False
2453-SAFNS,0.0428503998161717,Low Risk,72.1,High Value,Low Risk / High Value,One year,54,12.04910392430932,-15.45089607569068,False
9359-UGBTK,0.020487727796472,Low Risk,72.35,High Value,Low Risk / High Value,One year,67,5.780919713691522,-21.71908028630848,False
0687-ZVTHB,0.0193122604703447,Low Risk,72.45,High Value,Low Risk / High Value,One year,65,5.456775757198247,-22.043224242801752,False
9730-DRTMJ,0.0776200648876532,Low Risk,72.8,High Value,Low Risk / High Value,One year,32,22.0378888229025,-5.462111177097501,False
7471-MQPOS,0.0303332954569282,Low Risk,72.9,High Value,Low Risk / High Value,One year,71,8.624059231359258,-18.875940768640742,False
0471-LVHGK,0.1997480296603719,High Risk,73.0,High Value,High Risk / High Value,One year,41,56.86826404430789,29.368264044307892,True
4227-OJHAL,0.0264962418802934,Low Risk,73.0,High Value,Low Risk / High Value,One year,68,7.543480063319531,-19.95651993668047,False
2851-STERV,0.1670948316317348,Low Risk,73.0,High Value,Low Risk / High Value,One year,35,47.5718985655549,20.071898565554903,True
7690-KPNCU,0.0320127439416627,Low Risk,73.05,High Value,Low Risk / High Value,One year,64,9.120270685259996,-18.379729314740004,False
5269-NRGDP,0.0730791419324775,Low Risk,73.15,High Value,Low Risk / High Value,One year,42,20.848383006206845,-6.651616993793155,False
2577-GVSIL,0.1261009339196502,Low Risk,73.45,High Value,Low Risk / High Value,One year,35,36.122243025953395,8.622243025953395,True
3898-BSJYF,0.105900453508922,Low Risk,73.55,High Value,Low Risk / High Value,One year,10,30.377015586766728,2.8770155867667278,True
7103-ZGVNT,0.011838698778277,Low Risk,73.7,High Value,Low Risk / High Value,One year,69,3.4027971898401583,-24.097202810159843,False
8970-ANWXO,0.1986430426477612,High Risk,73.75,High Value,High Risk / High Value,One year,23,57.13470514156232,29.63470514156232,True
7445-WMRBW,0.0648268273284155,Low Risk,73.85,High Value,Low Risk / High Value,One year,48,18.67109867299359,-8.82890132700641,False
6289-CPNLD,0.0947526894812216,Low Risk,73.9,High Value,Low Risk / High Value,One year,33,27.308672635382884,-0.1913273646171163,False
6261-RCVNS,0.0288132014521634,Low Risk,73.9,High Value,Low Risk / High Value,One year,42,8.304252790528015,-19.195747209471985,False
0810-DHDBD,0.0301020515044673,Low Risk,74.0,High Value,Low Risk / High Value,One year,52,8.687452064189264,-18.812547935810734,False
9033-EOXWV,0.2023613733732401,High Risk,74.05,High Value,High Risk / High Value,One year,12,58.44095282332487,30.94095282332487,True
8608-OZTLB,0.0394887783090079,Low Risk,74.05,High Value,Low Risk / High Value,One year,38,11.404161731749937,-16.095838268250063,False
3487-EARAT,0.0092416478464017,Low Risk,74.1,High Value,Low Risk / High Value,One year,70,2.6707438111316275,-24.82925618886837,False
8985-OOPOS,0.2127555449989115,High Risk,74.1,High Value,High Risk / High Value,One year,1,61.48422494923543,33.98422494923543,True
7619-PLRLP,0.0374462453720749,Low Risk,74.1,High Value,Low Risk / High Value,One year,53,10.821590450075925,-16.678409549924076,False
1096-ADRUX,0.0890719895586298,Low Risk,74.25,High Value,Low Risk / High Value,One year,66,25.793021376440223,-1.7069786235597775,False
3658-QQJYD,0.0362941581736955,Low Risk,74.3,High Value,Low Risk / High Value,One year,62,10.516958213991746,-16.983041786008254,False
4404-HIBDJ,0.0516568199039742,Low Risk,74.3,High Value,Low Risk / High Value,One year,25,14.968596703574603,-12.531403296425397,False
0496-AHOOK,0.079948495605756,Low Risk,74.4,High Value,Low Risk / High Value,One year,24,23.197855484966166,-4.302144515033834,False
3585-YNADK,0.0352215297744983,Low Risk,74.6,High Value,Low Risk / High Value,One year,57,10.247351872592535,-17.252648127407465,False
6599-GZWCM,0.319202806828443,High Risk,74.65,High Value,High Risk / High Value,One year,13,92.93110916599876,65.43110916599876,True
4973-RLZVI,0.0429321845166656,Low Risk,74.65,High Value,Low Risk / High Value,One year,30,12.49906153925944,-15.00093846074056,False
7576-ASEJU,0.0541485850920059,Low Risk,74.7,High Value,Low Risk / High Value,One year,41,15.775107294854083,-11.724892705145917,False
5524-KHNJP,0.065452367836544,Low Risk,74.75,High Value,Low Risk / High Value,One year,33,19.08100153354849,-8.418998466451509,False
5985-TBABQ,0.1050060650754958,Low Risk,74.75,High Value,Low Risk / High Value,One year,32,30.611893121133917,3.1118931211339174,True
6778-EICRF,0.1194990941005446,Low Risk,74.8,High Value,Low Risk / High Value,One year,24,34.86027573101087,7.360275731010873,True
4667-QONEA,0.022282720692438,Low Risk,74.85,High Value,Low Risk / High Value,One year,60,6.504660410933039,-20.995339589066962,False
0134-XWXCE,0.0727476565308216,Low Risk,74.85,High Value,Low Risk / High Value,One year,44,21.236132156194785,-6.263867843805215,False
5049-MUBWG,0.0753812485289115,Low Risk,75.0,High Value,Low Risk / High Value,One year,26,22.049015194706612,-5.450984805293388,False
5906-DVAPM,0.0294216546789151,Low Risk,75.0,High Value,Low Risk / High Value,One year,55,8.605833993582667,-18.894166006417333,False
9251-WNSOD,0.0228408640491509,Low Risk,75.1,High Value,Low Risk / High Value,One year,67,6.689860671355808,-20.81013932864419,False
3569-VLDHH,0.0214346204672454,Low Risk,75.1,High Value,Low Risk / High Value,One year,66,6.277985988651505,-21.222014011348495,False
3026-ATZYV,0.054822349538114,Low Risk,75.1,High Value,Low Risk / High Value,One year,37,16.056917956218207,-11.443082043781793,False
5176-LDKUH,0.1271281946506856,Low Risk,75.15,High Value,Low Risk / High Value,One year,48,37.25936692919619,9.75936692919619,True
6848-YLDFR,0.0352478026318261,Low Risk,75.2,High Value,Low Risk / High Value,One year,58,10.33747555586196,-17.16252444413804,False
6663-JOCQO,0.0691970509738134,Low Risk,75.25,High Value,Low Risk / High Value,One year,31,20.30760453453989,-7.192395465460109,False
2157-MXBJS,0.3158403307073021,High Risk,75.3,High Value,High Risk / High Value,One year,13,92.7528299188134,65.2528299188134,True
5832-TRLPB,0.1312204138106442,Low Risk,75.35,High Value,Low Risk / High Value,One year,29,38.56108690446496,11.061086904464958,True
2546-KZAAT,0.0502417844653367,Low Risk,75.4,High Value,Low Risk / High Value,One year,52,14.774099139876911,-12.725900860123089,False
0679-TDGAK,0.042587771602916,Low Risk,75.5,High Value,Low Risk / High Value,One year,50,12.539969348478618,-14.960030651521382,False
9040-KZVWO,0.1796497581378384,Low Risk,75.5,High Value,Low Risk / High Value,One year,26,52.89787128368651,25.397871283686513,True
4508-OEBEY,0.0566264415482322,Low Risk,75.5,High Value,Low Risk / High Value,One year,31,16.673655713876972,-10.826344286123028,False
1866-NXPSP,0.0489295359496017,Low Risk,75.55,High Value,Low Risk / High Value,One year,36,14.416843119870393,-13.083156880129607,False
5120-ZBLAI,0.0897045218080299,Low Risk,75.7,High Value,Low Risk / High Value,One year,50,26.483465973384668,-1.0165340266153322,False
4877-TSOFF,0.0324480591051592,Low Risk,75.75,High Value,Low Risk / High Value,One year,55,9.585967861141658,-17.914032138858342,False
4369-NYSCF,0.0489405157387538,Low Risk,75.75,High Value,Low Risk / High Value,One year,56,14.45825186212134,-13.04174813787866,False
4322-RCYMT,0.0290797937731775,Low Risk,75.8,High Value,Low Risk / High Value,One year,68,8.596568635226735,-18.903431364773265,False
4123-FCVCB,0.2564353061449057,High Risk,75.85,High Value,High Risk / High Value,One year,12,75.85741008725527,48.357410087255275,True
4700-UBQMV,0.1782905707073902,Low Risk,75.9,High Value,Low Risk / High Value,One year,21,52.77579183509459,25.275791835094587,True
6202-DYYFX,0.3393932544331131,High Risk,76.0,High Value,High Risk / High Value,One year,22,100.59616061397472,73.09616061397472,True
1389-WNUIB,0.1443798520972456,Low Risk,76.0,High Value,Low Risk / High Value,One year,20,42.7941881616236,15.294188161623602,True
4135-FRWKJ,0.0413112065977045,Low Risk,76.25,High Value,Low Risk / High Value,One year,55,12.284920061992375,-15.215079938007625,False
0930-EHUZA,0.0467717718724749,Low Risk,76.35,High Value,Low Risk / High Value,One year,36,13.926996651607487,-13.573003348392513,False
7833-PKIHD,0.0403433375574725,Low Risk,76.4,High Value,Low Risk / High Value,One year,51,12.020700858624508,-15.479299141375492,False
8932-CZHRQ,0.0209748286460662,Low Risk,76.75,High Value,Low Risk / High Value,One year,68,6.278290584483766,-21.221709415516234,False
8097-OMULG,0.0257865944378681,Low Risk,76.75,High Value,Low Risk / High Value,One year,59,7.718572380114869,-19.78142761988513,False
3442-ZHHCC,0.0274716990448914,Low Risk,76.9,High Value,Low Risk / High Value,One year,68,8.23903726055338,-19.26096273944662,False
9086-YJYXS,0.1269108650931619,Low Risk,77.2,High Value,Low Risk / High Value,One year,34,38.21032326224919,10.71032326224919,True
7247-XOZPB,0.030995430117104,Low Risk,77.4,High Value,Low Risk / High Value,One year,53,9.356280535149015,-18.143719464850985,False
8559-CIZFV,0.0640605058274593,Low Risk,77.5,High Value,Low Risk / High Value,One year,21,19.362287886349574,-8.137712113650426,False
1121-QSIVB,0.1086541825790894,Low Risk,77.55,High Value,Low Risk / High Value,One year,44,32.86191425013269,5.361914250132692,True
7696-AMHOD,0.0487005105101437,Low Risk,78.0,High Value,Low Risk / High Value,One year,49,14.814695297185715,-12.685304702814285,False
0068-FIGTF,0.0882339738827867,Low Risk,78.2,High Value,Low Risk / High Value,One year,27,26.909597354772288,-0.5904026452277122,False
9917-KWRBE,0.061940676677963,Low Risk,78.35,High Value,Low Risk / High Value,One year,41,18.92690286910176,-8.57309713089824,False
1492-KGETH,0.0135942983461953,Low Risk,78.35,High Value,Low Risk / High Value,One year,70,4.153941774155166,-23.346058225844835,False
0810-BDHAW,0.1467308817502038,Low Risk,78.4,High Value,Low Risk / High Value,One year,24,44.86443440394231,17.36443440394231,True
1032-MAELW,0.0284417231108563,Low Risk,78.45,High Value,Low Risk / High Value,One year,68,8.701887394382041,-18.79811260561796,False
7673-LPRNY,0.2529656332375707,High Risk,78.55,High Value,High Risk / High Value,One year,23,77.49475691416359,49.99475691416359,True
0565-IYCGT,0.0208927064002995,Low Risk,78.6,High Value,Low Risk / High Value,One year,69,6.404450219947808,-21.095549780052192,False
4626-OZDTJ,0.0715794840508408,Low Risk,78.65,High Value,Low Risk / High Value,One year,51,21.955933040334656,-5.544066959665344,False
7163-OCEQI,0.1690620041685868,Low Risk,78.65,High Value,Low Risk / High Value,One year,22,51.857233848651475,24.357233848651475,True
4091-TVOCN,0.0725878665110893,Low Risk,78.75,High Value,Low Risk / High Value,One year,48,22.2935485022183,-5.2064514977817,False
0607-MVMGC,0.0749168017544714,Low Risk,78.75,High Value,Low Risk / High Value,One year,45,23.008822738842024,-4.491177261157976,False
0661-KBKPA,0.062886133469785,Low Risk,78.75,High Value,Low Risk / High Value,One year,53,19.31390374190772,-8.186096258092281,False
7838-LAZFO,0.0507234688663667,Low Risk,78.8,High Value,Low Risk / High Value,One year,45,15.588336452011813,-11.911663547988187,False
7285-KLOTR,0.2521017065845854,High Risk,78.85,High Value,High Risk / High Value,One year,12,77.52505630035878,50.025056300358784,True
8627-ZYGSZ,0.2105993930150219,High Risk,78.9,High Value,High Risk / High Value,One year,47,64.8035392246524,37.3035392246524,True
7129-AZJDE,0.2311556133134236,High Risk,78.95,High Value,High Risk / High Value,One year,34,71.1739691172697,43.673969117269706,True
9138-EFSMO,0.2200020820651373,High Risk,78.95,High Value,High Risk / High Value,One year,26,67.73974107826609,40.23974107826609,True
4000-VGMQP,0.0883510736242041,Low Risk,78.95,High Value,Low Risk / High Value,One year,38,27.203737324260565,-0.29626267573943466,False
8782-NUUOL,0.0243228057348093,Low Risk,79.0,High Value,Low Risk / High Value,One year,60,7.493856446894746,-20.006143553105254,False
8231-BSWXX,0.073700899446391,Low Risk,79.05,High Value,Low Risk / High Value,One year,71,22.721618794825112,-4.778381205174888,False
6574-MCOEH,0.1691821413719966,Low Risk,79.15,High Value,Low Risk / High Value,One year,33,52.223989309414776,24.723989309414776,True
0233-FTHAV,0.1297949440489498,Low Risk,79.2,High Value,Low Risk / High Value,One year,60,40.09106231783963,12.59106231783963,True
4692-NNQRU,0.228293837038551,High Risk,79.2,High Value,High Risk / High Value,One year,21,70.51540038446764,43.01540038446764,True
4415-WNGVR,0.2423255505943663,High Risk,79.2,High Value,High Risk / High Value,One year,12,74.84951606758787,47.34951606758787,True
9592-ERDKV,0.0901181765497198,Low Risk,79.25,High Value,Low Risk / High Value,One year,37,27.853275417104648,0.3532754171046477,True
1422-DGUBX,0.2742838835943594,High Risk,79.25,High Value,High Risk / High Value,One year,32,84.77429132192664,57.27429132192664,True
2486-WYVVE,0.1511809446353688,Low Risk,79.3,High Value,Low Risk / High Value,One year,31,46.75573074738051,19.25573074738051,True
8080-POTJR,0.1520172411829216,Low Risk,79.3,High Value,Low Risk / High Value,One year,30,47.01437218064216,19.514372180642162,True
9500-IWPXQ,0.035705193618909,Low Risk,79.4,High Value,Low Risk / High Value,One year,61,11.05647025603136,-16.44352974396864,False
8469-SNFFH,0.0157149124554746,Low Risk,79.4,High Value,Low Risk / High Value,One year,70,4.866279790962265,-22.633720209037733,False
6302-JGYRJ,0.1226564531154249,Low Risk,79.45,High Value,Low Risk / High Value,One year,31,38.00571528007998,10.505715280079983,True
8652-YHIYU,0.2730313823599499,High Risk,79.5,High Value,High Risk / High Value,One year,16,84.65338010070246,57.15338010070246,True
0549-CYCQN,0.1741838236183152,Low Risk,79.6,High Value,Low Risk / High Value,One year,51,54.07362620406977,26.573626204069768,True
6869-FGJJC,0.0458551677089246,Low Risk,79.6,High Value,Low Risk / High Value,One year,68,14.235278263558552,-13.264721736441448,False
9199-PWQVC,0.0452214941267433,Low Risk,79.7,High Value,Low Risk / High Value,One year,63,14.05619701941562,-13.44380298058438,False
9107-UKCKY,0.102215488139833,Low Risk,79.8,High Value,Low Risk / High Value,One year,61,31.811504218878827,4.311504218878827,True
8879-ZKJOF,0.0669983428924711,Low Risk,79.85,High Value,Low Risk / High Value,One year,41,20.864288951858885,-6.635711048141115,False
7049-GKVZY,0.0848623774883035,Low Risk,79.85,High Value,Low Risk / High Value,One year,17,26.427417285520036,-1.0725827144799638,False
2890-WFBHU,0.0223052434191302,Low Risk,79.85,High Value,Low Risk / High Value,One year,59,6.946187379368432,-20.553812620631568,False
7674-YTAFD,0.1510634874789203,Low Risk,79.95,High Value,Low Risk / High Value,One year,33,47.10235071336474,19.602350713364743,True
3229-USWAR,0.0824870602009979,Low Risk,79.95,High Value,Low Risk / High Value,One year,34,25.719877805972153,-1.7801221940278467,False
1088-CNNKB,0.0186396675549048,Low Risk,80.0,High Value,Low Risk / High Value,One year,63,5.815576277130298,-21.684423722869703,False
4106-HADHQ,0.0403950498204609,Low Risk,80.0,High Value,Low Risk / High Value,One year,39,12.603255543983803,-14.896744456016197,False
2402-TAIRZ,0.1726301934531824,Low Risk,80.05,High Value,Low Risk / High Value,One year,37,53.89428324511628,26.394283245116277,True
5073-RZGBK,0.0386831634082201,Low Risk,80.05,High Value,Low Risk / High Value,One year,50,12.076690200229276,-15.423309799770724,False
2242-MFOTG,0.1513477933416073,Low Risk,80.1,High Value,Low Risk / High Value,One year,33,47.279537161984706,19.779537161984706,True
4759-PXTAN,0.0807968695598784,Low Risk,80.1,High Value,Low Risk / High Value,One year,59,25.240134081810414,-2.259865918189586,False
7868-BGSZA,0.1455685549104985,Low Risk,80.2,High Value,Low Risk / High Value,One year,43,45.53093260490573,18.03093260490573,True
5343-SGUBI,0.1451861464828061,Low Risk,80.2,High Value,Low Risk / High Value,One year,52,45.41132289689209,17.911322896892088,True
2321-OMBXY,0.0372612342675466,Low Risk,80.3,High Value,Low Risk / High Value,One year,38,11.669100735567568,-15.830899264432432,False
8348-JLBUG,0.0489459058628682,Low Risk,80.3,High Value,Low Risk / High Value,One year,64,15.328389339074434,-12.171610660925566,False
4522-XRWWI,0.055187943127866,Low Risk,80.45,High Value,Low Risk / High Value,One year,42,17.315493096083596,-10.184506903916404,False
2054-PJOCK,0.0447111420153461,Low Risk,80.55,High Value,Low Risk / High Value,One year,60,14.0457817084109,-13.4542182915891,False
0440-MOGPM,0.1825523339506695,Low Risk,80.55,High Value,Low Risk / High Value,One year,41,57.34790294893307,29.84790294893307,True
5566-SOEZD,0.1388985487238247,Low Risk,80.65,High Value,Low Risk / High Value,One year,27,43.6884550228482,16.188455022848203,True
7013-PSXHK,0.116502412474914,Low Risk,80.75,High Value,Low Risk / High Value,One year,40,36.68952224866229,9.189522248662293,True
2896-TBNBE,0.1487204608149049,Low Risk,80.8,High Value,Low Risk / High Value,One year,40,46.86479161199283,19.36479161199283,True
7336-RLLRH,0.0912319905190655,Low Risk,80.85,High Value,Low Risk / High Value,One year,27,28.766815090519138,1.2668150905191382,True
1309-XGFSN,0.1350789622177551,Low Risk,80.85,High Value,Low Risk / High Value,One year,52,42.59242297169145,15.092422971691448,True
3633-CDBUW,0.1413620151645946,Low Risk,80.85,High Value,Low Risk / High Value,One year,17,44.57356381162415,17.073563811624147,True
4869-EPIUS,0.1866116697699293,Low Risk,80.9,High Value,Low Risk / High Value,One year,56,58.877847929110395,31.377847929110395,True
8200-KLNYW,0.0850357245365479,Low Risk,80.9,High Value,Low Risk / High Value,One year,21,26.829621448526225,-0.6703785514737746,False
6341-JVQGF,0.0746263243723364,Low Risk,81.15,High Value,Low Risk / High Value,One year,31,23.61811226897889,-3.8818877310211093,False
6194-HBGQN,0.038042232372229,Low Risk,81.15,High Value,Low Risk / High Value,One year,51,12.039795912324898,-15.460204087675102,False
5297-MDOIR,0.0623071131410492,Low Risk,81.15,High Value,Low Risk / High Value,One year,63,19.71926670244496,-7.780733297555042,False
7997-EASSD,0.0784167928154652,Low Risk,81.2,High Value,Low Risk / High Value,One year,63,24.833029948801517,-2.666970051198483,False
3115-JPJDD,0.0655222948041191,Low Risk,81.25,High Value,Low Risk / High Value,One year,59,20.76237716605524,-6.737622833944759,False
0083-PIVIK,0.0293678084652302,Low Risk,81.25,High Value,Low Risk / High Value,One year,64,9.30592430741982,-18.194075692580178,False
0254-KCJGT,0.0386190171999742,Low Risk,81.4,High Value,Low Risk / High Value,One year,52,12.259993200303814,-15.240006799696186,False
9762-YAQAA,0.1461875205568092,Low Risk,81.4,High Value,Low Risk / High Value,One year,39,46.40869027596465,18.908690275964652,True
1599-MMYRQ,0.0461855500257561,Low Risk,81.45,High Value,Low Risk / High Value,One year,62,14.671070893431555,-12.828929106568445,False
1480-IVEVR,0.2904434056639474,High Risk,81.6,High Value,High Risk / High Value,One year,35,92.43070941849462,64.93070941849462,True
2040-OBMLJ,0.1531116007990484,Low Risk,81.7,High Value,Low Risk / High Value,One year,31,48.78594936260079,21.28594936260079,True
9513-DXHDA,0.0958021478996328,Low Risk,81.7,High Value,Low Risk / High Value,One year,27,30.525438385260003,3.025438385260003,True
6617-WLBQC,0.1637187365471503,Low Risk,81.85,High Value,Low Risk / High Value,One year,23,52.26147648689859,24.761476486898587,True
9738-QLWTP,0.1324926734808404,Low Risk,81.9,High Value,Low Risk / High Value,One year,39,42.31948483651524,14.819484836515237,True
3230-WYKIR,0.2032038865938547,High Risk,82.0,High Value,High Risk / High Value,One year,18,64.98460293271474,37.484602932714736,True
9470-RTWDV,0.1435935071983865,Low Risk,82.0,High Value,Low Risk / High Value,One year,26,45.92120360204401,18.42120360204401,True
7716-YTYHG,0.2062921322397359,High Risk,82.05,High Value,High Risk / High Value,One year,48,66.01245085605429,38.512450856054286,True
5020-ZSTTY,0.045731530845549,Low Risk,82.45,High Value,Low Risk / High Value,One year,54,14.705202401040511,-12.794797598959489,False
3696-XRIEN,0.063190259860594,Low Risk,82.5,High Value,Low Risk / High Value,One year,50,20.33146611014612,-7.1685338898538795,False
6421-SZVEM,0.2114118580375878,High Risk,82.85,High Value,High Risk / High Value,One year,28,68.31034250981517,40.81034250981517,True
8406-LNMHF,0.0754882822642113,Low Risk,82.95,High Value,Low Risk / High Value,One year,59,24.420836753883677,-3.079163246116323,False
1625-JAIIY,0.1581169743036586,Low Risk,83.0,High Value,Low Risk / High Value,One year,68,51.18246458209428,23.682464582094283,True
6121-TNHBO,0.0256704835431683,Low Risk,83.0,High Value,Low Risk / High Value,One year,63,8.309535522923579,-19.19046447707642,False
5593-SUAOO,0.2148709738129956,High Risk,83.15,High Value,High Risk / High Value,One year,24,69.67943374294728,42.17943374294728,True
8822-KNBHV,0.0772267305681668,Low Risk,83.45,High Value,Low Risk / High Value,One year,48,25.133825597062724,-2.3661744029372755,False
2868-LLSKM,0.0618386928085855,Low Risk,83.65,High Value,Low Risk / High Value,One year,68,20.173945948408893,-7.3260540515911075,False
3282-ZISZV,0.0812019635151809,Low Risk,83.7,High Value,Low Risk / High Value,One year,32,26.506756950260502,-0.9932430497394975,False
2055-BFOCC,0.0365310952078656,Low Risk,84.0,High Value,Low Risk / High Value,One year,63,11.967586790096771,-15.532413209903229,False
3707-LRWZD,0.3387988367733208,High Risk,84.05,High Value,High Risk / High Value,One year,32,111.05656470011067,83.55656470011067,True
5032-USPKF,0.0847487720815194,Low Risk,84.1,High Value,Low Risk / High Value,One year,38,27.796749755017544,0.29674975501754375,True
1136-XGEQU,0.0658627620986115,Low Risk,84.15,High Value,Low Risk / High Value,One year,50,21.615170579332815,-5.8848294206671845,False
2330-PQGDQ,0.0729993297507534,Low Risk,84.2,High Value,Low Risk / High Value,One year,51,23.971519903552405,-3.528480096447595,False
7654-YWJUF,0.0875353193687642,Low Risk,84.25,High Value,Low Risk / High Value,One year,43,28.761917561591698,1.261917561591698,True
8034-RYTVV,0.1035962290107722,Low Risk,84.25,High Value,Low Risk / High Value,One year,55,34.03913094721448,6.539130947214481,True
2636-SJDOU,0.0682298304544776,Low Risk,84.3,High Value,Low Risk / High Value,One year,64,22.4319213585186,-5.068078641481399,False
0112-QWPNC,0.064245017761789,Low Risk,84.35,High Value,Low Risk / High Value,One year,49,21.134362268006917,-6.365637731993083,False
6250-CGGUN,0.0612474191453021,Low Risk,84.4,High Value,Low Risk / High Value,One year,54,20.16020048586764,-7.339799514132359,False
0197-PNKNK,0.0473043375511344,Low Risk,84.45,High Value,Low Risk / High Value,One year,69,15.57992009415387,-11.92007990584613,False
2957-JIRMN,0.1765487480305872,Low Risk,84.45,High Value,Low Risk / High Value,One year,62,58.14721290761405,30.647212907614048,True
9677-AVKED,0.0870894220999913,Low Risk,84.6,High Value,Low Risk / High Value,One year,53,28.734283927671132,1.2342839276711324,True
0310-SUCIN,0.0235356585998955,Low Risk,84.8,High Value,Low Risk / High Value,One year,71,7.78371301215744,-19.716286987842558,False
6736-DHUQI,0.0326264869435236,Low Risk,84.8,High Value,Low Risk / High Value,One year,67,10.790231761962126,-16.709768238037874,False
6840-RESVB,0.1157651640404087,Low Risk,84.8,High Value,Low Risk / High Value,One year,24,38.28585505144396,10.78585505144396,True
7711-YIJWC,0.0198340421062657,Low Risk,84.9,High Value,Low Risk / High Value,One year,61,6.567249681805638,-20.932750318194362,False
9978-HYCIN,0.1782270900368203,Low Risk,84.95,High Value,Low Risk / High Value,One year,47,59.04752606464875,31.54752606464875,True
4851-BQDNX,0.2479801225049564,High Risk,85.05,High Value,High Risk / High Value,One year,40,82.25376673428153,54.75376673428153,True
7156-MXBJE,0.0690348396842537,Low Risk,85.1,High Value,Low Risk / High Value,One year,43,22.911972942806955,-4.588027057193045,False
7596-LDUXP,0.3151100036814742,High Risk,85.15,High Value,High Risk / High Value,One year,12,104.64330557256237,77.14330557256237,True
4628-WQCQQ,0.2856424022547422,High Risk,85.15,High Value,High Risk / High Value,One year,35,94.85755715276608,67.35755715276608,True
3709-OIJEA,0.2240131843612241,High Risk,85.2,High Value,High Risk / High Value,One year,26,74.43510089954755,46.93510089954755,True
0723-FDLAY,0.095892843934199,Low Risk,85.25,High Value,Low Risk / High Value,One year,44,31.881973287022813,4.381973287022813,True
6635-MYYYZ,0.0595362302374926,Low Risk,85.35,High Value,Low Risk / High Value,One year,30,19.817527278002974,-7.682472721997026,False
6161-ERDGD,0.0308728049034802,Low Risk,85.45,High Value,Low Risk / High Value,One year,71,10.288516598109295,-17.211483401890703,False
2790-XUYMV,0.0489405059216519,Low Risk,85.45,High Value,Low Risk / High Value,One year,71,16.3096683009201,-11.190331699079898,False
3301-VKTGC,0.0567343858579477,Low Risk,85.5,High Value,Low Risk / High Value,One year,68,18.918080964332663,-8.581919035667337,False
3313-QKNKB,0.1713239706124386,Low Risk,85.55,High Value,Low Risk / High Value,One year,59,57.16138617498707,29.661386174987072,True
3733-UOCWF,0.1046480345546672,Low Risk,85.55,High Value,Low Risk / High Value,One year,61,34.91529348899194,7.415293488991942,True
7951-VRDVK,0.0486725550466773,Low Risk,85.85,High Value,Low Risk / High Value,One year,36,16.29630151795326,-11.20369848204674,False
9711-FJTBX,0.0618366394615505,Low Risk,85.85,High Value,Low Risk / High Value,One year,56,20.70383444131903,-6.796165558680968,False
6726-WEXXK,0.3330703162364029,High Risk,85.9,High Value,High Risk / High Value,One year,27,111.58188664235733,84.08188664235733,True
3594-UVONA,0.099102869182796,Low Risk,85.95,High Value,Low Risk / High Value,One year,35,33.219777264419136,5.719777264419136,True
5651-CRHKQ,0.1122919038911892,Low Risk,86.2,High Value,Low Risk / High Value,One year,41,37.75029225013999,10.250292250139992,True
9134-WYRVP,0.0835649014267056,Low Risk,86.35,High Value,Low Risk / High Value,One year,51,28.14173402896451,0.6417340289645104,True
8812-ZRHFP,0.2483577520231042,High Risk,86.45,High Value,High Risk / High Value,One year,30,83.7350578833497,56.2350578833497,True
1334-PDUKM,0.0625013992476451,Low Risk,86.45,High Value,Low Risk / High Value,One year,68,21.072659263339787,-6.427340736660213,False
7472-EQOAV,0.0500899125459687,Low Risk,86.7,High Value,Low Risk / High Value,One year,71,16.9369021291684,-10.563097870831601,False
5686-CMAWK,0.2888103801017844,High Risk,86.75,High Value,High Risk / High Value,One year,17,97.7117718479362,70.2117718479362,True
2294-SALNE,0.1164203017930758,Low Risk,86.8,High Value,Low Risk / High Value,One year,23,39.41060056299202,11.910600562992023,True
4685-ERGHK,0.2326540649733379,High Risk,86.9,High Value,High Risk / High Value,One year,57,78.84878916011395,51.34878916011395,True
0840-DCNZE,0.0489711937012194,Low Risk,86.95,High Value,Low Risk / High Value,One year,47,16.606376640052005,-10.893623359947995,False
6156-UZDLF,0.1359128961694129,Low Risk,87.15,High Value,Low Risk / High Value,One year,26,46.194754714540906,18.694754714540906,True
5204-HMGYF,0.0388271880203073,Low Risk,87.2,High Value,Low Risk / High Value,One year,49,13.204350101946108,-14.295649898053892,False
8707-RMEZH,0.0578163405759536,Low Risk,87.3,High Value,Low Risk / High Value,One year,69,19.684729475894923,-7.8152705241050775,False
3092-IGHWF,0.083256628943542,Low Risk,87.4,High Value,Low Risk / High Value,One year,67,28.378854541695723,0.8788545416957234,True
1142-IHLOO,0.1581576655035247,Low Risk,87.55,High Value,Low Risk / High Value,One year,51,54.002144097851,26.502144097851,True
7661-CPURM,0.2724163297429292,High Risk,87.7,High Value,High Risk / High Value,One year,19,93.17455726197407,65.67455726197407,True
6345-ULYRW,0.2065732772713753,High Risk,88.4,High Value,High Risk / High Value,One year,44,71.21820307207936,43.71820307207936,True
7964-ZRKKG,0.1255487921355647,Low Risk,88.4,High Value,Low Risk / High Value,One year,67,43.28420157665728,15.784201576657281,True
6352-GIGGQ,0.0358068396761051,Low Risk,88.8,High Value,Low Risk / High Value,One year,67,12.40062471662872,-15.09937528337128,False
4355-CVPVS,0.1296965769621512,Low Risk,88.9,High Value,Low Risk / High Value,One year,56,44.96710019854744,17.467100198547442,True
4274-DRSQT,0.1412730772594315,Low Risk,88.9,High Value,Low Risk / High Value,One year,66,48.9807886166175,21.480788616617502,True
3224-DFQNQ,0.05484293746779,Low Risk,89.0,High Value,Low Risk / High Value,One year,66,19.03598359506991,-8.464016404930089,False
6946-LMSQS,0.4240313299462901,High Risk,89.05,High Value,High Risk / High Value,One year,25,147.26396073369682,119.76396073369682,True
1024-KPRBB,0.2866795512238341,High Risk,89.1,High Value,High Risk / High Value,One year,38,99.6182772547701,72.1182772547701,True
9391-DXGGG,0.1623608456558681,Low Risk,89.15,High Value,Low Risk / High Value,One year,44,56.450430621860505,28.950430621860505,True
2758-RNWXS,0.1976063881187038,High Risk,89.2,High Value,High Risk / High Value,One year,35,68.74331029873468,41.243310298734684,True
6668-CNMFP,0.3236785858154213,High Risk,89.35,High Value,High Risk / High Value,One year,19,112.79065840617079,85.29065840617079,True
8226-BXGES,0.0570045291532057,Low Risk,89.45,High Value,Low Risk / High Value,One year,64,19.886315017741577,-7.613684982258423,False
9742-XOKTS,0.0453887168729891,Low Risk,89.55,High Value,Low Risk / High Value,One year,67,15.851782424307078,-11.648217575692922,False
9831-BPFRI,0.1854336911191809,Low Risk,89.55,High Value,Low Risk / High Value,One year,39,64.76178945491833,37.26178945491833,True
7025-IWFHT,0.1991222809496078,High Risk,89.55,High Value,High Risk / High Value,One year,41,69.54246101024577,42.04246101024577,True
2432-TFSMK,0.4157151701803882,High Risk,89.6,High Value,High Risk / High Value,One year,18,145.26750906783485,117.76750906783485,True
6906-MPARY,0.143085125489361,Low Risk,89.6,High Value,Low Risk / High Value,One year,40,49.99966625100231,22.49966625100231,True
0725-CXOTM,0.0949591765859119,Low Risk,89.65,High Value,Low Risk / High Value,One year,36,33.20105170561531,5.701051705615313,True
5968-XQIVE,0.1350459210228139,Low Risk,89.7,High Value,Low Risk / High Value,One year,72,47.243114551411,19.743114551410997,True
5198-HQAEN,0.2023936526635907,High Risk,89.7,High Value,High Risk / High Value,One year,35,70.80337151130392,43.30337151130392,True
8079-XRJRS,0.0732768811847918,Low Risk,89.75,High Value,Low Risk / High Value,One year,65,25.64874033670675,-1.8512596632932485,False
4908-XAXAY,0.1940586097160249,Low Risk,89.85,High Value,Low Risk / High Value,One year,49,68.00104772364088,40.50104772364088,True
6266-QHOJZ,0.0776943706697094,Low Risk,89.85,High Value,Low Risk / High Value,One year,65,27.225272898226216,-0.27472710177378445,False
2205-LPVGL,0.0720629081182486,Low Risk,89.85,High Value,Low Risk / High Value,One year,58,25.251923948256085,-2.248076051743915,False
8405-IGQFX,0.0916329959914781,Low Risk,90.05,High Value,Low Risk / High Value,One year,63,32.18105002722715,4.681050027227151,True
7016-NVRIC,0.2042199246458911,High Risk,90.1,High Value,High Risk / High Value,One year,29,71.76083932131968,44.26083932131968,True
0431-APWVY,0.337518869272667,High Risk,90.1,High Value,High Risk / High Value,One year,28,118.60075547372244,91.10075547372244,True
0975-UYDTX,0.1101057367778378,Low Risk,90.1,High Value,Low Risk / High Value,One year,26,38.69005484636442,11.190054846364418,True
6893-ODYYE,0.0620042060875937,Low Risk,90.1,High Value,Low Risk / High Value,One year,50,21.78765797711955,-5.712342022880449,False
5913-INRQV,0.1302107566168329,Low Risk,90.15,High Value,Low Risk / High Value,One year,34,45.7801488651292,18.2801488651292,True
9419-IPPBE,0.2489067289747702,High Risk,90.15,High Value,High Risk / High Value,One year,51,87.5118723065946,60.0118723065946,True
9691-HKOVS,0.069785865498792,Low Risk,90.15,High Value,Low Risk / High Value,One year,55,24.535663521392788,-2.964336478607212,False
5504-WSIUR,0.0715947041789374,Low Risk,90.25,High Value,Low Risk / High Value,One year,70,25.19954600338149,-2.3004539966185114,False
4423-JWZJN,0.0915909470995049,Low Risk,90.25,High Value,Low Risk / High Value,One year,64,32.237723605348236,4.737723605348236,True
1710-RCXUS,0.1857235059295715,Low Risk,90.35,High Value,Low Risk / High Value,One year,51,65.44246316687345,37.94246316687345,True
2252-ISRNH,0.5368196692222541,High Risk,90.35,High Value,High Risk / High Value,One year,9,189.15646274549957,161.65646274549957,True
4607-CHPCA,0.414125358601995,High Risk,90.4,High Value,High Risk / High Value,One year,25,146.00403642871936,118.50403642871936,True
8496-DMZUK,0.1523919452228609,Low Risk,90.4,High Value,Low Risk / High Value,One year,30,53.727304207771844,26.227304207771844,True
1174-FGIFN,0.3273751026369117,High Risk,90.45,High Value,High Risk / High Value,One year,28,115.4832043306838,87.9832043306838,True
7820-ZYGNY,0.1044526478553743,Low Risk,90.45,High Value,Low Risk / High Value,One year,63,36.84619379422256,9.346193794222557,True
8646-JCOMS,0.0819784795512447,Low Risk,90.55,High Value,Low Risk / High Value,One year,66,28.950290161124308,1.4502901611243075,True
6481-OGDOO,0.0674992141020764,Low Risk,90.6,High Value,Low Risk / High Value,One year,67,23.850172310827677,-3.649827689172323,False
2911-IJORQ,0.0868228384878739,Low Risk,90.6,High Value,Low Risk / High Value,One year,37,30.67798175130536,3.17798175130536,True
5198-EFNBM,0.2050579747587214,High Risk,90.65,High Value,High Risk / High Value,One year,57,72.49517110632459,44.99517110632459,True
9386-LDCZR,0.0743705640276716,Low Risk,90.65,High Value,Low Risk / High Value,One year,43,26.29259735352288,-1.2074026464771208,False
8679-LZBMD,0.2560477711530668,High Risk,90.65,High Value,High Risk / High Value,One year,44,90.5218487745995,63.021848774599505,True
6486-LHTMA,0.4703127566636403,High Risk,90.7,High Value,High Risk / High Value,One year,31,166.36373141462948,138.86373141462948,True
4377-VDHYI,0.2186042114473502,High Risk,90.8,High Value,High Risk / High Value,One year,32,77.41212335773565,49.91212335773565,True
3104-OWCGK,0.1028124363409366,Low Risk,90.95,High Value,Low Risk / High Value,One year,60,36.46808523231192,8.968085232311921,True
7432-FFVAR,0.0998212502623881,Low Risk,90.95,High Value,Low Risk / High Value,One year,46,35.40709657432037,7.90709657432037,True
4619-EVPHY,0.4795333347543413,High Risk,91.0,High Value,High Risk / High Value,One year,20,170.1863805043157,142.6863805043157,True
7402-PWYJJ,0.2111009709817262,High Risk,91.15,High Value,High Risk / High Value,One year,53,75.04322866943896,47.54322866943896,True
0048-LUMLS,0.1870488560699958,Low Risk,91.2,High Value,Low Risk / High Value,One year,37,66.52953712697611,39.02953712697611,True
0750-EBAIU,0.1192436722562625,Low Risk,91.25,High Value,Low Risk / High Value,One year,52,42.43584186419742,14.935841864197421,True
3736-BLEPA,0.2057235670570019,High Risk,91.25,High Value,High Risk / High Value,One year,28,73.21187442641056,45.71187442641056,True
5681-LLOEI,0.0975400343558184,Low Risk,91.25,High Value,Low Risk / High Value,One year,43,34.71205972637687,7.2120597263768715,True
1707-HABPF,0.2083951817444836,High Risk,91.3,High Value,High Risk / High Value,One year,46,74.20327236375827,46.70327236375827,True
4184-VODJZ,0.1680267445724612,Low Risk,91.35,High Value,Low Risk / High Value,One year,63,59.862048155107885,32.362048155107885,True
8752-GHJFU,0.0821549276726558,Low Risk,92.0,High Value,Low Risk / High Value,One year,71,29.477188048948896,1.9771880489488964,True
0516-UXRMT,0.1152767044142566,Low Risk,92.05,High Value,Low Risk / High Value,One year,62,41.38376050119605,13.88376050119605,True
9644-KVCNC,0.1520132607121985,Low Risk,92.15,High Value,Low Risk / High Value,One year,66,54.631285701053464,27.131285701053464,True
8417-GSODA,0.3200472850342779,High Risk,92.2,High Value,High Risk / High Value,One year,28,115.08260275262565,87.58260275262565,True
9480-BQJEI,0.1147405309216104,Low Risk,92.3,High Value,Low Risk / High Value,One year,62,41.3031489158521,13.803148915852098,True
5312-IRCFR,0.173125966901971,Low Risk,92.85,High Value,Low Risk / High Value,One year,64,62.69150950470722,35.19150950470722,True
5149-CUZUJ,0.1469913648637084,Low Risk,92.9,High Value,Low Risk / High Value,One year,28,53.2564414037702,25.756441403770197,True
8268-YDIXR,0.131713567117758,Low Risk,93.15,High Value,Low Risk / High Value,One year,56,47.84956323037472,20.34956323037472,True
0887-WBJVH,0.2096409417482484,High Risk,93.45,High Value,High Risk / High Value,One year,53,76.40468942485788,48.90468942485788,True
4075-JFPGR,0.1487842728624225,Low Risk,93.5,High Value,Low Risk / High Value,One year,51,54.25418509928237,26.754185099282367,True
8166-ORCHU,0.2149444271166236,High Risk,93.55,High Value,High Risk / High Value,One year,33,78.42139951136454,50.92139951136454,True
0623-EJQEG,0.0852510807682827,Low Risk,93.55,High Value,Low Risk / High Value,One year,65,31.103430562904098,3.603430562904098,True
1470-PSXNM,0.2344369565298962,High Risk,93.65,High Value,High Risk / High Value,One year,49,85.62458181819665,58.124581818196646,True
1591-MQJTP,0.2037965669388475,High Risk,93.65,High Value,High Risk / High Value,One year,51,74.43363912590998,46.93363912590998,True
3214-IYUUQ,0.0513389226025194,Low Risk,93.7,High Value,Low Risk / High Value,One year,61,18.760782486638664,-8.739217513361336,False
1855-AGAWH,0.4160851390207472,High Risk,93.8,High Value,High Risk / High Value,One year,31,152.21226555656972,124.71226555656972,True
1644-IRKSF,0.3710805127816185,High Risk,93.8,High Value,High Risk / High Value,One year,33,135.74867318577168,108.24867318577168,True
9391-YZEJW,0.2190860145635739,High Risk,94.0,High Value,High Risk / High Value,One year,62,80.3169329390062,52.81693293900619,True
7921-LMDFQ,0.2694876617530976,High Risk,94.0,High Value,High Risk / High Value,One year,51,98.79417679868558,71.29417679868558,True
9972-VAFJJ,0.1751339879864727,Low Risk,94.0,High Value,Low Risk / High Value,One year,53,64.2041199958409,36.7041199958409,True
2931-VUVJN,0.1128895238982287,Low Risk,94.05,High Value,Low Risk / High Value,One year,59,41.407312918250796,13.907312918250796,True
9979-RGMZT,0.4733887993909523,High Risk,94.05,High Value,High Risk / High Value,One year,7,173.63664467260435,146.13664467260435,True
0956-ACVZC,0.1970767151495341,High Risk,94.1,High Value,High Risk / High Value,One year,54,72.3251836927275,44.82518369272751,True
1370-GGAWX,0.2968303578432852,High Risk,94.15,High Value,High Risk / High Value,One year,46,108.9916549446867,81.4916549446867,True
1150-FTQGN,0.081684348442303,Low Risk,94.15,High Value,Low Risk / High Value,One year,60,29.993267482787033,2.493267482787033,True
3927-NLNRY,0.1870460505281308,Low Risk,94.25,High Value,Low Risk / High Value,One year,53,68.75345202287768,41.25345202287768,True
4332-MUOEZ,0.1552916498949216,Low Risk,94.3,High Value,Low Risk / High Value,One year,20,57.111610081855325,29.611610081855325,True
5443-SCMKX,0.2313792515599214,High Risk,94.3,High Value,High Risk / High Value,One year,58,85.0943473461923,57.59434734619229,True
8597-CWYHH,0.2407798129096849,High Risk,94.35,High Value,High Risk / High Value,One year,43,88.5985438573122,61.098543857312194,True
3351-NQLDI,0.068886234014283,Low Risk,94.35,High Value,Low Risk / High Value,One year,67,25.347723099065643,-2.152276900934357,False
6270-OMFIW,0.206650046294,High Risk,94.4,High Value,High Risk / High Value,One year,60,76.08028104359904,48.580281043599044,True
8294-UIMBA,0.2709906729177939,High Risk,94.4,High Value,High Risk / High Value,One year,30,99.767926141415,72.267926141415,True
3410-MHHUM,0.2172818482994146,High Risk,94.4,High Value,High Risk / High Value,One year,44,79.9944852699125,52.4944852699125,True
5197-PYEPU,0.1550544868437292,Low Risk,94.45,High Value,Low Risk / High Value,One year,42,57.115095501321875,29.615095501321875,True
0440-UEDAI,0.1090401690924614,Low Risk,94.45,High Value,Low Risk / High Value,One year,53,40.165491486053625,12.665491486053625,True
2927-QRRQV,0.2814257717476366,High Risk,94.65,High Value,High Risk / High Value,One year,46,103.88410225406386,76.38410225406386,True
3571-DPYUH,0.1026939861673564,Low Risk,94.7,High Value,Low Risk / High Value,One year,58,37.927969911189734,10.427969911189734,True
2972-YDYUW,0.1350982527966911,Low Risk,94.7,High Value,Low Risk / High Value,One year,57,49.89583770540193,22.39583770540193,True
1732-FEKLD,0.1914475927701451,Low Risk,94.75,High Value,Low Risk / High Value,One year,54,70.74467171838786,43.24467171838786,True
3807-BPOMJ,0.2026417039066088,High Risk,94.75,High Value,High Risk / High Value,One year,55,74.88117563608961,47.38117563608961,True
1004-NOZNR,0.1067392636993442,Low Risk,94.8,High Value,Low Risk / High Value,One year,56,39.463640574921534,11.963640574921534,True
8947-YRTDV,0.121288138278144,Low Risk,94.8,High Value,Low Risk / High Value,One year,32,44.842650484195396,17.342650484195396,True
8945-MUQUF,0.1945188945451735,High Risk,94.8,High Value,High Risk / High Value,One year,51,71.91752569124155,44.41752569124155,True
2558-BUOZZ,0.1266761128274596,Low Risk,94.8,High Value,Low Risk / High Value,One year,47,46.83469243456837,19.334692434568368,True
0691-JVSYA,0.2151451084369861,High Risk,94.85,High Value,High Risk / High Value,One year,53,79.5854027874677,52.0854027874677,True
2379-GYFLQ,0.2142073805417727,High Risk,94.9,High Value,High Risk / High Value,One year,46,79.28029361231552,51.78029361231552,True
6732-FZUGP,0.1359353278220185,Low Risk,94.9,High Value,Low Risk / High Value,One year,47,50.311024180207276,22.811024180207276,True
6242-SGYTS,0.0893574637920212,Low Risk,94.95,High Value,Low Risk / High Value,One year,62,33.08951562950441,5.589515629504412,True
7123-WQUHX,0.1759963597143547,Low Risk,95.0,High Value,Low Risk / High Value,One year,38,65.20665127416842,37.70665127416842,True
7607-QKKTJ,0.1974455792673468,High Risk,95.0,High Value,High Risk / High Value,One year,45,73.153587118552,45.653587118552,True
4083-BFNYK,0.1770535768640133,Low Risk,95.0,High Value,Low Risk / High Value,One year,38,65.59835022811693,38.09835022811693,True
7080-TNUWP,0.1244937282041352,Low Risk,95.0,High Value,Low Risk / High Value,One year,70,46.124926299632094,18.624926299632094,True
8961-QDZZJ,0.2087248532006351,High Risk,95.0,High Value,High Risk / High Value,One year,57,77.3325581108353,49.83255811083529,True
5149-QYTTU,0.0411643448151724,Low Risk,95.15,High Value,Low Risk / High Value,One year,71,15.275470895738252,-12.224529104261748,False
4531-AUZNK,0.111630982125716,Low Risk,95.15,High Value,Low Risk / High Value,One year,51,41.424583002121324,13.924583002121324,True
3946-JEWRQ,0.2901608342809111,High Risk,95.2,High Value,High Risk / High Value,One year,47,107.73091455181667,80.23091455181667,True
4187-CINZD,0.1975807774247066,High Risk,95.25,High Value,High Risk / High Value,One year,46,73.39631929384288,45.89631929384288,True
9494-BDNNC,0.1364256795839973,Low Risk,95.3,High Value,Low Risk / High Value,One year,66,50.70533233098427,23.20533233098427,True
4742-DRORA,0.1193570524364212,Low Risk,95.4,High Value,Low Risk / High Value,One year,60,44.40798492949488,16.90798492949488,True
7188-CBBBA,0.1868474667878938,Low Risk,95.5,High Value,Low Risk / High Value,One year,65,69.59133900515104,42.09133900515104,True
5649-VUKMC,0.3788186066513421,High Risk,95.5,High Value,High Risk / High Value,One year,12,141.09099004729237,113.59099004729237,True
2237-ZFSMY,0.1732241880099871,Low Risk,95.55,High Value,Low Risk / High Value,One year,39,64.55112754098164,37.05112754098164,True
8905-IAZPF,0.1282042570162013,Low Risk,95.65,High Value,Low Risk / High Value,One year,69,47.824675016038654,20.324675016038654,True
7629-WFGLW,0.0944643951992037,Low Risk,95.65,High Value,Low Risk / High Value,One year,56,35.23852566313496,7.738525663134958,True
8910-ICHIU,0.1337160533242124,Low Risk,95.65,High Value,Low Risk / High Value,One year,46,49.88076795179758,22.38076795179758,True
1696-HXOWK,0.0648812082659115,Low Risk,95.65,High Value,Low Risk / High Value,One year,71,24.2029615254743,-3.2970384745256993,False
8272-ONJLV,0.4654125702621121,High Risk,95.7,High Value,High Risk / High Value,One year,12,173.70593359892808,146.20593359892808,True
5473-KHBPS,0.1644903963832443,Low Risk,95.7,High Value,Low Risk / High Value,One year,52,61.39275064211827,33.89275064211827,True
6265-SXWBU,0.0749803300674948,Low Risk,95.75,High Value,Low Risk / High Value,One year,69,27.999529755454247,0.4995297554542475,True
2037-XJFUP,0.3873737200589709,High Risk,95.8,High Value,High Risk / High Value,One year,33,144.73056928843272,117.23056928843272,True
2858-EIMXH,0.2936752239654254,High Risk,95.85,High Value,High Risk / High Value,One year,53,109.78020384663549,82.28020384663549,True
9909-DFRJA,0.1856719142702984,Low Risk,95.85,High Value,Low Risk / High Value,One year,26,69.40694663295159,41.90694663295159,True
9391-LMANN,0.0931059746358015,Low Risk,95.95,High Value,Low Risk / High Value,One year,53,34.840721238590106,7.340721238590106,True
6728-VOIFY,0.2022884769204708,High Risk,96.0,High Value,High Risk / High Value,One year,63,75.73680575902426,48.236805759024264,True
5014-WUQMG,0.1434791722618135,Low Risk,96.1,High Value,Low Risk / High Value,One year,47,53.77455897200508,26.27455897200508,True
9114-VEPUF,0.1128713351514285,Low Risk,96.1,High Value,Low Risk / High Value,One year,62,42.303047701403884,14.803047701403884,True
1810-BOHSY,0.1405539550510129,Low Risk,96.4,High Value,Low Risk / High Value,One year,51,52.842664940978814,25.342664940978814,True
0898-XCGTF,0.2132572042372003,High Risk,96.5,High Value,High Risk / High Value,One year,61,80.25934881467033,52.75934881467033,True
1265-XTECC,0.1135026730706024,Low Risk,96.55,High Value,Low Risk / High Value,One year,68,42.73886403136998,15.238864031369978,True
2085-BOJKI,0.4278024165407234,High Risk,96.65,High Value,High Risk / High Value,One year,17,161.2537038787776,133.7537038787776,True
3009-JWMPU,0.2911966071329199,High Risk,96.75,High Value,High Risk / High Value,One year,62,109.875759786429,82.375759786429,True
0824-VWDPO,0.1370131366854228,Low Risk,96.75,High Value,Low Risk / High Value,One year,45,51.698481799827164,24.198481799827164,True
5195-KPUNQ,0.100332519383216,Low Risk,96.75,High Value,Low Risk / High Value,One year,53,37.85796787627198,10.357967876271978,True
3327-YBAKM,0.093641511857933,Low Risk,96.9,High Value,Low Risk / High Value,One year,64,35.38806374623147,7.888063746231467,True
4654-DLAMQ,0.08077534205522,Low Risk,97.0,High Value,Low Risk / High Value,One year,64,30.557311899489722,3.057311899489722,True
6874-SGLHU,0.3236915521282498,High Risk,97.0,High Value,High Risk / High Value,One year,30,122.4525141701169,94.9525141701169,True
6821-JPCDC,0.2855359236131395,High Risk,97.05,High Value,High Risk / High Value,One year,48,108.07391940795524,80.57391940795524,True
9833-TGFHX,0.227537355435978,High Risk,97.1,High Value,High Risk / High Value,One year,42,86.1661211300505,58.6661211300505,True
3339-EAQNV,0.1858165975053825,Low Risk,97.25,High Value,Low Risk / High Value,One year,72,70.47559001885395,42.97559001885395,True
1573-LGXBA,0.1489919603764575,Low Risk,97.55,High Value,Low Risk / High Value,One year,57,56.68324636542137,29.18324636542137,True
0326-VDYXE,0.2517161972389057,High Risk,97.65,High Value,High Risk / High Value,One year,70,95.86233797547867,68.36233797547867,True
0670-ANMUU,0.047602354743393,Low Risk,97.65,High Value,Low Risk / High Value,One year,71,18.128642768700075,-9.371357231299925,False
5294-IMHHT,0.1054888455610807,Low Risk,97.75,High Value,Low Risk / High Value,One year,53,40.21498514902299,12.714985149022993,True
2480-EJWYP,0.2551803178685761,High Risk,97.8,High Value,High Risk / High Value,One year,58,97.3308768414323,69.8308768414323,True
5268-DSMNQ,0.170115741492192,Low Risk,97.95,High Value,Low Risk / High Value,One year,62,64.9850638287248,37.485063828724805,True
6559-RAKOZ,0.2687792204537187,High Risk,97.95,High Value,High Risk / High Value,One year,49,102.67500610942281,75.17500610942281,True
0575-CUQOV,0.2534545856442362,High Risk,97.95,High Value,High Risk / High Value,One year,60,96.82091898902644,69.32091898902644,True
6284-KMNUF,0.2399083281261822,High Risk,98.0,High Value,High Risk / High Value,One year,56,91.69296300982684,64.19296300982684,True
5150-LJNSR,0.178253194403782,Low Risk,98.05,High Value,Low Risk / High Value,One year,31,68.16313027403423,40.66313027403423,True
5996-NRVXR,0.1379304749862673,Low Risk,98.15,High Value,Low Risk / High Value,One year,40,52.797716867618334,25.297716867618334,True
2929-QNSRW,0.2982977826684916,High Risk,98.25,High Value,High Risk / High Value,One year,56,114.30025287399927,86.80025287399927,True
1357-BIJKI,0.3259291822780008,High Risk,98.25,High Value,High Risk / High Value,One year,50,124.88791441937296,97.38791441937296,True
1543-LLLFT,0.1444956955041421,Low Risk,98.3,High Value,Low Risk / High Value,One year,61,55.395314785422954,27.895314785422954,True
1131-SUEKT,0.1126910724347591,Low Risk,98.45,High Value,Low Risk / High Value,One year,61,43.26830071668793,15.768300716687932,True
9254-RBFON,0.2585393282896764,High Risk,98.6,High Value,High Risk / High Value,One year,17,99.41871330051217,71.91871330051217,True
9770-KXGQU,0.1084523073388001,Low Risk,98.6,High Value,Low Risk / High Value,One year,53,41.70425026406219,14.204250264062189,True
9571-EDEBV,0.1698015733747381,Low Risk,98.65,High Value,Low Risk / High Value,One year,71,65.32860833232988,37.82860833232988,True
7856-GANIL,0.2192998381571017,High Risk,98.7,High Value,High Risk / High Value,One year,45,84.41508670181315,56.91508670181315,True
0422-UXFAP,0.34923541961522,High Risk,98.85,High Value,High Risk / High Value,One year,51,134.63549279296151,107.13549279296151,True
9402-CXWPL,0.1659042630188935,Low Risk,98.9,High Value,Low Risk / High Value,One year,70,63.99093328901741,36.49093328901741,True
3587-PMCOY,0.4771859801900266,High Risk,98.9,High Value,High Risk / High Value,One year,10,184.05540441909517,156.55540441909517,True
0959-WHOKV,0.251791120779726,High Risk,99.0,High Value,High Risk / High Value,One year,42,97.2165517330522,69.7165517330522,True
9705-IOVQQ,0.2109314013337689,High Risk,99.0,High Value,High Risk / High Value,One year,61,81.44061405496817,53.940614054968165,True
7064-FRRSW,0.3919322489709793,High Risk,99.0,High Value,High Risk / High Value,One year,48,151.3250413276951,123.82504132769509,True
1360-JYXKQ,0.2569392474136446,High Risk,99.1,High Value,High Risk / High Value,One year,54,99.30444973289951,71.80444973289951,True
6383-ZTSIW,0.1799810891574536,Low Risk,99.1,High Value,Low Risk / High Value,One year,39,69.56089114846424,42.060891148464236,True
2371-KFUOG,0.0958687543052282,Low Risk,99.15,High Value,Low Risk / High Value,One year,58,37.07100925851717,9.571009258517172,True
2153-MREFK,0.2404557154492387,High Risk,99.2,High Value,High Risk / High Value,One year,37,93.02750719300147,65.52750719300147,True
2995-UPRYS,0.2342925102830187,High Risk,99.2,High Value,High Risk / High Value,One year,40,90.64308637829429,63.143086378294285,True
0080-OROZO,0.3205978815640587,High Risk,99.25,High Value,High Risk / High Value,One year,35,124.09542500640804,96.59542500640804,True
5578-NKCXI,0.0812308161314276,Low Risk,99.25,High Value,Low Risk / High Value,One year,58,31.442418154072342,3.9424181540723424,True
2284-VFLKH,0.1731631857247073,Low Risk,99.25,High Value,Low Risk / High Value,One year,49,67.02714011439109,39.52714011439109,True
7103-IPXPJ,0.2260697557010447,High Risk,99.4,High Value,High Risk / High Value,One year,50,87.638201495067,60.138201495066994,True
4791-QRGMF,0.2456348829482932,High Risk,99.5,High Value,High Risk / High Value,One year,59,95.31861632808517,67.81861632808517,True
6227-FBDXH,0.1445748193421085,Low Risk,99.5,High Value,Low Risk / High Value,One year,69,56.102258645705206,28.602258645705206,True
3349-ANQNH,0.3557585272041701,High Risk,99.5,High Value,High Risk / High Value,One year,59,138.05209648157822,110.55209648157822,True
8769-KKTPH,0.1396469639635255,Low Risk,99.65,High Value,Low Risk / High Value,One year,63,54.27169783996474,26.771697839964737,True
8065-QBYTO,0.0828895890204106,Low Risk,99.65,High Value,Low Risk / High Value,One year,71,32.21379542894728,4.713795428947279,True
1545-ACTAS,0.1728677596719616,Low Risk,99.7,High Value,Low Risk / High Value,One year,48,67.21617099324884,39.71617099324884,True
2805-EDJPQ,0.1175211085579602,Low Risk,99.75,High Value,Low Risk / High Value,One year,56,45.71864925676047,18.21864925676047,True
1091-SOZGA,0.2137654990182746,High Risk,99.8,High Value,High Risk / High Value,One year,56,83.20180752789284,55.70180752789284,True
0380-NEAVX,0.4100089197482343,High Risk,99.85,High Value,High Risk / High Value,One year,34,159.66362348375867,132.16362348375867,True
2748-MYRVK,0.1485838632879994,Low Risk,99.9,High Value,Low Risk / High Value,One year,63,57.88975897563745,30.38975897563745,True
4937-QPZPO,0.268287721616272,High Risk,99.9,High Value,High Risk / High Value,One year,61,104.52757921891576,77.02757921891576,True
3511-APPBJ,0.2920009628550847,High Risk,99.95,High Value,High Risk / High Value,One year,23,113.82343532572631,86.32343532572631,True
0727-BMPLR,0.3810194422762669,High Risk,100.0,High Value,High Risk / High Value,One year,55,148.5975824877441,121.09758248774409,True
6849-OYAMU,0.2171494920587723,High Risk,100.0,High Value,High Risk / High Value,One year,19,84.6883019029212,57.1883019029212,True
7486-KSRVI,0.3217859918245146,High Risk,100.0,High Value,High Risk / High Value,One year,43,125.4965368115607,97.9965368115607,True
0327-WFZSY,0.3103866484170264,High Risk,100.0,High Value,High Risk / High Value,One year,39,121.0507928826403,93.5507928826403,True
9518-RWHZL,0.199005538394953,High Risk,100.05,High Value,High Risk / High Value,One year,64,77.65096605401868,50.15096605401868,True
0931-MHTEM,0.132914791889659,Low Risk,100.05,High Value,Low Risk / High Value,One year,54,51.86268722138549,24.362687221385492,True
1956-YIFGE,0.3139979812505151,High Risk,100.05,High Value,High Risk / High Value,One year,22,122.52044229404476,95.02044229404476,True
2382-BCKQJ,0.2713887367500359,High Risk,100.15,High Value,High Risk / High Value,One year,62,106.00036974351278,78.50036974351278,True
4837-QUSFT,0.0863567549428277,Low Risk,100.15,High Value,Low Risk / High Value,One year,65,33.729653129344356,6.229653129344356,True
9233-PSYHO,0.3697854625999422,High Risk,100.15,High Value,High Risk / High Value,One year,45,144.43265490959845,116.93265490959845,True
3162-KKZXO,0.3734061320298169,High Risk,100.15,High Value,High Risk / High Value,One year,55,145.84683407886604,118.34683407886604,True
7272-QDCKA,0.3826493669189306,High Risk,100.2,High Value,High Risk / High Value,One year,28,149.5317196045797,122.0317196045797,True
6199-IWKGC,0.2958984202108176,High Risk,100.25,High Value,High Risk / High Value,One year,46,115.68888484192439,88.18888484192439,True
9402-ROUMJ,0.0772950520423844,Low Risk,100.25,High Value,Low Risk / High Value,One year,67,30.220432972271244,2.7204329722712437,True
4710-FDUIZ,0.165641645381856,Low Risk,100.3,High Value,Low Risk / High Value,One year,56,64.7940424240206,37.2940424240206,True
5223-UZAVK,0.110212138192379,Low Risk,100.3,High Value,Low Risk / High Value,One year,64,43.1116820967129,15.611682096712897,True
3253-HKOKL,0.1467502419672612,Low Risk,100.3,High Value,Low Risk / High Value,One year,52,57.40429215033356,29.90429215033356,True
5447-WZAFP,0.1876012897375792,Low Risk,100.3,High Value,Low Risk / High Value,One year,53,73.38399650664886,45.883996506648856,True
0853-NWIFK,0.2297166398681221,High Risk,100.3,High Value,High Risk / High Value,One year,45,89.85825801721332,62.358258017213316,True
8375-KVTHK,0.1351615370055008,Low Risk,100.3,High Value,Low Risk / High Value,One year,68,52.871138430441746,25.371138430441746,True
8091-TTVAX,0.169258975141127,Low Risk,100.35,High Value,Low Risk / High Value,One year,58,66.24203880610716,38.74203880610716,True
0516-OOHAR,0.2298442548814139,High Risk,100.35,High Value,High Risk / High Value,One year,28,89.95299681166455,62.45299681166455,True
9139-WQQDY,0.180586924224311,Low Risk,100.45,High Value,Low Risk / High Value,One year,49,70.74583049949496,43.24583049949496,True
8982-NHAVY,0.4320406142385423,High Risk,100.5,High Value,High Risk / High Value,One year,27,169.33831875079665,141.83831875079665,True
0512-FLFDW,0.2642861147554276,High Risk,100.5,High Value,High Risk / High Value,One year,60,103.58694267838985,76.08694267838985,True
7663-ZTEGJ,0.1590566893569747,Low Risk,100.55,High Value,Low Risk / High Value,One year,29,62.37328544789085,34.87328544789085,True
2924-KHUVI,0.241468524138439,High Risk,100.55,High Value,High Risk / High Value,One year,56,94.69067439826816,67.19067439826816,True
1217-VASWC,0.2853254040908406,High Risk,100.55,High Value,High Risk / High Value,One year,43,111.88893058720268,84.38893058720268,True
0218-QNVAS,0.1088283853397053,Low Risk,100.55,High Value,Low Risk / High Value,One year,71,42.67650716903874,15.176507169038743,True
3190-XFANI,0.2134825604421049,High Risk,100.6,High Value,High Risk / High Value,One year,49,83.75774776385543,56.257747763855434,True
5671-UUNXD,0.3471555872619877,High Risk,100.65,High Value,High Risk / High Value,One year,50,136.27071844588434,108.77071844588434,True
3096-WPXBT,0.0975544555770662,Low Risk,100.7,High Value,Low Risk / High Value,One year,61,38.31256133878121,10.812561338781208,True
2293-IJWPS,0.2528978340463726,High Risk,100.75,High Value,High Risk / High Value,One year,57,99.36988144267096,71.86988144267096,True
3756-VNWDH,0.2489617878320927,High Risk,100.75,High Value,High Risk / High Value,One year,65,97.82331048392504,70.32331048392504,True
8402-EIVQS,0.0965569419522557,Low Risk,100.9,High Value,Low Risk / High Value,One year,67,37.99612222763214,10.496122227632142,True
7879-CGSFV,0.1345545066584477,Low Risk,100.9,High Value,Low Risk / High Value,One year,55,52.948543915165764,25.448543915165764,True
2696-ECXKC,0.1251228742780242,Low Risk,100.9,High Value,Low Risk / High Value,One year,55,49.23710225714531,21.73710225714531,True
5828-AVIPD,0.4426958171837908,High Risk,100.95,High Value,High Risk / High Value,One year,19,174.29155670434437,146.79155670434437,True
2898-MRKPI,0.1437072021765837,Low Risk,101.05,High Value,Low Risk / High Value,One year,68,56.634289841780756,29.134289841780756,True
2014-MKGMH,0.3894817866865606,High Risk,101.1,High Value,High Risk / High Value,One year,46,153.56877367264394,126.06877367264394,True
9825-YCXWZ,0.2543497998958172,High Risk,101.1,High Value,High Risk / High Value,One year,41,100.28758260092175,72.78758260092175,True
4455-BFSPD,0.1439624511589531,Low Risk,101.15,High Value,Low Risk / High Value,One year,61,56.79102754543962,29.29102754543962,True
5811-IWXYM,0.1953947643589081,High Risk,101.25,High Value,High Risk / High Value,One year,52,77.15650757622385,49.656507576223845,True
1335-HQMKX,0.2217745231913675,High Risk,101.35,High Value,High Risk / High Value,One year,72,87.65970690923587,60.159706909235865,True
6500-JVEGC,0.0795764812047407,Low Risk,101.35,High Value,Low Risk / High Value,One year,68,31.453797843391833,3.9537978433918326,True
5298-GSTLM,0.2213584064456611,High Risk,101.4,High Value,High Risk / High Value,One year,60,87.53839541300114,60.03839541300114,True
0406-BPDVR,0.2664045437198631,High Risk,101.5,High Value,High Risk / High Value,One year,54,105.45623863150782,77.95623863150782,True
0580-PIQHM,0.1645801124136704,Low Risk,101.6,High Value,Low Risk / High Value,One year,41,65.21322374279276,37.71322374279276,True
2623-DRYAM,0.2439740826999175,High Risk,101.75,High Value,High Risk / High Value,One year,70,96.81501536739476,69.31501536739476,True
9323-HGFWY,0.2078071669366663,High Risk,101.9,High Value,High Risk / High Value,One year,27,82.58464621230056,55.084646212300555,True
4676-MQUEA,0.1952290092036984,High Risk,101.9,High Value,High Risk / High Value,One year,50,77.58596054764179,50.08596054764179,True
6967-QIQRV,0.255176930673177,High Risk,101.9,High Value,High Risk / High Value,One year,15,101.40986401882728,73.90986401882728,True
5445-PZWGX,0.0917675049038852,Low Risk,102.0,High Value,Low Risk / High Value,One year,62,36.505113450765535,9.005113450765535,True
8979-CAMGB,0.2065532463209067,High Risk,102.1,High Value,High Risk / High Value,One year,64,82.24743715252184,54.74743715252184,True
0481-SUMCB,0.3814795037802632,High Risk,102.15,High Value,High Risk / High Value,One year,45,151.97571211350015,124.47571211350015,True
0520-FDVVT,0.2887173392408346,High Risk,102.35,High Value,High Risk / High Value,One year,35,115.24585671806776,87.74585671806776,True
1347-KTTTA,0.1136459019071155,Low Risk,102.45,High Value,Low Risk / High Value,One year,64,45.40778833649754,17.90778833649754,True
6097-EQISJ,0.1563912122125717,Low Risk,102.45,High Value,Low Risk / High Value,One year,66,62.4868907955941,34.9868907955941,True
0330-BGYZE,0.1674149692962028,Low Risk,102.5,High Value,Low Risk / High Value,One year,60,66.92413397615708,39.42413397615708,True
3058-HJCUY,0.3108893991062659,High Risk,102.6,High Value,High Risk / High Value,One year,41,124.39928415838123,96.89928415838123,True
7134-MJPDY,0.1952183242037755,High Risk,102.85,High Value,High Risk / High Value,One year,66,78.3049981129974,50.804998112997396,True
8133-ANHHJ,0.1185980459263129,Low Risk,103.0,High Value,Low Risk / High Value,One year,49,47.64083504859989,20.14083504859989,True
2931-XIQBR,0.1138789920369646,Low Risk,103.05,High Value,Low Risk / High Value,One year,50,45.767397504695886,18.267397504695886,True
7975-TZMLR,0.3565941077542749,High Risk,103.1,High Value,High Risk / High Value,One year,47,143.38292478691642,115.88292478691642,True
1442-OKRJE,0.1033895203209451,Low Risk,103.15,High Value,Low Risk / High Value,One year,66,41.5920531823114,14.092053182311403,True
4832-VRBMR,0.2395210260251052,High Risk,103.15,High Value,High Risk / High Value,One year,65,96.35571595450946,68.85571595450946,True
7047-FWEYA,0.2834154283373272,High Risk,103.15,High Value,High Risk / High Value,One year,46,114.01377558868168,86.51377558868168,True
2234-XADUH,0.1394534779036576,Low Risk,103.2,High Value,Low Risk / High Value,One year,72,56.127235786664116,28.627235786664116,True
2239-JALAW,0.2318924700051644,High Risk,103.25,High Value,High Risk / High Value,One year,58,93.37730035932957,65.87730035932957,True
4800-CZMPC,0.184710995270434,Low Risk,103.25,High Value,Low Risk / High Value,One year,48,74.37850002052201,46.87850002052201,True
8715-KKTFG,0.1970504019990014,High Risk,103.3,High Value,High Risk / High Value,One year,61,79.3856954533377,51.8856954533377,True
4816-OKWNX,0.1478508125945056,Low Risk,103.4,High Value,Low Risk / High Value,One year,50,59.62231868686033,32.12231868686033,True
7774-OJSXI,0.4455195297791031,High Risk,103.45,High Value,High Risk / High Value,One year,31,179.74708188702803,152.24708188702803,True
0036-IHMOT,0.1305178769073378,Low Risk,103.7,High Value,Low Risk / High Value,One year,55,52.785344957634635,25.285344957634635,True
5136-KCKGI,0.2805766874870151,High Risk,103.7,High Value,High Risk / High Value,One year,33,113.47362972037351,85.97362972037351,True
2750-BJLSB,0.1854286320535822,Low Risk,103.7,High Value,Low Risk / High Value,One year,47,74.99290166143025,47.49290166143025,True
7251-LJBQN,0.3173108296145865,High Risk,103.75,High Value,High Risk / High Value,One year,40,128.39189443280208,100.89189443280208,True
6646-QVXLR,0.3086225041212683,High Risk,103.75,High Value,High Risk / High Value,One year,62,124.87638073006818,97.37638073006818,True
8267-ZNYVZ,0.2523679554215856,High Risk,103.75,High Value,High Risk / High Value,One year,33,102.11438396245907,74.61438396245907,True
4097-YODCF,0.3141627115318056,High Risk,103.8,High Value,High Risk / High Value,One year,34,127.17934888230553,99.67934888230553,True
8433-WPJTV,0.1813571995517055,Low Risk,103.9,High Value,Low Risk / High Value,One year,65,73.4877508303466,45.9877508303466,True
2830-LEWOA,0.0787290647599726,Low Risk,103.9,High Value,Low Risk / High Value,One year,61,31.901804331388497,4.401804331388497,True
4488-KQFDT,0.2829707913698732,High Risk,103.95,High Value,High Risk / High Value,One year,61,114.71777367530346,87.21777367530346,True
0877-SDMBN,0.2142908453335057,High Risk,103.95,High Value,High Risk / High Value,One year,54,86.87458015242989,59.374580152429886,True
8033-VCZGH,0.2873555051071633,High Risk,103.95,High Value,High Risk / High Value,One year,50,116.49535854796954,88.99535854796954,True
2252-JHJGE,0.1759599516246434,Low Risk,104.0,High Value,Low Risk / High Value,One year,61,71.36935637895536,43.86935637895536,True
3763-GCZHZ,0.1928332341375989,Low Risk,104.05,High Value,Low Risk / High Value,One year,66,78.25076224686694,50.75076224686694,True
6305-YLBMM,0.109341540678608,Low Risk,104.05,High Value,Low Risk / High Value,One year,69,44.37025049967574,16.87025049967574,True
2325-WINES,0.365231438011094,High Risk,104.05,High Value,High Risk / High Value,One year,32,148.20909138771188,120.70909138771188,True
5678-VFNEQ,0.1369397399480349,Low Risk,104.1,High Value,Low Risk / High Value,One year,71,55.59616502150269,28.096165021502692,True
7694-VLBWQ,0.1882358260738954,Low Risk,104.1,High Value,Low Risk / High Value,One year,67,76.42186302774078,48.921863027740784,True
6728-DKUCO,0.1404148420697999,Low Risk,104.15,High Value,Low Risk / High Value,One year,72,57.034402626121675,29.534402626121675,True
4088-YLDSU,0.2650833319791967,High Risk,104.15,High Value,High Risk / High Value,One year,55,107.67287319997001,80.17287319997001,True
5716-LIBJC,0.4393323130720409,High Risk,104.15,High Value,High Risk / High Value,One year,13,178.45019558516694,150.95019558516694,True
9821-BESNZ,0.1914163877119255,Low Risk,104.25,High Value,Low Risk / High Value,One year,66,77.82511783397611,50.32511783397611,True
9154-QDGTH,0.2205611540958251,High Risk,104.3,High Value,High Risk / High Value,One year,43,89.71766065155879,62.21766065155879,True
6341-AEVKX,0.1425671589098283,Low Risk,104.3,High Value,Low Risk / High Value,One year,62,57.99204322975085,30.49204322975085,True
2519-LBNQL,0.3287144534024337,High Risk,104.35,High Value,High Risk / High Value,One year,60,133.77527752892144,106.27527752892144,True
7940-UQQUG,0.1151061611399473,Low Risk,104.4,High Value,Low Risk / High Value,One year,64,46.86662456974095,19.36662456974095,True
5802-ADBRC,0.2220437716097343,High Risk,104.4,High Value,High Risk / High Value,One year,50,90.40734204861943,62.90734204861943,True
7124-UGSUR,0.2451731493505316,High Risk,104.4,High Value,High Risk / High Value,One year,61,99.82469948956248,72.32469948956248,True
8952-WCVCD,0.1939984307151989,Low Risk,104.45,High Value,Low Risk / High Value,One year,41,79.02623074398986,51.526230743989856,True
5732-IKGQH,0.1578516188855459,Low Risk,104.45,High Value,Low Risk / High Value,One year,52,64.30164621112155,36.80164621112155,True
5376-PCKNB,0.1377110680377439,Low Risk,104.45,High Value,Low Risk / High Value,One year,72,56.09729212051518,28.597292120515178,True
5370-IIVVL,0.2517591983735529,High Risk,104.5,High Value,High Risk / High Value,One year,37,102.60446129714147,75.10446129714147,True
0565-JUPYD,0.0601742425802351,Low Risk,104.5,High Value,Low Risk / High Value,One year,63,24.524012563574814,-2.9759874364251857,False
4913-EHYUI,0.2075375655684689,High Risk,104.55,High Value,High Risk / High Value,One year,56,84.62240467271533,57.122404672715334,True
5149-TGWDZ,0.2951324514804936,High Risk,104.55,High Value,High Risk / High Value,One year,21,120.33878142891388,92.83878142891388,True
6408-OTUBZ,0.0820499506642511,Low Risk,104.55,High Value,Low Risk / High Value,One year,66,33.45545713359506,5.955457133595061,True
6797-UCJHZ,0.1632097551635085,Low Risk,104.6,High Value,Low Risk / High Value,One year,66,66.57978752140166,39.079787521401656,True
8329-UTMVM,0.387849087716572,High Risk,104.65,High Value,High Risk / High Value,One year,27,158.2947874152031,130.7947874152031,True
3324-OIRTO,0.0834243973995528,Low Risk,104.65,High Value,Low Risk / High Value,One year,71,34.048416432666485,6.548416432666485,True
5074-FBGHB,0.1686751233681442,Low Risk,104.65,High Value,Low Risk / High Value,One year,64,68.84222147585754,41.34222147585754,True
3685-YLCMQ,0.2582385017884002,High Risk,104.65,High Value,High Risk / High Value,One year,58,105.39617092740872,77.89617092740872,True
2359-QWQUL,0.1665269635770705,Low Risk,104.7,High Value,Low Risk / High Value,One year,39,67.99795503742521,40.497955037425214,True
8634-CILSZ,0.1392260288754096,Low Risk,104.7,High Value,Low Risk / High Value,One year,69,56.85016437069601,29.350164370696007,True
4612-THJBS,0.2648762217496131,High Risk,104.75,High Value,High Risk / High Value,One year,56,108.20855849026069,80.70855849026069,True
0100-DUVFC,0.267331088062154,High Risk,104.8,High Value,High Risk / High Value,One year,70,109.26356231276358,81.76356231276358,True
4480-MBMLB,0.3614836907258211,High Risk,104.8,High Value,High Risk / High Value,One year,36,147.7456140734576,120.2456140734576,True
6807-SIWJI,0.3202383235207578,High Risk,104.85,High Value,High Risk / High Value,One year,38,130.95025406249067,103.45025406249067,True
0471-ARVMX,0.2585682569472315,High Risk,104.85,High Value,High Risk / High Value,One year,62,105.73243878957717,78.23243878957717,True
4815-YOSUK,0.0578033951304827,Low Risk,104.9,High Value,Low Risk / High Value,One year,72,23.64794698183178,-3.8520530181682204,False
5553-AOINX,0.2625663791864857,High Risk,104.9,High Value,High Risk / High Value,One year,66,107.41853138898318,79.91853138898318,True
7203-OYKCT,0.2195820091794302,High Risk,104.95,High Value,High Risk / High Value,One year,72,89.87601426718669,62.37601426718669,True
6769-DCQLI,0.1568488428170932,Low Risk,105.0,High Value,Low Risk / High Value,One year,52,64.22960113359966,36.72960113359966,True
5985-BEHZK,0.1467891535486811,Low Risk,105.0,High Value,Low Risk / High Value,One year,72,60.11015837818492,32.61015837818492,True
2560-PPCHE,0.1523258333787424,Low Risk,105.05,High Value,Low Risk / High Value,One year,65,62.40713230610386,34.90713230610386,True
7544-ZVIKX,0.1695304211574755,Low Risk,105.05,High Value,Low Risk / High Value,One year,58,69.45576589611193,41.95576589611193,True
2806-MLNTI,0.29702987163815,High Risk,105.1,High Value,High Risk / High Value,One year,52,121.74957408576128,94.24957408576128,True
1090-PYKCI,0.0629083308911623,Low Risk,105.1,High Value,Low Risk / High Value,One year,69,25.785495748978512,-1.7145042510214878,False
7722-CVFXN,0.2167515711359071,High Risk,105.2,High Value,High Risk / High Value,One year,54,88.92883460563996,61.42883460563996,True
7789-HKSBS,0.3260572858886476,High Risk,105.2,High Value,High Risk / High Value,One year,42,133.77478325439432,106.27478325439432,True
5440-VHLUL,0.1442838367658037,Low Risk,105.2,High Value,Low Risk / High Value,One year,69,59.19677254827395,31.696772548273948,True
2165-VOEGB,0.1190780457383152,Low Risk,105.2,High Value,Low Risk / High Value,One year,46,48.85534060551596,21.355340605515963,True
1448-CYWKC,0.2001675413726826,High Risk,105.2,High Value,High Risk / High Value,One year,58,82.12473887438422,54.62473887438422,True
3567-PQTSO,0.2848502435246507,High Risk,105.25,High Value,High Risk / High Value,One year,53,116.923903710781,89.423903710781,True
5174-ITUMV,0.2128723553040525,High Risk,105.4,High Value,High Risk / High Value,One year,67,87.50331037128382,60.00331037128382,True
1060-ENTOF,0.0935281549234697,Low Risk,105.4,High Value,Low Risk / High Value,One year,67,38.445683362841464,10.945683362841464,True
7055-VKGDA,0.1017359535996659,Low Risk,105.4,High Value,Low Risk / High Value,One year,54,41.819581086678674,14.319581086678674,True
0193-ESZXP,0.1185087077180383,Low Risk,105.5,High Value,Low Risk / High Value,One year,58,48.760407790586854,21.260407790586854,True
4323-OHFOW,0.1589986008669004,Low Risk,105.55,High Value,Low Risk / High Value,One year,70,65.4509790538552,37.95097905385521,True
5285-MVEHD,0.1389978043320479,Low Risk,105.6,High Value,Low Risk / High Value,One year,56,57.2448557361106,29.7448557361106,True
5897-ZYEKH,0.2249572537398183,High Risk,105.6,High Value,High Risk / High Value,One year,67,92.64639538020677,65.14639538020677,True
3932-CMDTD,0.4789991296199577,High Risk,105.65,High Value,High Risk / High Value,One year,4,197.3644063729593,169.8644063729593,True
2722-VOJQL,0.1505959294973186,Low Risk,105.65,High Value,Low Risk / High Value,One year,64,62.05079381042768,34.55079381042768,True
5569-IDSEY,0.1742913516666278,Low Risk,105.7,High Value,Low Risk / High Value,One year,71,71.84812389753398,44.34812389753398,True
4753-PADAS,0.1826739054221513,Low Risk,105.7,High Value,Low Risk / High Value,One year,67,75.30366403217344,47.803664032173444,True
0308-GIQJT,0.1158331248586007,Low Risk,105.75,High Value,Low Risk / High Value,One year,71,47.77247651980839,20.272476519808393,True
8999-XXGNS,0.1955065662989468,High Risk,105.75,High Value,High Risk / High Value,One year,72,80.63179560584314,53.13179560584314,True
3858-XHYJO,0.2160811378753261,High Risk,105.75,High Value,High Risk / High Value,One year,40,89.11726328823136,61.61726328823136,True
2056-EVGZL,0.0670784234819521,Low Risk,105.75,High Value,Low Risk / High Value,One year,68,27.664818804544094,0.16481880454409392,True
4525-VZCZG,0.131538099063367,Low Risk,105.85,High Value,Low Risk / High Value,One year,54,54.30090036484384,26.80090036484384,True
2172-EJXVF,0.2700734190445452,High Risk,105.9,High Value,High Risk / High Value,One year,71,111.54302279958762,84.04302279958762,True
6425-YQLLO,0.1867826987104015,Low Risk,105.95,High Value,Low Risk / High Value,One year,66,77.17954502063147,49.679545020631465,True
0691-NIKRI,0.2741137458537642,High Risk,105.95,High Value,High Risk / High Value,One year,40,113.26517035550464,85.76517035550464,True
1113-IUJYX,0.1892905182698453,Low Risk,105.95,High Value,Low Risk / High Value,One year,14,78.21578860169143,50.71578860169143,True
5469-CTCWN,0.1890434225966224,Low Risk,106.0,High Value,Low Risk / High Value,One year,61,78.15055090144371,50.65055090144371,True
5056-FIMPT,0.1176838623668957,Low Risk,106.0,High Value,Low Risk / High Value,One year,43,48.65050870247468,21.15050870247468,True
8564-LDKFL,0.3190661510809011,High Risk,106.0,High Value,High Risk / High Value,One year,40,131.90194685684452,104.40194685684452,True
8651-ENBZX,0.2915300585814372,High Risk,106.0,High Value,High Risk / High Value,One year,60,120.51852621756615,93.01852621756615,True
1017-FBQMM,0.1403362805424152,Low Risk,106.05,High Value,Low Risk / High Value,One year,62,58.04238395094022,30.54238395094022,True
4393-RYCRE,0.2260147901236701,High Risk,106.05,High Value,High Risk / High Value,One year,44,93.47858712119934,65.97858712119934,True
3865-YIOTT,0.1313990500515367,Low Risk,106.1,High Value,Low Risk / High Value,One year,72,54.37161292082537,26.87161292082537,True
9651-GTSAQ,0.1594951816053273,Low Risk,106.1,High Value,Low Risk / High Value,One year,53,65.99751119646838,38.49751119646838,True
1899-VXWXM,0.2623561242054351,High Risk,106.1,High Value,High Risk / High Value,One year,48,108.56034063496698,81.06034063496698,True
3325-FUYCG,0.2680888740464208,High Risk,106.1,High Value,High Risk / High Value,One year,28,110.93249519166845,83.43249519166845,True
6994-FGRHH,0.1221530202916966,Low Risk,106.15,High Value,Low Risk / High Value,One year,70,50.569518105458016,23.069518105458016,True
9912-OMZDS,0.2582583310112011,High Risk,106.15,High Value,High Risk / High Value,One year,59,106.9150751636721,79.4150751636721,True
7067-KSAZT,0.3059598593540623,High Risk,106.25,High Value,High Risk / High Value,One year,65,126.78211671983955,99.28211671983955,True
7718-UPSKJ,0.0718573652285499,Low Risk,106.4,High Value,Low Risk / High Value,One year,69,29.817932275239066,2.317932275239066,True
1502-XFCVR,0.1776064235808083,Low Risk,106.45,High Value,Low Risk / High Value,One year,58,73.73419478169048,46.234194781690476,True
3692-JHONH,0.3823142988077743,High Risk,106.5,High Value,High Risk / High Value,One year,52,158.79424400980906,131.29424400980906,True
6050-IJRHS,0.2052313687794422,High Risk,106.5,High Value,High Risk / High Value,One year,70,85.24284902254131,57.74284902254131,True
8849-GYOKR,0.1452477588054415,Low Risk,106.55,High Value,Low Risk / High Value,One year,54,60.356979932807185,32.856979932807185,True
6465-GSRCL,0.1348557257443665,Low Risk,106.6,High Value,Low Risk / High Value,One year,67,56.06491942096292,28.564919420962923,True
1169-SAOCL,0.211751684366169,High Risk,106.65,High Value,High Risk / High Value,One year,49,88.07493683684251,60.57493683684251,True
5035-PGZXH,0.3014148791694341,High Risk,106.8,High Value,High Risk / High Value,One year,56,125.54532547165269,98.04532547165269,True
8152-UOBNY,0.3156044193425383,High Risk,106.8,High Value,High Risk / High Value,One year,50,131.45555274455404,103.95555274455404,True
1784-EZDKJ,0.2668951389628035,High Risk,106.8,High Value,High Risk / High Value,One year,51,111.16716328078691,83.66716328078691,True
3786-WOVKF,0.1564381716141415,Low Risk,106.85,High Value,Low Risk / High Value,One year,72,65.19013268418698,37.69013268418698,True
6777-TGHTM,0.2086372614590486,High Risk,106.95,High Value,High Risk / High Value,One year,53,87.02364494087648,59.52364494087648,True
3758-CKOQL,0.089790414617357,Low Risk,107.0,High Value,Low Risk / High Value,One year,59,37.46954001982308,9.969540019823079,True
5481-NTDOH,0.1788943978816637,Low Risk,107.05,High Value,Low Risk / High Value,One year,67,74.68751664360519,47.18751664360519,True
1297-VQDRP,0.1598688384157189,Low Risk,107.15,High Value,Low Risk / High Value,One year,68,66.8067895413527,39.3067895413527,True
8565-HBFNN,0.0710665333090372,Low Risk,107.2,High Value,Low Risk / High Value,One year,69,29.711496245842273,2.211496245842273,True
6815-ABQFQ,0.2379782102892687,High Risk,107.25,High Value,High Risk / High Value,One year,56,99.54033590874387,72.04033590874387,True
9659-ZTWSM,0.1825326382964749,Low Risk,107.35,High Value,Low Risk / High Value,One year,66,76.42002701239366,48.92002701239366,True
9036-CSKBW,0.1673240464598537,Low Risk,107.45,High Value,Low Risk / High Value,One year,51,70.117978289234,42.617978289234,True
5336-UFNZP,0.2748837344798504,High Risk,107.45,High Value,High Risk / High Value,One year,65,115.1914033524537,87.6914033524537,True
2886-KEFUM,0.2745881235320616,High Risk,107.5,High Value,High Risk / High Value,One year,63,115.12107079081683,87.62107079081683,True
8327-LZKAS,0.3758952850770032,High Risk,107.55,High Value,High Risk / High Value,One year,43,157.6673978491236,130.1673978491236,True
1698-XFZCI,0.2128883656088917,High Risk,107.75,High Value,High Risk / High Value,One year,61,89.46101343799651,61.96101343799651,True
2000-MPKCA,0.2371957486668057,High Risk,107.75,High Value,High Risk / High Value,One year,58,99.67558348350845,72.17558348350845,True
9844-FELAJ,0.192686698837844,Low Risk,107.9,High Value,Low Risk / High Value,One year,70,81.08448973795313,53.584489737953135,True
2692-AQCPF,0.1529273775558673,Low Risk,108.05,High Value,Low Risk / High Value,One year,65,64.4428322651547,36.942832265154706,True
0786-IVLAW,0.1858898865570931,Low Risk,108.1,High Value,Low Risk / High Value,One year,66,78.36931727360488,50.86931727360488,True
6723-WSNTY,0.1771209377341727,Low Risk,108.1,High Value,Low Risk / High Value,One year,66,74.67241613934986,47.17241613934986,True
1679-JRFBR,0.1259609139542216,Low Risk,108.15,High Value,Low Risk / High Value,One year,70,53.12842409218136,25.628424092181362,True
7550-WIQVA,0.2382845933425613,High Risk,108.25,High Value,High Risk / High Value,One year,50,100.5977981943958,73.0977981943958,True
6362-QHAFM,0.3353125580128455,High Risk,108.3,High Value,High Risk / High Value,One year,42,141.62596512788554,114.12596512788554,True
5981-ZVXOT,0.3974339974605645,High Risk,108.35,High Value,High Risk / High Value,One year,35,167.94169713692344,140.44169713692344,True
5067-XJQFU,0.2053152675361621,High Risk,108.45,High Value,High Risk / High Value,One year,66,86.83911898075746,59.33911898075746,True
4250-ZBWLV,0.1367938890062337,Low Risk,108.45,High Value,Low Risk / High Value,One year,68,57.857659324631584,30.357659324631584,True
5168-MQQCA,0.1453326022497692,Low Risk,108.5,High Value,Low Risk / High Value,One year,72,61.49749064198985,33.99749064198985,True
5966-EMAZU,0.1241955518784991,Low Risk,108.5,High Value,Low Risk / High Value,One year,64,52.55334777738689,25.05334777738689,True
9101-BWFSS,0.1670530758846999,Low Risk,108.55,High Value,Low Risk / High Value,One year,50,70.72108441040828,43.22108441040828,True
8213-TAZPM,0.1292765652107781,Low Risk,108.75,High Value,Low Risk / High Value,One year,69,54.829423220021255,27.329423220021255,True
3424-NMNBO,0.2669243100278227,High Risk,108.85,High Value,High Risk / High Value,One year,58,113.31337347146115,85.81337347146115,True
4350-ZTLPI,0.2030069146123796,High Risk,108.95,High Value,High Risk / High Value,One year,53,86.25865305337317,58.758653053373166,True
4567-AKPIA,0.2301168360980924,High Risk,109.1,High Value,High Risk / High Value,One year,41,97.91241259137732,70.41241259137732,True
2266-SJNAT,0.0931901698926278,Low Risk,109.15,High Value,Low Risk / High Value,One year,72,39.66965747074327,12.169657470743267,True
5140-FOMCQ,0.1709595367730356,Low Risk,109.15,High Value,Low Risk / High Value,One year,59,72.77491041122967,45.27491041122967,True
0961-ZWLVI,0.1745428725298073,Low Risk,109.2,High Value,Low Risk / High Value,One year,49,74.33431855299433,46.83431855299433,True
3886-CERTZ,0.1909229178147554,Low Risk,109.25,High Value,Low Risk / High Value,One year,72,81.34748220792191,53.847482207921914,True
8849-PRIQJ,0.1432871329029605,Low Risk,109.4,High Value,Low Risk / High Value,One year,67,61.13488812437713,33.63488812437713,True
0103-CSITQ,0.1906752642573358,Low Risk,109.4,High Value,Low Risk / High Value,One year,57,81.3535082480349,53.8535082480349,True
0748-RDGGM,0.0766856302867703,Low Risk,109.5,High Value,Low Risk / High Value,One year,70,32.74859841396526,5.2485984139652615,True
1984-FCOWB,0.1879531408147365,Low Risk,109.5,High Value,Low Risk / High Value,One year,70,80.26538878493321,52.76538878493321,True
2731-GJRDG,0.2640574632873942,High Risk,109.55,High Value,High Risk / High Value,One year,32,112.81723090222275,85.31723090222275,True
9360-AHGNL,0.2433568232558815,High Risk,109.55,High Value,High Risk / High Value,One year,43,103.97298595195909,76.47298595195909,True
5945-AZYHT,0.1796335846187972,Low Risk,109.6,High Value,Low Risk / High Value,One year,71,76.78257940945868,49.28257940945868,True
1360-XFJMR,0.143455630384892,Low Risk,109.7,High Value,Low Risk / High Value,One year,67,61.37462234756835,33.87462234756835,True
6689-VRRTK,0.266206032661559,High Risk,109.8,High Value,High Risk / High Value,One year,44,113.99474730633281,86.49474730633281,True
6198-PNNSZ,0.1410354012406608,Low Risk,109.8,High Value,Low Risk / High Value,One year,56,60.39417951927577,32.89417951927577,True
0795-GMVQO,0.101016464945545,Low Risk,109.9,High Value,Low Risk / High Value,One year,67,43.29666704031004,15.79666704031004,True
0691-IFBQW,0.3242901425078284,High Risk,110.0,High Value,High Risk / High Value,One year,46,139.12047113585837,111.62047113585837,True
6333-YDVLT,0.1204354879873321,Low Risk,110.0,High Value,Low Risk / High Value,One year,65,51.66682434656546,24.166824346565463,True
5027-YOCXN,0.0966286042909874,Low Risk,110.05,High Value,Low Risk / High Value,One year,51,41.47251381867033,13.972513818670329,True
2408-TZMJL,0.2215338628729913,High Risk,110.15,High Value,High Risk / High Value,One year,59,95.16762448229397,67.66762448229397,True
3870-MQAMG,0.1931065880108565,Low Risk,110.35,High Value,Low Risk / High Value,One year,54,83.10631674929226,55.60631674929226,True
6647-ZEDXT,0.2302811669114242,High Risk,110.45,High Value,High Risk / High Value,One year,30,99.19476405293054,71.69476405293054,True
2673-CXQEU,0.2171126086902766,High Risk,110.5,High Value,High Risk / High Value,One year,56,93.5646787150747,66.0646787150747,True
1258-YMZNM,0.3639353947453934,High Risk,110.5,High Value,High Risk / High Value,One year,27,156.83795836552727,129.33795836552727,True
8008-ESFLK,0.1146887334317229,Low Risk,110.5,High Value,Low Risk / High Value,One year,53,49.42510967240098,21.92510967240098,True
4476-OSWTN,0.1368824146479377,Low Risk,110.55,High Value,Low Risk / High Value,One year,69,59.0161686633851,31.516168663385102,True
4827-LTQRJ,0.1117700256799105,Low Risk,110.6,High Value,Low Risk / High Value,One year,66,48.21088287677259,20.710882876772587,True
0409-WTMPL,0.174349783106573,Low Risk,110.65,High Value,Low Risk / High Value,One year,58,75.23803365289498,47.738033652894984,True
9356-AXGMP,0.296940694166885,High Risk,110.7,High Value,High Risk / High Value,One year,38,128.19820589266928,100.69820589266928,True
8920-NAVAY,0.2107157756375741,High Risk,110.75,High Value,High Risk / High Value,One year,62,91.0134113922592,63.5134113922592,True
2272-JKMSI,0.1939886780649553,Low Risk,110.8,High Value,Low Risk / High Value,One year,62,83.82638756542848,56.326387565428476,True
4118-CEVPF,0.2637602840873927,High Risk,110.8,High Value,High Risk / High Value,One year,35,113.97609395984415,86.47609395984415,True
9835-ZIITK,0.246640360673151,High Risk,110.85,High Value,High Risk / High Value,One year,66,106.62632752441327,79.12632752441327,True
4789-KWMXN,0.1787921229762083,Low Risk,110.85,High Value,Low Risk / High Value,One year,47,77.29451664445949,49.79451664445949,True
7632-MNYOY,0.1336563072979663,Low Risk,110.9,High Value,Low Risk / High Value,One year,66,57.8076894694434,30.307689469443403,True
3199-NPKCN,0.1682437308417381,Low Risk,111.25,High Value,Low Risk / High Value,One year,67,72.99674871895913,45.496748718959125,True
9249-FXSCK,0.1513348842909775,Low Risk,111.25,High Value,Low Risk / High Value,One year,52,65.66042292174787,38.160422921747866,True
2659-VXMWZ,0.1709516261504385,Low Risk,111.3,High Value,Low Risk / High Value,One year,67,74.20497236312085,46.704972363120845,True
1135-HIORI,0.1942566711510815,Low Risk,111.45,High Value,Low Risk / High Value,One year,64,84.43463339917334,56.934633399173336,True
7245-JMTTQ,0.2714390815791149,High Risk,111.5,High Value,High Risk / High Value,One year,51,118.0352846246781,90.5352846246781,True
3584-WKTTW,0.224557928515211,High Risk,111.55,High Value,High Risk / High Value,One year,51,97.69280401089998,70.19280401089998,True
7409-JURKQ,0.1998725380908328,High Risk,111.8,High Value,High Risk / High Value,One year,53,87.14842405836492,59.648424058364924,True
2403-BCASL,0.3252863328168192,High Risk,111.95,High Value,High Risk / High Value,One year,41,142.02163933948736,114.52163933948736,True
6664-FPDAC,0.2987677884228478,High Risk,111.95,High Value,High Risk / High Value,One year,56,130.44351026435749,102.94351026435749,True
6480-YAGIY,0.0940564888240747,Low Risk,112.2,High Value,Low Risk / High Value,One year,45,41.15723837963861,13.657238379638613,True
8561-NMTBD,0.1225141875173301,Low Risk,112.35,High Value,Low Risk / High Value,One year,67,53.68142897353094,26.18142897353094,True
9475-NNDGC,0.1384007544390521,Low Risk,113.15,High Value,Low Risk / High Value,One year,71,61.07417692263709,33.57417692263709,True
1950-KSVVJ,0.1300537448727139,Low Risk,113.3,High Value,Low Risk / High Value,One year,45,57.466848246906096,29.966848246906096,True
0864-FVJNJ,0.1060807274908325,Low Risk,113.35,High Value,Low Risk / High Value,One year,64,46.89457679823487,19.394576798234873,True
9746-MDMBK,0.152955223800787,Low Risk,113.45,High Value,Low Risk / High Value,One year,47,67.67580354677722,40.17580354677722,True
9896-UYMIE,0.1141821504415318,Low Risk,114.3,High Value,Low Risk / High Value,One year,66,50.898977202321625,23.398977202321625,True
6655-LHBYW,0.1159230294363952,Low Risk,114.35,High Value,Low Risk / High Value,One year,50,51.69761382260198,24.19761382260198,True
0206-TBWLC,0.1424417401618245,Low Risk,114.65,High Value,Low Risk / High Value,One year,54,63.69068748725741,36.19068748725741,True
1229-RCALF,0.166195117180774,Low Risk,115.0,High Value,Low Risk / High Value,One year,64,74.53851005557715,47.03851005557715,True
8894-JVDCV,0.1225576664228171,Low Risk,115.05,High Value,Low Risk / High Value,One year,62,54.99101213558592,27.49101213558592,True
3642-GKTCT,0.1278082483749763,Low Risk,115.1,High Value,Low Risk / High Value,One year,61,57.371844613043116,29.871844613043116,True
0201-OAMXR,0.0770891723968177,Low Risk,115.55,High Value,Low Risk / High Value,One year,70,34.739850094763916,7.239850094763916,True
0442-ZXKVS,0.1935271334124527,Low Risk,115.6,High Value,Low Risk / High Value,One year,54,87.24977282767017,59.74977282767017,True
1444-VVSGW,0.0719016620591828,Low Risk,115.65,High Value,Low Risk / High Value,One year,70,32.43016614686351,4.930166146863513,True
0052-DCKON,0.0952860101556039,Low Risk,115.8,High Value,Low Risk / High Value,One year,66,43.03306790647383,15.533067906473832,True
4374-YMUSQ,0.153604256154563,Low Risk,116.25,High Value,Low Risk / High Value,One year,34,69.64032963407499,42.14032963407499,True
4868-AADLV,0.1725355305275512,Low Risk,116.25,High Value,Low Risk / High Value,One year,66,78.22329615292853,50.723296152928526,True
0186-CAERR,0.1098317131523393,Low Risk,116.3,High Value,Low Risk / High Value,One year,71,49.81637013450654,22.316370134506542,True
3680-CTHUH,0.1271435605901105,Low Risk,116.6,High Value,Low Risk / High Value,One year,60,57.81726274274685,30.31726274274685,True
4282-MSACW,0.1088664230627236,Low Risk,117.2,High Value,Low Risk / High Value,One year,68,49.7606646535097,22.2606646535097,True
2889-FPWRM,0.1125243813306666,Low Risk,117.8,High Value,Low Risk / High Value,One year,72,51.69595127093484,24.19595127093484,True
8199-ZLLSA,0.1143630899829884,Low Risk,118.35,High Value,Low Risk / High Value,One year,67,52.78599962799804,25.285999627998038,True
5734-EJKXG,0.1816991771708319,Low Risk,118.6,High Value,Low Risk / High Value,One year,61,84.04313740859658,56.54313740859658,True
9764-REAFF,0.0032615610769575,Low Risk,18.4,Low Value,Low Risk / Low Value,Two year,59,0.23404962288247022,-27.26595037711753,False
0827-ITJPH,0.0137952850847909,Low Risk,18.55,Low Value,Low Risk / Low Value,Two year,36,0.9980198994591978,-26.501980100540802,False
0621-CXBKL,0.0042940431229772,Low Risk,18.7,Low Value,Low Risk / Low Value,Two year,53,0.31316456495872713,-27.186835435041274,False
9945-PSVIP,0.0213249259880214,Low Risk,18.7,Low Value,Low Risk / Low Value,Two year,25,1.5552268523064008,-25.9447731476936,False
7473-ZBDSN,0.0273170279869906,Low Risk,18.8,Low Value,Low Risk / Low Value,Two year,14,2.0028844920061513,-25.497115507993847,False
8464-EETCQ,0.0033070302099877,Low Risk,18.8,Low Value,Low Risk / Low Value,Two year,57,0.24247145499629819,-27.2575285450037,False
7469-LKBCI,0.0273679574518211,Low Risk,18.95,Low Value,Low Risk / Low Value,Two year,16,2.0226288954768386,-25.47737110452316,False
4635-EJYPD,0.0106544413420202,Low Risk,18.95,Low Value,Low Risk / Low Value,Two year,32,0.7874164873820029,-26.712583512617996,False
3719-TDVQB,0.007062832462156,Low Risk,18.95,Low Value,Low Risk / Low Value,Two year,54,0.5219786331156391,-26.97802136688436,False
4774-HHGGS,0.0139463849205049,Low Risk,19.05,Low Value,Low Risk / Low Value,Two year,30,1.0361466676689117,-26.463853332331087,False
2005-DWQZJ,0.0374750662652745,Low Risk,19.05,Low Value,Low Risk / Low Value,Two year,8,2.784210048178569,-24.71578995182143,False
1407-DIGZV,0.0473097832684962,Low Risk,19.1,Low Value,Low Risk / Low Value,Two year,3,3.524105755670282,-23.97589424432972,False
0825-CPPQH,0.0016268572211005,Low Risk,19.1,Low Value,Low Risk / Low Value,Two year,71,0.12118459439977627,-27.378815405600225,False
9500-WBGRP,0.0025233019704388,Low Risk,19.1,Low Value,Low Risk / Low Value,Two year,69,0.18796076377798626,-27.312039236222013,False
4933-BSAIP,0.0083934149173471,Low Risk,19.1,Low Value,Low Risk / Low Value,Two year,40,0.6252254771931854,-26.874774522806813,False
5859-HZYLF,0.0196909179103061,Low Risk,19.15,Low Value,Low Risk / Low Value,Two year,26,1.4706162041312112,-26.02938379586879,False
3498-LZGQZ,0.0029718642629358,Low Risk,19.15,Low Value,Low Risk / Low Value,Two year,63,0.22195368247736025,-27.27804631752264,False
1231-YNDEK,0.0046732343527081,Low Risk,19.15,Low Value,Low Risk / Low Value,Two year,58,0.3490205076320044,-27.150979492367995,False
3266-FTKHB,0.0267586969153233,Low Risk,19.15,Low Value,Low Risk / Low Value,Two year,17,1.9984732791209203,-25.50152672087908,False
3764-MNMOI,0.005853472765732,Low Risk,19.2,Low Value,Low Risk / Low Value,Two year,46,0.4383080406980121,-27.06169195930199,False
9565-AXSMR,0.0038369024832591,Low Risk,19.2,Low Value,Low Risk / Low Value,Two year,52,0.2873072579464414,-27.21269274205356,False
3970-XGJDU,0.0035747777275779,Low Risk,19.2,Low Value,Low Risk / Low Value,Two year,62,0.2676793562410332,-27.232320643758968,False
4475-NVTLU,0.007857552522245,Low Risk,19.2,Low Value,Low Risk / Low Value,Two year,45,0.5883735328657056,-26.911626467134294,False
0613-WUXUM,0.0021699230939759,Low Risk,19.2,Low Value,Low Risk / Low Value,Two year,70,0.1624838412769154,-27.337516158723083,False
7293-LSCDV,0.0034153613491844,Low Risk,19.25,Low Value,Low Risk / Low Value,Two year,60,0.2564082532900189,-27.24359174670998,False
6425-JWTDV,0.0052864166838285,Low Risk,19.25,Low Value,Low Risk / Low Value,Two year,48,0.39687773253842473,-27.103122267461575,False
9972-EWRJS,0.0026954430329256,Low Risk,19.25,Low Value,Low Risk / Low Value,Two year,67,0.20236038569688944,-27.29763961430311,False
8857-CUPFQ,0.0024980735764491,Low Risk,19.25,Low Value,Low Risk / Low Value,Two year,63,0.18754287375191614,-27.312457126248084,False
0206-OYVOC,0.007352552039567,Low Risk,19.25,Low Value,Low Risk / Low Value,Two year,46,0.5519928443704926,-26.948007155629508,False
9631-RXVJM,0.0106047110608915,Low Risk,19.25,Low Value,Low Risk / Low Value,Two year,35,0.7961486828964294,-26.70385131710357,False
2146-EGVDT,0.0025804496607046,Low Risk,19.3,Low Value,Low Risk / Low Value,Two year,59,0.19423044596123523,-27.305769554038765,False
5787-KXGIY,0.0014658972148476,Low Risk,19.3,Low Value,Low Risk / Low Value,Two year,72,0.11033808336157885,-27.38966191663842,False
3976-HXHCE,0.0016564047541233,Low Risk,19.3,Low Value,Low Risk / Low Value,Two year,72,0.1246775858428608,-27.37532241415714,False
5465-BUBFA,0.0071498311110553,Low Risk,19.3,Low Value,Low Risk / Low Value,Two year,41,0.5381677877291324,-26.961832212270867,False
4742-TXUEX,0.0052463669972457,Low Risk,19.3,Low Value,Low Risk / Low Value,Two year,47,0.3948940438826839,-27.105105956117317,False
4641-FROLU,0.0121089154902364,Low Risk,19.3,Low Value,Low Risk / Low Value,Two year,30,0.911438068950094,-26.588561931049906,False
3308-DGHKL,0.0027986423962421,Low Risk,19.3,Low Value,Low Risk / Low Value,Two year,69,0.21065381316514287,-27.28934618683486,False
6323-AYBRX,0.003022742825653,Low Risk,19.35,Low Value,Low Risk / Low Value,Two year,59,0.2281112873379037,-27.271888712662097,False
2075-PUEPR,0.0034971989267944,Low Risk,19.35,Low Value,Low Risk / Low Value,Two year,55,0.2639161170105394,-27.236083882989462,False
7643-RCHXS,0.0031706626904177,Low Risk,19.35,Low Value,Low Risk / Low Value,Two year,63,0.23927405993237177,-27.26072594006763,False
2007-QVGAW,0.0024797766409071,Low Risk,19.35,Low Value,Low Risk / Low Value,Two year,68,0.1871363442060543,-27.312863655793947,False
2266-FUBDZ,0.0252017457490969,Low Risk,19.35,Low Value,Low Risk / Low Value,Two year,15,1.9018497429555976,-25.598150257044402,False
8922-NPKBJ,0.0064334840753492,Low Risk,19.35,Low Value,Low Risk / Low Value,Two year,42,0.4855028757462274,-27.014497124253772,False
4573-JKNAE,0.030902592897237,Low Risk,19.35,Low Value,Low Risk / Low Value,Two year,12,2.3320641729899907,-25.16793582701001,False
3620-EHIMZ,0.003888722066119,Low Risk,19.35,Low Value,Low Risk / Low Value,Two year,52,0.29346241071967033,-27.20653758928033,False
8747-UDCOI,0.002457569037443,Low Risk,19.35,Low Value,Low Risk / Low Value,Two year,65,0.18546044741063603,-27.314539552589363,False
2892-GESUL,0.021950000128329,Low Risk,19.35,Low Value,Low Risk / Low Value,Two year,18,1.6564567596843482,-25.84354324031565,False
2428-HYUNX,0.0111482968072201,Low Risk,19.35,Low Value,Low Risk / Low Value,Two year,44,0.8413062185568649,-26.658693781443134,False
1302-TPUBN,0.0022209132490837,Low Risk,19.35,Low Value,Low Risk / Low Value,Two year,66,0.16760121834210145,-27.332398781657897,False
2848-YXSMW,0.0012803195048953,Low Risk,19.4,Low Value,Low Risk / Low Value,Two year,72,0.0968689737403784,-27.403131026259622,False
3910-MRQOY,0.0017286496703692,Low Risk,19.4,Low Value,Low Risk / Low Value,Two year,72,0.13078963406013366,-27.369210365939868,False
6518-PPLMZ,0.0051609025707816,Low Risk,19.4,Low Value,Low Risk / Low Value,Two year,53,0.3904738885053358,-27.109526111494663,False
0386-CWRGM,0.0053845506512963,Low Risk,19.4,Low Value,Low Risk / Low Value,Two year,46,0.40739510227707804,-27.09260489772292,False
0839-QNXME,0.0135313899590187,Low Risk,19.4,Low Value,Low Risk / Low Value,Two year,30,1.0237849642993548,-26.476215035700644,False
1098-KFQEC,0.0032119791896436,Low Risk,19.4,Low Value,Low Risk / Low Value,Two year,55,0.24301834548843482,-27.256981654511566,False
5346-BZCHP,0.0016016060473109,Low Risk,19.4,Low Value,Low Risk / Low Value,Two year,69,0.12117751353954269,-27.378822486460457,False
2626-VEEWG,0.0023481011228675,Low Risk,19.4,Low Value,Low Risk / Low Value,Two year,67,0.17765733095615505,-27.322342669043845,False
2817-LVCPP,0.0049089417576527,Low Risk,19.4,Low Value,Low Risk / Low Value,Two year,50,0.3714105333840033,-27.128589466615995,False
3525-DVKFN,0.0273679352596429,Low Risk,19.4,Low Value,Low Risk / Low Value,Two year,17,2.070657981744582,-25.42934201825542,False
1627-AFWVJ,0.0146927693880776,Low Risk,19.4,Low Value,Low Risk / Low Value,Two year,29,1.111654931901951,-26.388345068098047,False
6762-NSODU,0.0051956612422547,Low Risk,19.4,Low Value,Low Risk / Low Value,Two year,46,0.39310372958899054,-27.10689627041101,False
8966-SNIZF,0.0018295241254613,Low Risk,19.45,Low Value,Low Risk / Low Value,Two year,70,0.1387785525368669,-27.361221447463134,False
3279-DYZQM,0.0014071151177993,Low Risk,19.45,Low Value,Low Risk / Low Value,Two year,71,0.10673671726066591,-27.393263282739333,False
3546-GHEAE,0.0441936336222054,Low Risk,19.45,Low Value,Low Risk / Low Value,Two year,7,3.352308078412391,-24.147691921587608,False
6479-SZPLM,0.00848145538577,Low Risk,19.45,Low Value,Low Risk / Low Value,Two year,36,0.6433607982875833,-26.856639201712415,False
8347-GDTMP,0.0023183412492873,Low Risk,19.45,Low Value,Low Risk / Low Value,Two year,64,0.17585777546468812,-27.32414222453531,False
5696-EXCYS,0.0259824834432336,Low Risk,19.45,Low Value,Low Risk / Low Value,Two year,17,1.9709012815864848,-25.529098718413515,False
6848-HJTXY,0.0023065132684233,Low Risk,19.45,Low Value,Low Risk / Low Value,Two year,64,0.17496056397624943,-27.32503943602375,False
8755-OGKNA,0.0031941452135626,Low Risk,19.5,Low Value,Low Risk / Low Value,Two year,57,0.24291474349143571,-27.257085256508564,False
5799-JRCZO,0.0021094679326266,Low Risk,19.5,Low Value,Low Risk / Low Value,Two year,63,0.16042503627625293,-27.33957496372375,False
9814-AOUDH,0.0040628286089897,Low Risk,19.5,Low Value,Low Risk / Low Value,Two year,53,0.30897811571366673,-27.191021884286332,False
8514-VZHEB,0.0026224771028959,Low Risk,19.5,Low Value,Low Risk / Low Value,Two year,59,0.19943938367523317,-27.300560616324766,False
7337-CINUD,0.0386891128643996,Low Risk,19.5,Low Value,Low Risk / Low Value,Two year,8,2.942307033337589,-24.55769296666241,False
7328-ZJAJO,0.0026550620990792,Low Risk,19.5,Low Value,Low Risk / Low Value,Two year,59,0.20191747263497317,-27.298082527365025,False
6368-TZZDT,0.0427223713859391,Low Risk,19.5,Low Value,Low Risk / Low Value,Two year,4,3.249036343900669,-24.25096365609933,False
2229-DPMBI,0.0367845277223282,Low Risk,19.5,Low Value,Low Risk / Low Value,Two year,8,2.7974633332830594,-24.70253666671694,False
2616-FLVQC,0.0023552505029673,Low Risk,19.55,Low Value,Low Risk / Low Value,Two year,64,0.1795760745987418,-27.320423925401258,False
7552-KEYGT,0.0167062111169639,Low Risk,19.55,Low Value,Low Risk / Low Value,Two year,27,1.2737650666129126,-26.226234933387087,False
7941-RCJOW,0.003006878121202,Low Risk,19.55,Low Value,Low Risk / Low Value,Two year,65,0.22925942235104652,-27.270740577648954,False
0854-UYHZD,0.0286326176958272,Low Risk,19.55,Low Value,Low Risk / Low Value,Two year,13,2.183093936218345,-25.316906063781655,False
2230-XTUWL,0.0046679081088193,Low Risk,19.55,Low Value,Low Risk / Low Value,Two year,48,0.35590465375692754,-27.144095346243073,False
8043-PNYSD,0.0021422327435808,Low Risk,19.55,Low Value,Low Risk / Low Value,Two year,63,0.1633345355343181,-27.336665464465682,False
4299-OPXEJ,0.0054010878214138,Low Risk,19.55,Low Value,Low Risk / Low Value,Two year,56,0.41180594094369527,-27.088194059056306,False
2900-PHPLN,0.0030657321059631,Low Risk,19.55,Low Value,Low Risk / Low Value,Two year,70,0.2337467444191566,-27.266253255580843,False
1093-YSWCA,0.0348057306597528,Low Risk,19.55,Low Value,Low Risk / Low Value,Two year,11,2.6537629341528524,-24.84623706584715,False
1166-PQLGG,0.0014677563785657,Low Risk,19.55,Low Value,Low Risk / Low Value,Two year,72,0.11190908508374181,-27.38809091491626,False
0559-CKHUS,0.0202596896601349,Low Risk,19.55,Low Value,Low Risk / Low Value,Two year,29,1.5447000381369853,-25.955299961863016,False
6582-PLFUU,0.0039481582111998,Low Risk,19.55,Low Value,Low Risk / Low Value,Two year,51,0.3010273228129288,-27.198972677187072,False
1354-YZFNB,0.0423452929205946,Low Risk,19.55,Low Value,Low Risk / Low Value,Two year,4,3.2286168587307356,-24.271383141269265,False
3777-XROBG,0.0026924097326759,Low Risk,19.55,Low Value,Low Risk / Low Value,Two year,58,0.20528278006787404,-27.294717219932124,False
7196-LIWRH,0.0471007638443722,Low Risk,19.55,Low Value,Low Risk / Low Value,Two year,6,3.591197739314159,-23.908802260685842,False
0164-XAIRP,0.027957698914854,Low Risk,19.55,Low Value,Low Risk / Low Value,Two year,24,2.1316347537630436,-25.368365246236955,False
1047-RNXZV,0.0070772173833807,Low Risk,19.55,Low Value,Low Risk / Low Value,Two year,43,0.5396024393958615,-26.96039756060414,False
7242-EDTYC,0.0059602274021367,Low Risk,19.55,Low Value,Low Risk / Low Value,Two year,44,0.4544375382759127,-27.04556246172409,False
6217-KDYWC,0.0041728438427912,Low Risk,19.6,Low Value,Low Risk / Low Value,Two year,57,0.3189721833429594,-27.18102781665704,False
7601-GNDYK,0.0090730825916347,Low Risk,19.6,Low Value,Low Risk / Low Value,Two year,35,0.6935464333045565,-26.806453566695442,False
1106-HRLKZ,0.0070630218511867,Low Risk,19.6,Low Value,Low Risk / Low Value,Two year,40,0.5398973903047114,-26.960102609695287,False
0354-VXMJC,0.0161330281394098,Low Risk,19.6,Low Value,Low Risk / Low Value,Two year,23,1.2332086709764853,-26.266791329023516,False
7416-CKTEP,0.0051619892033743,Low Risk,19.6,Low Value,Low Risk / Low Value,Two year,57,0.39458245470593145,-27.105417545294067,False
4703-MQYKT,0.0214909466721798,Low Risk,19.6,Low Value,Low Risk / Low Value,Two year,21,1.642767963621424,-25.857232036378576,False
4452-ROHMO,0.0302886238149641,Low Risk,19.6,Low Value,Low Risk / Low Value,Two year,15,2.315262404415856,-25.184737595584146,False
9424-CMPOG,0.0343250257074082,Low Risk,19.6,Low Value,Low Risk / Low Value,Two year,9,2.623804965074283,-24.87619503492572,False
3721-WKIIL,0.023000377431452,Low Risk,19.6,Low Value,Low Risk / Low Value,Two year,27,1.7581488508601912,-25.74185114913981,False
3274-NSDWE,0.001964765296813,Low Risk,19.6,Low Value,Low Risk / Low Value,Two year,68,0.1501866592883857,-27.349813340711613,False
7602-DBTOU,0.0016897283160544,Low Risk,19.6,Low Value,Low Risk / Low Value,Two year,71,0.12916283247919835,-27.3708371675208,False
2718-YSKCS,0.002088778506423,Low Risk,19.6,Low Value,Low Risk / Low Value,Two year,71,0.1596662290309741,-27.340333770969025,False
4698-KVLLG,0.0056287899257381,Low Risk,19.6,Low Value,Low Risk / Low Value,Two year,51,0.4302647019234204,-27.06973529807658,False
7977-HXJKU,0.0185623471115846,Low Risk,19.6,Low Value,Low Risk / Low Value,Two year,21,1.418905813209527,-26.081094186790473,False
8148-WOCMK,0.0344271537722664,Low Risk,19.6,Low Value,Low Risk / Low Value,Two year,8,2.6316116343520437,-24.868388365647956,False
0486-LGCCH,0.0309209331265475,Low Risk,19.65,Low Value,Low Risk / Low Value,Two year,11,2.3696257101529676,-25.130374289847033,False
9646-NMHXE,0.0057625228407043,Low Risk,19.65,Low Value,Low Risk / Low Value,Two year,47,0.441610937897374,-27.058389062102627,False
7427-AUFPY,0.0037783657518502,Low Risk,19.65,Low Value,Low Risk / Low Value,Two year,54,0.28955505939304005,-27.21044494060696,False
8917-SZTTJ,0.0023994391226511,Low Risk,19.65,Low Value,Low Risk / Low Value,Two year,60,0.18388101716436706,-27.316118982835633,False
0362-RAOQO,0.0081962869931667,Low Risk,19.65,Low Value,Low Risk / Low Value,Two year,40,0.6281224537213301,-26.871877546278668,False
1985-MBRYP,0.0103927731876594,Low Risk,19.65,Low Value,Low Risk / Low Value,Two year,43,0.7964501732362781,-26.703549826763723,False
7850-THJMU,0.0141813874269357,Low Risk,19.65,Low Value,Low Risk / Low Value,Two year,26,1.0867906254632171,-26.413209374536784,False
3865-ZFZIB,0.0238167689016472,Low Risk,19.65,Low Value,Low Risk / Low Value,Two year,19,1.8251980847777332,-25.674801915222268,False
8143-ETQTI,0.0239880943317649,Low Risk,19.65,Low Value,Low Risk / Low Value,Two year,23,1.838327609114803,-25.661672390885197,False
1945-XISKS,0.0020755581498346,Low Risk,19.65,Low Value,Low Risk / Low Value,Two year,67,0.15906039881257458,-27.340939601187426,False
9150-KPBJQ,0.0454712306788459,Low Risk,19.65,Low Value,Low Risk / Low Value,Two year,6,3.4846877630733553,-24.015312236926643,False
5093-FEGLU,0.0061207764875082,Low Risk,19.65,Low Value,Low Risk / Low Value,Two year,47,0.4690657061201909,-27.03093429387981,False
2675-IJRGJ,0.0043216190494968,Low Risk,19.65,Low Value,Low Risk / Low Value,Two year,53,0.33118727585818725,-27.168812724141812,False
1241-FPMOF,0.0044027272499002,Low Risk,19.65,Low Value,Low Risk / Low Value,Two year,52,0.3374030027961018,-27.1625969972039,False
5495-GPSRW,0.0319438319740426,Low Risk,19.7,Low Value,Low Risk / Low Value,Two year,20,2.454244610565693,-25.045755389434305,False
5148-HKFIR,0.023330911020307,Low Risk,19.7,Low Value,Low Risk / Low Value,Two year,20,1.7925138936901868,-25.707486106309812,False
5730-DBDSI,0.0022167851680831,Low Risk,19.7,Low Value,Low Risk / Low Value,Two year,66,0.17031560446382457,-27.329684395536177,False
0042-RLHYP,0.0017065951570682,Low Risk,19.7,Low Value,Low Risk / Low Value,Two year,69,0.13111770591754981,-27.36888229408245,False
0404-AHASP,0.0015083823240702,Low Risk,19.7,Low Value,Low Risk / Low Value,Two year,72,0.11588901395831347,-27.384110986041687,False
5442-PPTJY,0.0294901564896082,Low Risk,19.7,Low Value,Low Risk / Low Value,Two year,12,2.265728723096598,-25.234271276903403,False
3173-WSSUE,0.0014029220134905,Low Risk,19.7,Low Value,Low Risk / Low Value,Two year,71,0.10778649829647512,-27.392213501703527,False
9938-PRCVK,0.0071710069578431,Low Risk,19.7,Low Value,Low Risk / Low Value,Two year,41,0.5509484645710854,-26.949051535428914,False
8173-RXAYP,0.0161992567789224,Low Risk,19.7,Low Value,Low Risk / Low Value,Two year,24,1.244588898324608,-26.255411101675392,False
9625-RZFUK,0.0021564340878813,Low Risk,19.7,Low Value,Low Risk / Low Value,Two year,63,0.16567883097192027,-27.33432116902808,False
9135-HSWOC,0.003018347271574,Low Risk,19.7,Low Value,Low Risk / Low Value,Two year,64,0.23189962087503044,-27.26810037912497,False
3646-ITDGM,0.0037997417793128,Low Risk,19.7,Low Value,Low Risk / Low Value,Two year,56,0.29193416090460245,-27.208065839095397,False
1699-TLDLZ,0.0243820811591663,Low Risk,19.7,Low Value,Low Risk / Low Value,Two year,16,1.8732752954587473,-25.626724704541253,False
6928-ONTRW,0.0013099386200091,Low Risk,19.7,Low Value,Low Risk / Low Value,Two year,72,0.10064258417529914,-27.3993574158247,False
1270-XKUCC,0.0120171990972662,Low Risk,19.7,Low Value,Low Risk / Low Value,Two year,30,0.9232814066429622,-26.576718593357036,False
1089-XZWHH,0.0229371639330393,Low Risk,19.7,Low Value,Low Risk / Low Value,Two year,24,1.7622623049754094,-25.73773769502459,False
2138-VFAPZ,0.0375874836866758,Low Risk,19.7,Low Value,Low Risk / Low Value,Two year,14,2.8878463716473015,-24.612153628352697,False
3451-VAWLI,0.0090848233061765,Low Risk,19.7,Low Value,Low Risk / Low Value,Two year,35,0.6979869746135405,-26.802013025386458,False
5647-URDKA,0.0355381408024701,Low Risk,19.7,Low Value,Low Risk / Low Value,Two year,8,2.7303953578537774,-24.769604642146223,False
4086-WITJG,0.0013247956455644,Low Risk,19.7,Low Value,Low Risk / Low Value,Two year,71,0.10178404944871286,-27.398215950551286,False
2595-KIWPV,0.0131807650964854,Low Risk,19.7,Low Value,Low Risk / Low Value,Two year,27,1.0126781823629731,-26.487321817637028,False
2984-RGEYA,0.0016942207907197,Low Risk,19.75,Low Value,Low Risk / Low Value,Two year,69,0.1304973564051849,-27.369502643594814,False
7157-SMCFK,0.0023176196087173,Low Risk,19.75,Low Value,Low Risk / Low Value,Two year,61,0.17851465036145003,-27.32148534963855,False
9227-UAQFT,0.027555492838754,Low Risk,19.75,Low Value,Low Risk / Low Value,Two year,16,2.122461835905027,-25.37753816409497,False
6048-NJXHX,0.0159257220974373,Low Risk,19.75,Low Value,Low Risk / Low Value,Two year,41,1.2266787445551084,-26.27332125544489,False
4335-UPJSI,0.0164543358416652,Low Risk,19.75,Low Value,Low Risk / Low Value,Two year,24,1.267395218204262,-26.23260478179574,False
5804-JMYIO,0.0075180549663546,Low Risk,19.75,Low Value,Low Risk / Low Value,Two year,39,0.5790781837834631,-26.920921816216538,False
3352-RICWQ,0.0351424655205815,Low Risk,19.75,Low Value,Low Risk / Low Value,Two year,9,2.70684840672279,-24.79315159327721,False
9975-GPKZU,0.0048984111656838,Low Risk,19.75,Low Value,Low Risk / Low Value,Two year,46,0.37730012003679475,-27.122699879963204,False
7729-XBTWX,0.0026026318472321,Low Risk,19.75,Low Value,Low Risk / Low Value,Two year,66,0.20046771803305247,-27.299532281966947,False
0607-DAAHE,0.0037939107270767,Low Risk,19.75,Low Value,Low Risk / Low Value,Two year,53,0.2922259737530828,-27.207774026246916,False
1399-OUPJN,0.0032822022960085,Low Risk,19.75,Low Value,Low Risk / Low Value,Two year,57,0.25281163185005473,-27.247188368149946,False
5063-IUOKK,0.0324296836399641,Low Risk,19.75,Low Value,Low Risk / Low Value,Two year,13,2.497896382368235,-25.002103617631764,False
1709-EJDOX,0.0050258402503408,Low Risk,19.75,Low Value,Low Risk / Low Value,Two year,47,0.3871153452825002,-27.1128846547175,False
1830-IPXVJ,0.0024197557221252,Low Risk,19.75,Low Value,Low Risk / Low Value,Two year,61,0.1863816844966935,-27.313618315503305,False
9548-LERKT,0.0185331978427787,Low Risk,19.75,Low Value,Low Risk / Low Value,Two year,24,1.4275195638400293,-26.07248043615997,False
5893-KCLGT,0.002019632394537,Low Risk,19.75,Low Value,Low Risk / Low Value,Two year,72,0.1555621851892124,-27.34443781481079,False
3078-ZKNTS,0.0415841992550473,Low Risk,19.75,Low Value,Low Risk / Low Value,Two year,13,3.203022947620018,-24.296977052379983,False
7606-BPHHN,0.0021555054780187,Low Risk,19.8,Low Value,Low Risk / Low Value,Two year,72,0.16644813301260403,-27.333551866987396,False
0505-SPOOW,0.001871145669189,Low Risk,19.8,Low Value,Low Risk / Low Value,Two year,70,0.14448986857477458,-27.355510131425227,False
0831-JNISG,0.0014065233040268,Low Risk,19.8,Low Value,Low Risk / Low Value,Two year,71,0.1086117295369495,-27.39138827046305,False
7876-DNYAP,0.0015820680669754,Low Risk,19.8,Low Value,Low Risk / Low Value,Two year,69,0.12216729613184041,-27.377832703868158,False
2418-TPEUN,0.0042830531053373,Low Risk,19.8,Low Value,Low Risk / Low Value,Two year,56,0.33073736079414634,-27.169262639205854,False
7696-CFTAT,0.0086012125668491,Low Risk,19.8,Low Value,Low Risk / Low Value,Two year,37,0.6641856344120876,-26.83581436558791,False
9624-EGDEQ,0.0099819775476822,Low Risk,19.8,Low Value,Low Risk / Low Value,Two year,37,0.7708083062320195,-26.72919169376798,False
2607-DHDAK,0.0018177788444022,Low Risk,19.8,Low Value,Low Risk / Low Value,Two year,72,0.14036888236473788,-27.359631117635264,False
0608-JDVEC,0.0070123613840974,Low Risk,19.8,Low Value,Low Risk / Low Value,Two year,50,0.5414945460800011,-26.958505453919997,False
3996-ZNWYK,0.0016838074238111,Low Risk,19.8,Low Value,Low Risk / Low Value,Two year,71,0.13002360926669315,-27.369976390733306,False
8750-QWZAJ,0.0015994668054121,Low Risk,19.8,Low Value,Low Risk / Low Value,Two year,70,0.12351082671392238,-27.37648917328608,False
7167-PCEYD,0.0028352576995489,Low Risk,19.8,Low Value,Low Risk / Low Value,Two year,67,0.21893859955916609,-27.281061400440834,False
2805-AUFQN,0.0173334909151688,Low Risk,19.8,Low Value,Low Risk / Low Value,Two year,25,1.338492168469335,-26.161507831530663,False
2729-VNVAP,0.0099047175777669,Low Risk,19.8,Low Value,Low Risk / Low Value,Two year,33,0.76484229135516,-26.73515770864484,False
9385-EHGDO,0.0131689504937545,Low Risk,19.85,Low Value,Low Risk / Low Value,Two year,35,1.0194743024740047,-26.480525697525994,False
5726-CVNYA,0.0505239656024973,Low Risk,19.85,Low Value,Low Risk / Low Value,Two year,8,3.9113127971173287,-23.58868720288267,False
8917-FAEMR,0.009887944029297,Low Risk,19.85,Low Value,Low Risk / Low Value,Two year,37,0.7654751870280274,-26.734524812971973,False
8711-LOBKY,0.0026392029885199,Low Risk,19.85,Low Value,Low Risk / Low Value,Two year,59,0.20431389935626804,-27.29568610064373,False
1839-FBNFR,0.0114308823018914,Low Risk,19.85,Low Value,Low Risk / Low Value,Two year,39,0.8849217534009228,-26.615078246599076,False
2429-AYKKO,0.0016510070122839,Low Risk,19.85,Low Value,Low Risk / Low Value,Two year,72,0.12781270785595814,-27.37218729214404,False
7114-AEOZE,0.0030795212985445,Low Risk,19.85,Low Value,Low Risk / Low Value,Two year,60,0.2384011413268225,-27.261598858673178,False
9371-BITHB,0.0039019879862378,Low Risk,19.85,Low Value,Low Risk / Low Value,Two year,52,0.30207239995459934,-27.1979276000454,False
6734-JDTTV,0.0026023944953646,Low Risk,19.85,Low Value,Low Risk / Low Value,Two year,65,0.20146436985865054,-27.298535630141348,False
7644-OMVMY,0.0534541795925321,Low Risk,19.85,Low Value,Low Risk / Low Value,Two year,0,4.138155313155873,-23.361844686844126,False
6060-QBMGV,0.0016948849702413,Low Risk,19.85,Low Value,Low Risk / Low Value,Two year,70,0.13120951997123026,-27.36879048002877,False
5171-EPLKN,0.0150895189087081,Low Risk,19.85,Low Value,Low Risk / Low Value,Two year,27,1.1681551063176376,-26.331844893682362,False
1591-XWLGB,0.0016103387103264,Low Risk,19.85,Low Value,Low Risk / Low Value,Two year,71,0.12466437125991828,-27.375335628740082,False
8285-ABVLB,0.0016800007325289,Low Risk,19.85,Low Value,Low Risk / Low Value,Two year,70,0.1300572567087248,-27.369942743291276,False
3359-DSRKA,0.0039875345478623,Low Risk,19.85,Low Value,Low Risk / Low Value,Two year,58,0.30869498702276,-27.19130501297724,False
5231-FIQPA,0.0111207764527768,Low Risk,19.85,Low Value,Low Risk / Low Value,Two year,41,0.860914909091716,-26.639085090908285,False
8314-HTWVE,0.0384733717132105,Low Risk,19.85,Low Value,Low Risk / Low Value,Two year,7,2.9784160711781906,-24.52158392882181,False
4817-KEQSP,0.0014849392200119,Low Risk,19.85,Low Value,Low Risk / Low Value,Two year,71,0.11495656971722124,-27.385043430282778,False
6349-JDHQP,0.0041314930478175,Low Risk,19.85,Low Value,Low Risk / Low Value,Two year,53,0.3198395342967918,-27.180160465703207,False
5656-JAMLX,0.0027851141961861,Low Risk,19.85,Low Value,Low Risk / Low Value,Two year,62,0.215609615497747,-27.284390384502252,False
9916-AYHTC,0.005174258553472,Low Risk,19.85,Low Value,Low Risk / Low Value,Two year,48,0.4005652259170349,-27.099434774082965,False
6345-FZOQH,0.0018154414237699,Low Risk,19.9,Low Value,Low Risk / Low Value,Two year,69,0.14089640889878194,-27.359103591101217,False
3973-SKMLN,0.0022033608773736,Low Risk,19.9,Low Value,Low Risk / Low Value,Two year,71,0.1710028376929651,-27.328997162307036,False
8896-RAZCR,0.0058328864919155,Low Risk,19.9,Low Value,Low Risk / Low Value,Two year,44,0.452690320637562,-27.04730967936244,False
7969-FFOWG,0.0019246912037318,Low Risk,19.9,Low Value,Low Risk / Low Value,Two year,65,0.149375284321625,-27.350624715678375,False
0754-EEBDC,0.0435607790993437,Low Risk,19.9,Low Value,Low Risk / Low Value,Two year,4,3.3807520659000647,-24.119247934099935,False
1657-DYMBM,0.0040965383627801,Low Risk,19.9,Low Value,Low Risk / Low Value,Two year,53,0.31793234233536355,-27.182067657664636,False
0784-ZQJZX,0.0013389016281356,Low Risk,19.9,Low Value,Low Risk / Low Value,Two year,72,0.10391215535960391,-27.396087844640395,False
3642-BYHDO,0.0015120488737616,Low Risk,19.9,Low Value,Low Risk / Low Value,Two year,71,0.11735011309263778,-27.382649886907362,False
9537-JALFH,0.0016426398265958,Low Risk,19.9,Low Value,Low Risk / Low Value,Two year,69,0.12748527694210005,-27.3725147230579,False
5821-MMEIL,0.0036332009504866,Low Risk,19.9,Low Value,Low Risk / Low Value,Two year,57,0.28197272576726506,-27.218027274232735,False
1052-QJIBV,0.0013905405157136,Low Risk,19.9,Low Value,Low Risk / Low Value,Two year,71,0.1079198494245325,-27.392080150575467,False
4609-KNNWG,0.0140094505099055,Low Risk,19.9,Low Value,Low Risk / Low Value,Two year,27,1.0872734540737659,-26.412726545926233,False
9588-YRFHY,0.007080636358603,Low Risk,19.9,Low Value,Low Risk / Low Value,Two year,49,0.5495281877911788,-26.95047181220882,False
2796-NNUFI,0.0074065112740954,Low Risk,19.95,Low Value,Low Risk / Low Value,Two year,46,0.5762636096809927,-26.923736390319007,False
1764-VUUMT,0.0017493566689116,Low Risk,19.95,Low Value,Low Risk / Low Value,Two year,66,0.13610869562466704,-27.363891304375333,False
5469-NUJUR,0.0332011215673118,Low Risk,19.95,Low Value,Low Risk / Low Value,Two year,19,2.5832132635446947,-24.916786736455304,False
5014-GSOUQ,0.0321190904867926,Low Risk,19.95,Low Value,Low Risk / Low Value,Two year,13,2.499025835324898,-25.000974164675103,False
8232-UTFOZ,0.0017795539567378,Low Risk,19.95,Low Value,Low Risk / Low Value,Two year,69,0.13845819560398454,-27.361541804396015,False
5970-GHJAW,0.0048909827220067,Low Risk,19.95,Low Value,Low Risk / Low Value,Two year,46,0.3805429106857313,-27.11945708931427,False
4277-BWBML,0.001366274921932,Low Risk,19.95,Low Value,Low Risk / Low Value,Two year,72,0.10630302030091926,-27.39369697969908,False
2181-TIDSV,0.002407666188105,Low Risk,19.95,Low Value,Low Risk / Low Value,Two year,68,0.18732846776550952,-27.31267153223449,False
5310-NOOVA,0.0085511169038448,Low Risk,19.95,Low Value,Low Risk / Low Value,Two year,46,0.6653196507036447,-26.834680349296356,False
3678-MNGZX,0.0017498271756987,Low Risk,19.95,Low Value,Low Risk / Low Value,Two year,68,0.13614530340523734,-27.363854696594764,False
1574-DYCWE,0.0040752766636794,Low Risk,19.95,Low Value,Low Risk / Low Value,Two year,51,0.3170769008175757,-27.182923099182425,False
3507-GASNP,0.0024958973527747,Low Risk,19.95,Low Value,Low Risk / Low Value,Two year,60,0.19419329353263554,-27.305806706467365,False
1460-UZPRJ,0.0029540282306823,Low Risk,19.95,Low Value,Low Risk / Low Value,Two year,60,0.22983816648823635,-27.270161833511764,False
0281-CNTZX,0.0036599119906457,Low Risk,19.95,Low Value,Low Risk / Low Value,Two year,63,0.2847594524321887,-27.215240547567813,False
9418-RUKPH,0.0111329590785104,Low Risk,19.95,Low Value,Low Risk / Low Value,Two year,38,0.8661998811035015,-26.6338001188965,False
5146-YYFRZ,0.0021204445061231,Low Risk,19.95,Low Value,Low Risk / Low Value,Two year,67,0.16498118479890778,-27.335018815201092,False
7277-KAMWT,0.0313099365289762,Low Risk,20.0,Low Value,Low Risk / Low Value,Two year,13,2.442175049260144,-25.057824950739857,False
6621-NRZAK,0.0020822411364964,Low Risk,20.0,Low Value,Low Risk / Low Value,Two year,63,0.16241480864671923,-27.33758519135328,False
2017-CCBLH,0.042081828839565,Low Risk,20.0,Low Value,Low Risk / Low Value,Two year,8,3.28238264948607,-24.21761735051393,False
2208-MPXIO,0.008163441063676,Low Risk,20.0,Low Value,Low Risk / Low Value,Two year,45,0.6367484029667281,-26.863251597033273,False
3097-FQTVJ,0.0079039026112325,Low Risk,20.0,Low Value,Low Risk / Low Value,Two year,41,0.6165044036761349,-26.883495596323865,False
2520-SGTTA,0.0544980390573186,Low Risk,20.0,Low Value,Low Risk / Low Value,Two year,0,4.2508470464708505,-23.249152953529148,False
9507-HSMMZ,0.0040495736582795,Low Risk,20.0,Low Value,Low Risk / Low Value,Two year,54,0.31586674534580106,-27.1841332546542,False
0847-HGRML,0.0023861409653563,Low Risk,20.0,Low Value,Low Risk / Low Value,Two year,62,0.1861189952977914,-27.313881004702207,False
8215-NGSPE,0.0064462921671767,Low Risk,20.0,Low Value,Low Risk / Low Value,Two year,42,0.5028107890397826,-26.99718921096022,False
9585-KKMFD,0.0095017531513252,Low Risk,20.0,Low Value,Low Risk / Low Value,Two year,41,0.7411367458033656,-26.758863254196633,False
9251-AWQGT,0.0047069963857961,Low Risk,20.0,Low Value,Low Risk / Low Value,Two year,48,0.3671457180920958,-27.132854281907903,False
9800-OUIGR,0.0017985230526005,Low Risk,20.0,Low Value,Low Risk / Low Value,Two year,66,0.140284798102839,-27.35971520189716,False
3454-JFUBC,0.0032824286096528,Low Risk,20.0,Low Value,Low Risk / Low Value,Two year,68,0.2560294315529184,-27.243970568447082,False
1403-GYAFU,0.0014204942009178,Low Risk,20.05,Low Value,Low Risk / Low Value,Two year,70,0.11107554404076739,-27.388924455959234,False
0301-KOBTQ,0.0180022459547629,Low Risk,20.05,Low Value,Low Risk / Low Value,Two year,32,1.4076856224326852,-26.092314377567316,False
8540-ZQGEA,0.0039375935676483,Low Risk,20.05,Low Value,Low Risk / Low Value,Two year,54,0.3079001290222589,-27.192099870977742,False
5848-FHRFC,0.0020910061431534,Low Risk,20.05,Low Value,Low Risk / Low Value,Two year,68,0.16350622536388013,-27.33649377463612,False
7064-JHXCE,0.0021900017132599,Low Risk,20.05,Low Value,Low Risk / Low Value,Two year,62,0.17124718396835786,-27.328752816031642,False
2333-KWEWW,0.0244622967267521,Low Risk,20.05,Low Value,Low Risk / Low Value,Two year,18,1.9128292925483805,-25.58717070745162,False
8129-GMVGI,0.0031066920993547,Low Risk,20.05,Low Value,Low Risk / Low Value,Two year,56,0.2429277887090408,-27.25707221129096,False
1167-OYZJF,0.0037110991470279,Low Risk,20.05,Low Value,Low Risk / Low Value,Two year,67,0.29018939780184666,-27.209810602198154,False
3635-QQRQD,0.0035272219912419,Low Risk,20.05,Low Value,Low Risk / Low Value,Two year,62,0.27581112360516036,-27.22418887639484,False
7463-IFMQU,0.0016732755117743,Low Risk,20.05,Low Value,Low Risk / Low Value,Two year,72,0.13084177864319138,-27.36915822135681,False
6139-ZZRBQ,0.0042413401237935,Low Risk,20.05,Low Value,Low Risk / Low Value,Two year,64,0.3316515909800328,-27.168348409019966,False
1223-UNPKS,0.0194629916981908,Low Risk,20.05,Low Value,Low Risk / Low Value,Two year,20,1.5219086358400298,-25.97809136415997,False
3239-TPHPZ,0.0678824310313456,Low Risk,20.05,Low Value,Low Risk / Low Value,Two year,12,5.30806669449607,-22.19193330550393,False
2300-RQGOI,0.0091892813097715,Low Risk,20.05,Low Value,Low Risk / Low Value,Two year,38,0.7185558520175825,-26.781444147982416,False
6551-VLJMV,0.0106992372836311,Low Risk,20.05,Low Value,Low Risk / Low Value,Two year,34,0.836626859393534,-26.663373140606467,False
0442-TDYUO,0.0077373484282898,Low Risk,20.05,Low Value,Low Risk / Low Value,Two year,48,0.605021960350121,-26.894978039649878,False
7634-HLQJR,0.0049388631244664,Low Risk,20.05,Low Value,Low Risk / Low Value,Two year,47,0.3861944020176502,-27.11380559798235,False
6725-TPKJO,0.0065667907515711,Low Risk,20.05,Low Value,Low Risk / Low Value,Two year,44,0.5134902028191022,-26.986509797180897,False
2068-WWXQZ,0.0062778184794394,Low Risk,20.05,Low Value,Low Risk / Low Value,Two year,46,0.4908940159997639,-27.009105984000236,False
5845-BZZIB,0.0089147468946457,Low Risk,20.1,Low Value,Low Risk / Low Value,Two year,35,0.6988270090712766,-26.801172990928723,False
4821-WQOYN,0.0018021375181625,Low Risk,20.1,Low Value,Low Risk / Low Value,Two year,72,0.14126956004875837,-27.35873043995124,False
2587-YNLES,0.0400012885649917,Low Risk,20.1,Low Value,Low Risk / Low Value,Two year,6,3.1357010106097,-24.3642989893903,False
5296-BFCYD,0.0072435284795632,Low Risk,20.1,Low Value,Low Risk / Low Value,Two year,46,0.5678201975129593,-26.932179802487042,False
3769-MHZNV,0.0102717237357503,Low Risk,20.1,Low Value,Low Risk / Low Value,Two year,33,0.8052004236454662,-26.694799576354534,False
0464-WJTKO,0.0014533841339436,Low Risk,20.1,Low Value,Low Risk / Low Value,Two year,72,0.11393078225983883,-27.38606921774016,False
9257-AZMTZ,0.0041080077197712,Low Risk,20.1,Low Value,Low Risk / Low Value,Two year,52,0.32202672515286446,-27.177973274847137,False
2228-BZDEE,0.004050034669767,Low Risk,20.1,Low Value,Low Risk / Low Value,Two year,54,0.31748221776303515,-27.182517782236964,False
0264-CNITK,0.0015071891579977,Low Risk,20.1,Low Value,Low Risk / Low Value,Two year,71,0.1181485580954397,-27.381851441904562,False
1328-EUZHC,0.0255987769307686,Low Risk,20.1,Low Value,Low Risk / Low Value,Two year,18,2.006688123602951,-25.493311876397048,False
7267-FRMJW,0.0153554050962616,Low Risk,20.1,Low Value,Low Risk / Low Value,Two year,25,1.2037102054959468,-26.29628979450405,False
0508-SQWPL,0.0043424146422357,Low Risk,20.1,Low Value,Low Risk / Low Value,Two year,57,0.34040188380485653,-27.159598116195145,False
3170-NMYVV,0.0044062163912457,Low Risk,20.15,Low Value,Low Risk / Low Value,Two year,50,0.3462625151060433,-27.153737484893956,False
0318-ZOPWS,0.0077209102636802,Low Risk,20.15,Low Value,Low Risk / Low Value,Two year,49,0.6067477330713085,-26.89325226692869,False
5529-GIBVH,0.0059940001749258,Low Risk,20.15,Low Value,Low Risk / Low Value,Two year,47,0.471038503746544,-27.028961496253455,False
4735-BJKOU,0.008336449376418,Low Risk,20.15,Low Value,Low Risk / Low Value,Two year,40,0.6551198742458085,-26.84488012575419,False
8957-THMOA,0.0041043939213985,Low Risk,20.15,Low Value,Low Risk / Low Value,Two year,50,0.3225437963131011,-27.177456203686898,False
4361-FEBGN,0.0052530010200347,Low Risk,20.15,Low Value,Low Risk / Low Value,Two year,48,0.4128070851594269,-27.087192914840575,False
1494-EJZDW,0.0331196938800911,Low Risk,20.15,Low Value,Low Risk / Low Value,Two year,10,2.6027111435669594,-24.89728885643304,False
9068-FHQHD,0.0074786649918643,Low Risk,20.15,Low Value,Low Risk / Low Value,Two year,40,0.587710888385656,-26.912289111614346,False
5902-WBLSE,0.0020731747032652,Low Risk,20.15,Low Value,Low Risk / Low Value,Two year,70,0.16292043405609574,-27.337079565943903,False
7673-BQGKU,0.0016640567098281,Low Risk,20.15,Low Value,Low Risk / Low Value,Two year,69,0.13076989654184124,-27.369230103458158,False
0224-NIJLP,0.0356471675691106,Low Risk,20.15,Low Value,Low Risk / Low Value,Two year,8,2.801332663418556,-24.698667336581444,False
8999-EXMNO,0.0209543689038892,Low Risk,20.15,Low Value,Low Risk / Low Value,Two year,19,1.6466990803121326,-25.853300919687868,False
6000-UKLWI,0.0076893430408253,Low Risk,20.15,Low Value,Low Risk / Low Value,Two year,41,0.6042670228632563,-26.895732977136745,False
9710-NJERN,0.0088842014947269,Low Risk,20.15,Low Value,Low Risk / Low Value,Two year,39,0.6981649744631134,-26.801835025536885,False
3774-VBNXY,0.002066614695397,Low Risk,20.2,Low Value,Low Risk / Low Value,Two year,64,0.16280790570337564,-27.337192094296626,False
6980-IMXXE,0.0017006221160498,Low Risk,20.2,Low Value,Low Risk / Low Value,Two year,69,0.13397501030240325,-27.366024989697596,False
1955-IBMMB,0.0045447757050299,Low Risk,20.2,Low Value,Low Risk / Low Value,Two year,59,0.3580374300422555,-27.141962569957744,False
4804-NCPET,0.0204718799856462,Low Risk,20.2,Low Value,Low Risk / Low Value,Two year,19,1.6127747052692076,-25.887225294730793,False
0902-XKXPN,0.0016442886664499,Low Risk,20.2,Low Value,Low Risk / Low Value,Two year,69,0.12953706114292315,-27.370462938857077,False
2384-OVPSA,0.0113278196672713,Low Risk,20.2,Low Value,Low Risk / Low Value,Two year,38,0.892405633387633,-26.607594366612368,False
0506-YLVKJ,0.0071899152468463,Low Risk,20.2,Low Value,Low Risk / Low Value,Two year,46,0.5664215231465515,-26.933578476853448,False
8577-QSOCG,0.0110535768629016,Low Risk,20.2,Low Value,Low Risk / Low Value,Two year,38,0.870800785259388,-26.629199214740613,False
0625-AFOHS,0.0124696754736954,Low Risk,20.2,Low Value,Low Risk / Low Value,Two year,29,0.9823610338177238,-26.517638966182275,False
7033-CLAMM,0.0050842230681883,Low Risk,20.2,Low Value,Low Risk / Low Value,Two year,48,0.4005350933118743,-27.099464906688127,False
7815-PDTHL,0.0146677801279388,Low Risk,20.2,Low Value,Low Risk / Low Value,Two year,35,1.1555277184790187,-26.344472281520982,False
7083-MIOPC,0.0016021642903065,Low Risk,20.25,Low Value,Low Risk / Low Value,Two year,72,0.12653092482695583,-27.373469075173045,False
3115-CZMZD,0.0532790329262976,Low Risk,20.25,Low Value,Low Risk / Low Value,Two year,0,4.207711625354353,-23.292288374645647,False
7596-IIWYC,0.0238159213558171,Low Risk,20.25,Low Value,Low Risk / Low Value,Two year,27,1.8808623890756553,-25.619137610924344,False
8388-DMKAE,0.0423168183596061,Low Risk,20.25,Low Value,Low Risk / Low Value,Two year,8,3.341970729949892,-24.158029270050108,False
9081-WWXKP,0.004716044552619,Low Risk,20.25,Low Value,Low Risk / Low Value,Two year,47,0.37244961854308556,-27.127550381456913,False
9504-YAZWB,0.0042400233439625,Low Risk,20.25,Low Value,Low Risk / Low Value,Two year,53,0.33485584358943843,-27.165144156410562,False
2642-MAWLJ,0.0092266943708562,Low Risk,20.25,Low Value,Low Risk / Low Value,Two year,36,0.7286781879383685,-26.771321812061633,False
4825-FUREZ,0.0104436766602662,Low Risk,20.25,Low Value,Low Risk / Low Value,Two year,42,0.8247893642445232,-26.675210635755477,False
0704-VCUMB,0.0027640037936111,Low Risk,20.25,Low Value,Low Risk / Low Value,Two year,61,0.21828719960043663,-27.281712800399564,False
0932-YIXYU,0.005762822849681,Low Risk,20.25,Low Value,Low Risk / Low Value,Two year,47,0.455118934553557,-27.044881065446443,False
3190-ITQXP,0.0054707946290423,Low Risk,20.25,Low Value,Low Risk / Low Value,Two year,46,0.43205600582861564,-27.067943994171383,False
0794-YVSGE,0.0013907375454903,Low Risk,20.3,Low Value,Low Risk / Low Value,Two year,72,0.11010469147646705,-27.38989530852353,False
0962-CQPWQ,0.0024555907500723,Low Risk,20.3,Low Value,Low Risk / Low Value,Two year,62,0.194409119683224,-27.305590880316775,False
3457-PQBYH,0.0027248633877419,Low Risk,20.3,Low Value,Low Risk / Low Value,Two year,58,0.21572743440752623,-27.284272565592474,False
8380-MQINP,0.0032667034376813,Low Risk,20.3,Low Value,Low Risk / Low Value,Two year,55,0.25862491116122854,-27.241375088838772,False
0582-AVCLN,0.0091560361042273,Low Risk,20.3,Low Value,Low Risk / Low Value,Two year,38,0.7248833783716754,-26.775116621628325,False
9950-MTGYX,0.0171122522114099,Low Risk,20.3,Low Value,Low Risk / Low Value,Two year,28,1.3547770075773218,-26.145222992422678,False
7515-LODFU,0.0021658223182148,Low Risk,20.3,Low Value,Low Risk / Low Value,Two year,69,0.17146815293306572,-27.328531847066934,False
5567-GZKQY,0.0030798323506356,Low Risk,20.3,Low Value,Low Risk / Low Value,Two year,58,0.24383032719982048,-27.25616967280018,False
0064-SUDOG,0.03113881067131,Low Risk,20.3,Low Value,Low Risk / Low Value,Two year,12,2.465259640847613,-25.034740359152387,False
5242-UOWHD,0.0054257535244007,Low Risk,20.35,Low Value,Low Risk / Low Value,Two year,45,0.43061492846406163,-27.069385071535937,False
6585-WCEWR,0.0018638414130881,Low Risk,20.35,Low Value,Low Risk / Low Value,Two year,72,0.1479237737497371,-27.35207622625026,False
7647-GYYKX,0.0051468587941426,Low Risk,20.35,Low Value,Low Risk / Low Value,Two year,54,0.4084804481971275,-27.09151955180287,False
5057-RKGLH,0.034611439987595,Low Risk,20.35,Low Value,Low Risk / Low Value,Two year,9,2.7469369346154777,-24.753063065384524,False
1099-GODLO,0.0513171450369264,Low Risk,20.35,Low Value,Low Risk / Low Value,Two year,1,4.072785215855664,-23.427214784144336,False
8859-DZTGQ,0.0117194359795543,Low Risk,20.35,Low Value,Low Risk / Low Value,Two year,33,0.9301130365173274,-26.569886963482674,False
4957-SREEC,0.0014556371711423,Low Risk,20.35,Low Value,Low Risk / Low Value,Two year,70,0.11552664408770866,-27.38447335591229,False
2346-CZYIL,0.015242983181874,Low Risk,20.35,Low Value,Low Risk / Low Value,Two year,27,1.2097593602294303,-26.29024063977057,False
0374-FIUCA,0.0031349616349208,Low Risk,20.4,Low Value,Low Risk / Low Value,Two year,65,0.24941754767429886,-27.250582452325702,False
4625-LAMOB,0.0064336009145118,Low Risk,20.4,Low Value,Low Risk / Low Value,Two year,44,0.5118572887585587,-26.98814271124144,False
0040-HALCW,0.0032790922319898,Low Risk,20.4,Low Value,Low Risk / Low Value,Two year,54,0.26088457797710846,-27.23911542202289,False
6265-FRMTQ,0.0135085541665073,Low Risk,20.4,Low Value,Low Risk / Low Value,Two year,31,1.0747405694873207,-26.42525943051268,False
3070-FNFZQ,0.0180039713591981,Low Risk,20.4,Low Value,Low Risk / Low Value,Two year,23,1.4323959613378006,-26.0676040386622,False
1087-GRUYI,0.0093940562039174,Low Risk,20.4,Low Value,Low Risk / Low Value,Two year,38,0.7473911115836682,-26.752608888416333,False
1790-NESIO,0.0455330268233901,Low Risk,20.4,Low Value,Low Risk / Low Value,Two year,13,3.622607614068917,-23.87739238593108,False
1245-HARPS,0.0311772967744674,Low Risk,20.4,Low Value,Low Risk / Low Value,Two year,14,2.480465731376626,-25.019534268623374,False
6698-OXETB,0.0355338110646646,Low Risk,20.4,Low Value,Low Risk / Low Value,Two year,11,2.827070008304715,-24.672929991695284,False
2030-BTZRO,0.052428201626214,Low Risk,20.4,Low Value,Low Risk / Low Value,Two year,6,4.171187721381585,-23.328812278618415,False
6961-MJKBO,0.0059610181220729,Low Risk,20.45,Low Value,Low Risk / Low Value,Two year,47,0.47542100032592416,-27.024578999674077,False
1306-RPWXZ,0.0043965635042011,Low Risk,20.45,Low Value,Low Risk / Low Value,Two year,49,0.3506479222775587,-27.14935207772244,False
4884-LEVMQ,0.0126081257765961,Low Risk,20.45,Low Value,Low Risk / Low Value,Two year,39,1.005561071312422,-26.49443892868758,False
8559-WNQZS,0.0580273922947904,Low Risk,20.45,Low Value,Low Risk / Low Value,Two year,1,4.627974672471008,-22.87202532752899,False
3717-FDJFU,0.0413340620771294,Low Risk,20.45,Low Value,Low Risk / Low Value,Two year,5,3.2965981209614554,-24.203401879038545,False
8701-DGLVH,0.0046270717486726,Low Risk,20.45,Low Value,Low Risk / Low Value,Two year,51,0.3690321073153832,-27.130967892684616,False
5124-EOGYE,0.0129183619728756,Low Risk,20.45,Low Value,Low Risk / Low Value,Two year,31,1.0303039591466934,-26.469696040853307,False
7268-WNTCP,0.0023951402170981,Low Risk,20.45,Low Value,Low Risk / Low Value,Two year,62,0.19102440801465895,-27.30897559198534,False
7695-PKLCZ,0.0019261600479294,Low Risk,20.5,Low Value,Low Risk / Low Value,Two year,68,0.15399649583195554,-27.346003504168046,False
6169-PPETC,0.0096308832393755,Low Risk,20.5,Low Value,Low Risk / Low Value,Two year,35,0.7699891149880713,-26.73001088501193,False
1927-QEWMY,0.0015602130423114,Low Risk,20.5,Low Value,Low Risk / Low Value,Two year,72,0.1247390327327964,-27.375260967267202,False
7321-KKSDU,0.0106792914352373,Low Risk,20.5,Low Value,Low Risk / Low Value,Two year,32,0.8538093502472222,-26.64619064975278,False
8229-BUJHX,0.0015481941729781,Low Risk,20.5,Low Value,Low Risk / Low Value,Two year,71,0.1237781241295991,-27.3762218758704,False
0397-ZXWQF,0.0021778498609384,Low Risk,20.5,Low Value,Low Risk / Low Value,Two year,67,0.17411909638202508,-27.325880903617975,False
6696-YDAYZ,0.0234627317795174,Low Risk,20.5,Low Value,Low Risk / Low Value,Two year,16,1.875845405772416,-25.624154594227583,False
3154-HMWUU,0.004264922313431,Low Risk,20.5,Low Value,Low Risk / Low Value,Two year,60,0.3409805389588084,-27.15901946104119,False
2346-LOCWC,0.0027409900272698,Low Risk,20.5,Low Value,Low Risk / Low Value,Two year,58,0.21914215268022053,-27.28085784731978,False
2400-FEQME,0.0032783376513053,Low Risk,20.5,Low Value,Low Risk / Low Value,Two year,55,0.26210309522185876,-27.23789690477814,False
1635-HDGFT,0.0209646305872516,Low Risk,20.5,Low Value,Low Risk / Low Value,Two year,19,1.6761222154507651,-25.823877784549236,False
3662-FXJFO,0.0055823990198122,Low Risk,20.5,Low Value,Low Risk / Low Value,Two year,54,0.44631280163398535,-27.053687198366013,False
5176-LMJXE,0.008117232389679,Low Risk,20.55,Low Value,Low Risk / Low Value,Two year,47,0.6505555898708235,-26.849444410129177,False
2804-ETQDK,0.0018380510554845,Low Risk,20.55,Low Value,Low Risk / Low Value,Two year,66,0.14731060184180528,-27.352689398158194,False
8434-VGEQQ,0.0023302787860323,Low Risk,20.55,Low Value,Low Risk / Low Value,Two year,61,0.18676019330655869,-27.313239806693442,False
7717-BICXI,0.0024751866340363,Low Risk,20.55,Low Value,Low Risk / Low Value,Two year,60,0.19837383278483928,-27.30162616721516,False
6855-VLGOS,0.0019018015390532,Low Risk,20.55,Low Value,Low Risk / Low Value,Two year,72,0.1524198843474187,-27.34758011565258,False
1215-EXRMO,0.0049151455415381,Low Risk,20.55,Low Value,Low Risk / Low Value,Two year,50,0.393924339426571,-27.106075660573428,False
7493-GVFIO,0.0033695517425975,Low Risk,20.55,Low Value,Low Risk / Low Value,Two year,57,0.2700527244104767,-27.229947275589524,False
6340-DACFT,0.0041881260364835,Low Risk,20.55,Low Value,Low Risk / Low Value,Two year,50,0.3356573611939701,-27.16434263880603,False
7205-BAIAD,0.0123224890666631,Low Risk,20.6,Low Value,Low Risk / Low Value,Two year,40,0.9899887716157135,-26.510011228384286,False
9392-XBGTD,0.0137106579045207,Low Risk,20.6,Low Value,Low Risk / Low Value,Two year,27,1.1015142560491933,-26.398485743950808,False
2525-GVKQU,0.0028541431451558,Low Risk,20.6,Low Value,Low Risk / Low Value,Two year,60,0.22930186028181698,-27.27069813971818,False
8838-GPHZP,0.0035915406369704,Low Risk,20.6,Low Value,Low Risk / Low Value,Two year,63,0.2885443747742019,-27.2114556252258,False
8164-OCKUJ,0.0027463230911271,Low Risk,20.6,Low Value,Low Risk / Low Value,Two year,59,0.22063959714115125,-27.27936040285885,False
1862-QRWPE,0.0050919298352763,Low Risk,20.65,Low Value,Low Risk / Low Value,Two year,48,0.4100785692839768,-27.089921430716025,False
8402-OOOHJ,0.0078784571778703,Low Risk,20.65,Low Value,Low Risk / Low Value,Two year,41,0.6344915488197846,-26.865508451180215,False
0936-NQLJU,0.0076942361782443,Low Risk,20.65,Low Value,Low Risk / Low Value,Two year,41,0.6196553106149046,-26.880344689385094,False
2236-HILPA,0.0021391085218947,Low Risk,20.65,Low Value,Low Risk / Low Value,Two year,62,0.17227310481078967,-27.327726895189212,False
0780-XNZFN,0.0035289210566196,Low Risk,20.65,Low Value,Low Risk / Low Value,Two year,57,0.28420165729485947,-27.215798342705142,False
4807-IZYOZ,0.00494262957343,Low Risk,20.65,Low Value,Low Risk / Low Value,Two year,51,0.398054672696185,-27.101945327303817,False
2545-LXYVJ,0.0016516787106886,Low Risk,20.7,Low Value,Low Risk / Low Value,Two year,72,0.13334002231389067,-27.36665997768611,False
4878-BUNFV,0.0062208025528497,Low Risk,20.7,Low Value,Low Risk / Low Value,Two year,42,0.5022053900915562,-26.997794609908443,False
5006-MXVRN,0.0083614912935499,Low Risk,20.7,Low Value,Low Risk / Low Value,Two year,39,0.6750231921282835,-26.824976807871717,False
1293-BSEUN,0.001932571618155,Low Risk,20.7,Low Value,Low Risk / Low Value,Two year,72,0.15601650673365314,-27.343983493266347,False
5542-NKVRU,0.0110205936757647,Low Risk,20.75,Low Value,Low Risk / Low Value,Two year,42,0.8918415432112584,-26.608158456788743,False
6625-FLENO,0.0032016760907203,Low Risk,20.75,Low Value,Low Risk / Low Value,Two year,58,0.25909563764154026,-27.24090436235846,False
1395-WSWXR,0.0183105653380307,Low Risk,20.75,Low Value,Low Risk / Low Value,Two year,24,1.4817824999801346,-26.018217500019865,False
8727-JQFHV,0.002861918166393,Low Risk,20.75,Low Value,Low Risk / Low Value,Two year,57,0.23160072761535352,-27.268399272384645,False
3458-IDMFK,0.0242751723003671,Low Risk,20.75,Low Value,Low Risk / Low Value,Two year,25,1.9644683184072076,-25.535531681592794,False
4990-ALDGW,0.0033340615214998,Low Risk,20.75,Low Value,Low Risk / Low Value,Two year,57,0.2698089286273713,-27.23019107137263,False
9084-OAYKL,0.0032340543949561,Low Risk,20.8,Low Value,Low Risk / Low Value,Two year,58,0.26234649251883885,-27.237653507481163,False
8544-JNBOX,0.0022260151481183,Low Risk,20.8,Low Value,Low Risk / Low Value,Two year,72,0.18057434881535653,-27.319425651184645,False
7558-IMLMT,0.0024639803396362,Low Risk,20.8,Low Value,Low Risk / Low Value,Two year,67,0.19987808515128858,-27.300121914848713,False
9030-QGZNL,0.0417608108549161,Low Risk,20.85,Low Value,Low Risk / Low Value,Two year,8,3.395780334667503,-24.104219665332497,False
6619-RPLQZ,0.0054445860594933,Low Risk,20.85,Low Value,Low Risk / Low Value,Two year,45,0.4427265154276977,-27.057273484572303,False
8908-SLFCJ,0.0294990017696088,Low Risk,20.85,Low Value,Low Risk / Low Value,Two year,21,2.3987113288957396,-25.10128867110426,False
1843-TLSGD,0.028100004427172,Low Risk,20.85,Low Value,Low Risk / Low Value,Two year,13,2.284951859995491,-25.21504814000451,False
3978-YNKDD,0.0201414661708023,Low Risk,20.85,Low Value,Low Risk / Low Value,Two year,19,1.6378033216787893,-25.86219667832121,False
5158-RIVOP,0.0298086513824261,Low Risk,20.9,Low Value,Low Risk / Low Value,Two year,11,2.429703174181551,-25.07029682581845,False
6923-AQONU,0.0164497272860838,Low Risk,20.9,Low Value,Low Risk / Low Value,Two year,23,1.3408172710886905,-26.15918272891131,False
6892-BOGQE,0.0025114280940095,Low Risk,20.9,Low Value,Low Risk / Low Value,Two year,71,0.20470650394271434,-27.295293496057287,False
8174-LNWMW,0.0128895945391418,Low Risk,20.9,Low Value,Low Risk / Low Value,Two year,31,1.0506308508854483,-26.449369149114553,False
9173-IVZVP,0.003703402687951,Low Risk,20.9,Low Value,Low Risk / Low Value,Two year,53,0.301864353094886,-27.198135646905115,False
6685-XSHHU,0.0037197381798414,Low Risk,20.95,Low Value,Low Risk / Low Value,Two year,60,0.30392120798394157,-27.19607879201606,False
3212-KXOCR,0.0046539035178868,Low Risk,21.0,Low Value,Low Risk / Low Value,Two year,52,0.38115469811492897,-27.11884530188507,False
0640-YJTPY,0.0014135558056336,Low Risk,21.0,Low Value,Low Risk / Low Value,Two year,72,0.11577022048139185,-27.38422977951861,False
5793-YOLJN,0.0033588803874576,Low Risk,21.0,Low Value,Low Risk / Low Value,Two year,55,0.27509230373277743,-27.224907696267223,False
5480-XTFFL,0.0114415308682918,Low Risk,21.0,Low Value,Low Risk / Low Value,Two year,31,0.9370613781130984,-26.5629386218869,False
6828-HMKWP,0.0304242099782266,Low Risk,21.05,Low Value,Low Risk / Low Value,Two year,12,2.497675518162513,-25.002324481837487,False
8067-NIOYM,0.0216917574822001,Low Risk,21.1,Low Value,Low Risk / Low Value,Two year,24,1.7850147232102462,-25.714985276789754,False
9798-OPFEM,0.0121526521180087,Low Risk,21.1,Low Value,Low Risk / Low Value,Two year,46,1.0000417427909358,-26.499958257209066,False
2569-WGERO,0.0023161659407702,Low Risk,21.15,Low Value,Low Risk / Low Value,Two year,72,0.19104894762442992,-27.30895105237557,False
3373-DIUUN,0.0118454564036255,Low Risk,21.25,Low Value,Low Risk / Low Value,Two year,30,0.9816921994504633,-26.518307800549536,False
2888-ADFAO,0.0074632752173282,Low Risk,21.3,Low Value,Low Risk / Low Value,Two year,47,0.6199742723034536,-26.880025727696548,False
7945-PRBVF,0.0108734241251802,Low Risk,21.45,Low Value,Low Risk / Low Value,Two year,35,0.9096162951919498,-26.59038370480805,False
8148-NLEGT,0.0128577331432402,Low Risk,22.95,Low Value,Low Risk / Low Value,Two year,42,1.150831404985714,-26.349168595014287,False
1207-BLKSA,0.0054327611283654,Low Risk,23.05,Low Value,Low Risk / Low Value,Two year,52,0.48837806163440767,-27.011621938365593,False
1970-KKFWL,0.0153554754175892,Low Risk,23.3,Low Value,Low Risk / Low Value,Two year,35,1.3953520511963309,-26.10464794880367,False
6134-KWTBV,0.0038472664885378,Low Risk,23.4,Low Value,Low Risk / Low Value,Two year,62,0.3511015397439596,-27.148898460256042,False
6734-PSBAW,0.0033029111913446,Low Risk,23.55,Low Value,Low Risk / Low Value,Two year,72,0.3033558783690448,-27.196644121630957,False
4779-ZGICK,0.0064690082292767,Low Risk,23.55,Low Value,Low Risk / Low Value,Two year,48,0.5941460608179185,-26.90585393918208,False
2632-TACXW,0.0038929821383365,Low Risk,23.65,Low Value,Low Risk / Low Value,Two year,62,0.3590692075294671,-27.140930792470535,False
8165-ZJRNM,0.0020310554008165,Low Risk,23.75,Low Value,Low Risk / Low Value,Two year,72,0.1881265065006283,-27.311873493499373,False
8859-AXJZP,0.0139701807283718,Low Risk,23.8,Low Value,Low Risk / Low Value,Two year,39,1.2967121752074706,-26.20328782479253,False
7161-DFHUF,0.0023641526227367,Low Risk,23.85,Low Value,Low Risk / Low Value,Two year,71,0.21990165620385416,-27.280098343796144,False
3389-KTRXV,0.0233106585071706,Low Risk,23.85,Low Value,Low Risk / Low Value,Two year,23,2.1682409010444736,-25.331759098955526,False
1555-HAPSU,0.0019600326829756,Low Risk,23.9,Low Value,Low Risk / Low Value,Two year,71,0.1826946463801557,-27.317305353619844,False
0562-HKHML,0.0018945822624911,Low Risk,23.9,Low Value,Low Risk / Low Value,Two year,71,0.17659401268679542,-27.323405987313205,False
1131-QQZEB,0.0030934887314717,Low Risk,23.95,Low Value,Low Risk / Low Value,Two year,71,0.28894731496311415,-27.211052685036886,False
4656-CAURT,0.0027726117613254,Low Risk,23.95,Low Value,Low Risk / Low Value,Two year,69,0.258975801566599,-27.2410241984334,False
5220-AGAAX,0.0034872386316815,Low Risk,24.0,Low Value,Low Risk / Low Value,Two year,68,0.32640553592538835,-27.17359446407461,False
7601-DHFWZ,0.007432898886778,Low Risk,24.0,Low Value,Low Risk / Low Value,Two year,48,0.6957193358024208,-26.80428066419758,False
3549-ZTMNH,0.0554078089318281,Low Risk,24.0,Low Value,Low Risk / Low Value,Two year,12,5.18617091601911,-22.31382908398089,False
7503-EPSZW,0.0041243912705207,Low Risk,24.05,Low Value,Low Risk / Low Value,Two year,64,0.3868472792184891,-27.11315272078151,False
6963-KQYQB,0.0022066995103584,Low Risk,24.05,Low Value,Low Risk / Low Value,Two year,70,0.20697738057406614,-27.293022619425933,False
3120-FAZKD,0.0068497021253117,Low Risk,24.05,Low Value,Low Risk / Low Value,Two year,54,0.642467810843611,-26.857532189156387,False
1820-DJFPH,0.0028689447349909,Low Risk,24.05,Low Value,Low Risk / Low Value,Two year,72,0.2690926714184715,-27.23090732858153,False
9178-JHUVJ,0.0311861849887426,Low Risk,24.1,Low Value,Low Risk / Low Value,Two year,24,2.931189527091917,-24.568810472908083,False
4018-PPNDW,0.0048868483081834,Low Risk,24.1,Low Value,Low Risk / Low Value,Two year,61,0.4593148724861578,-27.040685127513843,False
7010-BRBUU,0.0018413014310358,Low Risk,24.1,Low Value,Low Risk / Low Value,Two year,72,0.17306392150305486,-27.326936078496946,False
8450-LUGUK,0.0165857003968476,Low Risk,24.1,Low Value,Low Risk / Low Value,Two year,37,1.558889980299706,-25.941110019700293,False
2560-WBWXF,0.003861251610239,Low Risk,24.15,Low Value,Low Risk / Low Value,Two year,68,0.3636719829103602,-27.13632801708964,False
4979-HPRFL,0.0045655088085362,Low Risk,24.15,Low Value,Low Risk / Low Value,Two year,56,0.430002447131982,-27.069997552868017,False
0626-QXNGV,0.0031188521923749,Low Risk,24.15,Low Value,Low Risk / Low Value,Two year,72,0.29374909373882996,-27.20625090626117,False
3580-GICBM,0.0047259369456591,Low Risk,24.2,Low Value,Low Risk / Low Value,Two year,61,0.44603392893130583,-27.053966071068693,False
3460-TJBWI,0.0213165245523442,Low Risk,24.2,Low Value,Low Risk / Low Value,Two year,24,2.0118535872502457,-25.488146412749753,False
1705-GUHPV,0.0036794774139092,Low Risk,24.2,Low Value,Low Risk / Low Value,Two year,63,0.3472690783247503,-27.15273092167525,False
8028-PNXHQ,0.0045667699242616,Low Risk,24.25,Low Value,Low Risk / Low Value,Two year,62,0.4319022655870408,-27.06809773441296,False
7014-ZZXAW,0.0032557671671302,Low Risk,24.25,Low Value,Low Risk / Low Value,Two year,71,0.3079141798313387,-27.19208582016866,False
0971-QIFJK,0.0027546239760115,Low Risk,24.25,Low Value,Low Risk / Low Value,Two year,69,0.2605185625312876,-27.23948143746871,False
2208-NKVVH,0.0082822347447144,Low Risk,24.25,Low Value,Low Risk / Low Value,Two year,43,0.7832923509813645,-26.716707649018634,False
4589-IUAJB,0.0026051501635415,Low Risk,24.25,Low Value,Low Risk / Low Value,Two year,70,0.24638207671693738,-27.253617923283063,False
0480-KYJVA,0.0019075011525094,Low Risk,24.25,Low Value,Low Risk / Low Value,Two year,72,0.1804019214985765,-27.319598078501425,False
7684-XSZIY,0.0019461833207605,Low Risk,24.3,Low Value,Low Risk / Low Value,Two year,72,0.1844397933084726,-27.315560206691526,False
8735-SDUFN,0.002990490380492,Low Risk,24.3,Low Value,Low Risk / Low Value,Two year,72,0.2834087733592269,-27.216591226640773,False
2511-ALLCS,0.0130682095147118,Low Risk,24.3,Low Value,Low Risk / Low Value,Two year,35,1.2384742157092374,-26.26152578429076,False
8361-LBRDI,0.0044692939993791,Low Risk,24.35,Low Value,Low Risk / Low Value,Two year,58,0.4244265046510363,-27.075573495348962,False
9365-CSLBQ,0.0019659537537401,Low Risk,24.35,Low Value,Low Risk / Low Value,Two year,71,0.18669679822392862,-27.313303201776073,False
4785-FCIFB,0.003864012713695,Low Risk,24.4,Low Value,Low Risk / Low Value,Two year,61,0.3676994498352162,-27.132300550164786,False
9964-WBQDJ,0.0032404062296483,Low Risk,24.4,Low Value,Low Risk / Low Value,Two year,71,0.30835705681333225,-27.191642943186668,False
7608-RGIRO,0.0043180441499934,Low Risk,24.4,Low Value,Low Risk / Low Value,Two year,62,0.4109050813133719,-27.089094918686627,False
1468-DEFNC,0.0052218790775441,Low Risk,24.4,Low Value,Low Risk / Low Value,Two year,64,0.49691401301909655,-27.003085986980903,False
4652-ODEVH,0.007382831295324,Low Risk,24.45,Low Value,Low Risk / Low Value,Two year,45,0.70398987816562,-26.79601012183438,False
5356-KZCKT,0.0062968204983108,Low Risk,24.45,Low Value,Low Risk / Low Value,Two year,58,0.6004333186164262,-26.899566681383575,False
4195-PNGZS,0.0023608160427591,Low Risk,24.45,Low Value,Low Risk / Low Value,Two year,69,0.225115613757294,-27.274884386242707,False
3612-YVGSJ,0.0031955158938985,Low Risk,24.45,Low Value,Low Risk / Low Value,Two year,71,0.30470841806269144,-27.195291581937308,False
5075-JSDKI,0.0063669002089588,Low Risk,24.45,Low Value,Low Risk / Low Value,Two year,59,0.6071157694252663,-26.892884230574733,False
9593-CVZKR,0.0061644529647931,Low Risk,24.45,Low Value,Low Risk / Low Value,Two year,56,0.5878114124578461,-26.912188587542154,False
5846-ABOBJ,0.0024558312181147,Low Risk,24.45,Low Value,Low Risk / Low Value,Two year,71,0.2341757858033272,-27.265824214196673,False
0402-OAMEN,0.0020258497679172,Low Risk,24.45,Low Value,Low Risk / Low Value,Two year,72,0.1931749046197446,-27.306825095380255,False
9668-PUGNU,0.0048131281182658,Low Risk,24.5,Low Value,Low Risk / Low Value,Two year,71,0.45989439170029717,-27.040105608299704,False
3812-LRZIR,0.0272558683200692,Low Risk,24.5,Low Value,Low Risk / Low Value,Two year,27,2.604298217982612,-24.895701782017387,False
7951-QKZPL,0.0189351352004436,Low Risk,24.5,Low Value,Low Risk / Low Value,Two year,33,1.8092521684023861,-25.690747831597612,False
5406-KGRMX,0.0034090952911152,Low Risk,24.55,Low Value,Low Risk / Low Value,Two year,71,0.3264038286478249,-27.173596171352177,False
5968-HYJRZ,0.0067142422241164,Low Risk,24.55,Low Value,Low Risk / Low Value,Two year,47,0.6428551217480247,-26.857144878251976,False
6484-LATFU,0.0027121237817918,Low Risk,24.55,Low Value,Low Risk / Low Value,Two year,68,0.2596722914876559,-27.240327708512343,False
5296-PSYVW,0.0032389956799174,Low Risk,24.55,Low Value,Low Risk / Low Value,Two year,72,0.31011764137369147,-27.18988235862631,False
2207-RYYRL,0.0053005017259348,Low Risk,24.55,Low Value,Low Risk / Low Value,Two year,52,0.5074965377496274,-26.992503462250372,False
9397-TZSHA,0.0025480808501439,Low Risk,24.6,Low Value,Low Risk / Low Value,Two year,69,0.24446287676280581,-27.255537123237193,False
4526-EXKKN,0.0154859667906617,Low Risk,24.6,Low Value,Low Risk / Low Value,Two year,40,1.4857236538960836,-26.014276346103916,False
3785-KTYSH,0.0057404289847502,Low Risk,24.6,Low Value,Low Risk / Low Value,Two year,53,0.5507367567969343,-26.949263243203067,False
8292-ITGYJ,0.0113074065481302,Low Risk,24.65,Low Value,Low Risk / Low Value,Two year,45,1.0870375285044966,-26.412962471495504,False
7115-IRDHS,0.0024354172293478,Low Risk,24.65,Low Value,Low Risk / Low Value,Two year,72,0.23412883534335072,-27.265871164656648,False
8780-IHCRN,0.0029230558794532,Low Risk,24.65,Low Value,Low Risk / Low Value,Two year,63,0.28100797697123336,-27.21899202302877,False
4565-NLZBV,0.0035008753171334,Low Risk,24.65,Low Value,Low Risk / Low Value,Two year,71,0.3365566486126194,-27.163443351387382,False
5699-BNCAS,0.0041033627046132,Low Risk,24.65,Low Value,Low Risk / Low Value,Two year,71,0.39447677360799,-27.10552322639201,False
6857-TKDJV,0.0025645195719564,Low Risk,24.65,Low Value,Low Risk / Low Value,Two year,67,0.24654008905002853,-27.25345991094997,False
9648-BCHKM,0.0392977193420759,Low Risk,24.65,Low Value,Low Risk / Low Value,Two year,18,3.777886248950466,-23.722113751049534,False
6813-GZQCG,0.0104832471664033,Low Risk,24.65,Low Value,Low Risk / Low Value,Two year,45,1.0078069663421811,-26.49219303365782,False
9661-JALZV,0.0064255843749662,Low Risk,24.7,Low Value,Low Risk / Low Value,Two year,58,0.6189765428404941,-26.881023457159507,False
1299-AURJA,0.0022486407713789,Low Risk,24.7,Low Value,Low Risk / Low Value,Two year,70,0.21661156550692945,-27.28338843449307,False
3896-ZVNET,0.0213877535564782,Low Risk,24.7,Low Value,Low Risk / Low Value,Two year,24,2.0602823000955452,-25.439717699904456,False
7711-GQBZC,0.0022034464104913,Low Risk,24.7,Low Value,Low Risk / Low Value,Two year,71,0.21225799272262694,-27.287742007277373,False
4443-EMBNA,0.0025810911236518,Low Risk,24.75,Low Value,Low Risk / Low Value,Two year,71,0.24913982071049,-27.25086017928951,False
6181-AXXYF,0.0018910301136394,Low Risk,24.75,Low Value,Low Risk / Low Value,Two year,72,0.18253168171904308,-27.317468318280955,False
4193-IBKSW,0.0020064745283751,Low Risk,24.75,Low Value,Low Risk / Low Value,Two year,72,0.19367495385140654,-27.306325046148594,False
8515-OCTJS,0.0235617776862242,Low Risk,24.75,Low Value,Low Risk / Low Value,Two year,25,2.274300591162791,-25.225699408837208,False
8092-NLTGF,0.0023464998163859,Low Risk,24.75,Low Value,Low Risk / Low Value,Two year,72,0.226495894776649,-27.273504105223353,False
0485-ZBSLN,0.0027123320824749,Low Risk,24.75,Low Value,Low Risk / Low Value,Two year,65,0.2618078542608897,-27.23819214573911,False
6080-LNESI,0.0063392869367413,Low Risk,24.75,Low Value,Low Risk / Low Value,Two year,51,0.6118996715689541,-26.888100328431047,False
1248-DYXUB,0.0051202482743979,Low Risk,24.8,Low Value,Low Risk / Low Value,Two year,52,0.4952304130997649,-27.004769586900235,False
5249-QYHEX,0.0137637029560361,Low Risk,24.8,Low Value,Low Risk / Low Value,Two year,40,1.331225349907812,-26.16877465009219,False
1852-QSWCD,0.0039296430185074,Low Risk,24.8,Low Value,Low Risk / Low Value,Two year,64,0.3800750727500357,-27.119924927249965,False
8749-TZYEC,0.0022078508971707,Low Risk,24.8,Low Value,Low Risk / Low Value,Two year,72,0.21354333877435014,-27.28645666122565,False
8626-XHBIE,0.0060786478644951,Low Risk,24.8,Low Value,Low Risk / Low Value,Two year,56,0.5879268214539661,-26.912073178546034,False
3768-VHXQO,0.0026977337993484,Low Risk,24.85,Low Value,Low Risk / Low Value,Two year,67,0.2614508711638502,-27.23854912883615,False
8237-ULIXL,0.0022553003359726,Low Risk,24.85,Low Value,Low Risk / Low Value,Two year,72,0.21857243206078455,-27.281427567939215,False
3836-FZSDJ,0.003183252486406,Low Risk,24.85,Low Value,Low Risk / Low Value,Two year,71,0.3085049147200375,-27.191495085279964,False
6292-TOSSS,0.0069792918688293,Low Risk,24.9,Low Value,Low Risk / Low Value,Two year,50,0.6777590333820133,-26.822240966617986,False
7980-MHFLQ,0.0019945717574278,Low Risk,24.9,Low Value,Low Risk / Low Value,Two year,72,0.19369286336381364,-27.306307136636185,False
3967-VQOGC,0.0035480540069872,Low Risk,24.9,Low Value,Low Risk / Low Value,Two year,67,0.344551524618527,-27.155448475381473,False
2995-YWTCD,0.0401843206695881,Low Risk,24.9,Low Value,Low Risk / Low Value,Two year,19,3.9022993802237007,-23.597700619776298,False
3957-SQXML,0.0128467347796189,Low Risk,24.95,Low Value,Low Risk / Low Value,Two year,34,1.2500515277308168,-26.249948472269182,False
2908-WGAXL,0.006065641404584,Low Risk,24.95,Low Value,Low Risk / Low Value,Two year,56,0.5902172368730461,-26.909782763126955,False
3148-AOIQT,0.0035959538169675,Low Risk,24.95,Low Value,Low Risk / Low Value,Two year,69,0.34990428616002256,-27.150095713839978,False
2263-SFSQZ,0.0075852439359426,Low Risk,24.95,Low Value,Low Risk / Low Value,Two year,51,0.7380821611868947,-26.761917838813105,False
1619-YWUBB,0.0036929852400797,Low Risk,24.95,Low Value,Low Risk / Low Value,Two year,68,0.35934592878595517,-27.140654071214044,False
5549-ZGHFB,0.0057860311647402,Low Risk,24.95,Low Value,Low Risk / Low Value,Two year,50,0.5630097624850452,-26.936990237514955,False
6407-GSJNL,0.0069248020311527,Low Risk,24.95,Low Value,Low Risk / Low Value,Two year,51,0.6738178616413135,-26.826182138358686,False
9087-EYCPR,0.0041726252035924,Low Risk,25.0,Low Value,Low Risk / Low Value,Two year,60,0.406830957350259,-27.09316904264974,False
4836-WNFNO,0.0022345030884958,Low Risk,25.0,Low Value,Low Risk / Low Value,Two year,72,0.2178640511283405,-27.28213594887166,False
5605-XNWEN,0.0040929640751957,Low Risk,25.0,Low Value,Low Risk / Low Value,Two year,72,0.3990639973315807,-27.10093600266842,False
6614-YWYSC,0.0050120300803292,Low Risk,25.0,Low Value,Low Risk / Low Value,Two year,61,0.48867293283209695,-27.011327067167905,False
7996-BPXHY,0.0537284148530894,Low Risk,25.0,Low Value,Low Risk / Low Value,Two year,13,5.238520448176217,-22.261479551823783,False
9153-BTBVV,0.00250661857107,Low Risk,25.0,Low Value,Low Risk / Low Value,Two year,71,0.24439531067932502,-27.255604689320673,False
3027-YNWZU,0.0032743289887499,Low Risk,25.0,Low Value,Low Risk / Low Value,Two year,64,0.3192470764031153,-27.180752923596884,False
8219-VYBVI,0.0100957113338319,Low Risk,25.0,Low Value,Low Risk / Low Value,Two year,39,0.9843318550486102,-26.51566814495139,False
1734-ZMNTZ,0.0407780518120141,Low Risk,25.0,Low Value,Low Risk / Low Value,Two year,11,3.9758600516713747,-23.524139948328624,False
8224-KDLKN,0.0019799082823294,Low Risk,25.0,Low Value,Low Risk / Low Value,Two year,72,0.19304105752711653,-27.306958942472882,False
2481-SBOYW,0.0045997671168017,Low Risk,25.0,Low Value,Low Risk / Low Value,Two year,61,0.4484772938881657,-27.051522706111836,False
4458-KVRBJ,0.0043274829328214,Low Risk,25.0,Low Value,Low Risk / Low Value,Two year,59,0.4219295859500865,-27.078070414049915,False
0732-OCQOC,0.0078231977998051,Low Risk,25.05,Low Value,Low Risk / Low Value,Two year,52,0.7642873090519593,-26.73571269094804,False
9650-VBUOG,0.0101846709878504,Low Risk,25.05,Low Value,Low Risk / Low Value,Two year,38,0.9949914321580449,-26.505008567841955,False
8007-YYPWD,0.0406298859976683,Low Risk,25.05,Low Value,Low Risk / Low Value,Two year,15,3.969336712542205,-23.530663287457795,False
2696-RZVZW,0.0025731978385849,Low Risk,25.05,Low Value,Low Risk / Low Value,Two year,68,0.25138856284055183,-27.248611437159447,False
1987-AUELQ,0.0023827196328998,Low Risk,25.05,Low Value,Low Risk / Low Value,Two year,71,0.232779794536146,-27.267220205463854,False
1767-CJKBA,0.0030529106038035,Low Risk,25.1,Low Value,Low Risk / Low Value,Two year,66,0.29884941900632467,-27.201150580993676,False
2808-CHTDM,0.0227506562035371,Low Risk,25.1,Low Value,Low Risk / Low Value,Two year,23,2.227061735764247,-25.272938264235755,False
8966-KZXXA,0.0112985023304132,Low Risk,25.1,Low Value,Low Risk / Low Value,Two year,36,1.1060103931241483,-26.393989606875852,False
5334-AFQJB,0.0037467526645122,Low Risk,25.1,Low Value,Low Risk / Low Value,Two year,72,0.36676961832909927,-27.133230381670902,False
4176-RELJR,0.0034306969058921,Low Risk,25.1,Low Value,Low Risk / Low Value,Two year,67,0.3358309201177777,-27.16416907988222,False
6609-MXJHJ,0.0225498749435557,Low Risk,25.1,Low Value,Low Risk / Low Value,Two year,30,2.2074072582246678,-25.292592741775334,False
9430-NKQLY,0.0025916513072212,Low Risk,25.1,Low Value,Low Risk / Low Value,Two year,72,0.2536967464638833,-27.246303253536116,False
5884-FBCTL,0.0020957782273775,Low Risk,25.1,Low Value,Low Risk / Low Value,Two year,72,0.20515573067798348,-27.294844269322017,False
6925-BAYGL,0.0069550111031455,Low Risk,25.1,Low Value,Low Risk / Low Value,Two year,53,0.680826036886913,-26.819173963113087,False
5666-MBJPT,0.0048347738792509,Low Risk,25.1,Low Value,Low Risk / Low Value,Two year,65,0.47327601503987066,-27.026723984960128,False
0057-QBUQH,0.0167550495832892,Low Risk,25.1,Low Value,Low Risk / Low Value,Two year,43,1.6401518037081797,-25.85984819629182,False
1092-WPIVQ,0.0285807517609641,Low Risk,25.1,Low Value,Low Risk / Low Value,Two year,18,2.7977697898807756,-24.702230210119225,False
7996-MHXLW,0.0042288362628944,Low Risk,25.15,Low Value,Low Risk / Low Value,Two year,66,0.41478540484599724,-27.085214595154003,False
7527-QNRUS,0.0409154568390612,Low Risk,25.15,Low Value,Low Risk / Low Value,Two year,17,4.0131925840593174,-23.48680741594068,False
1043-YCUTE,0.0065849851489737,Low Risk,25.15,Low Value,Low Risk / Low Value,Two year,56,0.6458882683370855,-26.854111731662915,False
0394-YONDK,0.0020653008304729,Low Risk,25.15,Low Value,Low Risk / Low Value,Two year,70,0.20257503195693438,-27.297424968043067,False
6010-DDPPW,0.0027392106826794,Low Risk,25.15,Low Value,Low Risk / Low Value,Two year,70,0.26867547981060896,-27.231324520189393,False
1535-VTJOQ,0.0237791294933738,Low Risk,25.15,Low Value,Low Risk / Low Value,Two year,24,2.332375916357569,-25.16762408364243,False
4534-WGCIR,0.0038807117964514,Low Risk,25.15,Low Value,Low Risk / Low Value,Two year,58,0.3806396165549356,-27.119360383445063,False
6024-RUGGH,0.0028267588763378,Low Risk,25.2,Low Value,Low Risk / Low Value,Two year,72,0.277813862366479,-27.22218613763352,False
2706-QZIHY,0.038608557363079,Low Risk,25.2,Low Value,Low Risk / Low Value,Two year,15,3.7944490176434043,-23.705550982356595,False
8874-EJNSR,0.0099839801274153,Low Risk,25.2,Low Value,Low Risk / Low Value,Two year,39,0.9812255669223757,-26.518774433077624,False
6976-BWGLQ,0.0020485326903006,Low Risk,25.2,Low Value,Low Risk / Low Value,Two year,72,0.201329792802743,-27.298670207197258,False
8098-TDCBU,0.0147872853266904,Low Risk,25.25,Low Value,Low Risk / Low Value,Two year,42,1.4561779225458371,-26.043822077454163,False
4883-KCPZJ,0.0228736754263401,Low Risk,25.25,Low Value,Low Risk / Low Value,Two year,22,2.2524851876088414,-25.24751481239116,False
6518-KZXCB,0.0269434953886495,Low Risk,25.25,Low Value,Low Risk / Low Value,Two year,22,2.65326070839726,-24.84673929160274,False
5197-YPYBZ,0.0369430965446216,Low Risk,25.25,Low Value,Low Risk / Low Value,Two year,12,3.637971432231612,-23.862028567768387,False
6770-UAYGJ,0.0061463803818203,Low Risk,25.25,Low Value,Low Risk / Low Value,Two year,49,0.6052648080997541,-26.894735191900246,False
2143-LJULT,0.0040330865641879,Low Risk,25.25,Low Value,Low Risk / Low Value,Two year,67,0.39715819940840347,-27.102841800591598,False
1926-QUZNN,0.003403448082786,Low Risk,25.25,Low Value,Low Risk / Low Value,Two year,72,0.3351545499523514,-27.16484545004765,False
9953-ZMKSM,0.0034731898277054,Low Risk,25.25,Low Value,Low Risk / Low Value,Two year,63,0.34202236828328925,-27.15797763171671,False
2072-ZVJJX,0.0028794436195006,Low Risk,25.25,Low Value,Low Risk / Low Value,Two year,68,0.28355321043032156,-27.21644678956968,False
8946-BFWSG,0.0029898168538116,Low Risk,25.25,Low Value,Low Risk / Low Value,Two year,63,0.29442221467909735,-27.2055777853209,False
3472-QPRCH,0.0091693329045966,Low Risk,25.25,Low Value,Low Risk / Low Value,Two year,40,0.9029500577801504,-26.59704994221985,False
9337-SRRNI,0.0035355166174668,Low Risk,25.3,Low Value,Low Risk / Low Value,Two year,66,0.3488494246454492,-27.15115057535455,False
9350-ZXYJC,0.0870907967273695,Low Risk,25.3,Low Value,Low Risk / Low Value,Two year,4,8.59324891308955,-18.90675108691045,False
7008-LZVOZ,0.0035233929291347,Low Risk,25.3,Low Value,Low Risk / Low Value,Two year,66,0.34765318031772086,-27.15234681968228,False
8606-OEGQZ,0.0278841201467166,Low Risk,25.3,Low Value,Low Risk / Low Value,Two year,18,2.751326134876527,-24.74867386512347,False
2799-TSLAG,0.0042571019397405,Low Risk,25.3,Low Value,Low Risk / Low Value,Two year,65,0.42004824839419513,-27.079951751605805,False
6370-ZVHDV,0.0041830332938394,Low Risk,25.3,Low Value,Low Risk / Low Value,Two year,61,0.4127398951031336,-27.087260104896867,False
5995-LFTLE,0.006137279007931,Low Risk,25.3,Low Value,Low Risk / Low Value,Two year,58,0.6055653197125519,-26.894434680287446,False
0174-QRVVY,0.0019768311468125,Low Risk,25.35,Low Value,Low Risk / Low Value,Two year,71,0.19543941132961784,-27.304560588670384,False
3213-VVOLG,0.0670263928933907,Low Risk,25.35,Low Value,Low Risk / Low Value,Two year,0,6.626564333405073,-20.87343566659493,False
3810-PJUHR,0.0020800522041924,Low Risk,25.35,Low Value,Low Risk / Low Value,Two year,70,0.20564436116748167,-27.294355638832517,False
9574-BOSMD,0.0023908954790975,Low Risk,25.4,Low Value,Low Risk / Low Value,Two year,68,0.23684210615939832,-27.263157893840603,False
4312-KFRXN,0.0021512057256771,Low Risk,25.4,Low Value,Low Risk / Low Value,Two year,72,0.21309843918557353,-27.286901560814428,False
3283-WCWXT,0.0500863937598478,Low Risk,25.4,Low Value,Low Risk / Low Value,Two year,6,4.961558165850523,-22.538441834149477,False
8612-GXIDD,0.0548836710629205,Low Risk,25.4,Low Value,Low Risk / Low Value,Two year,12,5.436776455492905,-22.063223544507096,False
5622-UEJFI,0.0171558110559863,Low Risk,25.4,Low Value,Low Risk / Low Value,Two year,35,1.6994546432060027,-25.800545356793997,False
5854-KSRBJ,0.0021204834191543,Low Risk,25.4,Low Value,Low Risk / Low Value,Two year,70,0.21005508750142493,-27.289944912498576,False
8774-GSBUN,0.0022075687800828,Low Risk,25.4,Low Value,Low Risk / Low Value,Two year,72,0.21868176335500217,-27.281318236645,False
0795-XCCTE,0.0029058659077416,Low Risk,25.4,Low Value,Low Risk / Low Value,Two year,72,0.28785507682088285,-27.212144923179117,False
3261-CQXOL,0.0021782413895339,Low Risk,25.45,Low Value,Low Risk / Low Value,Two year,71,0.21620134911818725,-27.283798650881813,False
5598-IKHQQ,0.0022362314305386,Low Risk,25.45,Low Value,Low Risk / Low Value,Two year,72,0.22195715063810875,-27.278042849361892,False
0603-TPMIB,0.0037945700088802,Low Risk,25.45,Low Value,Low Risk / Low Value,Two year,59,0.3766300462314042,-27.123369953768595,False
1241-EZFMJ,0.0040589039182157,Low Risk,25.45,Low Value,Low Risk / Low Value,Two year,61,0.40286650840249927,-27.0971334915975,False
1635-NZATJ,0.0027972184143235,Low Risk,25.45,Low Value,Low Risk / Low Value,Two year,71,0.277637913713679,-27.22236208628632,False
4896-CPRPF,0.0124934941720059,Low Risk,25.45,Low Value,Low Risk / Low Value,Two year,35,1.2400417640424457,-26.259958235957555,False
5044-XDPYX,0.0064762730285534,Low Risk,25.5,Low Value,Low Risk / Low Value,Two year,51,0.6440653526896356,-26.855934647310363,False
3696-DFHHB,0.0030263414982241,Low Risk,25.5,Low Value,Low Risk / Low Value,Two year,68,0.30096966199838676,-27.199030338001613,False
3284-SVCRO,0.008711999979394,Low Risk,25.5,Low Value,Low Risk / Low Value,Two year,45,0.8664083979507333,-26.63359160204927,False
0071-NDAFP,0.0192179830203053,Low Risk,25.5,Low Value,Low Risk / Low Value,Two year,25,1.911228411369362,-25.58877158863064,False
3088-FVYWK,0.0047709384327127,Low Risk,25.55,Low Value,Low Risk / Low Value,Two year,53,0.47540016012765696,-27.024599839872344,False
3913-RDSJZ,0.0034866643446368,Low Risk,25.55,Low Value,Low Risk / Low Value,Two year,64,0.3474286686213339,-27.152571331378667,False
6285-FTQBF,0.001871108057616,Low Risk,25.55,Low Value,Low Risk / Low Value,Two year,72,0.18644656240114632,-27.313553437598852,False
5743-KHMNA,0.0025436344807342,Low Risk,25.55,Low Value,Low Risk / Low Value,Two year,71,0.2534604578327594,-27.24653954216724,False
1982-FEBTD,0.0296478522430782,Low Risk,25.6,Low Value,Low Risk / Low Value,Two year,23,2.9600415679489274,-24.539958432051073,False
3129-AAQOU,0.0272565143673717,Low Risk,25.6,Low Value,Low Risk / Low Value,Two year,19,2.721290394438391,-24.77870960556161,False
3873-WOSBC,0.0028305374800602,Low Risk,25.6,Low Value,Low Risk / Low Value,Two year,67,0.2826008620092104,-27.21739913799079,False
0463-TXOAK,0.0050621216007975,Low Risk,25.6,Low Value,Low Risk / Low Value,Two year,52,0.5054022206236224,-26.994597779376377,False
2169-RRLFW,0.0023715789865218,Low Risk,25.6,Low Value,Low Risk / Low Value,Two year,71,0.23677844601433654,-27.263221553985662,False
5115-SQAAU,0.003289363105519,Low Risk,25.6,Low Value,Low Risk / Low Value,Two year,69,0.328410012455017,-27.171589987544984,False
8441-SHIPE,0.0044585660148965,Low Risk,25.6,Low Value,Low Risk / Low Value,Two year,67,0.4451432309272665,-27.054856769072735,False
4231-LZUYM,0.0024369445478165,Low Risk,25.65,Low Value,Low Risk / Low Value,Two year,72,0.24377974784082357,-27.256220252159178,False
1080-BWSYE,0.0041128958376214,Low Risk,25.65,Low Value,Low Risk / Low Value,Two year,64,0.41143353511645675,-27.08856646488354,False
8807-OPMBM,0.0061994607261999,Low Risk,25.65,Low Value,Low Risk / Low Value,Two year,55,0.6201630537454069,-26.879836946254592,False
7799-LGRDP,0.0135258225217253,Low Risk,25.7,Low Value,Low Risk / Low Value,Two year,43,1.355693191352527,-26.144306808647475,False
7554-NEWDD,0.0501374309263346,Low Risk,25.7,Low Value,Low Risk / Low Value,Two year,10,5.025274701746517,-22.47472529825348,False
4213-HKBJO,0.0153328785925492,Low Risk,25.7,Low Value,Low Risk / Low Value,Two year,33,1.536814421331206,-25.963185578668792,False
1073-XXCZD,0.0055495696757251,Low Risk,25.7,Low Value,Low Risk / Low Value,Two year,55,0.5562333685979267,-26.943766631402074,False
2452-MRMZF,0.0039550630680115,Low Risk,25.7,Low Value,Low Risk / Low Value,Two year,72,0.3964159713067926,-27.103584028693206,False
4367-NUYAO,0.0666224241172757,Low Risk,25.75,Low Value,Low Risk / Low Value,Two year,0,6.6905569419774125,-20.809443058022588,False
8532-UEFWH,0.0052202077853972,Low Risk,25.75,Low Value,Low Risk / Low Value,Two year,52,0.5242393668485138,-26.975760633151488,False
7225-IILWY,0.0022990936651818,Low Risk,25.75,Low Value,Low Risk / Low Value,Two year,68,0.2308864813258823,-27.269113518674118,False
5322-ZSMZY,0.0145854478496041,Low Risk,25.75,Low Value,Low Risk / Low Value,Two year,31,1.464743600296492,-26.035256399703506,False
2097-YVPKN,0.0031587678807795,Low Risk,25.75,Low Value,Low Risk / Low Value,Two year,65,0.31721926442728127,-27.18278073557272,False
2509-TFPJU,0.0021670185066036,Low Risk,25.75,Low Value,Low Risk / Low Value,Two year,72,0.21762283352566653,-27.282377166474333,False
4335-BSMJS,0.0050819214674572,Low Risk,25.8,Low Value,Low Risk / Low Value,Two year,62,0.5113429380555435,-26.988657061944455,False
3118-UHVVQ,0.002830004669355,Low Risk,25.8,Low Value,Low Risk / Low Value,Two year,68,0.28475506983050014,-27.2152449301695,False
9717-IOAAF,0.0250565313911271,Low Risk,25.85,Low Value,Low Risk / Low Value,Two year,27,2.5260742121964785,-24.973925787803523,False
4707-MAXGU,0.0021686537200259,Low Risk,25.85,Low Value,Low Risk / Low Value,Two year,72,0.2186328247844111,-27.28136717521559,False
4521-WFJAI,0.0073541751340695,Low Risk,25.95,Low Value,Low Risk / Low Value,Two year,56,0.7442792944435037,-26.755720705556495,False
2961-VNFKL,0.0032321294866133,Low Risk,25.95,Low Value,Low Risk / Low Value,Two year,71,0.32710766469269903,-27.1728923353073,False
6485-QXWWE,0.0034526163367733,Low Risk,26.0,Low Value,Low Risk / Low Value,Two year,62,0.35009529654881266,-27.14990470345119,False
2050-ONYDQ,0.0026697564341456,Low Risk,26.0,Low Value,Low Risk / Low Value,Two year,65,0.27071330242236386,-27.229286697577635,False
8207-VVMYB,0.0039643981781874,Low Risk,26.0,Low Value,Low Risk / Low Value,Two year,70,0.40198997526820235,-27.0980100247318,False
6917-FIJHC,0.0031261052136885,Low Risk,26.0,Low Value,Low Risk / Low Value,Two year,72,0.31698706866801396,-27.183012931331987,False
7480-SPLEF,0.0033142402642265,Low Risk,26.0,Low Value,Low Risk / Low Value,Two year,69,0.3360639627925671,-27.16393603720743,False
9108-EQPNQ,0.0401607994512574,Low Risk,26.1,Low Value,Low Risk / Low Value,Two year,10,4.087967776143491,-23.41203222385651,False
3521-HTQTV,0.0160330837644886,Low Risk,26.1,Low Value,Low Risk / Low Value,Two year,34,1.6320075963872949,-25.867992403612703,False
9838-BFCQT,0.0019069762752318,Low Risk,26.1,Low Value,Low Risk / Low Value,Two year,72,0.19411111505584494,-27.305888884944157,False
6199-IPCAO,0.0163147270238066,Low Risk,26.1,Low Value,Low Risk / Low Value,Two year,29,1.6606760637532738,-25.839323936246725,False
1240-HCBOH,0.0041550335274284,Low Risk,26.1,Low Value,Low Risk / Low Value,Two year,67,0.4229408627569369,-27.07705913724306,False
4950-HKQTE,0.0274254225181978,Low Risk,26.25,Low Value,Low Risk / Low Value,Two year,22,2.8076776303004993,-24.6923223696995,False
4625-XMOYM,0.0030083047126091,Low Risk,26.25,Low Value,Low Risk / Low Value,Two year,72,0.3079751949533566,-27.192024805046643,False
5939-SXWHM,0.0066613816337946,Low Risk,26.3,Low Value,Low Risk / Low Value,Two year,48,0.6832579141783122,-26.816742085821687,False
6651-RLGGM,0.0024156834054313,Low Risk,26.3,Low Value,Low Risk / Low Value,Two year,67,0.24777664689508844,-27.252223353104913,False
0323-XWWTN,0.0794336532321278,Low Risk,26.4,Low Value,Low Risk / Low Value,Two year,3,8.178488936779878,-19.32151106322012,False
8234-GSZYK,0.0099106834545118,Low Risk,26.45,Low Value,Low Risk / Low Value,Two year,43,1.0223365517501646,-26.477663448249835,False
7096-ZNBZI,0.0022249722787289,Low Risk,26.45,Low Value,Low Risk / Low Value,Two year,72,0.2295170154122797,-27.27048298458772,False
5982-XMDEX,0.0034106484591827,Low Risk,26.5,Low Value,Low Risk / Low Value,Two year,65,0.35249051825653205,-27.14750948174347,False
0621-JFHOL,0.1392416984973874,Low Risk,29.6,Low Value,Low Risk / Low Value,Two year,10,16.074061674538406,-11.425938325461594,False
9560-BBZXK,0.0317886202870126,Low Risk,31.05,Low Value,Low Risk / Low Value,Two year,36,3.849442973655791,-23.65055702634421,False
7340-KEFQE,0.0100709597634943,Low Risk,34.2,Low Value,Low Risk / Low Value,Two year,51,1.34326461325487,-26.15673538674513,False
3298-QEICA,0.0348956514429266,Low Risk,34.6,Low Value,Low Risk / Low Value,Two year,23,4.708819205708516,-22.791180794291485,False
0191-EQUUH,0.0330117601015101,Low Risk,35.05,Low Value,Low Risk / Low Value,Two year,25,4.512542547075923,-22.987457452924076,False
9236-NDUCW,0.0443225846415175,Low Risk,35.1,Low Value,Low Risk / Low Value,Two year,21,6.067318611577331,-21.43268138842267,False
0458-HEUZG,0.086537413729932,Low Risk,35.4,Low Value,Low Risk / Low Value,Two year,13,11.947355339554413,-15.552644660445587,False
8069-RHUXK,0.0045202963082121,Low Risk,35.7,Low Value,Low Risk / Low Value,Two year,67,0.6293608549923708,-26.87063914500763,False
6122-EFVKN,0.0319435876173657,Low Risk,35.75,Low Value,Low Risk / Low Value,Two year,24,4.453734703551213,-23.046265296448787,False
8727-XDPUD,0.0508655175894454,Low Risk,35.8,Low Value,Low Risk / Low Value,Two year,37,7.101843565838367,-20.398156434161635,False
3884-UEBXB,0.0057891896894798,Low Risk,36.15,Low Value,Low Risk / Low Value,Two year,67,0.8161889083713095,-26.68381109162869,False
4940-KHCWD,0.0070059599758295,Low Risk,37.7,Low Value,Low Risk / Low Value,Two year,60,1.0300862952462115,-26.46991370475379,False
6119-SPUDB,0.013863124543107,Low Risk,38.25,Low Value,Low Risk / Low Value,Two year,46,2.0680316037179867,-25.431968396282013,False
3511-BFTJW,0.0042632255194025,Low Risk,38.5,Low Value,Low Risk / Low Value,Two year,72,0.6401233117382854,-26.859876688261714,False
7492-TAFJD,0.0824912825779784,Low Risk,38.55,Low Value,Low Risk / Low Value,Two year,7,12.402151879186162,-15.097848120813838,False
8046-DNVTL,0.0078891483234229,Low Risk,38.6,Low Value,Low Risk / Low Value,Two year,62,1.1876323886080835,-26.312367611391917,False
3635-JBPSG,0.1680029951652958,Low Risk,38.8,Low Value,Low Risk / Low Value,Two year,15,25.42221322841256,-2.0777867715874407,False
5472-CVMDX,0.0052993931740464,Low Risk,38.9,Low Value,Low Risk / Low Value,Two year,68,0.8039709384345795,-26.69602906156542,False
0979-MOZQI,0.0182090307547942,Low Risk,39.0,Low Value,Low Risk / Low Value,Two year,62,2.769593577804198,-24.730406422195802,False
7963-SHNDT,0.0094065179291968,Low Risk,39.1,Low Value,Low Risk / Low Value,Two year,52,1.4343999190232202,-26.06560008097678,False
8882-TLVRW,0.0042558312423478,Low Risk,39.1,Low Value,Low Risk / Low Value,Two year,69,0.6489717061456161,-26.851028293854384,False
8242-PDSGJ,0.0061859650782356,Low Risk,39.15,Low Value,Low Risk / Low Value,Two year,70,0.9445040779704026,-26.555495922029596,False
2162-FRZAA,0.0070738995323001,Low Risk,39.35,Low Value,Low Risk / Low Value,Two year,63,1.0855959917244347,-26.414404008275564,False
0056-EPFBG,0.0519138451576229,Low Risk,39.4,Low Value,Low Risk / Low Value,Two year,20,7.9770814469203355,-19.522918553079663,False
1116-FRYVH,0.010090209074832,Low Risk,39.4,Low Value,Low Risk / Low Value,Two year,48,1.550461526438685,-25.949538473561315,False
0343-QLUZP,0.0095780122673929,Low Risk,39.6,Low Value,Low Risk / Low Value,Two year,60,1.4792282145761595,-26.02077178542384,False
3933-DQPWX,0.0141168289868246,Low Risk,39.7,Low Value,Low Risk / Low Value,Two year,50,2.185708632030053,-25.314291367969947,False
9796-MVYXX,0.0745270234978652,Low Risk,39.7,Low Value,Low Risk / Low Value,Two year,14,11.53901904817447,-15.96098095182553,False
2996-XAUVF,0.0125336853015165,Low Risk,40.05,Low Value,Low Risk / Low Value,Two year,70,1.9576989756703698,-25.542301024329632,False
2335-GSODA,0.032724409720819,Low Risk,40.1,Low Value,Low Risk / Low Value,Two year,23,5.117770436238883,-22.382229563761115,False
9674-EHPPG,0.0132586476771508,Low Risk,40.4,Low Value,Low Risk / Low Value,Two year,46,2.08903252801188,-25.41096747198812,False
7758-UJWYS,0.0730145743273625,Low Risk,40.55,Low Value,Low Risk / Low Value,Two year,34,11.546889857000743,-15.953110142999257,False
3891-NLXJB,0.0247989742554197,Low Risk,40.55,Low Value,Low Risk / Low Value,Two year,37,3.921833783623349,-23.57816621637665,False
7816-VGHTO,0.0868328978644814,Low Risk,40.55,Low Value,Low Risk / Low Value,Two year,6,13.73218863277841,-13.76781136722159,False
7321-ZNSLA,0.046473119058862,Low Risk,40.55,Low Value,Low Risk / Low Value,Two year,13,7.3494914135637295,-20.15050858643627,False
7665-NKLAV,0.0188356505412321,Low Risk,40.65,Low Value,Low Risk / Low Value,Two year,36,2.986109858554231,-24.51389014144577,False
4837-PZTIC,0.0130777677371269,Low Risk,41.9,Low Value,Low Risk / Low Value,Two year,47,2.137038025923907,-25.362961974076093,False
3908-MKIMJ,0.0160725952807424,Low Risk,41.95,Low Value,Low Risk / Low Value,Two year,68,2.6295569509058607,-24.87044304909414,False
0526-SXDJP,0.0054037176802297,Low Risk,42.1,Low Value,Low Risk / Low Value,Two year,72,0.8872364059169144,-26.612763594083084,False
3249-VHRIP,0.0228867817100842,Low Risk,43.6,Low Value,Low Risk / Low Value,Two year,62,3.8916683619827177,-23.608331638017283,False
7274-CGTOD,0.008868117891563,Low Risk,43.7,Low Value,Low Risk / Low Value,Two year,62,1.5113933322590825,-25.988606667740918,False
9610-WCESF,0.0111841145471304,Low Risk,43.9,Low Value,Low Risk / Low Value,Two year,67,1.9148322516141958,-25.585167748385803,False
0567-XRHCU,0.0111407738954717,Low Risk,43.95,Low Value,Low Risk / Low Value,Two year,69,1.909584349553327,-25.590415650446673,False
0895-UADGO,0.1122893215667765,Low Risk,44.55,Low Value,Low Risk / Low Value,Two year,8,19.509708175619583,-7.990291824380417,False
0562-KBDVM,0.0064401728030532,Low Risk,44.6,Low Value,Low Risk / Low Value,Two year,70,1.1202036573630738,-26.379796342636926,False
0019-GFNTW,0.0087623601358924,Low Risk,45.05,Low Value,Low Risk / Low Value,Two year,56,1.5395028640756152,-25.960497135924385,False
0017-DINOC,0.0128999019001992,Low Risk,45.2,Low Value,Low Risk / Low Value,Two year,54,2.273994706967115,-25.226005293032884,False
9286-BHDQG,0.0031841040837173,Low Risk,45.25,Low Value,Low Risk / Low Value,Two year,72,0.5619147681740105,-26.93808523182599,False
6723-CEGQI,0.0090367940733838,Low Risk,45.25,Low Value,Low Risk / Low Value,Two year,65,1.5947682341004061,-25.905231765899593,False
2580-ASVVY,0.0390053856533755,Low Risk,45.4,Low Value,Low Risk / Low Value,Two year,37,6.906293583786667,-20.593706416213333,False
5126-RCXYW,0.0154978609186697,Low Risk,46.0,Low Value,Low Risk / Low Value,Two year,54,2.7803162488093442,-24.719683751190654,False
4676-WLUHT,0.0169381685397569,Low Risk,46.2,Low Value,Low Risk / Low Value,Two year,54,3.0519192074933987,-24.4480807925066,False
2253-KPMNB,0.0041282044074692,Low Risk,46.25,Low Value,Low Risk / Low Value,Two year,69,0.744624869997257,-26.755375130002744,False
9885-MFVSU,0.0360102476926635,Low Risk,46.35,Low Value,Low Risk / Low Value,Two year,35,6.509392424164318,-20.990607575835682,False
5227-JSCFE,0.0050895158275987,Low Risk,46.35,Low Value,Low Risk / Low Value,Two year,71,0.920006328575879,-26.57999367142412,False
7110-BDTWG,0.0181914942608823,Low Risk,47.05,Low Value,Low Risk / Low Value,Two year,71,3.338048239400598,-24.1619517605994,False
8780-YRMTT,0.0076066458124444,Low Risk,47.4,Low Value,Low Risk / Low Value,Two year,66,1.406164544888472,-26.093835455111527,False
4872-JCVCA,0.0063498659026607,Low Risk,47.6,Low Value,Low Risk / Low Value,Two year,71,1.1787891061699325,-26.321210893830067,False
0617-AQNWT,0.0134406956060052,Low Risk,47.85,Low Value,Low Risk / Low Value,Two year,64,2.5082354105146605,-24.99176458948534,False
5656-MJEFC,0.0189889436496918,Low Risk,48.15,Low Value,Low Risk / Low Value,Two year,42,3.5658387832573752,-23.934161216742623,False
0848-SOMKO,0.0074562577185524,Low Risk,48.4,Low Value,Low Risk / Low Value,Two year,70,1.407443206953951,-26.09255679304605,False
7599-NTMDP,0.0079225994467944,Low Risk,48.7,Low Value,Low Risk / Low Value,Two year,62,1.5047393129296605,-25.99526068707034,False
1814-WFGVS,0.0054343318334166,Low Risk,48.9,Low Value,Low Risk / Low Value,Two year,72,1.0363814239508797,-26.46361857604912,False
2192-CKRLV,0.016221816989029,Low Risk,49.2,Low Value,Low Risk / Low Value,Two year,72,3.112642243854885,-24.387357756145114,False
6559-ILWKJ,0.0221556109022839,Low Risk,49.35,Low Value,Low Risk / Low Value,Two year,71,4.264179652308071,-23.235820347691927,False
9000-PLFUZ,0.0411166898862553,Low Risk,49.45,Low Value,Low Risk / Low Value,Two year,60,7.929559228013767,-19.570440771986235,False
7021-XSNYE,0.0792439950274232,Low Risk,49.65,Low Value,Low Risk / Low Value,Two year,7,15.344410977135094,-12.155589022864906,False
1936-CZAKF,0.0374432463961252,Low Risk,49.65,Low Value,Low Risk / Low Value,Two year,49,7.250323015913703,-20.249676984086296,False
4835-YSJMR,0.0268439146582248,Low Risk,49.8,Low Value,Low Risk / Low Value,Two year,39,5.21362510492042,-22.28637489507958,False
4039-PIMHX,0.0176361506848206,Low Risk,49.8,Low Value,Low Risk / Low Value,Two year,49,3.425293186005857,-24.074706813994144,False
7605-BDWDC,0.0476412862976046,Low Risk,49.85,Low Value,Low Risk / Low Value,Two year,31,9.262180675548798,-18.237819324451202,False
4312-GVYNH,0.0102019816969307,Low Risk,49.85,Low Value,Low Risk / Low Value,Two year,70,1.983418271608782,-25.516581728391216,False
3566-CAAYU,0.0143281111804811,Low Risk,49.85,Low Value,Low Risk / Low Value,Two year,64,2.785599735153233,-24.714400264846766,False
9928-BZVLZ,0.0786639243371161,Low Risk,49.85,Low Value,Low Risk / Low Value,Two year,12,15.293446850000427,-12.206553149999573,False
0298-XACET,0.0157259897469983,Low Risk,50.2,Low Value,Low Risk / Low Value,Two year,52,3.0788342726673275,-24.42116572733267,False
8587-XYZSF,0.0056147613719924,Low Risk,50.55,Low Value,Low Risk / Low Value,Two year,67,1.1069221306814416,-26.39307786931856,False
0277-ORXQS,0.0143984587882724,Low Risk,50.55,Low Value,Low Risk / Low Value,Two year,66,2.8385841578139623,-24.661415842186038,False
5135-RDDQL,0.0083651768656118,Low Risk,50.65,Low Value,Low Risk / Low Value,Two year,63,1.652415212148627,-25.847584787851375,False
5397-NSKQG,0.0117967260867458,Low Risk,50.9,Low Value,Low Risk / Low Value,Two year,67,2.3417680954799085,-25.158231904520093,False
3813-DHBBB,0.0107793650766851,Low Risk,50.95,Low Value,Low Risk / Low Value,Two year,67,2.141913737562713,-25.358086262437286,False
6701-DHKWQ,0.0112225759503849,Low Risk,51.35,Low Value,Low Risk / Low Value,Two year,61,2.247489172703832,-25.252510827296167,False
6867-ACCZI,0.0519094139507465,Low Risk,52.5,Low Value,Low Risk / Low Value,Two year,24,10.628452506415346,-16.871547493584654,False
4472-LVYGI,0.150280565493659,Low Risk,52.55,Low Value,Low Risk / Low Value,Two year,0,30.799250495097944,3.2992504950979438,True
6064-ZATLR,0.0285542461082939,Low Risk,52.85,Low Value,Low Risk / Low Value,Two year,27,5.885458436610997,-21.614541563389004,False
2197-OMWGI,0.0402458990200751,Low Risk,53.0,Low Value,Low Risk / Low Value,Two year,68,8.318827327449524,-19.181172672550474,False
2773-MADBQ,0.0374739105284413,Low Risk,53.1,Low Value,Low Risk / Low Value,Two year,36,7.760472131334908,-19.739527868665093,False
9867-XOBQA,0.0430726340780256,Low Risk,53.15,Low Value,Low Risk / Low Value,Two year,21,8.928310954863537,-18.571689045136463,False
7284-ZZLOH,0.0130570061086945,Low Risk,53.3,Low Value,Low Risk / Low Value,Two year,45,2.7141598598143255,-24.785840140185673,False
1139-WUOAH,0.0233071101784567,Low Risk,53.35,Low Value,Low Risk / Low Value,Two year,57,4.849393879280593,-22.650606120719406,False
9906-NHHVC,0.0391014727061018,Low Risk,53.5,Low Value,Low Risk / Low Value,Two year,65,8.15852228012814,-19.34147771987186,False
5110-CHOPY,0.0299265588910997,Low Risk,53.6,Low Value,Low Risk / Low Value,Two year,60,6.255847870595482,-21.24415212940452,False
3704-IEAXF,0.0094415708877036,Low Risk,53.65,Low Value,Low Risk / Low Value,Two year,72,1.9755070846886627,-25.52449291531134,False
6434-TTGJP,0.0618157031388106,Low Risk,53.7,Low Value,Low Risk / Low Value,Two year,10,12.946062708361106,-14.553937291638894,False
0739-UUAJR,0.0152544881218502,Low Risk,53.8,Low Value,Low Risk / Low Value,Two year,72,3.200696697726609,-24.29930330227339,False
1271-UODNO,0.0340659644169603,Low Risk,53.85,Low Value,Low Risk / Low Value,Two year,39,7.154363517027917,-20.345636482972083,False
6164-HAQTX,0.0066258635060946,Low Risk,53.95,Low Value,Low Risk / Low Value,Two year,71,1.3941148109998345,-26.105885189000166,False
5583-EJXRD,0.0220520613062737,Low Risk,54.05,Low Value,Low Risk / Low Value,Two year,44,4.648464263055964,-22.851535736944037,False
8819-WFGGJ,0.0224501827460591,Low Risk,54.1,Low Value,Low Risk / Low Value,Two year,68,4.736764057591009,-22.76323594240899,False
9102-OXKFY,0.0140970747575663,Low Risk,54.15,Low Value,Low Risk / Low Value,Two year,59,2.977090732676639,-24.52290926732336,False
5067-WJEUN,0.0067319948002636,Low Risk,54.2,Low Value,Low Risk / Low Value,Two year,67,1.42300906087972,-26.07699093912028,False
5010-IPEAQ,0.0061788956651285,Low Risk,54.2,Low Value,Low Risk / Low Value,Two year,67,1.3060949656948624,-26.19390503430514,False
6034-ZRYCV,0.0322235819790819,Low Risk,54.2,Low Value,Low Risk / Low Value,Two year,72,6.8114207587383335,-20.688579241261667,False
7191-ADRGF,0.051023120310185,Low Risk,54.3,Low Value,Low Risk / Low Value,Two year,44,10.80516618808788,-16.69483381191212,False
7253-UVNDW,0.0134113495569647,Low Risk,54.35,Low Value,Low Risk / Low Value,Two year,46,2.8427367088420232,-24.657263291157978,False
7688-AWMDX,0.0035317031240105,Low Risk,54.5,Low Value,Low Risk / Low Value,Two year,71,0.7506634990084318,-26.749336500991568,False
5256-SKJGO,0.0271740136861261,Low Risk,54.6,Low Value,Low Risk / Low Value,Two year,64,5.786434474323692,-21.71356552567631,False
3745-HRPHI,0.0150299937015516,Low Risk,54.65,Low Value,Low Risk / Low Value,Two year,66,3.2034177075802006,-24.2965822924198,False
1716-LSAMB,0.0093684040910231,Low Risk,54.65,Low Value,Low Risk / Low Value,Two year,45,1.9967348059402086,-25.503265194059793,False
8208-EUMTE,0.0577887130167981,Low Risk,54.85,Low Value,Low Risk / Low Value,Two year,16,12.361872544988367,-15.138127455011633,False
6522-OIQSX,0.0211094225918357,Low Risk,54.95,Low Value,Low Risk / Low Value,Two year,69,4.5238548085433505,-22.97614519145665,False
1335-MXCSE,0.0113149332521707,Low Risk,55.25,Low Value,Low Risk / Low Value,Two year,55,2.4380852425114816,-25.06191475748852,False
3057-VJJQE,0.0277584063322695,Low Risk,55.25,Low Value,Low Risk / Low Value,Two year,35,5.981242604445771,-21.51875739555423,False
4992-LTJNE,0.0056048566836383,Low Risk,55.3,Low Value,Low Risk / Low Value,Two year,72,1.208799440960272,-26.291200559039726,False
6348-SNFUS,0.0074509568165379,Low Risk,55.45,Low Value,Low Risk / Low Value,Two year,72,1.6113066663604036,-25.888693333639598,False
4859-ZSRDZ,0.0267261385322078,Low Risk,55.5,Low Value,Low Risk / Low Value,Two year,58,5.784872685296378,-21.715127314703622,False
6177-PEVRA,0.010644429683461,Low Risk,55.5,Low Value,Low Risk / Low Value,Two year,48,2.3039868049851333,-25.196013195014867,False
1821-BUCWY,0.0351758054810678,Low Risk,55.65,Low Value,Low Risk / Low Value,Two year,30,7.634380942583551,-19.86561905741645,False
2314-TNDJQ,0.0049446122026379,Low Risk,55.65,Low Value,Low Risk / Low Value,Two year,72,1.0731539093995166,-26.426846090600485,False
1371-DWPAZ,0.0903664366655957,Low Risk,56.05,Low Value,Low Risk / Low Value,Two year,0,19.75365122291589,-7.746348777084108,False
1209-VFFOC,0.008900679956185,Low Risk,56.4,Low Value,Low Risk / Low Value,Two year,68,1.9577935631624528,-25.542206436837546,False
8169-SAEJD,0.015371307378374,Low Risk,56.55,Low Value,Low Risk / Low Value,Two year,69,3.3900649857634937,-24.109935014236505,False
0230-WEQUW,0.0114820768386353,Low Risk,56.6,Low Value,Low Risk / Low Value,Two year,66,2.534553641360356,-24.965446358639642,False
7771-ZONAT,0.0981489896247557,Low Risk,56.75,Low Value,Low Risk / Low Value,Two year,22,21.722825128699057,-5.777174871300943,False
8165-CBKXO,0.0233153872629479,Low Risk,56.75,Low Value,Low Risk / Low Value,Two year,66,5.160278085971944,-22.339721914028054,False
5095-ETBRJ,0.0061971754298759,Low Risk,56.8,Low Value,Low Risk / Low Value,Two year,55,1.3727983012261094,-26.12720169877389,False
3474-BAFSJ,0.0317643638936262,Low Risk,57.5,Low Value,Low Risk / Low Value,Two year,57,7.123158603145676,-20.376841396854324,False
3400-ESFUW,0.0053218518769301,Low Risk,57.55,Low Value,Low Risk / Low Value,Two year,55,1.1944630445175763,-26.305536955482424,False
0214-JHPFW,0.0139168246408639,Low Risk,57.8,Low Value,Low Risk / Low Value,Two year,70,3.13713061054354,-24.36286938945646,False
9795-SHUHB,0.0046379864256343,Low Risk,58.2,Low Value,Low Risk / Low Value,Two year,66,1.0527301588904734,-26.447269841109527,False
0114-IGABW,0.0134685019597415,Low Risk,58.25,Low Value,Low Risk / Low Value,Two year,71,3.059706932704276,-24.440293067295723,False
1837-YQUCE,0.0162654944944423,Low Risk,58.35,Low Value,Low Risk / Low Value,Two year,70,3.701457254627763,-23.798542745372238,False
6504-VBLFL,0.0114761700584805,Low Risk,58.6,Low Value,Low Risk / Low Value,Two year,55,2.6227639051651335,-24.877236094834867,False
6614-YOLAC,0.0077046388202321,Low Risk,58.65,Low Value,Low Risk / Low Value,Two year,71,1.7623205605457892,-25.73767943945421,False
5762-TJXGK,0.0384860466229593,Low Risk,58.75,Low Value,Low Risk / Low Value,Two year,52,8.818115432485548,-18.68188456751445,False
9359-JANWS,0.0046006489696513,Low Risk,58.9,Low Value,Low Risk / Low Value,Two year,65,1.0568150748186,-26.4431849251814,False
9995-HOTOH,0.0204588832207543,Low Risk,59.0,Low Value,Low Risk / Low Value,Two year,63,4.707589029095565,-22.792410970904434,False
0412-UCCNP,0.0134973752254957,Low Risk,59.2,Low Value,Low Risk / Low Value,Two year,55,3.116273992062448,-24.383726007937554,False
1459-QNFQT,0.009361873709757,Low Risk,59.5,Low Value,Low Risk / Low Value,Two year,70,2.172422794349112,-25.32757720565089,False
4854-SSLTN,0.0419722153503993,Low Risk,59.5,Low Value,Low Risk / Low Value,Two year,2,9.739652572060157,-17.76034742793984,False
6681-ZSEXG,0.0151445077341929,Low Risk,59.5,Low Value,Low Risk / Low Value,Two year,56,3.514283019719463,-23.985716980280536,False
4111-BNXIF,0.0266561707326224,Low Risk,59.55,Low Value,Low Risk / Low Value,Two year,67,6.19076237179789,-21.309237628202112,False
4664-NJCMS,0.0479480176648392,Low Risk,59.55,Low Value,Low Risk / Low Value,Two year,33,11.13568736257058,-16.36431263742942,False
7025-WCBNE,0.0204745632452219,Low Risk,59.6,Low Value,Low Risk / Low Value,Two year,47,4.759107480719379,-22.74089251928062,False
7596-ZYWBB,0.0056638244442403,Low Risk,59.6,Low Value,Low Risk / Low Value,Two year,65,1.3164993538192156,-26.183500646180786,False
4500-HKANN,0.0353042566459974,Low Risk,59.7,Low Value,Low Risk / Low Value,Two year,23,8.219890074887575,-19.280109925112427,False
0774-RMNUW,0.0079310072824885,Low Risk,59.7,Low Value,Low Risk / Low Value,Two year,71,1.846576425581798,-25.653423574418202,False
7633-MVPUY,0.0114378188811252,Low Risk,59.75,Low Value,Low Risk / Low Value,Two year,57,2.6652977447741995,-24.8347022552258,False
7306-YDSOI,0.0060544398252344,Low Risk,59.75,Low Value,Low Risk / Low Value,Two year,69,1.4108358402752461,-26.089164159724753,False
6762-QVYJO,0.0153859776769553,Low Risk,59.75,Low Value,Low Risk / Low Value,Two year,58,3.5853174481725087,-23.91468255182749,False
8232-CTLKO,0.0147521631600464,Low Risk,59.75,Low Value,Low Risk / Low Value,Two year,66,3.4376228203698123,-24.06237717963019,False
7921-BEPCI,0.0061719406591262,Low Risk,59.75,Low Value,Low Risk / Low Value,Two year,72,1.4382164720928827,-26.061783527907117,False
1972-XMUWV,0.0119256387169147,Low Risk,59.8,Low Value,Low Risk / Low Value,Two year,65,2.7812974615588466,-24.718702538441153,False
8510-TMWYB,0.0217274937304105,Low Risk,59.8,Low Value,Low Risk / Low Value,Two year,54,5.067286087806337,-22.432713912193663,False
7018-FPXHH,0.010622674735884,Low Risk,59.8,Low Value,Low Risk / Low Value,Two year,56,2.4774202019028664,-25.022579798097134,False
7131-ZQZNK,0.0131336803502863,Low Risk,59.85,Low Value,Low Risk / Low Value,Two year,60,3.065597998962077,-24.434402001037924,False
9372-TXXPS,0.0052101208984655,Low Risk,59.85,Low Value,Low Risk / Low Value,Two year,60,1.2161203695153247,-26.283879630484677,False
5792-JALQC,0.0191147285478152,Low Risk,59.85,Low Value,Low Risk / Low Value,Two year,52,4.461664363988286,-23.038335636011716,False
3638-WEABW,0.0144444834219918,Low Risk,59.9,Low Value,Low Risk / Low Value,Two year,58,3.374375772211504,-24.125624227788496,False
8316-BBQAY,0.0126649135699138,Low Risk,59.95,Low Value,Low Risk / Low Value,Two year,65,2.9611201172136963,-24.538879882786304,False
9880-TDQAC,0.0209150583733176,Low Risk,60.0,Low Value,Low Risk / Low Value,Two year,72,4.8941236593563175,-22.605876340643682,False
8106-GWQOK,0.0458712333446612,Low Risk,60.0,Low Value,Low Risk / Low Value,Two year,38,10.733868602650722,-16.766131397349277,False
4194-FJARJ,0.0090088499891538,Low Risk,60.0,Low Value,Low Risk / Low Value,Two year,54,2.1080708974619897,-25.39192910253801,False
3397-AVTKU,0.0503531194516637,Low Risk,60.0,Low Value,Low Risk / Low Value,Two year,43,11.782629951689305,-15.717370048310695,False
8571-ZCMCX,0.0365582003782342,Low Risk,60.0,Low Value,Low Risk / Low Value,Two year,47,8.554618888506802,-18.945381111493198,False
8626-PTQGE,0.0143566862590053,Low Risk,60.05,Low Value,Low Risk / Low Value,Two year,69,3.3622641384277463,-24.137735861572253,False
9888-ZCUMM,0.0167638840856127,Low Risk,60.05,Low Value,Low Risk / Low Value,Two year,64,3.9260178334300666,-23.573982166569934,False
0440-EKDCF,0.0089633699000801,Low Risk,60.15,Low Value,Low Risk / Low Value,Two year,62,2.10267212801029,-25.39732787198971,False
8039-EQPIM,0.0110782858155541,Low Risk,60.25,Low Value,Low Risk / Low Value,Two year,69,2.6031202095098247,-24.896879790490175,False
8181-YHCMF,0.0120923191362544,Low Risk,60.3,Low Value,Low Risk / Low Value,Two year,68,2.8437506912729478,-24.656249308727052,False
6695-FRVEC,0.0053029551476555,Low Risk,60.4,Low Value,Low Risk / Low Value,Two year,67,1.2491641145817296,-26.25083588541827,False
3399-BMLVW,0.0059899794441329,Low Risk,60.5,Low Value,Low Risk / Low Value,Two year,51,1.413335649843158,-26.08666435015684,False
7139-JZFVG,0.0063819791696281,Low Risk,60.5,Low Value,Low Risk / Low Value,Two year,60,1.5058279850737502,-25.99417201492625,False
5862-BRIXZ,0.0401550337991062,Low Risk,60.75,Low Value,Low Risk / Low Value,Two year,46,9.513731382853237,-17.986268617146763,False
6549-BTYPG,0.0189063006883106,Low Risk,60.8,Low Value,Low Risk / Low Value,Two year,60,4.48306201921221,-23.01693798078779,False
7722-VJRQD,0.0091961860962295,Low Risk,60.95,Low Value,Low Risk / Low Value,Two year,72,2.185979416004234,-25.314020583995767,False
6603-YRDCJ,0.0201374217010186,Low Risk,61.05,Low Value,Low Risk / Low Value,Two year,33,4.7946194199040235,-22.705380580095976,False
5993-JSUWV,0.0082528223843408,Low Risk,61.15,Low Value,Low Risk / Low Value,Two year,66,1.9681743463295158,-25.531825653670484,False
0336-KXKFK,0.0131095294119642,Low Risk,61.2,Low Value,Low Risk / Low Value,Two year,72,3.1289824800476156,-24.371017519952385,False
5181-OABFK,0.0094194596702055,Low Risk,61.3,Low Value,Low Risk / Low Value,Two year,56,2.251910223356029,-25.248089776643972,False
5317-FLPJF,0.0193267801076928,Low Risk,61.35,Low Value,Low Risk / Low Value,Two year,66,4.624222042467118,-22.875777957532883,False
4012-YCFAI,0.0072057838178427,Low Risk,61.35,Low Value,Low Risk / Low Value,Two year,60,1.7240918651761339,-25.775908134823865,False
1699-UOTXU,0.0097859086808344,Low Risk,61.4,Low Value,Low Risk / Low Value,Two year,60,2.343333692712606,-25.156666307287395,False
3911-RSNHI,0.0172854517221845,Low Risk,61.4,Low Value,Low Risk / Low Value,Two year,71,4.1391742693943,-23.3608257306057,False
9220-CXRSC,0.0043163773911273,Low Risk,61.4,Low Value,Low Risk / Low Value,Two year,69,1.0335997300793434,-26.466400269920655,False
9715-SBVSU,0.069862183560854,Low Risk,61.4,Low Value,Low Risk / Low Value,Two year,14,16.729198475482097,-10.770801524517903,False
6023-GSSXW,0.0125770848574298,Low Risk,61.45,Low Value,Low Risk / Low Value,Two year,69,3.014161271507339,-24.48583872849266,False
5338-YHWYT,0.0103435236569989,Low Risk,61.45,Low Value,Low Risk / Low Value,Two year,37,2.4788771620180716,-25.021122837981927,False
4891-NLUBA,0.0242140471700791,Low Risk,61.45,Low Value,Low Risk / Low Value,Two year,61,5.803017474545307,-21.696982525454693,False
2775-SEFEE,0.0875320165097072,Low Risk,61.9,Low Value,Low Risk / Low Value,Two year,0,21.131104105608415,-6.368895894391585,False
1194-BHJYC,0.0207420339943126,Low Risk,62.15,Low Value,Low Risk / Low Value,Two year,61,5.02755790971146,-22.47244209028854,False
8404-VIOMB,0.017048986456249,Low Risk,62.5,Low Value,Low Risk / Low Value,Two year,66,4.155690448710693,-23.344309551289307,False
3563-SVYLG,0.0032615684511873,Low Risk,62.65,Low Value,Low Risk / Low Value,Two year,68,0.7969153275208489,-26.70308467247915,False
0513-RBGPE,0.0219023096960238,Low Risk,62.8,Low Value,Low Risk / Low Value,Two year,37,5.364313690750149,-22.135686309249852,False
2274-XUATA,0.0170139521021594,Low Risk,63.1,Low Value,Low Risk / Low Value,Two year,72,4.186963472820407,-23.31303652717959,False
4568-KNYWR,0.0179715938796235,Low Risk,63.25,Low Value,Low Risk / Low Value,Two year,52,4.433142920256127,-23.066857079743873,False
1525-LNLOJ,0.020825633909491,Low Risk,63.3,Low Value,Low Risk / Low Value,Two year,66,5.141224243236042,-22.358775756763958,False
0757-WCUUZ,0.021697887126875,Low Risk,63.35,Low Value,Low Risk / Low Value,Two year,54,5.360788483001373,-22.13921151699863,False
6505-OZNPG,0.1428615678489015,Low Risk,63.4,Low Value,Low Risk / Low Value,Two year,6,35.32395126631939,7.823951266319391,True
9786-YWNHU,0.0040666870110744,Low Risk,63.55,Low Value,Low Risk / Low Value,Two year,63,1.0079080422597348,-26.492091957740264,False
4967-WPNCF,0.0128007425195812,Low Risk,63.7,Low Value,Low Risk / Low Value,Two year,72,3.180088464139558,-24.31991153586044,False
7771-CFQRQ,0.0152178068672587,Low Risk,63.8,Low Value,Low Risk / Low Value,Two year,47,3.786494704711309,-23.71350529528869,False
0301-FIDRB,0.0119781080996697,Low Risk,63.8,Low Value,Low Risk / Low Value,Two year,72,2.980392857359815,-24.519607142640186,False
6203-HBZPA,0.0187014024211012,Low Risk,63.9,Low Value,Low Risk / Low Value,Two year,52,4.660576497362631,-22.83942350263737,False
8619-IJNDK,0.0028409242232941,Low Risk,64.05,Low Value,Low Risk / Low Value,Two year,71,0.7096486663577497,-26.79035133364225,False
3308-JSGML,0.0277796001998084,Low Risk,64.05,Low Value,Low Risk / Low Value,Two year,59,6.939205231911139,-20.56079476808886,False
9281-CEDRU,0.0077427273817681,Low Risk,64.1,Low Value,Low Risk / Low Value,Two year,68,1.9356044181682073,-25.564395581831793,False
2954-PIBKO,0.0063369544079721,Low Risk,64.15,Low Value,Low Risk / Low Value,Two year,69,1.5854109385584998,-25.9145890614415,False
3174-AKMAS,0.023599334040001,Low Risk,64.2,Low Value,Low Risk / Low Value,Two year,46,5.90880125693545,-21.59119874306455,False
6371-NZYEG,0.0486199769592209,Low Risk,64.25,Low Value,Low Risk / Low Value,Two year,16,12.18295072655678,-15.31704927344322,False
0361-HJRDX,0.0109016617324873,Low Risk,64.35,Low Value,Low Risk / Low Value,Two year,68,2.7359355366936753,-24.764064463306326,False
1904-WAJAA,0.0469353102629795,Low Risk,64.35,Low Value,Low Risk / Low Value,Two year,24,11.779120140148649,-15.720879859851351,False
7860-KSUGX,0.0051935822866695,Low Risk,64.45,Low Value,Low Risk / Low Value,Two year,72,1.3054328756658122,-26.19456712433419,False
4139-DETXS,0.0080617371592627,Low Risk,64.45,Low Value,Low Risk / Low Value,Two year,72,2.026357943666476,-25.473642056333524,False
5456-ITGIC,0.0150905351267405,Low Risk,64.45,Low Value,Low Risk / Low Value,Two year,72,3.793081456781859,-23.70691854321814,False
2535-PBCGC,0.0104154206946893,Low Risk,64.55,Low Value,Low Risk / Low Value,Two year,70,2.622030082784558,-24.87796991721544,False
2451-YMUXS,0.0096023710888531,Low Risk,64.55,Low Value,Low Risk / Low Value,Two year,67,2.417348909763324,-25.082651090236677,False
6166-YIPFO,0.0184848809641687,Low Risk,64.7,Low Value,Low Risk / Low Value,Two year,72,4.664290013688688,-22.83570998631131,False
9018-PCIOK,0.0242249240912987,Low Risk,64.75,Low Value,Low Risk / Low Value,Two year,55,6.1173989561552045,-21.382601043844794,False
9499-XPZXM,0.0049686100844609,Low Risk,64.75,Low Value,Low Risk / Low Value,Two year,72,1.2546982615784887,-26.24530173842151,False
8204-YJCLA,0.0144571766409472,Low Risk,64.8,Low Value,Low Risk / Low Value,Two year,72,3.653617680700177,-23.846382319299824,False
5275-PMFUT,0.0106908510855281,Low Risk,64.8,Low Value,Low Risk / Low Value,Two year,72,2.7017918863346613,-24.79820811366534,False
5614-DNZCE,0.0078757217377038,Low Risk,64.9,Low Value,Low Risk / Low Value,Two year,58,1.993423929030209,-25.506576070969793,False
8590-YFFQO,0.0034016940088271,Low Risk,64.95,Low Value,Low Risk / Low Value,Two year,70,0.8616661009059485,-26.63833389909405,False
4334-HOWRP,0.0145526011582418,Low Risk,64.95,Low Value,Low Risk / Low Value,Two year,72,3.6862466363884394,-23.81375336361156,False
4381-MHQDC,0.0175928986862546,Low Risk,65.0,Low Value,Low Risk / Low Value,Two year,47,4.459799816965542,-23.040200183034457,False
9242-TKFSV,0.0107485426395575,Low Risk,65.1,Low Value,Low Risk / Low Value,Two year,72,2.7289474907572537,-24.771052509242747,False
1221-GHZEP,0.0100165344828591,Low Risk,65.1,Low Value,Low Risk / Low Value,Two year,62,2.543097939853097,-24.956902060146902,False
2176-OSJUV,0.0049261437092352,Low Risk,65.15,Low Value,Low Risk / Low Value,Two year,71,1.251659224361026,-26.248340775638972,False
7781-HVGMK,0.011075424163999,Low Risk,65.2,Low Value,Low Risk / Low Value,Two year,72,2.816258856421666,-24.683741143578334,False
9443-JUBUO,0.009878383431134,Low Risk,65.25,Low Value,Low Risk / Low Value,Two year,72,2.5138016236378244,-24.986198376362175,False
3512-IZIKN,0.0056497868449321,Low Risk,65.3,Low Value,Low Risk / Low Value,Two year,70,1.438831215798858,-26.061168784201143,False
7054-DMVAS,0.0177621051465456,Low Risk,65.3,Low Value,Low Risk / Low Value,Two year,54,4.523475317670767,-22.976524682329234,False
6115-ZTBFQ,0.0103475783626811,Low Risk,65.5,Low Value,Low Risk / Low Value,Two year,72,2.643288892746887,-24.856711107253112,False
8792-AOROI,0.05681708050301,Low Risk,65.5,Low Value,Low Risk / Low Value,Two year,8,14.513923214493905,-12.986076785506095,False
4079-WWQQQ,0.013750235615622,Low Risk,65.55,Low Value,Low Risk / Low Value,Two year,72,3.5151789839556864,-23.984821016044314,False
6625-IUTTT,0.0088249143553938,Low Risk,65.55,Low Value,Low Risk / Low Value,Two year,67,2.256045230384648,-25.243954769615353,False
8908-NMQTX,0.0127911176141,Low Risk,65.6,Low Value,Low Risk / Low Value,Two year,72,3.272479530391343,-24.227520469608656,False
7349-ALMUX,0.0126486275079972,Low Risk,65.6,Low Value,Low Risk / Low Value,Two year,37,3.236024861646004,-24.263975138353995,False
4102-HLENU,0.0074072235936587,Low Risk,65.65,Low Value,Low Risk / Low Value,Two year,67,1.8965084928024054,-25.603491507197596,False
2160-GPFXD,0.0103102309797704,Low Risk,65.65,Low Value,Low Risk / Low Value,Two year,54,2.6397799889055147,-24.860220011094484,False
5360-XGYAZ,0.0112957551069638,Low Risk,65.65,Low Value,Low Risk / Low Value,Two year,72,2.892108658811477,-24.607891341188523,False
6374-AFWOX,0.0088840691809363,Low Risk,65.65,Low Value,Low Risk / Low Value,Two year,46,2.274632652741026,-25.225367347258974,False
0769-MURVM,0.008010860148781,Low Risk,65.7,Low Value,Low Risk / Low Value,Two year,72,2.052622695922156,-25.447377304077843,False
0531-XBKMM,0.0051289776981117,Low Risk,65.7,Low Value,Low Risk / Low Value,Two year,66,1.314197955587161,-26.18580204441284,False
7113-HIPFI,0.0033009361623503,Low Risk,65.85,Low Value,Low Risk / Low Value,Two year,66,0.8477299205339921,-26.652270079466007,False
9769-TSBZE,0.0065689812381103,Low Risk,66.0,Low Value,Low Risk / Low Value,Two year,70,1.6908557706895915,-25.80914422931041,False
0420-TXVSG,0.0106723030815321,Low Risk,66.1,Low Value,Low Risk / Low Value,Two year,66,2.75121301138816,-24.74878698861184,False
2676-SSLTO,0.0328145859753592,Low Risk,66.15,Low Value,Low Risk / Low Value,Two year,49,8.465670962853045,-19.034329037146954,False
4254-QPEDE,0.0183313535838372,Low Risk,66.25,Low Value,Low Risk / Low Value,Two year,52,4.736363482223937,-22.763636517776064,False
8338-QIUNR,0.0059258274635936,Low Risk,66.5,Low Value,Low Risk / Low Value,Two year,72,1.5368633526830002,-25.963136647317,False
4615-PIVVU,0.021704846920103,Low Risk,66.5,Low Value,Low Risk / Low Value,Two year,42,5.629152048728713,-21.870847951271287,False
7399-QHBJS,0.0037443831772034,Low Risk,66.75,Low Value,Low Risk / Low Value,Two year,72,0.9747565506054752,-26.525243449394523,False
1266-NZYUI,0.0045996234969839,Low Risk,66.85,Low Value,Low Risk / Low Value,Two year,72,1.1991908400161573,-26.300809159983842,False
5176-OLSKT,0.0082186247747522,Low Risk,66.9,Low Value,Low Risk / Low Value,Two year,66,2.144321389980597,-25.355678610019403,False
8990-YOZLV,0.0071184086954676,Low Risk,66.9,Low Value,Low Risk / Low Value,Two year,69,1.8572640127344515,-25.64273598726555,False
5115-GZDEL,0.0072402499625217,Low Risk,67.2,Low Value,Low Risk / Low Value,Two year,72,1.897524710177687,-25.602475289822312,False
3796-ENZGF,0.0123930201696023,Low Risk,67.25,Low Value,Low Risk / Low Value,Two year,63,3.250379364982443,-24.249620635017557,False
9755-JHNMN,0.0084957778993506,Low Risk,67.4,Low Value,Low Risk / Low Value,Two year,49,2.233200178623299,-25.2667998213767,False
9871-ELEYA,0.0183898696091226,Low Risk,67.65,Low Value,Low Risk / Low Value,Two year,34,4.851891248322861,-22.64810875167714,False
5803-NQJZO,0.0066936339215849,Low Risk,67.8,Low Value,Low Risk / Low Value,Two year,72,1.7699306815454792,-25.73006931845452,False
9993-LHIEB,0.005585874007606,Low Risk,67.85,Low Value,Low Risk / Low Value,Two year,67,1.4781060505226618,-26.021893949477338,False
5208-FVQKB,0.0048834917177457,Low Risk,67.95,Low Value,Low Risk / Low Value,Two year,70,1.2941497226611993,-26.2058502773388,False
6897-RWMUB,0.0064098266424091,Low Risk,68.05,Low Value,Low Risk / Low Value,Two year,61,1.701135941762163,-25.798864058237836,False
6087-YPWHO,0.0044966003168622,Low Risk,68.15,Low Value,Low Risk / Low Value,Two year,72,1.1951289152172198,-26.304871084782782,False
5840-NVDCG,0.0341688682553628,Low Risk,68.25,Low Value,Low Risk / Low Value,Two year,16,9.094898507871193,-18.405101492128807,False
2845-KDHVX,0.012821273430508,Low Risk,68.3,Low Value,Low Risk / Low Value,Two year,64,3.4152026036844156,-24.084797396315583,False
7169-YWAMK,0.0040996852944495,Low Risk,68.4,Low Value,Low Risk / Low Value,Two year,72,1.0936320491473488,-26.40636795085265,False
8039-ACLPL,0.0054083200336902,Low Risk,68.75,Low Value,Low Risk / Low Value,Two year,72,1.450105809033185,-26.049894190966814,False
3948-KXDUF,0.0059693699566242,Low Risk,68.75,Low Value,Low Risk / Low Value,Two year,66,1.6005373196198636,-25.899462680380136,False
4915-BFSXL,0.008798243358628,Low Risk,68.95,Low Value,Low Risk / Low Value,Two year,70,2.3658916303518622,-25.13410836964814,False
1303-SRDOK,0.0460211670416862,Low Risk,69.05,Low Value,Low Risk / Low Value,Two year,55,12.393270178490884,-15.106729821509116,False
3280-MRDOF,0.075461770699713,Low Risk,69.1,Low Value,Low Risk / Low Value,Two year,30,20.336192585865653,-7.163807414134347,False
8221-HVAYI,0.0215382435595667,Low Risk,69.15,Low Value,Low Risk / Low Value,Two year,35,5.808541214361746,-21.691458785638254,False
9489-DEDVP,0.0111873857556386,Low Risk,69.2,Low Value,Low Risk / Low Value,Two year,70,3.0192516677317456,-24.480748332268256,False
7197-VOJMM,0.0077470148588905,Low Risk,69.2,Low Value,Low Risk / Low Value,Two year,67,2.090764370117369,-25.40923562988263,False
9091-WTUUY,0.0060743249786543,Low Risk,69.25,Low Value,Low Risk / Low Value,Two year,64,1.64052331861006,-25.85947668138994,False
0885-HMGPY,0.00698008454563,Low Risk,69.4,Low Value,Low Risk / Low Value,Two year,62,1.8892296831202162,-25.610770316879783,False
7138-GIRSH,0.0234278486881028,Low Risk,69.5,Low Value,Low Risk / Low Value,Two year,50,6.350118386910264,-21.149881613089736,False
9565-FLVCG,0.0133803406713925,Low Risk,69.55,Low Value,Low Risk / Low Value,Two year,65,3.6293505054118587,-23.870649494588143,False
0229-LFJAF,0.0047804741475734,Low Risk,69.65,Low Value,Low Risk / Low Value,Two year,72,1.2985440950761007,-26.2014559049239,False
5707-ZMDJP,0.011373474764205,Low Risk,69.7,Low Value,Low Risk / Low Value,Two year,53,3.0916516451538456,-24.408348354846154,False
1172-VIYBP,0.0158226579566203,Low Risk,69.7,Low Value,Low Risk / Low Value,Two year,53,4.301073112348096,-23.198926887651904,False
0602-DDUML,0.0114339825811434,Low Risk,69.75,Low Value,Low Risk / Low Value,Two year,57,3.1103291116355334,-24.389670888364467,False
6463-MVYRY,0.0122462440400096,Low Risk,69.85,Low Value,Low Risk / Low Value,Two year,57,3.336060570159215,-24.163939429840784,False
0270-THENM,0.0043300405910627,Low Risk,69.85,Low Value,Low Risk / Low Value,Two year,72,1.1795680076143453,-26.320431992385654,False
0916-KNFAJ,0.0204124517748763,Low Risk,69.9,Low Value,Low Risk / Low Value,Two year,61,5.564638478349029,-21.93536152165097,False
5996-EBTKM,0.0155333216142422,Low Risk,69.9,Low Value,Low Risk / Low Value,Two year,67,4.234538805258567,-23.265461194741434,False
6288-CHQJB,0.0097968055054196,Low Risk,69.95,Low Value,Low Risk / Low Value,Two year,54,2.672617525905994,-24.827382474094005,False
0556-FJEGU,0.0115852752200543,Low Risk,70.1,Low Value,Low Risk / Low Value,Two year,58,3.167298392410645,-24.332701607589357,False
5696-JVVQY,0.0179396275201273,Low Risk,70.1,Low Value,Low Risk / Low Value,Two year,48,4.904514767727602,-22.5954852322724,False
7359-SSBJK,0.0107338977149615,Low Risk,70.2,Low Value,Low Risk / Low Value,Two year,64,2.93872651640216,-24.56127348359784,False
4188-PCPIG,0.0115788682867753,Low Risk,70.35,High Value,Low Risk / High Value,Two year,57,3.176836197501105,-24.323163802498897,False
9174-IHETN,0.0393193711544866,Low Risk,70.35,High Value,Low Risk / High Value,Two year,50,10.787859266800716,-16.712140733199284,False
3913-FCUUW,0.0062828540918539,Low Risk,70.45,High Value,Low Risk / High Value,Two year,72,1.7262455760073185,-25.77375442399268,False
0263-FJTQO,0.0181746315625052,Low Risk,70.5,High Value,Low Risk / High Value,Two year,50,4.997114948110804,-22.502885051889194,False
0973-KYVNF,0.0075505269370755,Low Risk,70.65,High Value,Low Risk / High Value,Two year,72,2.080434439607098,-25.4195655603929,False
3500-NSDOA,0.0088176680539833,Low Risk,70.8,High Value,Low Risk / High Value,Two year,68,2.4347345030658682,-25.06526549693413,False
5846-NEQVZ,0.0063713472222417,Low Risk,70.85,High Value,Low Risk / High Value,Two year,71,1.7604988077137156,-25.739501192286284,False
2077-DDHJK,0.0055234424503963,Low Risk,70.9,High Value,Low Risk / High Value,Two year,68,1.5272870719590812,-25.97271292804092,False
3200-MNQTF,0.0053319324833894,Low Risk,70.9,High Value,Low Risk / High Value,Two year,67,1.4743326509820032,-26.025667349017997,False
3533-UVMOM,0.0077782942324932,Low Risk,70.95,High Value,Low Risk / High Value,Two year,68,2.152292905602031,-25.34770709439797,False
2296-DKZFP,0.0084937630623959,Low Risk,71.0,High Value,Low Risk / High Value,Two year,65,2.351922991977425,-25.148077008022575,False
2999-AANRQ,0.0293830849864638,Low Risk,71.05,High Value,Low Risk / High Value,Two year,21,8.141905934324187,-19.358094065675814,False
6253-GNHWH,0.0045223386457122,Low Risk,71.1,High Value,Low Risk / High Value,Two year,71,1.2539992830695357,-26.246000716930464,False
2710-WYVXG,0.056958127722824,Low Risk,71.1,High Value,Low Risk / High Value,Two year,3,15.793919236261866,-11.706080763738134,False
2824-DXNKN,0.0123745617667151,Low Risk,71.45,High Value,Low Risk / High Value,Two year,72,3.4482335091039964,-24.051766490896004,False
7162-WPHPM,0.0066556784216527,Low Risk,71.6,High Value,Low Risk / High Value,Two year,58,1.8585316424623,-25.6414683575377,False
0674-GCDXG,0.0150340195453996,Low Risk,71.9,High Value,Low Risk / High Value,Two year,63,4.215689420725502,-23.284310579274496,False
5130-YPIRV,0.0122530954764941,Low Risk,72.0,High Value,Low Risk / High Value,Two year,62,3.4406692097995437,-24.059330790200455,False
4737-AQCPU,0.0037322314412247,Low Risk,72.1,High Value,Low Risk / High Value,Two year,72,1.0494661589579732,-26.450533841042027,False
2123-VSCOT,0.0206060287189999,Low Risk,72.1,High Value,Low Risk / High Value,Two year,59,5.794209215495581,-21.70579078450442,False
4295-YURET,0.0195573309324349,Low Risk,72.6,High Value,Low Risk / High Value,Two year,56,5.537462680209618,-21.962537319790382,False
6953-PBDIN,0.0110441367075983,Low Risk,72.95,High Value,Low Risk / High Value,Two year,70,3.142112113995255,-24.357887886004747,False
2256-YLYLP,0.0154823037999425,Low Risk,72.95,High Value,Low Risk / High Value,Two year,68,4.404792842602641,-23.09520715739736,False
6384-VMJHP,0.006899628113804,Low Risk,73.0,High Value,Low Risk / High Value,Two year,72,1.9643241239999987,-25.535675876000003,False
4849-PYRLQ,0.0174413351631937,Low Risk,73.25,High Value,Low Risk / High Value,Two year,56,4.98255342274536,-22.51744657725464,False
5676-CFLYY,0.0111985960500626,Low Risk,73.35,High Value,Low Risk / High Value,Two year,71,3.2035263790611577,-24.29647362093884,False
4075-WKNIU,0.1000735087547358,Low Risk,73.35,High Value,Low Risk / High Value,Two year,0,28.627528281923496,1.127528281923496,True
5327-XOKKY,0.0331295301435609,Low Risk,73.45,High Value,Low Risk / High Value,Two year,72,9.490119557273738,-18.009880442726264,False
5781-RFZRP,0.0068747241843747,Low Risk,73.5,High Value,Low Risk / High Value,Two year,71,1.9706396874510077,-25.52936031254899,False
4922-CVPDX,0.0864550511441949,Low Risk,73.5,High Value,Low Risk / High Value,Two year,26,24.782340410483467,-2.7176595895165327,False
2192-OZITF,0.0196125025912949,Low Risk,73.55,High Value,Low Risk / High Value,Two year,45,5.625748305799985,-21.874251694200016,False
8313-AFGBW,0.0448650389940289,Low Risk,73.6,High Value,Low Risk / High Value,Two year,47,12.878060792846055,-14.621939207153945,False
2498-XLDZR,0.0177006325811324,Low Risk,73.6,High Value,Low Risk / High Value,Two year,32,5.080789576088243,-22.419210423911757,False
7501-IWUNG,0.0210374958432982,Low Risk,73.8,High Value,Low Risk / High Value,Two year,61,6.055012053618087,-21.444987946381914,False
1506-YJTYT,0.0144277182102976,Low Risk,73.85,High Value,Low Risk / High Value,Two year,45,4.1553992603388625,-23.34460073966114,False
4648-YPBTM,0.0275656961637237,Low Risk,73.9,High Value,Low Risk / High Value,Two year,53,7.944709291346809,-19.55529070865319,False
3470-OBUET,0.006524307817211,Low Risk,74.0,High Value,Low Risk / High Value,Two year,67,1.8829152360470949,-25.617084763952906,False
3557-HTYWR,0.0165767655745308,Low Risk,74.05,High Value,Low Risk / High Value,Two year,47,4.7872870140966235,-22.712712985903377,False
7524-VRLPL,0.0098287198080717,Low Risk,74.1,High Value,Low Risk / High Value,Two year,69,2.8404017373346404,-24.65959826266536,False
2753-JMMCV,0.016405180194521,Low Risk,74.2,High Value,Low Risk / High Value,Two year,65,4.747331044690487,-22.752668955309513,False
6169-PGNCD,0.0113653499952193,Low Risk,74.3,High Value,Low Risk / High Value,Two year,57,3.2933374681146965,-24.206662531885303,False
1023-BQXZE,0.0265125241783343,Low Risk,74.35,High Value,Low Risk / High Value,Two year,57,7.687704073370705,-19.812295926629297,False
5148-ORICT,0.0094610338705123,Low Risk,74.35,High Value,Low Risk / High Value,Two year,64,2.743368686263099,-24.7566313137369,False
8468-FZTOE,0.0084926341701432,Low Risk,74.35,High Value,Low Risk / High Value,Two year,72,2.462566667145573,-25.037433332854427,False
0336-PIKEI,0.0064196631304197,Low Risk,74.4,High Value,Low Risk / High Value,Two year,72,1.8627294539225803,-25.63727054607742,False
5232-NXPAY,0.0262167733127758,Low Risk,74.45,High Value,Low Risk / High Value,Two year,47,7.612171215231018,-19.88782878476898,False
0487-CRLZF,0.0365678129713054,Low Risk,74.45,High Value,Low Risk / High Value,Two year,49,10.61764733528338,-16.88235266471662,False
7860-UXCRM,0.0055811563929917,Low Risk,74.5,High Value,Low Risk / High Value,Two year,63,1.6216049899837386,-25.878395010016263,False
0536-ESJEP,0.0266919885708688,Low Risk,74.55,High Value,Low Risk / High Value,Two year,54,7.760562217037249,-19.739437782962753,False
0562-FGDCR,0.0059296106323271,Low Risk,74.55,High Value,Low Risk / High Value,Two year,72,1.7240046432959424,-25.77599535670406,False
0771-CHWSK,0.0149593803257317,Low Risk,74.6,High Value,Low Risk / High Value,Two year,66,4.35228211196838,-23.14771788803162,False
5458-CQJTA,0.0121009655680628,Low Risk,74.8,High Value,Low Risk / High Value,Two year,65,3.5300936755152796,-23.96990632448472,False
4654-ULTTN,0.0112878509341401,Low Risk,74.8,High Value,Low Risk / High Value,Two year,70,3.2928918745073497,-24.20710812549265,False
4079-VTGLK,0.1344734409458387,Low Risk,74.85,High Value,Low Risk / High Value,Two year,30,39.25481451370451,11.75481451370451,True
1676-MQAOA,0.0071662663104494,Low Risk,75.1,High Value,Low Risk / High Value,Two year,72,2.0989277396675248,-25.401072260332477,False
4304-XUMGI,0.0317606425655024,Low Risk,75.15,High Value,Low Risk / High Value,Two year,50,9.308567926310273,-18.191432073689725,False
7779-ORAEL,0.023863520461957,Low Risk,75.15,High Value,Low Risk / High Value,Two year,45,6.994039894592667,-20.505960105407333,False
2351-BKRZW,0.026568493451564,Low Risk,75.2,High Value,Low Risk / High Value,Two year,43,7.792007759474689,-19.70799224052531,False
8630-QSGXK,0.0442634776793426,Low Risk,75.2,High Value,Low Risk / High Value,Two year,51,12.981592733797598,-14.518407266202402,False
9068-VPWQQ,0.0112083738014306,Low Risk,75.35,High Value,Low Risk / High Value,Two year,61,3.2937487671574033,-24.206251232842597,False
9481-WHGWY,0.0072432972098206,Low Risk,75.35,High Value,Low Risk / High Value,Two year,70,2.1285515345639308,-25.371448465436067,False
4751-ERMAN,0.0169158513809388,Low Risk,75.4,High Value,Low Risk / High Value,Two year,72,4.974275257078864,-22.525724742921135,False
8311-UEUAB,0.0307472600467229,Low Risk,75.5,High Value,Low Risk / High Value,Two year,67,9.053530720757557,-18.446469279242443,False
0707-HOVVN,0.0185400441740168,Low Risk,75.5,High Value,Low Risk / High Value,Two year,70,5.459116007039246,-22.040883992960755,False
4115-BNPJY,0.0388983634582396,Low Risk,75.55,High Value,Low Risk / High Value,Two year,29,11.461208301153006,-16.038791698846993,False
3795-GWTRD,0.0056682096523354,Low Risk,75.55,High Value,Low Risk / High Value,Two year,63,1.6701096330123637,-25.829890366987637,False
5671-RQRLP,0.0552347154980674,Low Risk,75.65,High Value,Low Risk / High Value,Two year,70,16.296174286972313,-11.203825713027687,False
3902-MIVLE,0.0087011649653031,Low Risk,75.7,High Value,Low Risk / High Value,Two year,63,2.568844932706434,-24.931155067293567,False
2882-WDTBA,0.0073380603505536,Low Risk,75.75,High Value,Low Risk / High Value,Two year,69,2.1678464790622973,-25.332153520937702,False
5320-BRKGK,0.0108183786261997,Low Risk,75.8,High Value,Low Risk / High Value,Two year,58,3.1981290894771552,-24.301870910522844,False
1088-AUUZZ,0.0137706454217339,Low Risk,75.85,High Value,Low Risk / High Value,Two year,56,4.073563475430213,-23.426436524569787,False
0604-THJFP,0.0181488665682665,Low Risk,75.95,High Value,Low Risk / High Value,Two year,59,5.375785021853379,-22.12421497814662,False
6556-DBKZF,0.0290292866378981,Low Risk,76.05,High Value,Low Risk / High Value,Two year,71,8.609941270367386,-18.890058729632614,False
6870-ZWMNX,0.0096281558512539,Low Risk,76.1,High Value,Low Risk / High Value,Two year,70,2.857540375093645,-24.642459624906355,False
2612-PHGOX,0.0181301821843986,Low Risk,76.1,High Value,Low Risk / High Value,Two year,64,5.380856770507661,-22.119143229492337,False
4994-OBRSZ,0.0334835095529665,Low Risk,76.1,High Value,Low Risk / High Value,Two year,14,9.937570800224927,-17.562429199775075,False
2649-HWLYB,0.0101725249556267,Low Risk,76.15,High Value,Low Risk / High Value,Two year,65,3.021087323946796,-24.478912676053206,False
4526-RMTLL,0.069941672360571,Low Risk,76.15,High Value,Low Risk / High Value,Two year,8,20.771627566004177,-6.728372433995823,False
8295-KMENE,0.0146176463395536,Low Risk,76.45,High Value,Low Risk / High Value,Two year,59,4.3583243443696045,-23.141675655630394,False
9926-PJHDQ,0.0254608147609836,Low Risk,76.8,High Value,Low Risk / High Value,Two year,72,7.626023237209807,-19.873976762790193,False
6283-GITPX,0.0061522761654308,Low Risk,76.9,High Value,Low Risk / High Value,Two year,71,1.8451291447743516,-25.65487085522565,False
6586-MYGKD,0.0149095996288377,Low Risk,76.95,High Value,Low Risk / High Value,Two year,70,4.474445396612338,-23.02555460338766,False
2661-GKBTK,0.0128250038455897,Low Risk,76.95,High Value,Low Risk / High Value,Two year,60,3.848847779080698,-23.6511522209193,False
3082-YVEKW,0.051314236899529,Low Risk,77.15,High Value,Low Risk / High Value,Two year,23,15.439684169514784,-12.060315830485216,False
8205-VSLRB,0.0081524046272259,Low Risk,77.3,High Value,Low Risk / High Value,Two year,70,2.457705422969792,-25.04229457703021,False
3429-IFLEM,0.0052108355682804,Low Risk,77.35,High Value,Low Risk / High Value,Two year,71,1.5719267117053066,-25.928073288294694,False
5329-KRDTM,0.0108311969968335,Low Risk,77.35,High Value,Low Risk / High Value,Two year,72,3.267393042049778,-24.23260695795022,False
8722-PRFDV,0.0094918597740157,Low Risk,77.55,High Value,Low Risk / High Value,Two year,71,2.8707655293521785,-24.629234470647823,False
0813-TAXXS,0.0526039488564423,Low Risk,77.8,High Value,Low Risk / High Value,Two year,55,15.96109016202172,-11.53890983797828,False
8336-TAVKX,0.0094949535233366,Low Risk,78.45,High Value,Low Risk / High Value,Two year,72,2.90502850523245,-24.59497149476755,False
8434-PNQZX,0.0576597974350839,Low Risk,78.45,High Value,Low Risk / High Value,Two year,42,17.641303324251094,-9.858696675748906,False
2516-XSJKX,0.0244437370815547,Low Risk,78.45,High Value,Low Risk / High Value,Two year,41,7.47868357878707,-20.02131642121293,False
7173-TETGO,0.0286775755436832,Low Risk,78.5,High Value,Low Risk / High Value,Two year,72,8.779639752698612,-18.720360247301386,False
6427-FEFIG,0.0607559209398531,Low Risk,78.6,High Value,Low Risk / High Value,Two year,24,18.62412000490257,-8.875879995097431,False
9027-TMATR,0.0434537184082586,Low Risk,78.8,High Value,Low Risk / High Value,Two year,43,13.354196741226033,-14.145803258773967,False
9065-ZCPQX,0.0076289845290323,Low Risk,78.85,High Value,Low Risk / High Value,Two year,72,2.3460271774453676,-25.153972822554632,False
6339-RZCBJ,0.0215635340442045,Low Risk,78.9,High Value,Low Risk / High Value,Two year,48,6.635315060742168,-20.86468493925783,False
2091-GPPIQ,0.0238758891680106,Low Risk,78.95,High Value,Low Risk / High Value,Two year,72,7.351505654276304,-20.148494345723698,False
7564-GHCVB,0.0206332125287519,Low Risk,79.05,High Value,Low Risk / High Value,Two year,72,6.361116256551567,-21.13888374344843,False
8766-PAFNE,0.0137901140672419,Low Risk,79.1,High Value,Low Risk / High Value,Two year,71,4.254112288603454,-23.245887711396545,False
5318-YKDPV,0.0257249670847795,Low Risk,79.15,High Value,Low Risk / High Value,Two year,43,7.940911464565161,-19.55908853543484,False
5915-ANOEI,0.0074588666205465,Low Risk,79.15,High Value,Low Risk / High Value,Two year,70,2.3024402427633968,-25.197559757236604,False
3410-YOQBQ,0.0405389320644531,Low Risk,79.2,High Value,Low Risk / High Value,Two year,31,12.521665336068274,-14.978334663931726,False
9845-PEEKO,0.0693149730511692,Low Risk,79.2,High Value,Low Risk / High Value,Two year,59,21.410008876045143,-6.0899911239548565,False
2933-XEUJM,0.0353131551149519,Low Risk,79.2,High Value,Low Risk / High Value,Two year,46,10.907527351906346,-16.592472648093654,False
6670-MFRPK,0.0393014719118483,Low Risk,79.2,High Value,Low Risk / High Value,Two year,69,12.139438644131705,-15.360561355868295,False
2235-EZAIK,0.0063185071994294,Low Risk,79.2,High Value,Low Risk / High Value,Two year,72,1.9516605037597534,-25.548339496240246,False
1960-UOTYM,0.0226482459134291,Low Risk,79.2,High Value,Low Risk / High Value,Two year,52,6.995590197739981,-20.50440980226002,False
7639-OPLNG,0.0100532540718545,Low Risk,79.25,High Value,Low Risk / High Value,Two year,70,3.1072095022584305,-24.39279049774157,False
6898-RBTLU,0.0269532053672014,Low Risk,79.3,High Value,Low Risk / High Value,Two year,49,8.335817823914375,-19.164182176085625,False
2234-EOFPT,0.0105426639333996,Low Risk,79.35,High Value,Low Risk / High Value,Two year,72,3.2625854941495067,-24.237414505850495,False
4293-ETKAP,0.0214693266882944,Low Risk,79.4,High Value,Low Risk / High Value,Two year,65,6.648191702297245,-20.851808297702753,False
8631-NBHFZ,0.0085995070289852,Low Risk,79.4,High Value,Low Risk / High Value,Two year,66,2.6629233465955573,-24.83707665340444,False
5736-YEJAX,0.0091261151917666,Low Risk,79.45,High Value,Low Risk / High Value,Two year,69,2.82777242274484,-24.67222757725516,False
8414-OOEEL,0.0141093909382783,Low Risk,79.5,High Value,Low Risk / High Value,Two year,66,4.374616660413187,-23.12538333958681,False
9488-FVZCC,0.0090510666476793,Low Risk,79.5,High Value,Low Risk / High Value,Two year,72,2.8062832141129674,-24.693716785887034,False
2251-PYLPB,0.0070223051149371,Low Risk,79.55,High Value,Low Risk / High Value,Two year,72,2.1786350503836607,-25.32136494961634,False
4717-GHADL,0.040343932252312,Low Risk,79.6,High Value,Low Risk / High Value,Two year,50,12.524370328407738,-14.975629671592262,False
9140-CZQZZ,0.0125791280573156,Low Risk,79.6,High Value,Low Risk / High Value,Two year,68,3.9050645141130556,-23.594935485886943,False
7560-QJAVJ,0.0092544319169296,Low Risk,79.6,High Value,Low Risk / High Value,Two year,70,2.872945844291625,-24.627054155708375,False
0253-ZTEOB,0.0378412635582129,Low Risk,79.65,High Value,Low Risk / High Value,Two year,48,11.754820905405465,-15.745179094594535,False
3486-HOOGQ,0.0072964135892885,Low Risk,79.7,High Value,Low Risk / High Value,Two year,70,2.267944235958544,-25.232055764041455,False
4355-HBJHH,0.0295157730049718,Low Risk,79.7,High Value,Low Risk / High Value,Two year,67,9.174387723135386,-18.325612276864614,False
7639-LIAYI,0.0288797630491079,Low Risk,79.75,High Value,Low Risk / High Value,Two year,52,8.982328302348787,-18.517671697651213,False
3259-KNMRR,0.0531367073116426,Low Risk,79.75,High Value,Low Risk / High Value,Two year,57,16.52684439160364,-10.973155608396361,False
4737-HOBAX,0.0198552899790485,Low Risk,79.8,High Value,Low Risk / High Value,Two year,63,6.179363347279475,-21.320636652720523,False
4671-VJLCL,0.0125488499581017,Low Risk,79.85,High Value,Low Risk / High Value,Two year,63,3.9079001097022408,-23.59209989029776,False
5321-NTRKC,0.0203315725686731,Low Risk,79.85,High Value,Low Risk / High Value,Two year,66,6.331556671473335,-21.168443328526664,False
6950-TWMYB,0.0348775659544512,Low Risk,79.95,High Value,Low Risk / High Value,Two year,54,10.874999452427657,-16.62500054757234,False
6120-RJKLU,0.0183519060570007,Low Risk,79.95,High Value,Low Risk / High Value,Two year,62,5.722216068103104,-21.777783931896895,False
7649-SIJJF,0.0099962760453109,Low Risk,80.1,High Value,Low Risk / High Value,Two year,71,3.1227366737946713,-24.37726332620533,False
9477-LGWQI,0.0121598406255477,Low Risk,80.15,High Value,Low Risk / High Value,Two year,70,3.8009837819368286,-23.69901621806317,False
4900-MSOMT,0.0063957361931824,Low Risk,80.2,High Value,Low Risk / High Value,Two year,72,2.000458366503591,-25.49954163349641,False
9152-AMKAK,0.095410328328825,Low Risk,80.25,High Value,Low Risk / High Value,Two year,6,29.861047508714,2.3610475087140017,True
1206-EHBDD,0.0302122032647124,Low Risk,80.3,High Value,Low Risk / High Value,Two year,56,9.461555696409983,-18.03844430359002,False
6741-QRLUP,0.0131165287466164,Low Risk,80.3,High Value,Low Risk / High Value,Two year,63,4.107703307577858,-23.392296692422143,False
9541-ZPSEA,0.0152892757756715,Low Risk,80.35,High Value,Low Risk / High Value,Two year,68,4.7911239034432995,-22.7088760965567,False
7898-PDWQE,0.0071533787346332,Low Risk,80.4,High Value,Low Risk / High Value,Two year,71,2.2430134360315863,-25.256986563968415,False
5816-JMLGY,0.0143459516196797,Low Risk,80.4,High Value,Low Risk / High Value,Two year,70,4.498316589866767,-23.001683410133232,False
1265-BCFEO,0.0233769115827103,Low Risk,80.45,High Value,Low Risk / High Value,Two year,71,7.33462289363327,-20.16537710636673,False
7666-WKRON,0.0995479693080453,Low Risk,80.45,High Value,Low Risk / High Value,Two year,39,31.233673110245753,3.7336731102457534,True
1813-JYWTO,0.0234408689976853,Low Risk,80.45,High Value,Low Risk / High Value,Two year,72,7.354689852368752,-20.14531014763125,False
1027-LKKQQ,0.0107089938297506,Low Risk,80.45,High Value,Low Risk / High Value,Two year,72,3.3600003590533998,-24.1399996409466,False
2245-ADZFJ,0.04759524440287,Low Risk,80.55,High Value,Low Risk / High Value,Two year,31,14.951808052939597,-12.548191947060403,False
8166-ZZTFS,0.0412709880847271,Low Risk,80.55,High Value,Low Risk / High Value,Two year,66,12.965074551876597,-14.534925448123403,False
5394-MEITZ,0.0201002776659239,Low Risk,80.6,High Value,Low Risk / High Value,Two year,60,6.318321281506519,-21.18167871849348,False
0454-OKRCT,0.0563123667497485,Low Risk,80.6,High Value,Low Risk / High Value,Two year,33,17.701229364115946,-9.798770635884054,False
6248-TKCQV,0.0141748152446725,Low Risk,80.6,High Value,Low Risk / High Value,Two year,70,4.455711424010353,-23.044288575989647,False
7998-WNZEM,0.0077468472267394,Low Risk,80.6,High Value,Low Risk / High Value,Two year,71,2.435143957253263,-25.064856042746737,False
8144-DGHXP,0.0209559515174392,Low Risk,80.6,High Value,Low Risk / High Value,Two year,54,6.587293799991839,-20.91270620000816,False
5457-COLHT,0.0070567163878469,Low Risk,80.65,High Value,Low Risk / High Value,Two year,69,2.219584289051425,-25.280415710948574,False
2200-DSAAL,0.0411877910872857,Low Risk,80.65,High Value,Low Risk / High Value,Two year,68,12.955001869639409,-14.544998130360591,False
4513-CXYIX,0.0383120098867396,Low Risk,80.7,High Value,Low Risk / High Value,Two year,71,12.057938871653555,-15.442061128346445,False
9479-HYNYL,0.0143255562381348,Low Risk,80.7,High Value,Low Risk / High Value,Two year,71,4.508682314828166,-22.991317685171836,False
6439-PKTRR,0.009386279561092,Low Risk,80.7,High Value,Low Risk / High Value,Two year,70,2.9541437662624856,-24.545856233737513,False
0942-KOWSM,0.036533433137098,Low Risk,80.8,High Value,Low Risk / High Value,Two year,30,11.51241545016232,-15.98758454983768,False
9675-ICXCT,0.0134665403207316,Low Risk,80.8,High Value,Low Risk / High Value,Two year,72,4.243576185868942,-23.256423814131058,False
0909-SELIE,0.0148717470984681,Low Risk,80.8,High Value,Low Risk / High Value,Two year,61,4.686384945669268,-22.813615054330732,False
5709-LVOEQ,0.0905631798010518,Low Risk,80.85,High Value,Low Risk / High Value,Two year,0,28.55592903896865,1.0559290389686495,True
9823-EALYC,0.0087221286188876,Low Risk,80.85,High Value,Low Risk / High Value,Two year,72,2.7502179854645434,-24.749782014535455,False
0988-AADSA,0.0066187456420071,Low Risk,80.85,High Value,Low Risk / High Value,Two year,72,2.0869897821094687,-25.41301021789053,False
6754-LZUKA,0.0281218072786241,Low Risk,80.9,High Value,Low Risk / High Value,Two year,61,8.872711414478692,-18.627288585521306,False
9541-PWTWO,0.0444339848288178,Low Risk,80.95,High Value,Low Risk / High Value,Two year,52,14.028031180381925,-13.471968819618075,False
6516-NKQBO,0.0205802155068735,Low Risk,81.0,High Value,Low Risk / High Value,Two year,38,6.501290078621339,-20.998709921378662,False
3230-IUALN,0.0233284549315865,Low Risk,81.0,High Value,Low Risk / High Value,Two year,45,7.369458912888176,-20.130541087111823,False
6418-PIQSP,0.0112997956907584,Low Risk,81.0,High Value,Low Risk / High Value,Two year,62,3.569605458710579,-23.93039454128942,False
5751-USDBL,0.0169012178450293,Low Risk,81.0,High Value,Low Risk / High Value,Two year,46,5.339094717244756,-22.160905282755245,False
6013-BHCAW,0.0280920974997756,Low Risk,81.0,High Value,Low Risk / High Value,Two year,61,8.874293600179112,-18.62570639982089,False
9114-DPSIA,0.0057928694243613,Low Risk,81.0,High Value,Low Risk / High Value,Two year,72,1.829967451155735,-25.670032548844265,False
9548-LIGTA,0.0135287220694426,Low Risk,81.05,High Value,Low Risk / High Value,Two year,61,4.276361402540458,-23.22363859745954,False
3050-RLLXC,0.0104264109877509,Low Risk,81.25,High Value,Low Risk / High Value,Two year,56,3.303868981743567,-24.196131018256434,False
1265-ZFOSD,0.0130638692379763,Low Risk,81.3,High Value,Low Risk / High Value,Two year,64,4.142161019285146,-23.357838980714853,False
0379-DJQHR,0.0095041335315407,Low Risk,81.35,High Value,Low Risk / High Value,Two year,67,3.01532892488426,-24.48467107511574,False
8050-DVOJX,0.0187270978176004,Low Risk,81.35,High Value,Low Risk / High Value,Two year,49,5.94145268910099,-21.55854731089901,False
5930-GBIWP,0.0105338700007002,Low Risk,81.5,High Value,Low Risk / High Value,Two year,69,3.3481905797225586,-24.15180942027744,False
8345-MVDYC,0.0207546125848489,Low Risk,81.65,High Value,Low Risk / High Value,Two year,45,6.60899505845636,-20.891004941543642,False
5893-PYOLZ,0.0228915479087598,Low Risk,81.8,High Value,Low Risk / High Value,Two year,56,7.302861613852553,-20.197138386147447,False
8146-QQKZH,0.0092797728930007,Low Risk,81.85,High Value,Low Risk / High Value,Two year,71,2.9622427040392183,-24.53775729596078,False
6727-IOTLZ,0.06612510101322,Low Risk,81.95,High Value,Low Risk / High Value,Two year,14,21.133912909330178,-6.366087090669822,False
8645-KOMJQ,0.0193469046586467,Low Risk,81.95,High Value,Low Risk / High Value,Two year,69,6.183367463426778,-21.316632536573223,False
5494-WOZRZ,0.0104986929780309,Low Risk,82.0,High Value,Low Risk / High Value,Two year,71,3.357482014374282,-24.14251798562572,False
1431-AIDJQ,0.0291391481267391,Low Risk,82.1,High Value,Low Risk / High Value,Two year,33,9.33006383870059,-18.16993616129941,False
2302-OUZXB,0.0190154571062142,Low Risk,82.15,High Value,Low Risk / High Value,Two year,72,6.092267224974437,-21.407732775025565,False
3071-MVJCD,0.0062254370747323,Low Risk,82.3,High Value,Low Risk / High Value,Two year,72,1.998178537876826,-25.501821462123175,False
4291-TPNFG,0.0107984435192273,Low Risk,82.3,High Value,Low Risk / High Value,Two year,72,3.465976416366386,-24.034023583633612,False
5680-LQOGP,0.0118531964428969,Low Risk,82.45,High Value,Low Risk / High Value,Two year,68,3.8114545821957124,-23.68854541780429,False
9110-HSGTV,0.0119275385359903,Low Risk,82.45,High Value,Low Risk / High Value,Two year,69,3.8353596539403614,-23.664640346059638,False
9227-YBAXE,0.015527159929777,Low Risk,82.5,High Value,Low Risk / High Value,Two year,65,4.99586370740575,-22.50413629259425,False
4057-FKCZK,0.0615970583792878,Low Risk,82.5,High Value,Low Risk / High Value,Two year,58,19.81885353353585,-7.681146466464149,False
5702-KVQRD,0.0165895214983882,Low Risk,82.55,High Value,Low Risk / High Value,Two year,71,5.34091349879859,-22.15908650120141,False
9385-NXKDA,0.0188136440196536,Low Risk,82.65,High Value,Low Risk / High Value,Two year,72,6.0642959450750435,-21.435704054924955,False
4782-OSFXZ,0.0137515382354606,Low Risk,82.7,High Value,Low Risk / High Value,Two year,71,4.435283627083107,-23.06471637291689,False
3889-VWBID,0.007730488506581,Low Risk,82.85,High Value,Low Risk / High Value,Two year,68,2.49783679380392,-25.00216320619608,False
8200-LGKSR,0.0176858316664463,Low Risk,83.2,High Value,Low Risk / High Value,Two year,71,5.738698659128495,-21.761301340871505,False
6418-HNFED,0.0189386678144315,Low Risk,83.25,High Value,Low Risk / High Value,Two year,51,6.148911972650549,-21.35108802734945,False
5197-LQXXH,0.020086315166881,Low Risk,83.3,High Value,Low Risk / High Value,Two year,71,6.525441208264629,-20.97455879173537,False
4827-DPADN,0.0148283260611154,Low Risk,83.3,High Value,Low Risk / High Value,Two year,72,4.81727828747456,-22.682721712525442,False
0459-SPZHJ,0.0161444707040719,Low Risk,83.5,High Value,Low Risk / High Value,Two year,63,5.2574468847810145,-22.242553115218985,False
6656-GULJQ,0.0134618342224732,Low Risk,83.55,High Value,Low Risk / High Value,Two year,72,4.386471372221781,-23.11352862777822,False
3544-FBCAS,0.0161538965047792,Low Risk,83.6,High Value,Low Risk / High Value,Two year,72,5.26681641641821,-22.23318358358179,False
7101-HRBLJ,0.0098736110324028,Low Risk,83.7,High Value,Low Risk / High Value,Two year,72,3.223042849307246,-24.276957150692756,False
3720-DBRWL,0.0199988132920786,Low Risk,83.85,High Value,Low Risk / High Value,Two year,51,6.539911928709085,-20.960088071290915,False
7233-PAHHL,0.0173649949965393,Low Risk,84.0,High Value,Low Risk / High Value,Two year,66,5.688772360866276,-21.811227639133726,False
2904-GGUAZ,0.0309557673349123,Low Risk,84.05,High Value,Low Risk / High Value,Two year,72,10.147145753547578,-17.352854246452424,False
9919-FZDED,0.0226055284972611,Low Risk,84.1,High Value,Low Risk / High Value,Two year,72,7.414387291816668,-20.085612708183334,False
6437-UDQJM,0.024143024677709,Low Risk,84.1,High Value,Low Risk / High Value,Two year,72,7.918670664041775,-19.581329335958223,False
9530-GRMJG,0.0266729849935639,Low Risk,84.1,High Value,Low Risk / High Value,Two year,70,8.748472348039023,-18.751527651960977,False
2040-LDIWQ,0.0215679177122768,Low Risk,84.2,High Value,Low Risk / High Value,Two year,65,7.082472818357457,-20.417527181642544,False
5003-XZWWO,0.0140832846827373,Low Risk,84.2,High Value,Low Risk / High Value,Two year,71,4.624669024117274,-22.875330975882726,False
2725-TTRIQ,0.0143718595776721,Low Risk,84.2,High Value,Low Risk / High Value,Two year,72,4.719431248115964,-22.780568751884037,False
5641-DMBFJ,0.0361871656666608,Low Risk,84.3,High Value,Low Risk / High Value,Two year,58,11.897254456228072,-15.602745543771928,False
3938-YFPXD,0.0107361113822976,Low Risk,84.3,High Value,Low Risk / High Value,Two year,72,3.5297113391579815,-23.97028866084202,False
8999-YPYBV,0.0217391461923438,Low Risk,84.35,High Value,Low Risk / High Value,Two year,45,7.151418227164379,-20.348581772835622,False
9194-GFVOI,0.0293480018616167,Low Risk,84.35,High Value,Low Risk / High Value,Two year,42,9.654465432406738,-17.845534567593262,False
8883-ANODQ,0.0393531749033597,Low Risk,84.4,High Value,Low Risk / High Value,Two year,68,12.953491051189879,-14.546508948810121,False
4973-MGTON,0.0106144443185184,Low Risk,84.4,High Value,Low Risk / High Value,Two year,71,3.4938504918835163,-24.006149508116483,False
8661-BOYNW,0.0157804732674692,Low Risk,84.4,High Value,Low Risk / High Value,Two year,72,5.194300580720162,-22.30569941927984,False
3108-PCCGG,0.0156848177046269,Low Risk,84.45,High Value,Low Risk / High Value,Two year,72,5.165873135107393,-22.334126864892607,False
5766-FTRTS,0.0073446225196346,Low Risk,84.45,High Value,Low Risk / High Value,Two year,72,2.418988149954254,-25.081011850045748,False
7971-HLVXI,0.0518305781076889,Low Risk,84.5,High Value,Low Risk / High Value,Two year,72,17.08076701538888,-10.41923298461112,False
8390-FESFV,0.0208257864613757,Low Risk,84.5,High Value,Low Risk / High Value,Two year,62,6.8631379283463625,-20.63686207165364,False
9297-FVVDH,0.0322804463090817,Low Risk,84.5,High Value,Low Risk / High Value,Two year,57,10.638021081157875,-16.861978918842127,False
1414-YADCW,0.0117631800776087,Low Risk,84.6,High Value,Low Risk / High Value,Two year,70,3.8811436348062145,-23.618856365193786,False
0014-BMAQU,0.0308160271470001,Low Risk,84.65,High Value,Low Risk / High Value,Two year,63,10.17344912217488,-17.32655087782512,False
9135-MGVPY,0.0116442602227837,Low Risk,84.7,High Value,Low Risk / High Value,Two year,69,3.84644847939214,-23.65355152060786,False
2987-BJXIK,0.0154136277210033,Low Risk,84.7,High Value,Low Risk / High Value,Two year,70,5.0915836450790195,-22.40841635492098,False
3262-EIDHV,0.0090797593639511,Low Risk,84.7,High Value,Low Risk / High Value,Two year,72,2.999316910693967,-24.500683089306033,False
7570-WELNY,0.034698300467169,Low Risk,84.7,High Value,Low Risk / High Value,Two year,68,11.461889593319937,-16.03811040668006,False
8398-TBIYD,0.026217001187815,Low Risk,84.7,High Value,Low Risk / High Value,Two year,72,8.66026200237093,-18.839737997629072,False
5788-YPOEG,0.0218229032230087,Low Risk,84.75,High Value,Low Risk / High Value,Two year,34,7.21301508778495,-20.28698491221505,False
1298-PHBTI,0.0388941689622469,Low Risk,84.8,High Value,Low Risk / High Value,Two year,71,12.863079559194297,-14.636920440805703,False
2126-GSEGL,0.0227289738177554,Low Risk,84.8,High Value,Low Risk / High Value,Two year,70,7.516926221008067,-19.983073778991933,False
8565-WUXZU,0.0189368729739495,Low Risk,84.8,High Value,Low Risk / High Value,Two year,72,6.262802629944579,-21.23719737005542,False
6916-HIJSE,0.0139338969837483,Low Risk,84.85,High Value,Low Risk / High Value,Two year,65,4.610935520377068,-22.88906447962293,False
8125-QPFJD,0.016883264034032,Low Risk,84.9,High Value,Low Risk / High Value,Two year,72,5.590217554308336,-21.909782445691665,False
6901-GOGZG,0.0276706134407514,Low Risk,84.95,High Value,Low Risk / High Value,Two year,60,9.167412585988144,-18.332587414011854,False
6691-CCIHA,0.0272196427511572,Low Risk,84.95,High Value,Low Risk / High Value,Two year,62,9.018003741672137,-18.48199625832786,False
2378-YIZKA,0.0096465518672657,Low Risk,85.0,High Value,Low Risk / High Value,Two year,68,3.1978319439985796,-24.30216805600142,False
9795-NREXC,0.0205451201607764,Low Risk,85.0,High Value,Low Risk / High Value,Two year,64,6.810707333297376,-20.689292666702624,False
9453-PATOS,0.007710054422242,Low Risk,85.1,High Value,Low Risk / High Value,Two year,72,2.5588899621978975,-24.9411100378021,False
2404-JIBFC,0.0251054385655679,Low Risk,85.1,High Value,Low Risk / High Value,Two year,55,8.33224400552633,-19.16775599447367,False
0078-XZMHT,0.0221925045037491,Low Risk,85.15,High Value,Low Risk / High Value,Two year,72,7.36979785812752,-20.13020214187248,False
2252-NKNSI,0.0231779988708487,Low Risk,85.15,High Value,Low Risk / High Value,Two year,52,7.6970657550257915,-19.80293424497421,False
0455-ENTCR,0.0169408962122278,Low Risk,85.25,High Value,Low Risk / High Value,Two year,66,5.632424468160439,-21.867575531839563,False
9225-BZLNZ,0.0272186489395816,Low Risk,85.25,High Value,Low Risk / High Value,Two year,72,9.049520306187393,-18.450479693812607,False
0436-TWFFZ,0.0191354247630156,Low Risk,85.25,High Value,Low Risk / High Value,Two year,67,6.362050348083612,-21.137949651916387,False
0945-TSONX,0.0272738846706612,Low Risk,85.3,High Value,Low Risk / High Value,Two year,47,9.07320321338886,-18.426796786611142,False
6479-VDGRK,0.0069169803449794,Low Risk,85.3,High Value,Low Risk / High Value,Two year,72,2.3010718513642967,-25.1989281486357,False
2211-RMNHO,0.0139961092376898,Low Risk,85.3,High Value,Low Risk / High Value,Two year,68,4.656085660102265,-22.843914339897736,False
0383-CLDDA,0.0174279443693441,Low Risk,85.35,High Value,Low Risk / High Value,Two year,69,5.801152702501724,-21.698847297498276,False
7037-MTYVW,0.0425666499168479,Low Risk,85.4,High Value,Low Risk / High Value,Two year,38,14.177248421305363,-13.322751578694637,False
6997-UVGOX,0.00693502907209,Low Risk,85.45,High Value,Low Risk / High Value,Two year,71,2.311133113419353,-25.188866886580648,False
6631-HMANX,0.0197730573393076,Low Risk,85.45,High Value,Low Risk / High Value,Two year,72,6.589470223610954,-20.910529776389048,False
1084-MNSMJ,0.0126752420487496,Low Risk,85.5,High Value,Low Risk / High Value,Two year,51,4.226559461155555,-23.273440538844447,False
7622-FWGEW,0.0229026923340465,Low Risk,85.65,High Value,Low Risk / High Value,Two year,56,7.6503008338032235,-19.84969916619678,False
6885-PKOAM,0.0110630527266367,Low Risk,85.75,High Value,Low Risk / High Value,Two year,71,3.699761408105479,-23.80023859189452,False
2226-ICFDO,0.0133211786574917,Low Risk,85.9,High Value,Low Risk / High Value,Two year,72,4.462728062046294,-23.037271937953705,False
5485-ITNPC,0.0131316782345727,Low Risk,85.9,High Value,Low Risk / High Value,Two year,66,4.3992435253642,-23.1007564746358,False
6732-VAILE,0.0173535613474816,Low Risk,85.95,High Value,Low Risk / High Value,Two year,70,5.817000531482569,-21.68299946851743,False
9339-FIIJL,0.0149152163435329,Low Risk,85.95,High Value,Low Risk / High Value,Two year,72,4.999655094433947,-22.500344905566052,False
8374-UULRV,0.0101445114251004,Low Risk,86.05,High Value,Low Risk / High Value,Two year,72,3.4044473117065683,-24.09555268829343,False
9073-ZZIAY,0.0122335788869893,Low Risk,86.1,High Value,Low Risk / High Value,Two year,62,4.107913454462137,-23.392086545537865,False
3259-QMXUN,0.0415163299529541,Low Risk,86.1,High Value,Low Risk / High Value,Two year,58,13.94076843490246,-13.55923156509754,False
9435-JMLSX,0.011245635504715,Low Risk,86.1,High Value,Low Risk / High Value,Two year,71,3.7761719461282492,-23.72382805387175,False
2990-OGYTD,0.0186657428069207,Low Risk,86.15,High Value,Low Risk / High Value,Two year,67,6.271409596983252,-21.228590403016746,False
6339-TBELP,0.0340489309522058,Low Risk,86.4,High Value,Low Risk / High Value,Two year,71,11.473127773655268,-16.026872226344732,False
8218-FFJDS,0.0145795252057694,Low Risk,86.4,High Value,Low Risk / High Value,Two year,72,4.912716813336058,-22.587283186663942,False
7508-DQAKK,0.0181850800043142,Low Risk,86.4,High Value,Low Risk / High Value,Two year,64,6.127644558253714,-21.372355441746286,False
5129-HHMZC,0.0238289866558982,Low Risk,86.45,High Value,Low Risk / High Value,Two year,43,8.034061995969358,-19.46593800403064,False
3166-PNEOF,0.015566856177373,Low Risk,86.45,High Value,Low Risk / High Value,Two year,61,5.248443394482194,-22.251556605517806,False
6695-AMZUF,0.0077001523403111,Low Risk,86.45,High Value,Low Risk / High Value,Two year,70,2.596144862297589,-24.90385513770241,False
3638-VBZTA,0.0146566924379966,Low Risk,86.5,High Value,Low Risk / High Value,Two year,68,4.944435193958153,-22.555564806041847,False
8060-HIWJJ,0.0183962182482492,Low Risk,86.55,High Value,Low Risk / High Value,Two year,64,6.2095514886052765,-21.29044851139472,False
7301-ABVAD,0.0160563116295672,Low Risk,86.6,High Value,Low Risk / High Value,Two year,72,5.422858689770027,-22.077141310229973,False
4723-BEGSG,0.0106034829958528,Low Risk,86.65,High Value,Low Risk / High Value,Two year,72,3.5832880262035163,-23.916711973796485,False
0744-BIKKF,0.0109981235348042,Low Risk,86.65,High Value,Low Risk / High Value,Two year,72,3.7166508767340574,-23.783349123265943,False
4006-HKYHO,0.0141729878543722,Low Risk,86.7,High Value,Low Risk / High Value,Two year,63,4.792312383198872,-22.707687616801127,False
1498-NHTLT,0.0199357676758317,Low Risk,86.75,High Value,Low Risk / High Value,Two year,59,6.744768598925759,-20.75523140107424,False
0363-SVHYR,0.0100787668608746,Low Risk,86.85,High Value,Low Risk / High Value,Two year,71,3.4138295172811404,-24.08617048271886,False
2885-HIJDH,0.012108004273552,Low Risk,86.9,High Value,Low Risk / High Value,Two year,69,4.10352372834951,-23.396476271650492,False
5980-BDHPY,0.0152828141457493,Low Risk,87.1,High Value,Low Risk / High Value,Two year,72,5.19141913716958,-22.308580862830418,False
7609-YBPXG,0.0214204320811297,Low Risk,87.1,High Value,Low Risk / High Value,Two year,54,7.276306573638948,-20.223693426361052,False
6365-HITVU,0.0069126258479831,Low Risk,87.25,High Value,Low Risk / High Value,Two year,71,2.352193760422449,-25.14780623957755,False
4077-HWUYD,0.0140021722229768,Low Risk,87.55,High Value,Low Risk / High Value,Two year,72,4.780971694674314,-22.719028305325686,False
6461-SZMCV,0.0121228956724765,Low Risk,87.95,High Value,Low Risk / High Value,Two year,71,4.158213830137802,-23.341786169862196,False
4178-EGMON,0.0215185781081159,Low Risk,88.0,High Value,Low Risk / High Value,Two year,70,7.385176006705377,-20.11482399329462,False
8690-ZVLCL,0.0107002719581192,Low Risk,88.0,High Value,Low Risk / High Value,Two year,68,3.672333336026509,-23.827666663973492,False
3146-MSEGF,0.0159560028920594,Low Risk,88.05,High Value,Low Risk / High Value,Two year,72,5.479211613118738,-22.02078838688126,False
5879-HMFFH,0.0119713049367377,Low Risk,88.05,High Value,Low Risk / High Value,Two year,72,4.110886258751043,-23.389113741248956,False
0123-CRBRT,0.013632529593266,Low Risk,88.1,High Value,Low Risk / High Value,Two year,61,4.6840008429502635,-22.81599915704974,False
2088-IEBAU,0.0255276835929688,Low Risk,88.15,High Value,Low Risk / High Value,Two year,68,8.776034704008781,-18.72396529599122,False
7873-CVMAW,0.0101987511345872,Low Risk,88.55,High Value,Low Risk / High Value,Two year,72,3.522087710574017,-23.977912289425984,False
6963-EZQEE,0.0194235544683115,Low Risk,88.55,High Value,Low Risk / High Value,Two year,70,6.707827417859036,-20.792172582140964,False
3649-JPUGY,0.0203560165584693,Low Risk,88.6,High Value,Low Risk / High Value,Two year,72,7.033817961613481,-20.46618203838652,False
3654-ARMGP,0.0196674351998076,Low Risk,88.65,High Value,Low Risk / High Value,Two year,61,6.799720708805482,-20.70027929119452,False
6701-YVNQG,0.0139699971405428,Low Risk,88.7,High Value,Low Risk / High Value,Two year,72,4.8326411108279705,-22.66735888917203,False
2925-VDZHY,0.0090994731965856,Low Risk,88.7,High Value,Low Risk / High Value,Two year,72,3.1477807628948566,-24.352219237105142,False
9220-ZNKJI,0.0496831141326888,Low Risk,88.8,High Value,Low Risk / High Value,Two year,55,17.206256086432788,-10.293743913567212,False
8100-PNJMH,0.0143406029652292,Low Risk,88.85,High Value,Low Risk / High Value,Two year,68,4.969234036496396,-22.530765963503605,False
4622-YNKIJ,0.1123025473403618,Low Risk,88.95,High Value,Low Risk / High Value,Two year,33,38.95831518510821,11.458315185108212,True
9553-DLCLU,0.0540514940685036,Low Risk,88.95,High Value,Low Risk / High Value,Two year,13,18.750733549834244,-8.749266450165756,False
9415-ZNBSX,0.0149066175222461,Low Risk,89.0,High Value,Low Risk / High Value,Two year,70,5.174086941971622,-22.325913058028377,False
5997-OPVFA,0.014913377557073,Low Risk,89.05,High Value,Low Risk / High Value,Two year,72,5.179341458683667,-22.320658541316334,False
6369-MCAKO,0.016168488515044,Low Risk,89.05,High Value,Low Risk / High Value,Two year,68,5.615235218832206,-21.884764781167796,False
3219-JQRSL,0.0127184785112948,Low Risk,89.1,High Value,Low Risk / High Value,Two year,72,4.41954409788983,-23.08045590211017,False
1832-PEUTS,0.0690360214613386,Low Risk,89.1,High Value,Low Risk / High Value,Two year,62,23.989327097600547,-3.5106729023994525,False
7109-CQYUZ,0.0274064705376986,Low Risk,89.25,High Value,Low Risk / High Value,Two year,52,9.539507232409441,-17.96049276759056,False
2194-IIQOF,0.0109651098805746,Low Risk,89.3,High Value,Low Risk / High Value,Two year,71,3.818818818107716,-23.681181181892285,False
1187-WILMM,0.016126635768989,Low Risk,89.4,High Value,Low Risk / High Value,Two year,63,5.622712827215706,-21.877287172784293,False
6408-WHTEF,0.0125636836559551,Low Risk,89.4,High Value,Low Risk / High Value,Two year,72,4.380453943485306,-23.119546056514693,False
6900-RBKER,0.107805663478381,Low Risk,89.45,High Value,Low Risk / High Value,Two year,52,37.60854473275061,10.108544732750609,True
6726-NNFWD,0.039858023549295,Low Risk,89.45,High Value,Low Risk / High Value,Two year,71,13.904670805289308,-13.595329194710692,False
3398-GCPMU,0.0156794067049716,Low Risk,89.55,High Value,Low Risk / High Value,Two year,72,5.475954394677807,-22.024045605322193,False
3428-MMGUB,0.1193407474825444,Low Risk,89.55,High Value,Low Risk / High Value,Two year,60,41.67915935454123,14.179159354541227,True
7164-BPTUT,0.0140815575919168,Low Risk,89.55,High Value,Low Risk / High Value,Two year,57,4.917913581188983,-22.582086418811016,False
2863-IMQDR,0.0206988538929929,Low Risk,89.65,High Value,Low Risk / High Value,Two year,61,7.237043780876573,-20.262956219123428,False
4137-JOPHL,0.0691709707554151,Low Risk,89.7,High Value,Low Risk / High Value,Two year,50,24.198080699366866,-3.301919300633134,False
0238-WHBIQ,0.0085298157100727,Low Risk,89.7,High Value,Low Risk / High Value,Two year,72,2.983985429854733,-24.516014570145266,False
9489-JMTTN,0.0094110487190617,Low Risk,89.75,High Value,Low Risk / High Value,Two year,72,3.294102327889572,-24.205897672110428,False
4701-LKOZD,0.0114863495655188,Low Risk,89.75,High Value,Low Risk / High Value,Two year,70,4.020509506670718,-23.47949049332928,False
7408-OFWXJ,0.0091670141822912,Low Risk,89.8,High Value,Low Risk / High Value,Two year,72,3.210471706922024,-24.289528293077975,False
1775-KWJKQ,0.0090953016470054,Low Risk,89.85,High Value,Low Risk / High Value,Two year,72,3.187130126635397,-24.312869873364605,False
7503-MIOGA,0.0212052123675436,Low Risk,89.85,High Value,Low Risk / High Value,Two year,72,7.430624491772791,-20.06937550822721,False
2176-LVPNX,0.0135440289624138,Low Risk,89.85,High Value,Low Risk / High Value,Two year,71,4.746030908864231,-22.75396909113577,False
0839-JTCUD,0.0109493384888424,Low Risk,89.9,High Value,Low Risk / High Value,Two year,66,3.838947567573034,-23.661052432426967,False
4674-HGNUA,0.0093253143942371,Low Risk,89.9,High Value,Low Risk / High Value,Two year,71,3.26954847976347,-24.230451520236528,False
5117-ZSMHQ,0.0100417630094264,Low Risk,89.9,High Value,Low Risk / High Value,Two year,71,3.5207425287349903,-23.979257471265008,False
7691-XVTZH,0.0735918167088365,Low Risk,89.95,High Value,Low Risk / High Value,Two year,68,25.81637726054339,-1.6836227394566095,False
2977-CEBSX,0.0178605578808851,Low Risk,90.05,High Value,Low Risk / High Value,Two year,66,6.272538624977443,-21.227461375022557,False
1568-BEKZM,0.0136469772530653,Low Risk,90.05,High Value,Low Risk / High Value,Two year,70,4.792750176390268,-22.707249823609732,False
2400-XIWIO,0.0156095426408033,Low Risk,90.1,High Value,Low Risk / High Value,Two year,71,5.485037188551871,-22.01496281144813,False
5248-RPYWW,0.0182934356304069,Low Risk,90.15,High Value,Low Risk / High Value,Two year,72,6.43169756611661,-21.06830243388339,False
6122-LJADA,0.0129203965446831,Low Risk,90.15,High Value,Low Risk / High Value,Two year,70,4.542617619162408,-22.957382380837593,False
8871-JLMHM,0.0263223094625846,Low Risk,90.2,High Value,Low Risk / High Value,Two year,68,9.259662022748012,-18.24033797725199,False
5248-YGIJN,0.0138985915932441,Low Risk,90.25,High Value,Low Risk / High Value,Two year,72,4.891956776032092,-22.608043223967908,False
0730-BGQGF,0.0088073282975676,Low Risk,90.3,High Value,Low Risk / High Value,Two year,71,3.101676806554382,-24.39832319344562,False
9348-ROUAI,0.0129295582978565,Low Risk,90.3,High Value,Low Risk / High Value,Two year,59,4.553402545756124,-22.946597454243875,False
5684-FJVYR,0.0210343994227642,Low Risk,90.35,High Value,Low Risk / High Value,Two year,72,7.411786152602307,-20.088213847397693,False
5248-KWLAR,0.0131474674454185,Low Risk,90.35,High Value,Low Risk / High Value,Two year,71,4.63270736640489,-22.86729263359511,False
0795-LAFGP,0.0145423879505276,Low Risk,90.4,High Value,Low Risk / High Value,Two year,71,5.127064295838011,-22.37293570416199,False
5414-OFQCB,0.0717186370984152,Low Risk,90.45,High Value,Low Risk / High Value,Two year,57,25.299107829651454,-2.2008921703485456,False
9548-ZMVTX,0.0207646806538585,Low Risk,90.45,High Value,Low Risk / High Value,Two year,72,7.324844924051855,-20.175155075948144,False
0016-QLJIS,0.0166292157191491,Low Risk,90.45,High Value,Low Risk / High Value,Two year,65,5.866038991008441,-21.63396100899156,False
9224-VTYID,0.0277713910156576,Low Risk,90.5,High Value,Low Risk / High Value,Two year,47,9.80191245897635,-17.69808754102365,False
7398-HPYZQ,0.0114913483360967,Low Risk,90.55,High Value,Low Risk / High Value,Two year,71,4.0581122081508685,-23.441887791849133,False
3508-VLHCZ,0.0124083710791677,Low Risk,90.55,High Value,Low Risk / High Value,Two year,71,4.381954204752677,-23.118045795247323,False
1951-IEYXM,0.0121590893080468,Low Risk,90.6,High Value,Low Risk / High Value,Two year,72,4.296292616105255,-23.203707383894745,False
1897-OKVMW,0.0168451816656679,Low Risk,90.6,High Value,Low Risk / High Value,Two year,64,5.952076489747095,-21.547923510252904,False
8413-YNHNV,0.0119440000665518,Low Risk,90.65,High Value,Low Risk / High Value,Two year,69,4.222622063528392,-23.27737793647161,False
5214-NLTIT,0.0539035643616076,Low Risk,90.8,High Value,Low Risk / High Value,Two year,72,19.088330211732483,-8.411669788267517,False
5727-MYATE,0.0119612507662269,Low Risk,90.8,High Value,Low Risk / High Value,Two year,72,4.235718121336269,-23.26428187866373,False
6258-PVZWJ,0.0169606931539843,Low Risk,90.8,High Value,Low Risk / High Value,Two year,68,6.00612065968892,-21.493879340311082,False
1971-DTCZB,0.0157576336923616,Low Risk,90.95,High Value,Low Risk / High Value,Two year,72,5.589311458849121,-21.91068854115088,False
3569-JFODW,0.0093850650337202,Low Risk,90.95,High Value,Low Risk / High Value,Two year,72,3.328929492785724,-24.171070507214274,False
7973-DZRKH,0.0252198251420591,Low Risk,90.95,High Value,Low Risk / High Value,Two year,66,8.945598077014072,-18.554401922985928,False
5377-NDTOU,0.0092128395195873,Low Risk,91.05,High Value,Low Risk / High Value,Two year,71,3.2714332492078526,-24.228566750792147,False
5982-PSMKW,0.0559797292741003,Low Risk,91.1,High Value,Low Risk / High Value,Two year,23,19.889038013795098,-7.610961986204902,False
1227-UDMZR,0.0165132838796852,Low Risk,91.15,High Value,Low Risk / High Value,Two year,72,5.870224719969894,-21.629775280030106,False
7579-KKLOE,0.0137492487795986,Low Risk,91.25,High Value,Low Risk / High Value,Two year,71,4.893013909439652,-22.606986090560348,False
7401-JIXNM,0.0158058166623634,Low Risk,91.3,High Value,Low Risk / High Value,Two year,54,5.6279771389677355,-21.872022861032264,False
9297-EONCV,0.0168006241014248,Low Risk,91.35,High Value,Low Risk / High Value,Two year,72,5.985474345494105,-21.514525654505896,False
3227-WLKLI,0.0123090368876648,Low Risk,91.55,High Value,Low Risk / High Value,Two year,65,4.394880075556278,-23.10511992444372,False
1455-HFBXA,0.0422219304368471,Low Risk,91.6,High Value,Low Risk / High Value,Two year,52,15.083362429259257,-12.416637570740743,False
1642-HMARX,0.0260678701192887,Low Risk,91.7,High Value,Low Risk / High Value,Two year,68,9.322652390761219,-18.17734760923878,False
7975-JMZNT,0.0136122297077781,Low Risk,91.7,High Value,Low Risk / High Value,Two year,66,4.868141710392682,-22.63185828960732,False
4718-WXBGI,0.0125218496169392,Low Risk,91.95,High Value,Low Risk / High Value,Two year,72,4.4903978818824815,-23.00960211811752,False
9778-OGKQZ,0.0152659998681815,Low Risk,92.0,High Value,Low Risk / High Value,Two year,72,5.477440752703522,-22.022559247296478,False
3084-DOWLE,0.0110708100922141,Low Risk,92.0,High Value,Low Risk / High Value,Two year,72,3.9722066610864193,-23.527793338913582,False
2990-IAJSV,0.0113788212321887,Low Risk,92.0,High Value,Low Risk / High Value,Two year,72,4.082721058109305,-23.417278941890693,False
1063-DHQJF,0.0307904290645451,Low Risk,92.15,High Value,Low Risk / High Value,Two year,69,11.065618349361541,-16.434381650638457,False
1568-LJSZU,0.0146688403954878,Low Risk,92.2,High Value,Low Risk / High Value,Two year,68,5.274621629409503,-22.225378370590498,False
2000-DHJUY,0.0214110339844166,Low Risk,92.2,High Value,Low Risk / High Value,Two year,70,7.698979600116521,-19.801020399883477,False
3967-KXAPS,0.010638322350249,Low Risk,92.3,High Value,Low Risk / High Value,Two year,72,3.829476896419133,-23.670523103580866,False
2167-FQSTQ,0.0228690838257182,Low Risk,92.4,High Value,Low Risk / High Value,Two year,72,8.24110304743581,-19.25889695256419,False
8580-QVLOC,0.0106423484031777,Low Risk,92.45,High Value,Low Risk / High Value,Two year,72,3.837151928507736,-23.662848071492263,False
0248-PGHBZ,0.0350051177890756,Low Risk,92.45,High Value,Low Risk / High Value,Two year,67,12.621270244440154,-14.878729755559846,False
9589-ABEPT,0.0483791975277059,Low Risk,92.45,High Value,Low Risk / High Value,Two year,69,17.443361564602,-10.056638435398,False
0244-LGNFY,0.0101835744211744,Low Risk,92.65,High Value,Low Risk / High Value,Two year,72,3.6796818634750528,-23.820318136524946,False
6435-VWCCY,0.060401070620017,Low Risk,92.7,High Value,Low Risk / High Value,Two year,65,21.836799061254744,-5.6632009387452555,False
8670-MEFCP,0.0372717010314487,Low Risk,92.9,High Value,Low Risk / High Value,Two year,36,13.503910000704181,-13.996089999295819,False
7322-OCWHC,0.0305210582976926,Low Risk,93.05,High Value,Low Risk / High Value,Two year,72,11.075939450941156,-16.424060549058844,False
7159-NOKYQ,0.0994243046523336,Low Risk,93.15,High Value,Low Risk / High Value,Two year,67,36.11935851562301,8.619358515623013,True
3779-OSWCF,0.0106549953708059,Low Risk,93.2,High Value,Low Risk / High Value,Two year,71,3.872877717380529,-23.62712228261947,False
8197-BFWVU,0.0139572601120591,Low Risk,93.25,High Value,Low Risk / High Value,Two year,72,5.0759065712530935,-22.424093428746907,False
7710-JSYOA,0.0441407593097675,Low Risk,93.3,High Value,Low Risk / High Value,Two year,69,16.0614980900451,-11.438501909954901,False
9777-IQHWP,0.0380289172009085,Low Risk,93.4,High Value,Low Risk / High Value,Two year,64,13.85241337960293,-13.64758662039707,False
2530-ENDWQ,0.0955929680473216,Low Risk,93.7,High Value,Low Risk / High Value,Two year,71,34.93253831353274,7.4325383135327385,True
0716-BQNDX,0.0732198770851899,Low Risk,93.75,High Value,Low Risk / High Value,Two year,57,26.771017559272558,-0.7289824407274423,False
2225-ZRGSG,0.0164646436654571,Low Risk,93.9,High Value,Low Risk / High Value,Two year,70,6.029517156727046,-21.470482843272954,False
3392-EHMNK,0.031012647445142,Low Risk,94.1,High Value,Low Risk / High Value,Two year,67,11.381331485892662,-16.118668514107338,False
2533-QVMSK,0.0809538722543321,Low Risk,94.1,High Value,Low Risk / High Value,Two year,61,29.709261578617333,2.2092615786173333,True
4024-CSNBY,0.0256727322181022,Low Risk,94.25,High Value,Low Risk / High Value,Two year,72,9.436654545068915,-18.063345454931085,False
5161-XEUVX,0.0927248139385436,Low Risk,94.3,High Value,Low Risk / High Value,Two year,37,34.101404822178175,6.601404822178175,True
5887-IKKYO,0.0497372621178885,Low Risk,94.35,High Value,Low Risk / High Value,Two year,58,18.301571655208843,-9.198428344791157,False
5998-DZLYR,0.0637188527888845,Low Risk,94.35,High Value,Low Risk / High Value,Two year,61,23.446307666461887,-4.0536923335381125,False
2190-PHBHR,0.044270182147292,Low Risk,94.45,High Value,Low Risk / High Value,Two year,72,16.307142944865745,-11.192857055134255,False
1830-GGFNM,0.0167724056539,Low Risk,94.55,High Value,Low Risk / High Value,Two year,65,6.184740722847356,-21.315259277152645,False
2434-EEVDB,0.0576405243773761,Low Risk,94.6,High Value,Low Risk / High Value,Two year,64,21.265895063789138,-6.234104936210862,False
6322-PJJDJ,0.1546102334004281,Low Risk,94.8,High Value,Low Risk / High Value,Two year,49,57.16249549280627,29.662495492806272,True
8174-TBVCF,0.0171025646032746,Low Risk,94.8,High Value,Low Risk / High Value,Two year,70,6.323160185122685,-21.176839814877315,False
8465-SBRXP,0.1132645620736509,Low Risk,94.9,High Value,Low Risk / High Value,Two year,38,41.92034706907894,14.420347069078943,True
6838-YAUVY,0.0861574380766914,Low Risk,95.1,High Value,Low Risk / High Value,Two year,54,31.95493220826407,4.4549322082640685,True
7765-LWVVH,0.0533776474557705,Low Risk,95.1,High Value,Low Risk / High Value,Two year,72,19.79723566487072,-7.702764335129281,False
1930-QPBVZ,0.0183765005026425,Low Risk,95.1,High Value,Low Risk / High Value,Two year,68,6.815660271425077,-20.684339728574923,False
6244-BESBM,0.0467262170116688,Low Risk,95.2,High Value,Low Risk / High Value,Two year,69,17.34850985209239,-10.151490147907609,False
6568-POCUI,0.1024072222164254,Low Risk,95.2,High Value,Low Risk / High Value,Two year,45,38.021753464514426,10.521753464514426,True
1447-PJGGA,0.1433253050916991,Low Risk,95.25,High Value,Low Risk / High Value,Two year,57,53.24176770893892,25.741767708938923,True
7375-WMVMT,0.0401029130850306,Low Risk,95.5,High Value,Low Risk / High Value,Two year,71,14.936329978519646,-12.563670021480354,False
9412-ARGBX,0.0578318424961792,Low Risk,95.5,High Value,Low Risk / High Value,Two year,48,21.539469737701943,-5.960530262298057,False
0020-INWCK,0.0543618482354052,Low Risk,95.75,High Value,Low Risk / High Value,Two year,71,20.300073177306185,-7.199926822693815,False
9128-CPXKI,0.0999762416187304,Low Risk,95.8,High Value,Low Risk / High Value,Two year,59,37.35312339359005,9.853123393590053,True
8639-NHQEI,0.0405630317135564,Low Risk,95.9,High Value,Low Risk / High Value,Two year,72,15.17097949118723,-12.32902050881277,False
1527-SXDPN,0.0783790350252771,Low Risk,96.25,High Value,Low Risk / High Value,Two year,52,29.421530272613396,1.9215302726133956,True
3841-NFECX,0.029063743794881,Low Risk,96.35,High Value,Low Risk / High Value,Two year,71,10.921137687083458,-16.57886231291654,False
7826-VVKWT,0.3094879520439034,High Risk,96.55,High Value,High Risk / High Value,Two year,24,116.53614090237161,89.03614090237161,True
2057-BOYKM,0.030288482466144,Low Risk,96.6,High Value,Low Risk / High Value,Two year,72,11.41088288429509,-16.08911711570491,False
6242-FEGFD,0.0203441071457629,Low Risk,96.6,High Value,Low Risk / High Value,Two year,66,7.6644389260947134,-19.835561073905286,False
5327-CNLUQ,0.0848177611084591,Low Risk,96.9,High Value,Low Risk / High Value,Two year,48,32.05348010049778,4.553480100497779,True
6719-FGEDO,0.0264634606485726,Low Risk,97.0,High Value,Low Risk / High Value,Two year,72,10.011127163355013,-17.488872836644987,False
6035-RIIOM,0.1360860389710973,Low Risk,97.2,High Value,Low Risk / High Value,Two year,54,51.58749565316357,24.08749565316357,True
9715-WZCLW,0.083524376880288,Low Risk,97.2,High Value,Low Risk / High Value,Two year,71,31.662420787779574,4.162420787779574,True
9933-QRGTX,0.0691345411793823,Low Risk,97.2,High Value,Low Risk / High Value,Two year,60,26.207521870280246,-1.292478129719754,False
4159-NAAIX,0.0849339538887045,Low Risk,97.45,High Value,Low Risk / High Value,Two year,63,32.27957384517159,4.779573845171591,True
0727-BNRLG,0.0483849873400071,Low Risk,97.65,High Value,Low Risk / High Value,Two year,69,18.42669665363161,-9.073303346368391,False
8152-VETUR,0.0784649779500431,Low Risk,97.7,High Value,Low Risk / High Value,Two year,72,29.897510548304925,2.3975105483049255,True
3133-PZNSR,0.0272568311856087,Low Risk,97.75,High Value,Low Risk / High Value,Two year,72,10.390985468733676,-17.109014531266325,False
1304-SEGFY,0.1237309256158603,Low Risk,97.85,High Value,Low Risk / High Value,Two year,72,47.217577178896526,19.717577178896526,True
6176-YJWAS,0.0441050898810537,Low Risk,97.95,High Value,Low Risk / High Value,Two year,72,16.84836486001192,-10.65163513998808,False
3134-DSHVC,0.0414040159036915,Low Risk,98.0,High Value,Low Risk / High Value,Two year,63,15.824614878390891,-11.675385121609109,False
1937-OTUKY,0.039019501567112,Low Risk,98.2,High Value,Low Risk / High Value,Two year,72,14.943688710172555,-12.556311289827445,False
6797-LNAQX,0.0578159074694099,Low Risk,98.3,High Value,Low Risk / High Value,Two year,70,22.16488444654767,-5.335115553452329,False
5663-QBGIS,0.0745099577831114,Low Risk,98.35,High Value,Low Risk / High Value,Two year,72,28.579411957079124,1.0794119570791239,True
7730-CLDSV,0.0436774738901616,Low Risk,98.65,High Value,Low Risk / High Value,Two year,72,16.804252917131326,-10.695747082868674,False
4686-GEFRM,0.0509709672110731,Low Risk,98.7,High Value,Low Risk / High Value,Two year,70,19.62025440855837,-7.87974559144163,False
5229-DTFYB,0.1091589390742304,Low Risk,98.8,High Value,Low Risk / High Value,Two year,41,42.061122404082454,14.561122404082454,True
3230-JCNZS,0.039926211431128,Low Risk,99.0,High Value,Low Risk / High Value,Two year,71,15.415510233558521,-12.084489766441479,False
0815-MFZGM,0.1115983222131924,Low Risk,99.0,High Value,Low Risk / High Value,Two year,42,43.088112206513586,15.588112206513586,True
1545-JFUML,0.0643385440431025,Low Risk,99.0,High Value,Low Risk / High Value,Two year,71,24.84111185504188,-2.6588881449581194,False
4049-ZPALD,0.0682544236291335,Low Risk,99.0,High Value,Low Risk / High Value,Two year,64,26.35303296320845,-1.1469670367915512,False
5716-EZXZN,0.0337831421503517,Low Risk,99.05,High Value,Low Risk / High Value,Two year,65,13.05025889697011,-14.44974110302989,False
0742-LAFQK,0.0693399320993927,Low Risk,99.15,High Value,Low Risk / High Value,Two year,72,26.812711643853664,-0.6872883561463361,False
3705-RHRFR,0.0574096442664202,Low Risk,99.15,High Value,Low Risk / High Value,Two year,69,22.199448293160696,-5.300551706839304,False
2277-BKJKN,0.1175480880247403,Low Risk,99.2,High Value,Low Risk / High Value,Two year,71,45.47700429501153,17.977004295011533,True
9570-KYEUA,0.0343836402215446,Low Risk,99.25,High Value,Low Risk / High Value,Two year,64,13.309047538754378,-14.190952461245622,False
8929-KSWIH,0.1347386943487896,Low Risk,99.3,High Value,Low Risk / High Value,Two year,25,52.18025416045576,24.68025416045576,True
1325-USMEC,0.0458892013904759,Low Risk,99.35,High Value,Low Risk / High Value,Two year,70,17.780459416760742,-9.719540583239258,False
6196-HBOBZ,0.073750749060938,Low Risk,99.35,High Value,Low Risk / High Value,Two year,65,28.575833984896338,1.075833984896338,True
4419-UJMUS,0.0907693770299633,Low Risk,99.35,High Value,Low Risk / High Value,Two year,69,35.16995667091473,7.669956670914729,True
7005-CYUIL,0.0466311916093893,Low Risk,99.4,High Value,Low Risk / High Value,Two year,71,18.077047739295857,-9.422952260704143,False
0665-XHDJU,0.119753253734967,Low Risk,99.4,High Value,Low Risk / High Value,Two year,72,46.42354634289731,18.92354634289731,True
7954-MLBUN,0.1161079043750487,Low Risk,99.45,High Value,Low Risk / High Value,Two year,31,45.033031251384514,17.533031251384514,True
6103-LIANB,0.1094544539516804,Low Risk,99.5,High Value,Low Risk / High Value,Two year,59,42.47380085594958,14.973800855949577,True
0320-DWVTU,0.0320757388601841,Low Risk,99.5,High Value,Low Risk / High Value,Two year,53,12.446990464694439,-15.053009535305561,False
9938-TKDGL,0.0493503569023202,Low Risk,99.55,High Value,Low Risk / High Value,Two year,68,19.16002931554131,-8.339970684458692,False
3070-BDOQC,0.1210659472499473,Low Risk,99.65,High Value,Low Risk / High Value,Two year,60,47.050464409483276,19.550464409483276,True
5693-PIPCS,0.1048932943426671,Low Risk,99.65,High Value,Low Risk / High Value,Two year,41,40.76520544686243,13.265205446862431,True
0572-ZJKLT,0.0484954117749194,Low Risk,99.65,High Value,Low Risk / High Value,Two year,46,18.847014355145802,-8.652985644854198,False
4713-ZBURT,0.1287600940095113,Low Risk,99.7,High Value,Low Risk / High Value,Two year,45,50.065787353718285,22.565787353718285,True
6211-WWLTF,0.0459776862687656,Low Risk,99.7,High Value,Low Risk / High Value,Two year,63,17.877503751884127,-9.622496248115873,False
6234-RAAPL,0.0223772218206971,Low Risk,99.9,High Value,Low Risk / High Value,Two year,72,8.718389393561798,-18.7816106064382,False
0356-OBMAC,0.0952209648377113,Low Risk,99.9,High Value,Low Risk / High Value,Two year,56,37.0990401104207,9.599040110420702,True
5090-EMGTC,0.0695848018193605,Low Risk,100.05,High Value,Low Risk / High Value,Two year,59,27.15164174590537,-0.34835825409463084,False
2578-JQPHZ,0.0823443218270619,Low Risk,100.1,High Value,Low Risk / High Value,Two year,44,32.146399798066696,4.646399798066696,True
9028-LIHRP,0.0155933524689235,Low Risk,100.2,High Value,Low Risk / High Value,Two year,71,6.093570277805926,-21.406429722194073,False
4366-CTOUZ,0.0853571788002487,Low Risk,100.2,High Value,Low Risk / High Value,Two year,50,33.35587833156119,5.855878331561193,True
8216-AZUUZ,0.1413741636806584,Low Risk,100.4,High Value,Low Risk / High Value,Two year,42,55.356467530798604,27.856467530798604,True
8659-IOOPU,0.0351125057485374,Low Risk,100.45,High Value,Low Risk / High Value,Two year,71,13.755499689518272,-13.744500310481728,False
1116-DXXDF,0.157400001448413,Low Risk,100.45,High Value,Low Risk / High Value,Two year,39,61.66223756742304,34.16223756742304,True
6463-HHXJR,0.0301796159425773,Low Risk,100.5,High Value,Low Risk / High Value,Two year,71,11.828900468693174,-15.671099531306826,False
7641-TQFHN,0.1015431410135643,Low Risk,100.55,High Value,Low Risk / High Value,Two year,39,39.819635032764175,12.319635032764175,True
8809-XKHMD,0.0361601111380944,Low Risk,100.55,High Value,Low Risk / High Value,Two year,72,14.180006782248029,-13.319993217751971,False
5781-BKHOP,0.0360008289283689,Low Risk,100.65,High Value,Low Risk / High Value,Two year,72,14.131585383397287,-13.368414616602713,False
5278-PNYOX,0.0684750124519918,Low Risk,100.65,High Value,Low Risk / High Value,Two year,49,26.878839012842604,-0.6211609871573955,False
9848-JQJTX,0.0960628474139274,Low Risk,100.9,High Value,Low Risk / High Value,Two year,72,37.80169108585457,10.301691085854571,True
2521-NPUZR,0.0184467558690959,Low Risk,101.0,High Value,Low Risk / High Value,Two year,70,7.266177136836877,-20.233822863163123,False
1095-WGNGG,0.112406414978891,Low Risk,101.05,High Value,Low Risk / High Value,Two year,61,44.29880611110605,16.798806111106053,True
5453-YBTWV,0.0213644144936107,Low Risk,101.1,High Value,Low Risk / High Value,Two year,70,8.42377499068576,-19.07622500931424,False
7182-OVLBJ,0.0905326374995739,Low Risk,101.15,High Value,Low Risk / High Value,Two year,62,35.713767504019415,8.213767504019415,True
3716-LRGXK,0.0902773086767877,Low Risk,101.15,High Value,Low Risk / High Value,Two year,60,35.6130441133626,8.113044113362598,True
0019-EFAEP,0.0485698401991446,Low Risk,101.3,High Value,Low Risk / High Value,Two year,72,19.188486767476057,-8.311513232523943,False
4884-TVUQF,0.0493942172235909,Low Risk,101.3,High Value,Low Risk / High Value,Two year,57,19.514173398524054,-7.985826601475946,False
9076-AXYIK,0.1090477623619266,Low Risk,102.1,High Value,Low Risk / High Value,Two year,64,43.42172849489555,15.921728494895547,True
6999-CHVCF,0.0572495965228485,Low Risk,102.1,High Value,Low Risk / High Value,Two year,68,22.796216839433047,-4.703783160566953,False
0201-MIBOL,0.0962911579296988,Low Risk,102.4,High Value,Low Risk / High Value,Two year,66,38.45483683080452,10.954836830804517,True
9432-RUVSL,0.0712976646413308,Low Risk,102.5,High Value,Low Risk / High Value,Two year,48,28.50124144037199,1.0012414403719916,True
2019-HDCZY,0.1146344637692609,Low Risk,102.6,High Value,Low Risk / High Value,Two year,63,45.86983433263205,18.369834332632053,True
2878-RMWXY,0.0575969045095545,Low Risk,102.65,High Value,Low Risk / High Value,Two year,72,23.058056766832504,-4.441943233167496,False
4199-QHJNM,0.0703021689717899,Low Risk,102.9,High Value,Low Risk / High Value,Two year,67,28.212963430069003,0.7129634300690029,True
5696-CEIQJ,0.0362456666993784,Low Risk,103.15,High Value,Low Risk / High Value,Two year,67,14.581088028159439,-12.918911971840561,False
6766-HFKLA,0.0835070699631621,Low Risk,103.2,High Value,Low Risk / High Value,Two year,56,33.60992551877348,6.10992551877348,True
2530-FMFXO,0.1323076608732737,Low Risk,103.2,High Value,Low Risk / High Value,Two year,56,53.251187348275195,25.751187348275195,True
9625-QNLUX,0.0448982274196433,Low Risk,103.25,High Value,Low Risk / High Value,Two year,68,18.079393726204867,-9.420606273795133,False
8809-RIHDD,0.103837319561059,Low Risk,103.4,High Value,Low Risk / High Value,Two year,72,41.87343748619266,14.373437486192657,True
6749-UTDVX,0.1271814518038021,Low Risk,103.65,High Value,Low Risk / High Value,Two year,72,51.411194169909955,23.911194169909955,True
0862-PRCBS,0.0613880151422772,Low Risk,103.75,High Value,Low Risk / High Value,Two year,68,24.83912562694392,-2.6608743730560818,False
4822-LPTYJ,0.0890154965995393,Low Risk,103.75,High Value,Low Risk / High Value,Two year,72,36.017895311588596,8.517895311588596,True
7663-YJHSN,0.038137244875883,Low Risk,103.95,High Value,Low Risk / High Value,Two year,72,15.461029758907348,-12.038970241092652,False
9958-MEKUC,0.0212420364687641,Low Risk,103.95,High Value,Low Risk / High Value,Two year,72,8.61162779461931,-18.88837220538069,False
4853-RULSV,0.0530301511196277,Low Risk,104.0,High Value,Low Risk / High Value,Two year,70,21.509029294120992,-5.990970705879008,False
7036-TYDEC,0.0784712554175253,Low Risk,104.0,High Value,Low Risk / High Value,Two year,69,31.82794119734826,4.3279411973482595,True
4129-LYCOI,0.0931180842422642,Low Risk,104.0,High Value,Low Risk / High Value,Two year,67,37.76869496866236,10.26869496866236,True
8089-UZWLX,0.0943423134201733,Low Risk,104.05,High Value,Low Risk / High Value,Two year,71,38.28363907433922,10.78363907433922,True
7572-KPVKK,0.1167910288314313,Low Risk,104.05,High Value,Low Risk / High Value,Two year,62,47.393215544650666,19.893215544650666,True
0868-VJRDR,0.0409151493428875,Low Risk,104.05,High Value,Low Risk / High Value,Two year,64,16.603163027597034,-10.896836972402966,False
2927-CVULT,0.0537287697384481,Low Risk,104.05,High Value,Low Risk / High Value,Two year,53,21.802866116013547,-5.697133883986453,False
6374-NTQLP,0.0399924735507048,Low Risk,104.1,High Value,Low Risk / High Value,Two year,72,16.236544336850642,-11.263455663149358,False
0960-HUWBM,0.0775777697200134,Low Risk,104.1,High Value,Low Risk / High Value,Two year,65,31.495798728628237,3.9957987286282375,True
0917-EZOLA,0.1178023981996617,Low Risk,104.15,High Value,Low Risk / High Value,Two year,72,47.8495671127296,20.349567112729602,True
6257-DTAYD,0.0641219781803329,Low Risk,104.15,High Value,Low Risk / High Value,Two year,71,26.04538570717852,-1.4546142928214785,False
6616-AALSR,0.0716270686935547,Low Risk,104.3,High Value,Low Risk / High Value,Two year,65,29.135742732477247,1.6357427324772473,True
7208-PSIHR,0.0796614812260517,Low Risk,104.3,High Value,Low Risk / High Value,Two year,70,32.40390071832105,4.903900718321047,True
2324-EFHVG,0.1123154611120933,Low Risk,104.4,High Value,Low Risk / High Value,Two year,64,45.73036314639991,18.23036314639991,True
6603-QWSPR,0.1028512828988424,Low Risk,104.4,High Value,Low Risk / High Value,Two year,46,41.87692834509268,14.37692834509268,True
3597-YASZG,0.0904698043625309,Low Risk,104.45,High Value,Low Risk / High Value,Two year,70,36.85332715609877,9.353327156098771,True
6680-NENYN,0.2485575160380902,High Risk,104.6,High Value,High Risk / High Value,Two year,43,101.39655309257853,73.89655309257853,True
8466-PZBLH,0.0377325528938153,Low Risk,104.6,High Value,Low Risk / High Value,Two year,67,15.392617627503014,-12.107382372496986,False
2001-EWBQU,0.1234681114510916,Low Risk,104.7,High Value,Low Risk / High Value,Two year,60,50.41573394882423,22.915733948824233,True
5193-QLVZB,0.112825248038665,Low Risk,104.75,High Value,Low Risk / High Value,Two year,63,46.09193445499562,18.591934454995616,True
3552-CTCYF,0.0998187344735432,Low Risk,104.8,High Value,Low Risk / High Value,Two year,63,40.797913154026574,13.297913154026574,True
5286-YHCVC,0.0906453691293973,Low Risk,104.8,High Value,Low Risk / High Value,Two year,72,37.04857527056726,9.548575270567262,True
2984-TBYKU,0.0310940010679084,Low Risk,104.9,High Value,Low Risk / High Value,Two year,72,12.720866776892006,-14.779133223107994,False
2664-XJZNO,0.0331385813731961,Low Risk,104.9,High Value,Low Risk / High Value,Two year,72,13.557325025588257,-13.942674974411743,False
0392-BZIUW,0.0712994016091354,Low Risk,105.0,High Value,Low Risk / High Value,Two year,72,29.19710495894094,1.6971049589409404,True
6837-HAEVO,0.1160148480757925,Low Risk,105.0,High Value,Low Risk / High Value,Two year,69,47.50808028703703,20.008080287037032,True
7516-GMHUV,0.1379495272994131,Low Risk,105.05,High Value,Low Risk / High Value,Two year,50,56.51723158693305,29.01723158693305,True
6734-FQAJX,0.0716758819225417,Low Risk,105.05,High Value,Low Risk / High Value,Two year,67,29.365250444255725,1.8652504442557252,True
3197-NNYNB,0.0702120660719717,Low Risk,105.1,High Value,Low Risk / High Value,Two year,65,28.779223762240477,1.279223762240477,True
5360-LJCNJ,0.0992735556136292,Low Risk,105.15,High Value,Low Risk / High Value,Two year,71,40.71059605381514,13.210596053815138,True
8984-EYLLL,0.1127921431221555,Low Risk,105.25,High Value,Low Risk / High Value,Two year,64,46.29835494806679,18.798354948066788,True
4043-MKDTV,0.0675145383402243,Low Risk,105.25,High Value,Low Risk / High Value,Two year,71,27.713030125203574,0.21303012520357356,True
5965-GGPRW,0.0476401382911518,Low Risk,105.25,High Value,Low Risk / High Value,Two year,72,19.555085765060536,-7.944914234939464,False
4378-MYPGO,0.0485943661799775,Low Risk,105.25,High Value,Low Risk / High Value,Two year,68,19.946772457726265,-7.553227542273735,False
6050-FFXES,0.0610567226896802,Low Risk,105.35,High Value,Low Risk / High Value,Two year,69,25.08607036789546,-2.4139296321045407,False
1576-PFZIW,0.045159569392305,Low Risk,105.35,High Value,Low Risk / High Value,Two year,70,18.554486478369395,-8.945513521630605,False
6048-UWKAL,0.0573464221124562,Low Risk,105.4,High Value,Low Risk / High Value,Two year,69,23.572820273546245,-3.9271797264537547,False
9586-JGQKH,0.0863600945158651,Low Risk,105.4,High Value,Low Risk / High Value,Two year,64,35.49918045169151,7.999180451691508,True
0479-HMSWA,0.1782638446037232,Low Risk,105.45,High Value,Low Risk / High Value,Two year,26,73.31189741250418,45.81189741250418,True
1090-ESELR,0.0230693282459991,Low Risk,105.5,High Value,Low Risk / High Value,Two year,72,9.49187510681633,-18.00812489318367,False
4389-UEFCZ,0.1002480528593335,Low Risk,105.5,High Value,Low Risk / High Value,Two year,72,41.247061348972764,13.747061348972764,True
3363-DTIVD,0.0632310439567899,Low Risk,105.55,High Value,Low Risk / High Value,Two year,71,26.028743089592776,-1.4712569104072237,False
0678-RLHVP,0.1461504199222743,Low Risk,105.55,High Value,Low Risk / High Value,Two year,53,60.1620896089046,32.6620896089046,True
0401-WDBXM,0.0642644537661049,Low Risk,105.55,High Value,Low Risk / High Value,Two year,72,26.45414107054825,-1.0458589294517502,False
0853-TWRVK,0.0265819390454734,Low Risk,105.6,High Value,Low Risk / High Value,Two year,72,10.947505776487766,-16.552494223512234,False
0266-CLZKZ,0.0698684981348626,Low Risk,105.65,High Value,Low Risk / High Value,Two year,67,28.788266628998112,1.2882666289981124,True
3186-AJIEK,0.0468422916492442,Low Risk,105.65,High Value,Low Risk / High Value,Two year,66,19.300663639696335,-8.199336360303665,False
8777-MBMTS,0.0681965928479741,Low Risk,105.85,High Value,Low Risk / High Value,Two year,65,28.152576476536424,0.6525764765364244,True
3259-FDWOY,0.0876270433481817,Low Risk,106.0,High Value,Low Risk / High Value,Two year,71,36.225019720138306,8.725019720138306,True
1621-YNCJH,0.0851707302850521,Low Risk,106.05,High Value,Low Risk / High Value,Two year,36,35.22618819224612,7.72618819224612,True
7762-URZQH,0.0799468851685423,Low Risk,106.05,High Value,Low Risk / High Value,Two year,66,33.06563197128325,5.565631971283253,True
5668-MEISB,0.0216075345781192,Low Risk,106.1,High Value,Low Risk / High Value,Two year,72,8.940981733079944,-18.559018266920056,False
1452-UZOSF,0.028573936302906,Low Risk,106.1,High Value,Low Risk / High Value,Two year,72,11.823609102779471,-15.676390897220529,False
3374-TTZTK,0.0825080165193203,Low Risk,106.3,High Value,Low Risk / High Value,Two year,52,34.205348408414615,6.705348408414615,True
8107-RZLNV,0.0909671078482329,Low Risk,106.3,High Value,Low Risk / High Value,Two year,72,37.71223390064192,10.21223390064192,True
5161-UBZXI,0.0311974478387107,Low Risk,106.35,High Value,Low Risk / High Value,Two year,69,12.939609452822845,-14.560390547177155,False
5748-RNCJT,0.0833958699232491,Low Risk,106.5,High Value,Low Risk / High Value,Two year,69,34.63847457262152,7.138474572621519,True
6804-GDMOI,0.1321810283463633,Low Risk,106.6,High Value,Low Risk / High Value,Two year,61,54.95294072471708,27.45294072471708,True
5855-EIBDE,0.0441486669067291,Low Risk,106.65,High Value,Low Risk / High Value,Two year,49,18.362975769850372,-9.137024230149628,False
9959-WOFKT,0.0462317798525988,Low Risk,106.7,High Value,Low Risk / High Value,Two year,71,19.23843055006194,-8.261569449938062,False
5055-BRMNE,0.0355844771397482,Low Risk,106.7,High Value,Low Risk / High Value,Two year,67,14.80776847216342,-12.69223152783658,False
9558-IHEZX,0.0618780761166365,Low Risk,106.75,High Value,Low Risk / High Value,Two year,71,25.761390039258693,-1.7386099607413072,False
4119-ZYPZY,0.1156931480522308,Low Risk,106.8,High Value,Low Risk / High Value,Two year,71,48.18851002671517,20.68851002671517,True
8024-XNAFQ,0.0475901294723144,Low Risk,107.4,High Value,Low Risk / High Value,Two year,72,19.933601630773612,-7.566398369226388,False
4056-QHXHZ,0.0333487519872343,Low Risk,107.45,High Value,Low Risk / High Value,Two year,72,13.974961264010469,-13.525038735989531,False
8265-HKSOW,0.0213967275925628,Low Risk,107.45,High Value,Low Risk / High Value,Two year,72,8.966405681301405,-18.533594318698597,False
5954-BDFSG,0.0759524972972537,Low Risk,107.5,High Value,Low Risk / High Value,Two year,72,31.84308449187361,4.343084491873611,True
4683-WYDOU,0.1048410326532244,Low Risk,107.6,High Value,Low Risk / High Value,Two year,62,43.99549094259908,16.495490942599083,True
3096-YXENJ,0.0881491439001109,Low Risk,107.65,High Value,Low Risk / High Value,Two year,65,37.008095829303066,9.508095829303066,True
8915-NNTRC,0.0429493771208288,Low Risk,107.7,High Value,Low Risk / High Value,Two year,72,18.04002687206172,-9.45997312793828,False
1400-WIVLL,0.1016783357110619,Low Risk,107.95,High Value,Low Risk / High Value,Two year,57,42.80708772603562,15.307087726035618,True
6386-SZZKH,0.108542019451933,Low Risk,107.95,High Value,Low Risk / High Value,Two year,49,45.69673289936105,18.196732899361052,True
2651-ZCBXV,0.0715842373811864,Low Risk,108.0,High Value,Low Risk / High Value,Two year,54,30.15128078495571,2.651280784955709,True
2834-JRTUA,0.0760671873137631,Low Risk,108.05,High Value,Low Risk / High Value,Two year,71,32.0543323980832,4.554332398083197,True
9861-PDSZP,0.0682745057427502,Low Risk,108.05,High Value,Low Risk / High Value,Two year,72,28.770535347466218,1.2705353474662182,True
6583-SZVGP,0.1555461718887124,Low Risk,108.1,High Value,Low Risk / High Value,Two year,48,65.57671060656226,38.07671060656226,True
7134-HBPBS,0.0892939826486964,Low Risk,108.1,High Value,Low Risk / High Value,Two year,72,37.645450144863915,10.145450144863915,True
0181-RITDD,0.0301732233655956,Low Risk,108.15,High Value,Low Risk / High Value,Two year,62,12.726613017257742,-14.773386982742258,False
9031-ZVQPT,0.0964602062326753,Low Risk,108.2,High Value,Low Risk / High Value,Two year,72,40.70427782606433,13.204277826064327,True
6519-ZHPXP,0.0330609299050347,Low Risk,108.3,High Value,Low Risk / High Value,Two year,72,13.963944963989507,-13.536055036010493,False
5440-FLBQG,0.0897492996974861,Low Risk,108.4,High Value,Low Risk / High Value,Two year,69,37.942413940109226,10.442413940109226,True
2419-FSORS,0.0930540090115867,Low Risk,108.4,High Value,Low Risk / High Value,Two year,72,39.3395128497384,11.839512849738398,True
1320-GVNHT,0.055431505815519,Low Risk,108.4,High Value,Low Risk / High Value,Two year,72,23.434223398568815,-4.065776601431185,False
8041-TMEID,0.074118807236665,Low Risk,108.5,High Value,Low Risk / High Value,Two year,63,31.363373282194793,3.863373282194793,True
2798-NYLMZ,0.053276326586533,Low Risk,108.55,High Value,Low Risk / High Value,Two year,71,22.554266478775816,-4.945733521224184,False
7317-GGVPB,0.0675203267549483,Low Risk,108.6,High Value,Low Risk / High Value,Two year,71,28.597559193790804,1.0975591937908042,True
2001-MCUUW,0.1230924680824096,Low Risk,108.65,High Value,Low Risk / High Value,Two year,46,52.15858696289984,24.65858696289984,True
6990-YNRIO,0.0413504949098253,Low Risk,108.65,High Value,Low Risk / High Value,Two year,65,17.521651960614825,-9.978348039385175,False
1053-MXTTK,0.033326288656319,Low Risk,108.65,High Value,Low Risk / High Value,Two year,72,14.121514923785334,-13.378485076214666,False
1150-WFARN,0.0513512024858283,Low Risk,108.75,High Value,Low Risk / High Value,Two year,67,21.77932875430193,-5.720671245698071,False
4016-BJKTZ,0.2042428231665342,High Risk,108.9,High Value,High Risk / High Value,Two year,25,86.74396942705874,59.243969427058744,True
0345-XMMUG,0.117668937312739,Low Risk,108.9,High Value,Low Risk / High Value,Two year,46,49.975174366093384,22.475174366093384,True
5172-RKOCB,0.0480415247644007,Low Risk,108.95,High Value,Low Risk / High Value,Two year,72,20.413084080017683,-7.086915919982317,False
6733-LRIZX,0.1847613654838842,Low Risk,108.95,High Value,Low Risk / High Value,Two year,35,78.50602800092982,51.00602800092982,True
3407-JMJQQ,0.0623742729685266,Low Risk,109.0,High Value,Low Risk / High Value,Two year,71,26.51530343892066,-0.984696561079339,False
3766-EJLFL,0.058036500175481,Low Risk,109.05,High Value,Low Risk / High Value,Two year,68,24.682633342131197,-2.817366657868803,False
2307-FYNNL,0.1112066569623468,Low Risk,109.05,High Value,Low Risk / High Value,Two year,65,47.29563517280128,19.795635172801283,True
8819-ZBYNA,0.0690181748651914,Low Risk,109.1,High Value,Low Risk / High Value,Two year,58,29.366543223390288,1.8665432233902877,True
6614-FHDBO,0.0526657528139713,Low Risk,109.2,High Value,Low Risk / High Value,Two year,72,22.429290808414102,-5.070709191585898,False
3612-YUNGG,0.0649149416906946,Low Risk,109.2,High Value,Low Risk / High Value,Two year,64,27.64597536723302,0.14597536723302085,True
5574-NXZIU,0.0336852247535241,Low Risk,109.2,High Value,Low Risk / High Value,Two year,63,14.345863518030844,-13.154136481969156,False
8901-UPRHR,0.0612676290005544,Low Risk,109.2,High Value,Low Risk / High Value,Two year,72,26.09265783875611,-1.4073421612438892,False
3617-XLSGQ,0.0501373813733366,Low Risk,109.25,High Value,Low Risk / High Value,Two year,66,21.36228476864439,-6.13771523135561,False
6308-CQRBU,0.0720273229959331,Low Risk,109.25,High Value,Low Risk / High Value,Two year,71,30.689041645492203,3.1890416454922033,True
9488-FYQAU,0.0894977898546824,Low Risk,109.25,High Value,Low Risk / High Value,Two year,63,38.1327708123338,10.632770812333803,True
1163-VIPRI,0.0627982028380345,Low Risk,109.3,High Value,Low Risk / High Value,Two year,65,26.768989923768967,-0.7310100762310334,False
2599-CIPQE,0.0228707017221107,Low Risk,109.3,High Value,Low Risk / High Value,Two year,71,9.74909402308413,-17.75090597691587,False
1428-IEDPR,0.123429575193713,Low Risk,109.3,High Value,Low Risk / High Value,Two year,52,52.614325017824044,25.114325017824044,True
5089-IFSDP,0.0935882428531045,Low Risk,109.45,High Value,Low Risk / High Value,Two year,58,39.94860940306192,12.448609403061923,True
3831-YCPUO,0.0313962482116831,Low Risk,109.5,High Value,Low Risk / High Value,Two year,72,13.407767798799268,-14.092232201200732,False
9802-CAQUT,0.0415754341057466,Low Risk,109.55,High Value,Low Risk / High Value,Two year,72,17.762896344509706,-9.737103655490294,False
0536-ACXIP,0.102833483878702,Low Risk,109.55,High Value,Low Risk / High Value,Two year,72,43.93509181975604,16.43509181975604,True
3518-FSTWG,0.0866603559571788,Low Risk,109.55,High Value,Low Risk / High Value,Two year,72,37.025203780924855,9.525203780924855,True
5013-SBUIH,0.1187648450879167,Low Risk,109.65,High Value,Low Risk / High Value,Two year,50,50.78800452917126,23.28800452917126,True
6295-OSINB,0.0931044485474225,Low Risk,109.65,High Value,Low Risk / High Value,Two year,72,39.814720854577025,12.314720854577025,True
9680-NIAUV,0.044469086398519,Low Risk,109.7,High Value,Low Risk / High Value,Two year,72,19.025209233878385,-8.474790766121615,False
0013-SMEOE,0.0518332094323581,Low Risk,109.7,High Value,Low Risk / High Value,Two year,71,22.175801991445766,-5.324198008554234,False
4909-JOUPP,0.0592100174224646,Low Risk,109.7,High Value,Low Risk / High Value,Two year,72,25.331821753853028,-2.1681782461469723,False
1725-IQNIY,0.0454652528660924,Low Risk,109.75,High Value,Low Risk / High Value,Two year,54,19.4602648580092,-8.0397351419908,False
7446-KQISO,0.114558205813421,Low Risk,109.75,High Value,Low Risk / High Value,Two year,45,49.03377604328952,21.53377604328952,True
9866-OCCKE,0.0727214151103163,Low Risk,109.75,High Value,Low Risk / High Value,Two year,72,31.12658370259313,3.6265837025931305,True
1162-ECVII,0.0888511834936007,Low Risk,109.75,High Value,Low Risk / High Value,Two year,72,38.03052781484844,10.53052781484844,True
4670-TABXH,0.0640575572002893,Low Risk,109.75,High Value,Low Risk / High Value,Two year,72,27.418235920653828,-0.08176407934617202,False
0254-FNMCI,0.0494439178395365,Low Risk,109.9,High Value,Low Risk / High Value,Two year,72,21.19215762520374,-6.307842374796259,False
0136-IFMYD,0.1257497446171409,Low Risk,109.95,High Value,Low Risk / High Value,Two year,69,53.9221192405531,26.4221192405531,True
1841-YSJGV,0.0469874551973946,Low Risk,109.95,High Value,Low Risk / High Value,Two year,72,20.148455725918794,-7.351544274081206,False
3192-NQECA,0.0822238865942371,Low Risk,110.0,High Value,Low Risk / High Value,Two year,68,35.27404734892772,7.7740473489277235,True
7868-TMWMZ,0.0661775290943673,Low Risk,110.0,High Value,Low Risk / High Value,Two year,60,28.390159981483574,0.8901599814835741,True
2988-QRAJY,0.0668564558839998,Low Risk,110.05,High Value,Low Risk / High Value,Two year,69,28.694456583133295,1.1944565831332952,True
4778-IZARL,0.0416642425034173,Low Risk,110.1,High Value,Low Risk / High Value,Two year,63,17.890209088542353,-9.609790911457647,False
3244-CQPHU,0.062018748663608,Low Risk,110.1,High Value,Low Risk / High Value,Two year,72,26.63023048866664,-0.8697695113333594,False
9070-BCKQP,0.0542116862586298,Low Risk,110.15,High Value,Low Risk / High Value,Two year,72,23.288527241413483,-4.211472758586517,False
7566-DSRLQ,0.0998480075360028,Low Risk,110.15,High Value,Low Risk / High Value,Two year,72,42.89320631735377,15.393206317353773,True
5153-LXKDT,0.0886978368709219,Low Risk,110.2,High Value,Low Risk / High Value,Two year,68,38.120556330384815,10.620556330384815,True
8707-HOEDG,0.088792919146362,Low Risk,110.2,High Value,Low Risk / High Value,Two year,70,38.16142079072346,10.661420790723461,True
4627-MIHJH,0.0504360598338083,Low Risk,110.25,High Value,Low Risk / High Value,Two year,69,21.686244827041726,-5.813755172958274,False
1936-UAFEH,0.0365446386608158,Low Risk,110.25,High Value,Low Risk / High Value,Two year,68,15.713281008184275,-11.786718991815725,False
3580-HYCSP,0.0617684662557911,Low Risk,110.3,High Value,Low Risk / High Value,Two year,72,26.570941129253654,-0.9290588707463456,False
2789-CZANW,0.0393731262448375,Low Risk,110.3,High Value,Low Risk / High Value,Two year,64,16.93713771674175,-10.562862283258251,False
3729-OWRVL,0.1132024751758934,Low Risk,110.35,High Value,Low Risk / High Value,Two year,65,48.71838322907337,21.218383229073368,True
7602-MVRMB,0.0533610254508881,Low Risk,110.45,High Value,Low Risk / High Value,Two year,72,22.985528518097304,-4.514471481902696,False
8309-PPCED,0.074680077505998,Low Risk,110.45,High Value,Low Risk / High Value,Two year,72,32.16881678609617,4.668816786096173,True
1409-PHXTF,0.175389717628597,Low Risk,110.45,High Value,Low Risk / High Value,Two year,54,75.54999781710632,48.049997817106316,True
7519-JTWQH,0.0758770808467443,Low Risk,110.5,High Value,Low Risk / High Value,Two year,69,32.69922799090446,5.199227990904461,True
9405-GPBBG,0.0821872282265362,Low Risk,110.5,High Value,Low Risk / High Value,Two year,64,35.41858600422577,7.918586004225773,True
6297-NOOPG,0.1031019135677088,Low Risk,110.5,High Value,Low Risk / High Value,Two year,70,44.43176965200411,16.931769652004107,True
1291-CUOCY,0.0669406404645166,Low Risk,110.6,High Value,Low Risk / High Value,Two year,72,28.874175857964588,1.3741758579645875,True
6993-YCOBK,0.0877290755648721,Low Risk,110.6,High Value,Low Risk / High Value,Two year,60,37.84105945415193,10.341059454151932,True
8823-RLPWL,0.0685852655549897,Low Risk,110.65,High Value,Low Risk / High Value,Two year,72,29.59694257127248,2.0969425712724785,True
2272-WUSPA,0.0902790431490263,Low Risk,110.75,High Value,Low Risk / High Value,Two year,72,38.99377571214318,11.493775712143183,True
2499-AJYUA,0.0813916821907712,Low Risk,110.8,High Value,Low Risk / High Value,Two year,72,35.17097370827605,7.670973708276051,True
5795-KTGUD,0.0796240367266986,Low Risk,110.8,High Value,Low Risk / High Value,Two year,68,34.407138750341005,6.907138750341005,True
9330-VOFSZ,0.0896026945271309,Low Risk,110.8,High Value,Low Risk / High Value,Two year,60,38.719116359063804,11.219116359063804,True
4616-ULAOA,0.0706245122834756,Low Risk,110.8,High Value,Low Risk / High Value,Two year,65,30.518264247935477,3.018264247935477,True
9351-HXDMR,0.0580732489685209,Low Risk,110.9,High Value,Low Risk / High Value,Two year,72,25.11726091137498,-2.3827390886250193,False
7030-FZTFM,0.0412835957469638,Low Risk,110.9,High Value,Low Risk / High Value,Two year,72,17.855567996519316,-9.644432003480684,False
2323-ARSVR,0.0571586369610362,Low Risk,111.05,High Value,Low Risk / High Value,Two year,67,24.755119874639973,-2.7448801253600266,False
8591-TKMZH,0.0581141986004046,Low Risk,111.1,High Value,Low Risk / High Value,Two year,59,25.180301111569307,-2.3196988884306933,False
5514-YQENT,0.0914782813243182,Low Risk,111.15,High Value,Low Risk / High Value,Two year,41,39.654462779872084,12.154462779872084,True
8071-SBTRN,0.0714996469412321,Low Risk,111.15,High Value,Low Risk / High Value,Two year,70,30.994024454320005,3.494024454320005,True
3022-BEXHZ,0.0724054132836723,Low Risk,111.2,High Value,Low Risk / High Value,Two year,67,31.400779632863006,3.9007796328630064,True
0835-JKADZ,0.1033426016437976,Low Risk,111.25,High Value,Low Risk / High Value,Two year,71,44.83777128820269,17.33777128820269,True
2773-OVBPK,0.0839731599529609,Low Risk,111.3,High Value,Low Risk / High Value,Two year,67,36.450229540781734,8.950229540781734,True
3508-CFVZL,0.039673745506315,Low Risk,111.3,High Value,Low Risk / High Value,Two year,71,17.221182711926154,-10.278817288073846,False
1891-QRQSA,0.0739103548518886,Low Risk,111.6,High Value,Low Risk / High Value,Two year,64,32.16874284573599,4.668742845735991,True
8853-TZDGH,0.074207185161208,Low Risk,111.6,High Value,Low Risk / High Value,Two year,72,32.297935269564164,4.797935269564164,True
3090-HAWSU,0.0711593754541837,Low Risk,111.6,High Value,Low Risk / High Value,Two year,61,30.971406572678916,3.471406572678916,True
2469-DTSGX,0.0859645240870951,Low Risk,111.65,High Value,Low Risk / High Value,Two year,72,37.43196254586426,9.931962545864259,True
5304-EFJLP,0.0885137845082521,Low Risk,111.65,High Value,Low Risk / High Value,Two year,72,38.54199975735076,11.041999757350759,True
2632-IVXVF,0.0370020191173101,Low Risk,111.75,High Value,Low Risk / High Value,Two year,68,16.126404981801677,-11.373595018198323,False
8099-MZPUJ,0.0552257748700546,Low Risk,111.8,High Value,Low Risk / High Value,Two year,48,24.07954235884121,-3.420457641158791,False
0619-OLYUR,0.0544864459202242,Low Risk,111.9,High Value,Low Risk / High Value,Two year,72,23.778429864045044,-3.7215701359549556,False
7055-JCGNI,0.0527805012373864,Low Risk,111.95,High Value,Low Risk / High Value,Two year,70,23.04423074274909,-4.45576925725091,False
2193-SFWQW,0.0242503982632341,Low Risk,111.95,High Value,Low Risk / High Value,Two year,72,10.587845133719323,-16.912154866280677,False
0378-CJKPV,0.0355847963174827,Low Risk,112.1,High Value,Low Risk / High Value,Two year,72,15.557317102040262,-11.942682897959738,False
7255-SSFBC,0.0627862511495349,Low Risk,112.25,High Value,Low Risk / High Value,Two year,72,27.486251096987644,-0.013748903012356095,False
4829-ZLJTK,0.1157652271881578,Low Risk,112.4,High Value,Low Risk / High Value,Two year,72,50.746844990200856,23.246844990200856,True
6993-YGFJV,0.0586414225260887,Low Risk,112.55,High Value,Low Risk / High Value,Two year,69,25.740359210714004,-1.7596407892859958,False
3520-FJGCV,0.0434515277958877,Low Risk,112.6,High Value,Low Risk / High Value,Two year,72,19.081303916286124,-8.418696083713876,False
5183-KLYEM,0.0523032671417413,Low Risk,112.75,High Value,Low Risk / High Value,Two year,72,22.999054143902192,-4.5009458560978075,False
5236-PERKL,0.1023734640376922,Low Risk,112.95,High Value,Low Risk / High Value,Two year,57,45.09602277592361,17.596022775923608,True
0907-HQNTS,0.0669476596921378,Low Risk,113.0,High Value,Low Risk / High Value,Two year,70,29.503833626325125,2.0038336263251253,True
3870-SPZSI,0.0457368681636642,Low Risk,113.05,High Value,Low Risk / High Value,Two year,70,20.165156489018727,-7.334843510981273,False
6859-QNXIQ,0.0495413938993364,Low Risk,113.1,High Value,Low Risk / High Value,Two year,72,21.852213435058292,-5.647786564941708,False
1043-UXOVO,0.0518738681638869,Low Risk,113.15,High Value,Low Risk / High Value,Two year,71,22.891159912700836,-4.608840087299164,False
5271-YNWVR,0.0719994300021747,Low Risk,113.15,High Value,Low Risk / High Value,Two year,68,31.772268468509658,4.272268468509658,True
9786-IJYDL,0.1173012728836289,Low Risk,113.2,High Value,Low Risk / High Value,Two year,35,51.7861659526645,24.286165952664497,True
3655-SNQYZ,0.0349641317926705,Low Risk,113.25,High Value,Low Risk / High Value,Two year,69,15.442782909527747,-12.057217090472253,False
8670-ERCJH,0.0393527283529969,Low Risk,113.4,High Value,Low Risk / High Value,Two year,72,17.40413764139641,-10.09586235860359,False
7740-BTPUX,0.1689539683355827,Low Risk,113.6,High Value,Low Risk / High Value,Two year,55,74.85336613139657,47.35336613139657,True
9239-GZHZE,0.0504310646070108,Low Risk,113.65,High Value,Low Risk / High Value,Two year,72,22.352812921088436,-5.147187078911564,False
5038-ETMLM,0.0556450021079952,Low Risk,113.65,High Value,Low Risk / High Value,Two year,72,24.66381250933725,-2.8361874906627484,False
4806-DXQCE,0.0884345878849415,Low Risk,113.65,High Value,Low Risk / High Value,Two year,70,39.19730456118205,11.697304561182051,True
2368-GAKKQ,0.0580822628622256,Low Risk,113.65,High Value,Low Risk / High Value,Two year,70,25.744091779738568,-1.755908220261432,False
9258-CNWAC,0.0336205999518289,Low Risk,113.65,High Value,Low Risk / High Value,Two year,71,14.901826619648883,-12.598173380351117,False
7663-CUXZB,0.0674936791341743,Low Risk,113.75,High Value,Low Risk / High Value,Two year,59,29.941883405898075,2.441883405898075,True
3258-SYSWS,0.0438639098120579,Low Risk,113.8,High Value,Low Risk / High Value,Two year,72,19.467680452787537,-8.032319547212463,False
8085-MSNLK,0.0455663651455675,Low Risk,113.95,High Value,Low Risk / High Value,Two year,62,20.249920502515923,-7.2500794974840765,False
9127-FHJBZ,0.0612028102560732,Low Risk,114.0,High Value,Low Risk / High Value,Two year,72,27.21076943985015,-0.28923056014984994,False
3726-TBHQT,0.0494604950740696,Low Risk,114.0,High Value,Low Risk / High Value,Two year,71,21.990136109931345,-5.5098638900686545,False
4376-KFVRS,0.0468463623326919,Low Risk,114.05,High Value,Low Risk / High Value,Two year,72,20.83702773376969,-6.662972266230309,False
3892-NXAZG,0.0445007922498942,Low Risk,114.05,High Value,Low Risk / High Value,Two year,72,19.793729888791688,-7.706270111208312,False
9637-CDTKZ,0.0484729204916559,Low Risk,114.1,High Value,Low Risk / High Value,Two year,72,21.56996488958196,-5.930035110418039,False
1555-DJEQW,0.0467810848690793,Low Risk,114.2,High Value,Low Risk / High Value,Two year,70,20.83535957899054,-6.664640421009459,False
0266-GMEAO,0.0414789287159409,Low Risk,114.3,High Value,Low Risk / High Value,Two year,72,18.490062053704975,-9.009937946295025,False
7929-SKFGK,0.0407221274229702,Low Risk,114.3,High Value,Low Risk / High Value,Two year,70,18.152702741337425,-9.347297258662575,False
5375-XLDOF,0.0474551138174172,Low Risk,114.35,High Value,Low Risk / High Value,Two year,69,21.16331983358446,-6.33668016641554,False
7359-WWYJV,0.0377522122434895,Low Risk,114.45,High Value,Low Risk / High Value,Two year,72,16.850888695942757,-10.649111304057243,False
2040-XBAVJ,0.0327373730320921,Low Risk,114.45,High Value,Low Risk / High Value,Two year,72,14.61249013973947,-12.88750986026053,False
5135-GRQJV,0.0652959537233495,Low Risk,114.5,High Value,Low Risk / High Value,Two year,72,29.15790813516172,1.657908135161719,True
8207-DMRVL,0.03469629920668,Low Risk,114.55,High Value,Low Risk / High Value,Two year,72,15.500398189088255,-11.999601810911745,False
5322-TEUJK,0.0353040702325487,Low Risk,114.6,High Value,Low Risk / High Value,Two year,71,15.778801149735317,-11.721198850264683,False
0530-IJVDB,0.0638658544350306,Low Risk,114.6,High Value,Low Risk / High Value,Two year,70,28.54420498119257,1.0442049811925713,True
1779-PWPMG,0.0699798997123344,Low Risk,114.65,High Value,Low Risk / High Value,Two year,72,31.290462457874646,3.7904624578746464,True
6445-TNRXS,0.0525527504922402,Low Risk,114.7,High Value,Low Risk / High Value,Two year,68,23.508421877693813,-3.991578122306187,False
4393-GEADV,0.0310931503656171,Low Risk,114.75,High Value,Low Risk / High Value,Two year,70,13.914962117372792,-13.585037882627208,False
2388-LAESQ,0.0694538959879818,Low Risk,114.85,High Value,Low Risk / High Value,Two year,72,31.109441821456862,3.609441821456862,True
4304-TSPVK,0.0445746247091698,Low Risk,114.9,High Value,Low Risk / High Value,Two year,68,19.97433507842608,-7.52566492157392,False
0164-APGRB,0.0796908831316455,Low Risk,114.9,High Value,Low Risk / High Value,Two year,72,35.71028164012167,8.210281640121671,True
6919-ELBGL,0.0569122018945167,Low Risk,114.95,High Value,Low Risk / High Value,Two year,72,25.514024670321312,-1.9859753296786877,False
7176-WRTNX,0.0522063197611731,Low Risk,114.95,High Value,Low Risk / High Value,Two year,70,23.404354180532707,-4.095645819467293,False
1557-EMYVT,0.0696829068241421,Low Risk,115.05,High Value,Low Risk / High Value,Two year,43,31.26637187745844,3.7663718774584396,True
8454-AATJP,0.0386706560558732,Low Risk,115.05,High Value,Low Risk / High Value,Two year,72,17.351330018990026,-10.148669981009974,False
8029-XYPWT,0.0657389476766607,Low Risk,115.05,High Value,Low Risk / High Value,Two year,71,29.496737127779276,1.9967371277792765,True
7017-VFHAY,0.0409954224721869,Low Risk,115.1,High Value,Low Risk / High Value,Two year,61,18.402435193539976,-9.097564806460024,False
8869-LIHMK,0.0662992985628836,Low Risk,115.1,High Value,Low Risk / High Value,Two year,64,29.761092131892816,2.2610921318928163,True
3669-WHAFY,0.0513596542549112,Low Risk,115.15,High Value,Low Risk / High Value,Two year,71,23.0648503310668,-4.4351496689331995,False
0906-QVPMS,0.0402644958819058,Low Risk,115.15,High Value,Low Risk / High Value,Two year,72,18.08218113312567,-9.417818866874331,False
3396-DKDEL,0.0493538034166512,Low Risk,115.15,High Value,Low Risk / High Value,Two year,70,22.164052807366808,-5.335947192633192,False
2380-DAMQP,0.0551964529331491,Low Risk,115.15,High Value,Low Risk / High Value,Two year,72,24.787899065483266,-2.7121009345167337,False
3882-IYOIJ,0.0402268193689482,Low Risk,115.25,High Value,Low Risk / High Value,Two year,60,18.080949635857994,-9.419050364142006,False
8015-IHCGW,0.0670791264539228,Low Risk,115.5,High Value,Low Risk / High Value,Two year,72,30.21579251116953,2.7157925111695285,True
9298-WGMRW,0.0560971952216629,Low Risk,115.5,High Value,Low Risk / High Value,Two year,72,25.268981587598056,-2.2310184124019443,False
8480-PPONV,0.0427415735201211,Low Risk,115.55,High Value,Low Risk / High Value,Two year,62,19.26127639897497,-8.238723601025029,False
8263-QMNTJ,0.0755342244782071,Low Risk,115.55,High Value,Low Risk / High Value,Two year,72,34.039120589981636,6.539120589981636,True
2121-JAFOM,0.0516539548009643,Low Risk,115.55,High Value,Low Risk / High Value,Two year,72,23.277596461280552,-4.222403538719448,False
1352-HNSAW,0.0472533408054021,Low Risk,115.6,High Value,Low Risk / High Value,Two year,72,21.303696168707482,-6.196303831292518,False
8606-CIQUL,0.0548798373346607,Low Risk,115.75,High Value,Low Risk / High Value,Two year,72,24.774130568799208,-2.725869431200792,False
5451-YHYPW,0.065471455156374,Low Risk,115.75,High Value,Low Risk / High Value,Two year,72,29.555451643966137,2.055451643966137,True
6007-TCTST,0.0506846857203061,Low Risk,115.8,High Value,Low Risk / High Value,Two year,72,22.89021776500464,-4.609782234995361,False
5914-XRFQB,0.0564104952870977,Low Risk,115.8,High Value,Low Risk / High Value,Two year,72,25.476107881559066,-2.0238921184409335,False
8513-OLYGY,0.0364951779319653,Low Risk,115.8,High Value,Low Risk / High Value,Two year,72,16.48195225763417,-11.01804774236583,False
1741-WTPON,0.0475195998974927,Low Risk,115.85,High Value,Low Risk / High Value,Two year,56,21.470068027685663,-6.029931972314337,False
0106-UGRDO,0.0840466127380375,Low Risk,116.0,High Value,Low Risk / High Value,Two year,69,38.022687602688165,10.522687602688165,True
1480-BKXGA,0.068393609818808,Low Risk,116.05,High Value,Low Risk / High Value,Two year,72,30.954605835943404,3.454605835943404,True
2223-GDSHL,0.0495898248296337,Low Risk,116.05,High Value,Low Risk / High Value,Two year,71,22.444106768768062,-5.055893231231938,False
8261-GWDBQ,0.0879020528253408,Low Risk,116.05,High Value,Low Risk / High Value,Two year,60,39.78402959848512,12.28402959848512,True
8975-SKGRX,0.0574031699793672,Low Risk,116.1,High Value,Low Risk / High Value,Two year,71,25.991581334957672,-1.5084186650423277,False
7923-IYJWY,0.0706671056404273,Low Risk,116.1,High Value,Low Risk / High Value,Two year,67,31.997358762929082,4.497358762929082,True
9695-IDRZR,0.1012286713662045,Low Risk,116.15,High Value,Low Risk / High Value,Two year,34,45.85506969882015,18.355069698820152,True
9053-JZFKV,0.0406135667489484,Low Risk,116.2,High Value,Low Risk / High Value,Two year,67,18.405256179288436,-9.094743820711564,False
8879-XUAHX,0.0819294579069809,Low Risk,116.25,High Value,Low Risk / High Value,Two year,71,37.14476797857747,9.64476797857747,True
0675-NCDYU,0.0471452695246168,Low Risk,116.4,High Value,Low Risk / High Value,Two year,72,21.402066553395045,-6.097933446604955,False
3963-RYFNS,0.0509041634472704,Low Risk,116.45,High Value,Low Risk / High Value,Two year,72,23.11838035039509,-4.381619649604911,False
3795-CAWEX,0.0459364221748929,Low Risk,116.55,High Value,Low Risk / High Value,Two year,70,20.880171017486695,-6.6198289825133045,False
3258-ZKPAI,0.0470658496846429,Low Risk,116.6,High Value,Low Risk / High Value,Two year,72,21.40272448559451,-6.097275514405489,False
8628-MFKAX,0.0615121840496223,Low Risk,116.75,High Value,Low Risk / High Value,Two year,72,28.008035202394275,0.5080352023942751,True
0017-IUDMW,0.0457018565509238,Low Risk,116.8,High Value,Low Risk / High Value,Two year,72,20.81810969607681,-6.68189030392319,False
1488-PBLJN,0.0498748324033262,Low Risk,116.85,High Value,Low Risk / High Value,Two year,72,22.728709248681795,-4.771290751318205,False
9788-HNGUT,0.0535894560301365,Low Risk,116.95,High Value,Low Risk / High Value,Two year,72,24.44241884262541,-3.057581157374589,False
6650-BWFRT,0.0535924165242682,Low Risk,117.15,High Value,Low Risk / High Value,Two year,72,24.48557122369028,-3.014428776309721,False
6904-JLBGY,0.0639210790165348,Low Risk,117.35,High Value,Low Risk / High Value,Two year,72,29.2544406281024,1.754440628102401,True
9739-JLPQJ,0.0346090427732242,Low Risk,117.5,High Value,Low Risk / High Value,Two year,72,15.859593850829992,-11.640406149170008,False
3810-DVDQQ,0.0469669072414307,Low Risk,117.6,High Value,Low Risk / High Value,Two year,72,21.540902337209776,-5.959097662790224,False
9924-JPRMC,0.0752509414479108,Low Risk,118.2,High Value,Low Risk / High Value,Two year,72,34.68917898865792,7.189178988657922,True
5989-AXPUC,0.0416753089540237,Low Risk,118.6,High Value,Low Risk / High Value,Two year,68,19.27649740359412,-8.22350259640588,False
8984-HPEMB,0.078977036421973,Low Risk,118.65,High Value,Low Risk / High Value,Two year,71,36.54543894872168,9.045438948721682,True
7569-NMZYQ,0.0511805189879149,Low Risk,118.75,High Value,Low Risk / High Value,Two year,72,23.702977856278086,-3.7970221437219145,False
