customerID,churn_probability,risk_tier,MonthlyCharges,value_tier,segment,Contract,tenure
9426-SXNHE,0.20497279872639237,High Risk,18.75,Low Value,High Risk / Low Value,Month-to-month,2
3806-YAZOV,0.1874600923856278,Low Risk,18.8,Low Value,Low Risk / Low Value,Month-to-month,3
3387-PLKUI,0.10520633337069409,Low Risk,18.8,Low Value,Low Risk / Low Value,Month-to-month,13
8992-CEUEN,0.26865232538226835,High Risk,18.85,Low Value,High Risk / Low Value,Month-to-month,1
0620-XEFWH,0.15523377797074328,Low Risk,18.85,Low Value,Low Risk / Low Value,Month-to-month,4
5863-OOKCL,0.1370513306365874,Low Risk,18.85,Low Value,Low Risk / Low Value,Month-to-month,10
9318-NKNFC,0.26045203045671167,High Risk,18.85,Low Value,High Risk / Low Value,Month-to-month,1
9975-SKRNR,0.199948391341097,High Risk,18.9,Low Value,High Risk / Low Value,Month-to-month,1
5025-GOOKI,0.11360268024107736,Low Risk,18.9,Low Value,Low Risk / Low Value,Month-to-month,20
7968-QUXNS,0.1612233779017002,Low Risk,18.95,Low Value,Low Risk / Low Value,Month-to-month,6
9025-ZRPVR,0.18880869739968434,Low Risk,18.95,Low Value,Low Risk / Low Value,Month-to-month,9
1386-ZIKUV,0.20445772991822297,High Risk,18.95,Low Value,High Risk / Low Value,Month-to-month,7
1218-VKFPE,0.10992953034903231,Low Risk,19.0,Low Value,Low Risk / Low Value,Month-to-month,12
1423-BMPBQ,0.23547357006771322,High Risk,19.0,Low Value,High Risk / Low Value,Month-to-month,1
2023-VQFDL,0.12890060546225962,Low Risk,19.0,Low Value,Low Risk / Low Value,Month-to-month,18
5222-JCXZT,0.17599587045034795,Low Risk,19.0,Low Value,Low Risk / Low Value,Month-to-month,4
7234-KMNRQ,0.1757583383736236,Low Risk,19.0,Low Value,Low Risk / Low Value,Month-to-month,4
1015-OWJKI,0.19956006123478748,High Risk,19.05,Low Value,High Risk / Low Value,Month-to-month,1
9467-ROOLM,0.06779195404390562,Low Risk,19.05,Low Value,Low Risk / Low Value,Month-to-month,25
1991-VOPLL,0.14342400726831936,Low Risk,19.05,Low Value,Low Risk / Low Value,Month-to-month,9
1431-CYWMH,0.07236060358885542,Low Risk,19.05,Low Value,Low Risk / Low Value,Month-to-month,22
6569-KTMDU,0.20310765966785213,High Risk,19.1,Low Value,High Risk / Low Value,Month-to-month,1
6121-VZNQB,0.26409411991785714,High Risk,19.1,Low Value,High Risk / Low Value,Month-to-month,1
9441-QHEVC,0.19943074374615616,High Risk,19.1,Low Value,High Risk / Low Value,Month-to-month,1
9039-ZVJDC,0.23991951969865377,High Risk,19.1,Low Value,High Risk / Low Value,Month-to-month,3
7302-ZHMHP,0.20297662624521853,High Risk,19.15,Low Value,High Risk / Low Value,Month-to-month,1
9046-JBFWA,0.052655275114223764,Low Risk,19.15,Low Value,Low Risk / Low Value,Month-to-month,27
0487-VVUVK,0.07921743910567423,Low Risk,19.15,Low Value,Low Risk / Low Value,Month-to-month,25
6979-TNDEU,0.15032904435391192,Low Risk,19.2,Low Value,Low Risk / Low Value,Month-to-month,8
1663-MHLHE,0.199172297567882,High Risk,19.2,Low Value,High Risk / Low Value,Month-to-month,1
9137-NOQKA,0.29590256312598234,High Risk,19.2,Low Value,High Risk / Low Value,Month-to-month,2
3308-MHOOC,0.23134032283113287,High Risk,19.2,Low Value,High Risk / Low Value,Month-to-month,1
7168-HDQHG,0.03597655168396392,Low Risk,19.2,Low Value,Low Risk / Low Value,Month-to-month,36
4232-JGKIY,0.2630818019189291,High Risk,19.2,Low Value,High Risk / Low Value,Month-to-month,1
3373-YZZYM,0.1756710669901545,Low Risk,19.2,Low Value,Low Risk / Low Value,Month-to-month,1
8780-RSYYU,0.09169651548484936,Low Risk,19.2,Low Value,Low Risk / Low Value,Month-to-month,25
9837-FWLCH,0.1958646498921536,High Risk,19.2,Low Value,High Risk / Low Value,Month-to-month,12
1098-TDVUQ,0.2740990899895617,High Risk,19.25,Low Value,High Risk / Low Value,Month-to-month,1
4541-RMRLG,0.20589943180093218,High Risk,19.25,Low Value,High Risk / Low Value,Month-to-month,7
3156-QLHBO,0.1689854381437666,Low Risk,19.25,Low Value,Low Risk / Low Value,Month-to-month,2
5186-PEIZU,0.04300851481949746,Low Risk,19.25,Low Value,Low Risk / Low Value,Month-to-month,35
4946-EDSEW,0.1529588545189573,Low Risk,19.25,Low Value,Low Risk / Low Value,Month-to-month,11
5537-UXXVS,0.09022873303679202,Low Risk,19.25,Low Value,Low Risk / Low Value,Month-to-month,20
0303-WMMRN,0.22074461903916306,High Risk,19.25,Low Value,High Risk / Low Value,Month-to-month,5
6082-GLJIX,0.09266261342155775,Low Risk,19.25,Low Value,Low Risk / Low Value,Month-to-month,18
5510-BOIUJ,0.17599008088676193,Low Risk,19.25,Low Value,Low Risk / Low Value,Month-to-month,1
9374-YOLBJ,0.23822605639040845,High Risk,19.25,Low Value,High Risk / Low Value,Month-to-month,1
0761-AETCS,0.26722282587571566,High Risk,19.3,Low Value,High Risk / Low Value,Month-to-month,1
0396-HUJBP,0.19458241320714362,High Risk,19.3,Low Value,High Risk / Low Value,Month-to-month,2
7785-RDVIG,0.16386889276242197,Low Risk,19.3,Low Value,Low Risk / Low Value,Month-to-month,3
7926-IJOOU,0.19371047931635693,Low Risk,19.3,Low Value,Low Risk / Low Value,Month-to-month,1
6112-KTHFQ,0.16194652752549157,Low Risk,19.3,Low Value,Low Risk / Low Value,Month-to-month,13
2320-YKQBO,0.1571722227788129,Low Risk,19.3,Low Value,Low Risk / Low Value,Month-to-month,7
4667-OHGKG,0.259050709208613,High Risk,19.3,Low Value,High Risk / Low Value,Month-to-month,1
1724-IQWNM,0.23105245908861774,High Risk,19.3,Low Value,High Risk / Low Value,Month-to-month,1
1735-XMJVH,0.17208219241892386,Low Risk,19.35,Low Value,Low Risk / Low Value,Month-to-month,8
9142-XMYJH,0.05477561592189726,Low Risk,19.35,Low Value,Low Risk / Low Value,Month-to-month,29
0366-NQSHS,0.1909859910199231,Low Risk,19.35,Low Value,Low Risk / Low Value,Month-to-month,2
5917-HBSDW,0.04538400522240455,Low Risk,19.35,Low Value,Low Risk / Low Value,Month-to-month,37
4903-UYAVB,0.16852009780438137,Low Risk,19.35,Low Value,Low Risk / Low Value,Month-to-month,5
2096-XOTMO,0.08982116500936861,Low Risk,19.35,Low Value,Low Risk / Low Value,Month-to-month,16
9063-ZGTUY,0.013331745483813164,Low Risk,19.4,Low Value,Low Risk / Low Value,Month-to-month,61
0098-BOWSO,0.1149475623761796,Low Risk,19.4,Low Value,Low Risk / Low Value,Month-to-month,27
2223-KAGMX,0.11435556022880748,Low Risk,19.4,Low Value,Low Risk / Low Value,Month-to-month,15
2243-FNMMI,0.08514495870363267,Low Risk,19.4,Low Value,Low Risk / Low Value,Month-to-month,20
9101-NTIXF,0.19105601660464094,Low Risk,19.4,Low Value,Low Risk / Low Value,Month-to-month,2
5766-ZJYBB,0.1986561603056198,High Risk,19.4,Low Value,High Risk / Low Value,Month-to-month,1
8295-FHIVV,0.20511453309451008,High Risk,19.4,Low Value,High Risk / Low Value,Month-to-month,7
0208-BPQEJ,0.11350616846303604,Low Risk,19.4,Low Value,Low Risk / Low Value,Month-to-month,12
9629-NHXFW,0.2343093365250857,High Risk,19.4,Low Value,High Risk / Low Value,Month-to-month,1
6878-GGDWG,0.05081917594277848,Low Risk,19.4,Low Value,Low Risk / Low Value,Month-to-month,32
5616-PRTNT,0.13769974178713118,Low Risk,19.4,Low Value,Low Risk / Low Value,Month-to-month,20
8410-BGQXN,0.1756714959062492,Low Risk,19.4,Low Value,Low Risk / Low Value,Month-to-month,4
7298-IZWLY,0.263150940180603,High Risk,19.4,Low Value,High Risk / Low Value,Month-to-month,1
2308-STERM,0.1951090537665471,High Risk,19.4,Low Value,High Risk / Low Value,Month-to-month,2
2220-IAHLS,0.19705155090933726,High Risk,19.4,Low Value,High Risk / Low Value,Month-to-month,1
7956-XQWGU,0.0789622662049775,Low Risk,19.4,Low Value,Low Risk / Low Value,Month-to-month,27
3679-XASPY,0.23763874630998313,High Risk,19.45,Low Value,High Risk / Low Value,Month-to-month,1
8944-AILEF,0.14157017935148414,Low Risk,19.45,Low Value,Low Risk / Low Value,Month-to-month,15
7617-EYGLW,0.2622976076598879,High Risk,19.45,Low Value,High Risk / Low Value,Month-to-month,1
1257-SXUXQ,0.1466277138333464,Low Risk,19.45,Low Value,Low Risk / Low Value,Month-to-month,5
1725-MIMXW,0.2306211334787269,High Risk,19.45,Low Value,High Risk / Low Value,Month-to-month,1
2171-UDMFD,0.05538085077914821,Low Risk,19.45,Low Value,Low Risk / Low Value,Month-to-month,32
2882-DDZPG,0.13091011134744912,Low Risk,19.45,Low Value,Low Risk / Low Value,Month-to-month,12
3750-RNQKR,0.1255836302156514,Low Risk,19.45,Low Value,Low Risk / Low Value,Month-to-month,12
9174-FKWZE,0.3885387952530581,High Risk,19.45,Low Value,High Risk / Low Value,Month-to-month,1
8393-JMVMB,0.19852728327974345,High Risk,19.45,Low Value,High Risk / Low Value,Month-to-month,1
4760-XOHVN,0.17841361388342167,Low Risk,19.45,Low Value,Low Risk / Low Value,Month-to-month,1
4801-KFYKL,0.13511385242582705,Low Risk,19.45,Low Value,Low Risk / Low Value,Month-to-month,8
4770-QAZXN,0.11551014134283527,Low Risk,19.45,Low Value,Low Risk / Low Value,Month-to-month,13
1051-GEJLJ,0.19327465736586513,Low Risk,19.5,Low Value,Low Risk / Low Value,Month-to-month,2
3318-ISQFQ,0.12363811872100484,Low Risk,19.5,Low Value,Low Risk / Low Value,Month-to-month,20
9391-TTOYH,0.10265995555787984,Low Risk,19.5,Low Value,Low Risk / Low Value,Month-to-month,23
5624-RYAMH,0.2526486160919865,High Risk,19.5,Low Value,High Risk / Low Value,Month-to-month,9
6806-YDEUL,0.2030214550903626,High Risk,19.5,Low Value,High Risk / Low Value,Month-to-month,6
7551-JOHTI,0.202061156622189,High Risk,19.5,Low Value,High Risk / Low Value,Month-to-month,1
5906-BFOZT,0.25842947605813754,High Risk,19.5,Low Value,High Risk / Low Value,Month-to-month,1
8566-YPRGL,0.26283702858704044,High Risk,19.5,Low Value,High Risk / Low Value,Month-to-month,1
1905-OEILC,0.202061156622189,High Risk,19.5,Low Value,High Risk / Low Value,Month-to-month,1
0883-EIBTI,0.19346226276509984,Low Risk,19.5,Low Value,Low Risk / Low Value,Month-to-month,2
8053-WWDRO,0.17161950447706012,Low Risk,19.5,Low Value,Low Risk / Low Value,Month-to-month,6
7727-SHVZV,0.14887476216066076,Low Risk,19.5,Low Value,Low Risk / Low Value,Month-to-month,9
2061-VVFST,0.04035699962133681,Low Risk,19.5,Low Value,Low Risk / Low Value,Month-to-month,37
2866-IKBTM,0.20193062726351452,High Risk,19.55,Low Value,High Risk / Low Value,Month-to-month,1
1029-QFBEN,0.19826971794908113,High Risk,19.55,Low Value,High Risk / Low Value,Month-to-month,1
8605-ITULD,0.20193062726351452,High Risk,19.55,Low Value,High Risk / Low Value,Month-to-month,1
2484-DGXPZ,0.061272010734034286,Low Risk,19.55,Low Value,Low Risk / Low Value,Month-to-month,31
1345-GKDZZ,0.14124677938595717,Low Risk,19.55,Low Value,Low Risk / Low Value,Month-to-month,6
4365-MSDYN,0.20312145444203764,High Risk,19.55,Low Value,High Risk / Low Value,Month-to-month,8
2576-HXMPA,0.19666746390639447,High Risk,19.55,Low Value,High Risk / Low Value,Month-to-month,1
6506-EYCNH,0.0733023099316476,Low Risk,19.55,Low Value,Low Risk / Low Value,Month-to-month,28
3724-UCSHY,0.14067461136614345,Low Risk,19.55,Low Value,Low Risk / Low Value,Month-to-month,6
4693-VWVBO,0.24675605840085582,High Risk,19.55,Low Value,High Risk / Low Value,Month-to-month,3
1622-HSHSF,0.2626801631758167,High Risk,19.55,Low Value,High Risk / Low Value,Month-to-month,1
1237-WIYYZ,0.12965319794222627,Low Risk,19.55,Low Value,Low Risk / Low Value,Month-to-month,18
0927-CNGRH,0.17528660626394635,Low Risk,19.55,Low Value,Low Risk / Low Value,Month-to-month,1
7601-WFVZV,0.19826971794908113,High Risk,19.55,Low Value,High Risk / Low Value,Month-to-month,1
7989-CHGTL,0.2581192237061778,High Risk,19.6,Low Value,High Risk / Low Value,Month-to-month,1
6184-DYUOB,0.2421650965691906,High Risk,19.6,Low Value,High Risk / Low Value,Month-to-month,3
4881-GQJTW,0.10926290391243178,Low Risk,19.6,Low Value,Low Risk / Low Value,Month-to-month,14
5702-SKUOB,0.17808498789836677,Low Risk,19.6,Low Value,Low Risk / Low Value,Month-to-month,4
1051-EQPZR,0.02214974917358436,Low Risk,19.6,Low Value,Low Risk / Low Value,Month-to-month,44
4588-YBNIB,0.2625233580439074,High Risk,19.6,Low Value,High Risk / Low Value,Month-to-month,1
5468-BPMMO,0.03255286117343458,Low Risk,19.6,Low Value,Low Risk / Low Value,Month-to-month,46
6036-TTFYU,0.10368977121197635,Low Risk,19.6,Low Value,Low Risk / Low Value,Month-to-month,16
9313-CDOGY,0.04225382934765223,Low Risk,19.6,Low Value,Low Risk / Low Value,Month-to-month,38
1087-UDSIH,0.24296693704300387,High Risk,19.6,Low Value,High Risk / Low Value,Month-to-month,3
6040-CGACY,0.10904168864867764,Low Risk,19.6,Low Value,Low Risk / Low Value,Month-to-month,15
8457-XIGKN,0.11043336181174701,Low Risk,19.6,Low Value,Low Risk / Low Value,Month-to-month,20
7854-EKTJL,0.29403973519183585,High Risk,19.6,Low Value,High Risk / Low Value,Month-to-month,2
4719-UMSIY,0.1400407142630643,Low Risk,19.65,Low Value,Low Risk / Low Value,Month-to-month,6
2640-LYMOV,0.24812294020392459,High Risk,19.65,Low Value,High Risk / Low Value,Month-to-month,2
4160-AMJTL,0.23863110363293805,High Risk,19.65,Low Value,High Risk / Low Value,Month-to-month,8
8329-IBCTI,0.20166975753057453,High Risk,19.65,Low Value,High Risk / Low Value,Month-to-month,1
1057-FOGLZ,0.09559746728319075,Low Risk,19.65,Low Value,Low Risk / Low Value,Month-to-month,18
1465-WCZVT,0.16332368532385103,Low Risk,19.65,Low Value,Low Risk / Low Value,Month-to-month,3
2466-NEJOJ,0.12500073485118887,Low Risk,19.65,Low Value,Low Risk / Low Value,Month-to-month,8
1194-SPVSP,0.20661338105042454,High Risk,19.65,Low Value,High Risk / Low Value,Month-to-month,1
3694-GLTJM,0.2181914275933898,High Risk,19.65,Low Value,High Risk / Low Value,Month-to-month,5
7291-CDTMJ,0.2682980854550831,High Risk,19.65,Low Value,High Risk / Low Value,Month-to-month,1
7721-DVEKZ,0.20166975753057453,High Risk,19.65,Low Value,High Risk / Low Value,Month-to-month,1
6141-OOXUQ,0.19801240422070338,High Risk,19.65,Low Value,High Risk / Low Value,Month-to-month,1
3785-NRHYR,0.19801240422070338,High Risk,19.65,Low Value,High Risk / Low Value,Month-to-month,1
7526-IVLYU,0.23910492414200304,High Risk,19.65,Low Value,High Risk / Low Value,Month-to-month,3
0690-SRQID,0.22870047878656996,High Risk,19.65,Low Value,High Risk / Low Value,Month-to-month,4
3845-FXCYS,0.32093678068793274,High Risk,19.65,Low Value,High Risk / Low Value,Month-to-month,2
1577-HKTFG,0.0567128827885676,Low Risk,19.65,Low Value,Low Risk / Low Value,Month-to-month,30
0970-QXPXW,0.20166975753057453,High Risk,19.65,Low Value,High Risk / Low Value,Month-to-month,1
3077-RSNTJ,0.14281221041285805,Low Risk,19.7,Low Value,Low Risk / Low Value,Month-to-month,6
1563-IWQEX,0.12428137047701873,Low Risk,19.7,Low Value,Low Risk / Low Value,Month-to-month,12
3374-PZLXD,0.042666443884843946,Low Risk,19.7,Low Value,Low Risk / Low Value,Month-to-month,34
3981-QSVQI,0.2035859331893929,High Risk,19.7,Low Value,High Risk / Low Value,Month-to-month,8
7623-HKYRK,0.14033091801153544,Low Risk,19.7,Low Value,Low Risk / Low Value,Month-to-month,6
0247-SLUJI,0.17450151408960207,Low Risk,19.7,Low Value,Low Risk / Low Value,Month-to-month,1
2332-EFBJY,0.13850020124652235,Low Risk,19.7,Low Value,Low Risk / Low Value,Month-to-month,16
6319-QSUSR,0.11101970964698697,Low Risk,19.7,Low Value,Low Risk / Low Value,Month-to-month,11
3824-RHKVR,0.09634198853124089,Low Risk,19.7,Low Value,Low Risk / Low Value,Month-to-month,17
5396-IZEPB,0.1362508302301739,Low Risk,19.7,Low Value,Low Risk / Low Value,Month-to-month,9
9970-QBCDA,0.1589845936231062,Low Risk,19.7,Low Value,Low Risk / Low Value,Month-to-month,6
6615-ZGEDR,0.19788384169754253,High Risk,19.7,Low Value,High Risk / Low Value,Month-to-month,1
3930-ZGWVE,0.1977553420630836,High Risk,19.75,Low Value,High Risk / Low Value,Month-to-month,1
8138-EALND,0.10695336366139291,Low Risk,19.75,Low Value,Low Risk / Low Value,Month-to-month,15
3717-OFRTN,0.2063480259356929,High Risk,19.75,Low Value,High Risk / Low Value,Month-to-month,1
6849-WLEYG,0.17481885452910692,Low Risk,19.75,Low Value,Low Risk / Low Value,Month-to-month,1
5577-OTWWW,0.11401489067938848,Low Risk,19.75,Low Value,Low Risk / Low Value,Month-to-month,15
0268-QKIWO,0.2460206247584146,High Risk,19.75,Low Value,High Risk / Low Value,Month-to-month,3
4558-CGYCZ,0.17418289406410642,Low Risk,19.75,Low Value,Low Risk / Low Value,Month-to-month,4
7239-HZZCX,0.1977553420630836,High Risk,19.75,Low Value,High Risk / Low Value,Month-to-month,1
2465-BLLEU,0.25765430079958657,High Risk,19.75,Low Value,High Risk / Low Value,Month-to-month,1
2428-ZMCTB,0.13043074270519706,Low Risk,19.75,Low Value,Low Risk / Low Value,Month-to-month,10
6124-ACRHJ,0.20140913975765912,High Risk,19.75,Low Value,High Risk / Low Value,Month-to-month,1
7853-WNZSY,0.25139625568387564,High Risk,19.75,Low Value,High Risk / Low Value,Month-to-month,1
3181-MIZBN,0.12211506256019533,Low Risk,19.75,Low Value,Low Risk / Low Value,Month-to-month,16
1156-ZFYDO,0.2657981683091364,High Risk,19.75,Low Value,High Risk / Low Value,Month-to-month,1
3936-QQFLL,0.18964254946100592,Low Risk,19.75,Low Value,Low Risk / Low Value,Month-to-month,2
9103-CXVOK,0.23265138216672865,High Risk,19.75,Low Value,High Risk / Low Value,Month-to-month,1
8573-CGOCC,0.09813854903572378,Low Risk,19.75,Low Value,Low Risk / Low Value,Month-to-month,16
8562-GHPPI,0.196028575820925,High Risk,19.8,Low Value,High Risk / Low Value,Month-to-month,1
4892-VLANZ,0.19762690531329236,High Risk,19.8,Low Value,High Risk / Low Value,Month-to-month,1
5384-ZTTWP,0.09395264411398226,Low Risk,19.8,Low Value,Low Risk / Low Value,Month-to-month,15
4182-BGSIQ,0.16734322896875778,Low Risk,19.8,Low Value,Low Risk / Low Value,Month-to-month,10
1449-XQEMT,0.23809819900282084,High Risk,19.8,Low Value,High Risk / Low Value,Month-to-month,3
9364-YKUVW,0.1441123990724894,Low Risk,19.8,Low Value,Low Risk / Low Value,Month-to-month,15
3675-YDUPJ,0.17825633587338527,Low Risk,19.85,Low Value,Low Risk / Low Value,Month-to-month,10
1135-LMECX,0.20114877392120395,High Risk,19.85,Low Value,High Risk / Low Value,Month-to-month,1
0030-FNXPP,0.18489044462133722,Low Risk,19.85,Low Value,Low Risk / Low Value,Month-to-month,3
0107-WESLM,0.3321776837638412,High Risk,19.85,Low Value,High Risk / Low Value,Month-to-month,1
4291-HPAXL,0.17458534782074892,Low Risk,19.85,Low Value,Low Risk / Low Value,Month-to-month,1
1498-DQNRX,0.055459890358134305,Low Risk,19.85,Low Value,Low Risk / Low Value,Month-to-month,29
6164-HXUGH,0.1427228224682069,Low Risk,19.85,Low Value,Low Risk / Low Value,Month-to-month,6
8150-QUDFX,0.1899576255474813,Low Risk,19.85,Low Value,Low Risk / Low Value,Month-to-month,2
0310-VQXAM,0.139812579619061,Low Risk,19.85,Low Value,Low Risk / Low Value,Month-to-month,9
0137-UDEUO,0.18518745098795464,Low Risk,19.85,Low Value,Low Risk / Low Value,Month-to-month,3
0594-UFTUL,0.1372346092033935,Low Risk,19.85,Low Value,Low Risk / Low Value,Month-to-month,13
2303-PJYHN,0.20149097637737906,High Risk,19.85,Low Value,High Risk / Low Value,Month-to-month,2
4140-WJAWW,0.1656311873280584,Low Risk,19.85,Low Value,Low Risk / Low Value,Month-to-month,5
4396-KLSEH,0.29757605840406054,High Risk,19.85,Low Value,High Risk / Low Value,Month-to-month,4
6776-TLWOI,0.18179673391302548,Low Risk,19.85,Low Value,Low Risk / Low Value,Month-to-month,3
4020-KIUDI,0.13671646252146838,Low Risk,19.85,Low Value,Low Risk / Low Value,Month-to-month,6
9967-ATRFS,0.0897783723567672,Low Risk,19.9,Low Value,Low Risk / Low Value,Month-to-month,19
4800-VHZKI,0.26158379404633886,High Risk,19.9,Low Value,High Risk / Low Value,Month-to-month,1
2654-VBVPB,0.20971609807550262,High Risk,19.9,Low Value,High Risk / Low Value,Month-to-month,1
3900-AQPHZ,0.201018685471617,High Risk,19.9,Low Value,High Risk / Low Value,Month-to-month,1
0347-UBKUZ,0.10917590702306974,Low Risk,19.9,Low Value,Low Risk / Low Value,Month-to-month,15
3061-BCKYI,0.1115243172175588,Low Risk,19.9,Low Value,Low Risk / Low Value,Month-to-month,14
3530-VWVGU,0.06695284616664064,Low Risk,19.9,Low Value,Low Risk / Low Value,Month-to-month,22
2832-SCUCO,0.25634938437828925,High Risk,19.9,Low Value,High Risk / Low Value,Month-to-month,2
6654-QGBZZ,0.201018685471617,High Risk,19.9,Low Value,High Risk / Low Value,Month-to-month,1
5515-IDEJJ,0.1740354152692403,Low Risk,19.9,Low Value,Low Risk / Low Value,Month-to-month,1
2320-JRSDE,0.3034822693275772,High Risk,19.9,Low Value,High Risk / Low Value,Month-to-month,1
4936-YPJNK,0.18179493874915667,Low Risk,19.9,Low Value,Low Risk / Low Value,Month-to-month,10
7636-XUHWW,0.24098457854093788,High Risk,19.9,Low Value,High Risk / Low Value,Month-to-month,2
5066-GFJMM,0.2407355234881784,High Risk,19.9,Low Value,High Risk / Low Value,Month-to-month,3
3043-SUDUA,0.04999853154689027,Low Risk,19.9,Low Value,Low Risk / Low Value,Month-to-month,32
7878-RTCZG,0.201018685471617,High Risk,19.9,Low Value,High Risk / Low Value,Month-to-month,1
2369-FEVNO,0.25718992499995935,High Risk,19.9,Low Value,High Risk / Low Value,Month-to-month,1
4895-TMWIR,0.1530579729522033,Low Risk,19.95,Low Value,Low Risk / Low Value,Month-to-month,11
4694-PHWFW,0.1310576426509751,Low Risk,19.95,Low Value,Low Risk / Low Value,Month-to-month,8
9788-YTFGE,0.20260982643540457,High Risk,19.95,Low Value,High Risk / Low Value,Month-to-month,7
0114-RSRRW,0.18872967944310126,Low Risk,19.95,Low Value,Low Risk / Low Value,Month-to-month,10
7521-YXVZY,0.1598667124959436,Low Risk,19.95,Low Value,Low Risk / Low Value,Month-to-month,3
3190-FZATL,0.09689816988103195,Low Risk,19.95,Low Value,Low Risk / Low Value,Month-to-month,14
3097-PYWXL,0.27167492819392186,High Risk,19.95,Low Value,High Risk / Low Value,Month-to-month,4
6377-KSLXC,0.16676198780612378,Low Risk,19.95,Low Value,Low Risk / Low Value,Month-to-month,5
1796-JANOW,0.1926150605549969,Low Risk,19.95,Low Value,Low Risk / Low Value,Month-to-month,2
3623-FQBOX,0.10921099372224351,Low Risk,19.95,Low Value,Low Risk / Low Value,Month-to-month,21
2542-HYGIQ,0.19564599692507684,High Risk,19.95,Low Value,High Risk / Low Value,Month-to-month,1
3506-LCJDC,0.18171060693714908,Low Risk,19.95,Low Value,Low Risk / Low Value,Month-to-month,1
5143-WMWOG,0.26073374517278197,High Risk,19.95,Low Value,High Risk / Low Value,Month-to-month,1
5144-PQCDZ,0.22738993437497979,High Risk,19.95,Low Value,High Risk / Low Value,Month-to-month,4
3363-EWLGO,0.17007266290093304,Low Risk,19.95,Low Value,Low Risk / Low Value,Month-to-month,5
6286-SUUWT,0.19724197233102397,High Risk,19.95,Low Value,High Risk / Low Value,Month-to-month,1
0178-CIIKR,0.18467818664150004,Low Risk,19.95,Low Value,Low Risk / Low Value,Month-to-month,3
4237-CLSMM,0.18848865501053183,Low Risk,20.0,Low Value,Low Risk / Low Value,Month-to-month,2
2393-DIVAI,0.24186282287286812,High Risk,20.0,Low Value,High Risk / Low Value,Month-to-month,3
1009-IRMNA,0.1624819814118016,Low Risk,20.0,Low Value,Low Risk / Low Value,Month-to-month,7
3807-XHCJH,0.2360287877700312,High Risk,20.0,Low Value,High Risk / Low Value,Month-to-month,1
7047-YXDMZ,0.08006630504848991,Low Risk,20.0,Low Value,Low Risk / Low Value,Month-to-month,21
4712-UYOOI,0.10397889833752487,Low Risk,20.0,Low Value,Low Risk / Low Value,Month-to-month,20
0380-ZCSBI,0.12963935662049517,Low Risk,20.0,Low Value,Low Risk / Low Value,Month-to-month,10
4986-MXSFP,0.25144544749812925,High Risk,20.0,Low Value,High Risk / Low Value,Month-to-month,2
4860-YZGZM,0.180390558393675,Low Risk,20.0,Low Value,Low Risk / Low Value,Month-to-month,10
6734-CKRSM,0.18480757564954436,Low Risk,20.0,Low Value,Low Risk / Low Value,Month-to-month,3
6972-SNKKW,0.1619367855006388,Low Risk,20.0,Low Value,Low Risk / Low Value,Month-to-month,6
1552-CZCLL,0.012481727430860725,Low Risk,20.0,Low Value,Low Risk / Low Value,Month-to-month,55
7698-YFGEZ,0.1971137870788167,High Risk,20.0,Low Value,High Risk / Low Value,Month-to-month,1
8439-LTUGF,0.17336062387958295,Low Risk,20.0,Low Value,Low Risk / Low Value,Month-to-month,10
4877-EVATK,0.1971137870788167,High Risk,20.0,Low Value,High Risk / Low Value,Month-to-month,1
3011-WQKSZ,0.14360337065249806,Low Risk,20.0,Low Value,Low Risk / Low Value,Month-to-month,19
7808-DVWEP,0.1883319507071599,Low Risk,20.0,Low Value,Low Risk / Low Value,Month-to-month,3
5688-KZTSN,0.17018995192306388,Low Risk,20.0,Low Value,Low Risk / Low Value,Month-to-month,15
4079-ULGFR,0.10020085276409477,Low Risk,20.0,Low Value,Low Risk / Low Value,Month-to-month,16
9700-ZCLOT,0.18870557095600543,Low Risk,20.0,Low Value,Low Risk / Low Value,Month-to-month,2
7531-GQHME,0.11914363535109336,Low Risk,20.05,Low Value,Low Risk / Low Value,Month-to-month,12
3030-ZKIWL,0.19698566469054796,High Risk,20.05,Low Value,High Risk / Low Value,Month-to-month,1
4785-NKHCX,0.2066176493287502,High Risk,20.05,Low Value,High Risk / Low Value,Month-to-month,5
4661-NJEUX,0.256726096709977,High Risk,20.05,Low Value,High Risk / Low Value,Month-to-month,1
2812-SFXMJ,0.17411907230901322,Low Risk,20.05,Low Value,Low Risk / Low Value,Month-to-month,1
1349-WXNGG,0.2055534741916466,High Risk,20.05,Low Value,High Risk / Low Value,Month-to-month,1
7874-ECPQJ,0.2154875327283606,High Risk,20.05,Low Value,High Risk / Low Value,Month-to-month,4
0188-GWFLE,0.18862534521084265,Low Risk,20.05,Low Value,Low Risk / Low Value,Month-to-month,2
1855-CFULU,0.2110102432775137,High Risk,20.05,Low Value,High Risk / Low Value,Month-to-month,4
1336-EZFZY,0.17699508625350996,Low Risk,20.05,Low Value,Low Risk / Low Value,Month-to-month,4
7096-UCLNH,0.19698566469054796,High Risk,20.05,Low Value,High Risk / Low Value,Month-to-month,1
8387-UGUSU,0.09389212559649718,Low Risk,20.05,Low Value,Low Risk / Low Value,Month-to-month,15
1383-EZRWL,0.15632783156906122,Low Risk,20.05,Low Value,Low Risk / Low Value,Month-to-month,7
5919-VCZYM,0.1890398736927971,Low Risk,20.05,Low Value,Low Risk / Low Value,Month-to-month,2
5028-HTLJB,0.23331282343380183,High Risk,20.05,Low Value,High Risk / Low Value,Month-to-month,1
6147-CBCRA,0.045621966521963035,Low Risk,20.05,Low Value,Low Risk / Low Value,Month-to-month,33
8749-CLJXC,0.19698566469054796,High Risk,20.05,Low Value,High Risk / Low Value,Month-to-month,1
9867-NNXLC,0.10723932205126657,Low Risk,20.05,Low Value,Low Risk / Low Value,Month-to-month,22
7094-MSZAO,0.1529930564783666,Low Risk,20.05,Low Value,Low Risk / Low Value,Month-to-month,10
7542-CYDDM,0.09224032397759983,Low Risk,20.05,Low Value,Low Risk / Low Value,Month-to-month,18
9962-BFPDU,0.17699369153401015,Low Risk,20.05,Low Value,Low Risk / Low Value,Month-to-month,1
2717-HVIZY,0.1306204264124367,Low Risk,20.05,Low Value,Low Risk / Low Value,Month-to-month,8
3407-QGWLG,0.21189739678828987,High Risk,20.05,Low Value,High Risk / Low Value,Month-to-month,3
2159-TURXX,0.16153615595730328,Low Risk,20.05,Low Value,Low Risk / Low Value,Month-to-month,5
8317-BVKSO,0.20271472939485666,High Risk,20.05,Low Value,High Risk / Low Value,Month-to-month,14
2164-SOQXL,0.07449879278026457,Low Risk,20.05,Low Value,Low Risk / Low Value,Month-to-month,20
0357-NVCRI,0.05630954894346286,Low Risk,20.05,Low Value,Low Risk / Low Value,Month-to-month,25
0871-OPBXW,0.25119689957796654,High Risk,20.05,Low Value,High Risk / Low Value,Month-to-month,2
3148-BLQJT,0.19685760516196038,High Risk,20.1,Low Value,High Risk / Low Value,Month-to-month,1
1240-KNSEZ,0.2565716090177903,High Risk,20.1,Low Value,High Risk / Low Value,Month-to-month,1
7777-UNYHB,0.1417599188451553,Low Risk,20.1,Low Value,Low Risk / Low Value,Month-to-month,12
9367-TCUYN,0.12367087898608108,Low Risk,20.1,Low Value,Low Risk / Low Value,Month-to-month,12
6861-OKBCE,0.11052229644493008,Low Risk,20.1,Low Value,Low Risk / Low Value,Month-to-month,11
7017-VFULY,0.20040150783571736,High Risk,20.1,Low Value,High Risk / Low Value,Month-to-month,2
1000-AJSLD,0.2565716090177903,High Risk,20.1,Low Value,High Risk / Low Value,Month-to-month,1
8006-PYCSW,0.19230759905310604,Low Risk,20.1,Low Value,Low Risk / Low Value,Month-to-month,2
1066-JKSGK,0.1967296084887599,High Risk,20.15,Low Value,High Risk / Low Value,Month-to-month,1
2120-SMPEX,0.09134043289832032,Low Risk,20.15,Low Value,Low Risk / Low Value,Month-to-month,25
1934-SJVJK,0.1967296084887599,High Risk,20.15,Low Value,High Risk / Low Value,Month-to-month,1
3977-QCRSL,0.16996140843412585,Low Risk,20.15,Low Value,Low Risk / Low Value,Month-to-month,5
4897-QSUYC,0.26080248474984724,High Risk,20.15,Low Value,High Risk / Low Value,Month-to-month,1
8974-OVACP,0.20036918778574644,High Risk,20.15,Low Value,High Risk / Low Value,Month-to-month,1
6648-INWPS,0.12230880031155436,Low Risk,20.15,Low Value,Low Risk / Low Value,Month-to-month,16
5712-VBOXD,0.22552549945170378,High Risk,20.15,Low Value,High Risk / Low Value,Month-to-month,4
4781-ZXYGU,0.23760538350787713,High Risk,20.15,Low Value,High Risk / Low Value,Month-to-month,1
7787-BNTZM,0.16665421296917288,Low Risk,20.15,Low Value,Low Risk / Low Value,Month-to-month,6
4018-KJYUY,0.06405867080151266,Low Risk,20.15,Low Value,Low Risk / Low Value,Month-to-month,22
7853-GVUDZ,0.22630997033942077,High Risk,20.15,Low Value,High Risk / Low Value,Month-to-month,1
7845-URHJN,0.1547811596331035,Low Risk,20.15,Low Value,Low Risk / Low Value,Month-to-month,8
4397-FRLTA,0.17680743169991667,Low Risk,20.15,Low Value,Low Risk / Low Value,Month-to-month,4
6469-QJKZW,0.23548369564393867,High Risk,20.15,Low Value,High Risk / Low Value,Month-to-month,4
2791-SFVEW,0.15087235586255565,Low Risk,20.15,Low Value,Low Risk / Low Value,Month-to-month,9
7310-EGVHZ,0.20515704963845005,High Risk,20.2,Low Value,High Risk / Low Value,Month-to-month,1
6380-ARCEH,0.1966016746666151,High Risk,20.2,Low Value,High Risk / Low Value,Month-to-month,1
9294-TDIPC,0.1453743313076755,Low Risk,20.2,Low Value,Low Risk / Low Value,Month-to-month,5
1641-BYBTK,0.18503431464092218,Low Risk,20.2,Low Value,Low Risk / Low Value,Month-to-month,6
3247-MHJKM,0.1966016746666151,High Risk,20.2,Low Value,High Risk / Low Value,Month-to-month,1
8305-VHZBZ,0.25626281632814407,High Risk,20.2,Low Value,High Risk / Low Value,Month-to-month,1
3744-ZBHON,0.24504099292001352,High Risk,20.2,Low Value,High Risk / Low Value,Month-to-month,3
6131-IUNXN,0.07788989267468675,Low Risk,20.2,Low Value,Low Risk / Low Value,Month-to-month,19
3345-JHUEO,0.2959130992580489,High Risk,20.2,Low Value,High Risk / Low Value,Month-to-month,4
5356-RHIPP,0.25626281632814407,High Risk,20.2,Low Value,High Risk / Low Value,Month-to-month,1
2955-PSXOE,0.2710485008099989,High Risk,20.2,Low Value,High Risk / Low Value,Month-to-month,1
8048-DSDFQ,0.1966016746666151,High Risk,20.2,Low Value,High Risk / Low Value,Month-to-month,1
1493-AMTIE,0.2665530400477699,High Risk,20.2,Low Value,High Risk / Low Value,Month-to-month,1
4786-UKSNZ,0.1966016746666151,High Risk,20.2,Low Value,High Risk / Low Value,Month-to-month,1
3039-MJSLN,0.1662615845040877,Low Risk,20.2,Low Value,Low Risk / Low Value,Month-to-month,3
5850-BDWCY,0.16207876674106464,Low Risk,20.2,Low Value,Low Risk / Low Value,Month-to-month,6
7839-QRKXN,0.26064640425282665,High Risk,20.2,Low Value,High Risk / Low Value,Month-to-month,1
8203-XJZRC,0.19647380369115805,High Risk,20.25,Low Value,High Risk / Low Value,Month-to-month,1
5067-DGXLL,0.18826334362884606,Low Risk,20.25,Low Value,Low Risk / Low Value,Month-to-month,2
3195-TQDZX,0.3082951502377082,High Risk,20.25,Low Value,High Risk / Low Value,Month-to-month,3
2371-JUNGC,0.1267145336414479,Low Risk,20.25,Low Value,Low Risk / Low Value,Month-to-month,11
2439-QKJUL,0.16619002520669401,Low Risk,20.25,Low Value,Low Risk / Low Value,Month-to-month,5
5260-UMPWX,0.07349532387320767,Low Risk,20.25,Low Value,Low Risk / Low Value,Month-to-month,26
4203-QGNZA,0.050039815120458714,Low Risk,20.25,Low Value,Low Risk / Low Value,Month-to-month,28
4083-EUGRJ,0.13901010780039186,Low Risk,20.25,Low Value,Low Risk / Low Value,Month-to-month,9
6278-FEPBZ,0.14205042864529188,Low Risk,20.25,Low Value,Low Risk / Low Value,Month-to-month,9
4797-MIWUM,0.1872451819371358,Low Risk,20.25,Low Value,Low Risk / Low Value,Month-to-month,7
4054-CUMIA,0.11242189790038545,Low Risk,20.25,Low Value,Low Risk / Low Value,Month-to-month,18
0670-KDOMA,0.26049038424738946,High Risk,20.25,Low Value,High Risk / Low Value,Month-to-month,1
2876-VBBBL,0.26049038424738946,High Risk,20.25,Low Value,High Risk / Low Value,Month-to-month,1
5345-BMKWB,0.144949362548861,Low Risk,20.25,Low Value,Low Risk / Low Value,Month-to-month,8
5868-YTYKS,0.22833026201637463,High Risk,20.25,Low Value,High Risk / Low Value,Month-to-month,1
4732-RRJZC,0.1332382190477297,Low Risk,20.25,Low Value,Low Risk / Low Value,Month-to-month,7
4211-MMAZN,0.19647380369115805,High Risk,20.25,Low Value,High Risk / Low Value,Month-to-month,1
2081-KJSQF,0.2561085113598428,High Risk,20.25,Low Value,High Risk / Low Value,Month-to-month,1
4488-PSYCG,0.10619070719642709,Low Risk,20.25,Low Value,Low Risk / Low Value,Month-to-month,16
0142-GVYSN,0.1188081731874142,Low Risk,20.3,Low Value,Low Risk / Low Value,Month-to-month,26
6838-HVLXG,0.1240666506180757,Low Risk,20.3,Low Value,Low Risk / Low Value,Month-to-month,12
0516-QREYC,0.11644043505109988,Low Risk,20.3,Low Value,Low Risk / Low Value,Month-to-month,24
9122-UMROB,0.19634599555798365,High Risk,20.3,Low Value,High Risk / Low Value,Month-to-month,1
9256-JTBNZ,0.1366426948931974,Low Risk,20.3,Low Value,Low Risk / Low Value,Month-to-month,11
7814-LEEVE,0.2701345315541975,High Risk,20.3,Low Value,High Risk / Low Value,Month-to-month,1
1755-RMCXH,0.165812244422821,Low Risk,20.3,Low Value,Low Risk / Low Value,Month-to-month,2
8204-TIFGJ,0.10642524565729226,Low Risk,20.3,Low Value,Low Risk / Low Value,Month-to-month,23
3090-QFUVD,0.19475551106208105,High Risk,20.3,Low Value,High Risk / Low Value,Month-to-month,1
6131-JLWZM,0.15956282621733692,Low Risk,20.3,Low Value,Low Risk / Low Value,Month-to-month,13
8073-IJDCM,0.260334424749499,High Risk,20.3,Low Value,High Risk / Low Value,Month-to-month,1
2676-ISHSF,0.19634599555798365,High Risk,20.3,Low Value,High Risk / Low Value,Month-to-month,1
2342-CKIAO,0.19186093135772317,Low Risk,20.3,Low Value,Low Risk / Low Value,Month-to-month,2
2085-JVGAD,0.03775938932008841,Low Risk,20.35,Low Value,Low Risk / Low Value,Month-to-month,37
6621-YOBKI,0.16525313136309105,Low Risk,20.35,Low Value,Low Risk / Low Value,Month-to-month,5
0031-PVLZI,0.154679630100576,Low Risk,20.35,Low Value,Low Risk / Low Value,Month-to-month,4
2592-YKDIF,0.19985072291813377,High Risk,20.35,Low Value,High Risk / Low Value,Month-to-month,1
9818-XQCUV,0.19192420637815025,Low Risk,20.35,Low Value,Low Risk / Low Value,Month-to-month,2
5687-DKDTV,0.17602226153936365,Low Risk,20.35,Low Value,Low Risk / Low Value,Month-to-month,4
1552-TKMXS,0.028228223746194027,Low Risk,20.35,Low Value,Low Risk / Low Value,Month-to-month,42
0519-DRGTI,0.07491642186932665,Low Risk,20.35,Low Value,Low Risk / Low Value,Month-to-month,20
2739-CCZMB,0.14242323531760742,Low Risk,20.35,Low Value,Low Risk / Low Value,Month-to-month,5
4634-JLRJT,0.26017852577506656,High Risk,20.35,Low Value,High Risk / Low Value,Month-to-month,1
6671-NGWON,0.15511386466901533,Low Risk,20.35,Low Value,Low Risk / Low Value,Month-to-month,7
1850-AKQEP,0.1279993298465329,Low Risk,20.35,Low Value,Low Risk / Low Value,Month-to-month,8
8739-QOTTN,0.19129710090936372,Low Risk,20.35,Low Value,Low Risk / Low Value,Month-to-month,2
5562-YJQGT,0.18639521037580098,Low Risk,20.35,Low Value,Low Risk / Low Value,Month-to-month,2
9860-LISIZ,0.043135700640638514,Low Risk,20.35,Low Value,Low Risk / Low Value,Month-to-month,34
9932-WBWIK,0.12677324103233586,Low Risk,20.35,Low Value,Low Risk / Low Value,Month-to-month,11
4195-SMMNX,0.18784617850490457,Low Risk,20.35,Low Value,Low Risk / Low Value,Month-to-month,2
3590-TCXTB,0.19621825026264988,High Risk,20.35,Low Value,High Risk / Low Value,Month-to-month,1
1159-WFSGR,0.12368408244173662,Low Risk,20.4,Low Value,Low Risk / Low Value,Month-to-month,16
6579-JPICP,0.19609056780067816,High Risk,20.4,Low Value,High Risk / Low Value,Month-to-month,1
1222-KJNZD,0.03889193031607016,Low Risk,20.4,Low Value,Low Risk / Low Value,Month-to-month,40
9929-PLVPA,0.15139535016155253,Low Risk,20.4,Low Value,Low Risk / Low Value,Month-to-month,4
4568-TTZRT,0.13883281346514803,Low Risk,20.4,Low Value,Low Risk / Low Value,Month-to-month,9
8735-NBLWT,0.12176767394770599,Low Risk,20.4,Low Value,Low Risk / Low Value,Month-to-month,9
2410-CIYFZ,0.16611100663828315,Low Risk,20.4,Low Value,Low Risk / Low Value,Month-to-month,2
3727-JEZTU,0.19972126407364774,High Risk,20.4,Low Value,High Risk / Low Value,Month-to-month,1
4486-EFAEB,0.20888086924101057,High Risk,20.4,Low Value,High Risk / Low Value,Month-to-month,13
1539-LNKHM,0.12453843419237383,Low Risk,20.4,Low Value,Low Risk / Low Value,Month-to-month,12
1963-VAUKV,0.19972126407364774,High Risk,20.4,Low Value,High Risk / Low Value,Month-to-month,1
9770-LXDBK,0.1837952660071431,Low Risk,20.4,Low Value,Low Risk / Low Value,Month-to-month,3
8262-COGGB,0.2554919010012332,High Risk,20.45,Low Value,High Risk / Low Value,Month-to-month,1
7706-DZNKK,0.16581105912077237,Low Risk,20.45,Low Value,Low Risk / Low Value,Month-to-month,11
8942-DBMHZ,0.12161581006183356,Low Risk,20.45,Low Value,Low Risk / Low Value,Month-to-month,12
7266-GSSJX,0.20236379135839655,High Risk,20.45,Low Value,High Risk / Low Value,Month-to-month,11
4623-ZKHLY,0.1092884740992364,Low Risk,20.45,Low Value,Low Risk / Low Value,Month-to-month,22
0673-IGUQO,0.19596294816755305,High Risk,20.45,Low Value,High Risk / Low Value,Month-to-month,1
7140-ADSMJ,0.1877536527489647,Low Risk,20.45,Low Value,Low Risk / Low Value,Month-to-month,8
5996-DAOQL,0.2554919010012332,High Risk,20.45,Low Value,High Risk / Low Value,Month-to-month,1
2668-TZSPS,0.19596294816755305,High Risk,20.45,Low Value,High Risk / Low Value,Month-to-month,1
3594-IVHJZ,0.25013823447145717,High Risk,20.45,Low Value,High Risk / Low Value,Month-to-month,2
9618-LFJRU,0.17128363927929915,Low Risk,20.45,Low Value,Low Risk / Low Value,Month-to-month,4
7010-ZMVBF,0.0812681652773695,Low Risk,20.45,Low Value,Low Risk / Low Value,Month-to-month,18
7998-ZLXWN,0.10516192133313679,Low Risk,20.45,Low Value,Low Risk / Low Value,Month-to-month,15
1385-TQOZW,0.1818199390608471,Low Risk,20.45,Low Value,Low Risk / Low Value,Month-to-month,9
9184-GALIL,0.030641739783315445,Low Risk,20.45,Low Value,Low Risk / Low Value,Month-to-month,38
5774-XZTQC,0.13574054782995726,Low Risk,20.45,Low Value,Low Risk / Low Value,Month-to-month,7
5546-BYZSM,0.042553175863093005,Low Risk,20.45,Low Value,Low Risk / Low Value,Month-to-month,41
3752-CQSJI,0.13886797751576752,Low Risk,20.45,Low Value,Low Risk / Low Value,Month-to-month,13
2732-ISEZX,0.22207893966711242,High Risk,20.5,Low Value,High Risk / Low Value,Month-to-month,5
6231-WFGFH,0.20082532530277744,High Risk,20.5,Low Value,High Risk / Low Value,Month-to-month,4
0536-BGFMZ,0.05781586920442139,Low Risk,20.5,Low Value,Low Risk / Low Value,Month-to-month,28
2792-VPPET,0.3084096217593768,High Risk,20.5,Low Value,High Risk / Low Value,Month-to-month,3
6476-EPYZR,0.10598001693216356,Low Risk,20.5,Low Value,Low Risk / Low Value,Month-to-month,12
1866-ZSLJM,0.0767644367397924,Low Risk,20.5,Low Value,Low Risk / Low Value,Month-to-month,21
2002-MZHWP,0.1994625352074822,High Risk,20.5,Low Value,High Risk / Low Value,Month-to-month,1
9753-OYLBX,0.1994625352074822,High Risk,20.5,Low Value,High Risk / Low Value,Month-to-month,1
4255-DDUOU,0.23112833430641697,High Risk,20.5,Low Value,High Risk / Low Value,Month-to-month,1
4745-LSPLO,0.19583539135872213,High Risk,20.5,Low Value,High Risk / Low Value,Month-to-month,1
6942-LBFDP,0.249330543004523,High Risk,20.55,Low Value,High Risk / Low Value,Month-to-month,2
7893-IXHRQ,0.25886509523421564,High Risk,20.55,Low Value,High Risk / Low Value,Month-to-month,1
1925-GMVBW,0.16354938325817286,Low Risk,20.55,Low Value,Low Risk / Low Value,Month-to-month,5
9512-PHSMG,0.18213631791893012,Low Risk,20.55,Low Value,Low Risk / Low Value,Month-to-month,10
1784-BXEFA,0.17966858281939552,Low Risk,20.55,Low Value,Low Risk / Low Value,Month-to-month,10
4390-KYULV,0.2290636899751373,High Risk,20.55,Low Value,High Risk / Low Value,Month-to-month,3
9708-KFDBY,0.19056819566483693,Low Risk,20.55,Low Value,Low Risk / Low Value,Month-to-month,1
3803-KMQFW,0.17581721118192695,Low Risk,20.55,Low Value,Low Risk / Low Value,Month-to-month,1
8963-MQVYN,0.12812778810541156,Low Risk,20.55,Low Value,Low Risk / Low Value,Month-to-month,22
1038-RQOST,0.07649210962709516,Low Risk,20.6,Low Value,Low Risk / Low Value,Month-to-month,19
7407-SUJIZ,0.0662707219258682,Low Risk,20.6,Low Value,Low Risk / Low Value,Month-to-month,25
3976-NLDEZ,0.1955804661955507,High Risk,20.6,Low Value,High Risk / Low Value,Month-to-month,1
5049-GLYVG,0.1955804661955507,High Risk,20.6,Low Value,High Risk / Low Value,Month-to-month,1
0787-LHDYT,0.13247090130848352,Low Risk,20.6,Low Value,Low Risk / Low Value,Month-to-month,16
2480-JZOSN,0.2586665684232265,High Risk,20.65,Low Value,High Risk / Low Value,Month-to-month,1
8681-ICONS,0.0656328166861759,Low Risk,20.65,Low Value,Low Risk / Low Value,Month-to-month,29
3012-VFFMN,0.13564279297515272,Low Risk,20.65,Low Value,Low Risk / Low Value,Month-to-month,7
6016-LVTJQ,0.03747989754519326,Low Risk,20.65,Low Value,Low Risk / Low Value,Month-to-month,34
3530-CRZSB,0.15467467051334063,Low Risk,20.65,Low Value,Low Risk / Low Value,Month-to-month,7
2839-RFSQE,0.19085120722405072,Low Risk,20.65,Low Value,Low Risk / Low Value,Month-to-month,2
3675-EQOZA,0.17206587201110762,Low Risk,20.65,Low Value,Low Risk / Low Value,Month-to-month,5
5088-QZLRL,0.258554502247387,High Risk,20.65,Low Value,High Risk / Low Value,Month-to-month,1
6490-FGZAT,0.15743309968871358,Low Risk,20.65,Low Value,Low Risk / Low Value,Month-to-month,6
1488-SYSFC,0.0834937355307806,Low Risk,20.65,Low Value,Low Risk / Low Value,Month-to-month,31
2928-HLDBA,0.16051957520635135,Low Risk,20.7,Low Value,Low Risk / Low Value,Month-to-month,6
9367-OIUXP,0.17171554266411634,Low Risk,20.7,Low Value,Low Risk / Low Value,Month-to-month,4
1614-JBEBI,0.19460384509632167,High Risk,20.7,Low Value,High Risk / Low Value,Month-to-month,8
8620-RJPZN,0.26280651702582736,High Risk,20.7,Low Value,High Risk / Low Value,Month-to-month,1
3007-FDPEA,0.25932518923945114,High Risk,20.7,Low Value,High Risk / Low Value,Month-to-month,2
6394-HHHZM,0.17940805488556372,Low Risk,20.7,Low Value,Low Risk / Low Value,Month-to-month,3
7976-CICYS,0.2207852233309824,High Risk,20.7,Low Value,High Risk / Low Value,Month-to-month,4
3645-DEYGF,0.1724948471966025,Low Risk,20.75,Low Value,Low Risk / Low Value,Month-to-month,1
9046-DQMTP,0.042563869877602724,Low Risk,20.75,Low Value,Low Risk / Low Value,Month-to-month,35
0463-WZZKO,0.22986074986874463,High Risk,20.75,Low Value,High Risk / Low Value,Month-to-month,3
0750-EKNGL,0.1509242906401407,Low Risk,20.75,Low Value,Low Risk / Low Value,Month-to-month,7
2700-LUEVA,0.1900690632350112,Low Risk,20.75,Low Value,Low Risk / Low Value,Month-to-month,1
5372-FBKBN,0.07095959545677279,Low Risk,20.75,Low Value,Low Risk / Low Value,Month-to-month,21
0816-TSPHQ,0.1873446514876049,Low Risk,20.75,Low Value,Low Risk / Low Value,Month-to-month,2
4013-GUXND,0.19507136955637314,High Risk,20.8,Low Value,High Risk / Low Value,Month-to-month,1
4803-LBYPN,0.03573267248798268,Low Risk,20.8,Low Value,Low Risk / Low Value,Month-to-month,34
1760-CAZHT,0.056006391627733326,Low Risk,20.8,Low Value,Low Risk / Low Value,Month-to-month,25
7219-TLZHO,0.15307917084973582,Low Risk,20.85,Low Value,Low Risk / Low Value,Month-to-month,4
7764-BDPEE,0.15797672428979945,Low Risk,20.85,Low Value,Low Risk / Low Value,Month-to-month,3
2958-NHPPS,0.10040203129909508,Low Risk,20.85,Low Value,Low Risk / Low Value,Month-to-month,23
6982-UQZLY,0.30140699332354354,High Risk,20.85,Low Value,High Risk / Low Value,Month-to-month,1
2621-UDNLU,0.18263203031862268,Low Risk,20.85,Low Value,Low Risk / Low Value,Month-to-month,3
9313-QOLTZ,0.06208276551245995,Low Risk,20.9,Low Value,Low Risk / Low Value,Month-to-month,26
7243-LCGGZ,0.19843013685459976,High Risk,20.9,Low Value,High Risk / Low Value,Month-to-month,1
0426-TIRNE,0.19843013685459976,High Risk,20.9,Low Value,High Risk / Low Value,Month-to-month,1
3847-BAERP,0.18146821584786643,Low Risk,20.9,Low Value,Low Risk / Low Value,Month-to-month,10
7434-SHXLS,0.19843013685459976,High Risk,20.9,Low Value,High Risk / Low Value,Month-to-month,1
5624-BQSSA,0.1983013701745636,High Risk,20.95,Low Value,High Risk / Low Value,Month-to-month,1
4063-EIKNQ,0.11658181352623695,Low Risk,20.95,Low Value,Low Risk / Low Value,Month-to-month,11
9986-BONCE,0.18276537954432398,Low Risk,20.95,Low Value,Low Risk / Low Value,Month-to-month,4
5955-EPOAZ,0.2112708872213022,High Risk,20.95,Low Value,High Risk / Low Value,Month-to-month,6
6728-WYQBC,0.20318343800969474,High Risk,20.95,Low Value,High Risk / Low Value,Month-to-month,1
6770-XUAGN,0.29972977968751396,High Risk,21.0,Low Value,High Risk / Low Value,Month-to-month,1
0278-YXOOG,0.16453671096375874,Low Risk,21.05,Low Value,Low Risk / Low Value,Month-to-month,5
8267-KFGYD,0.2260554607252296,High Risk,21.05,Low Value,High Risk / Low Value,Month-to-month,1
1045-LTCYT,0.12399331092611313,Low Risk,21.05,Low Value,Low Risk / Low Value,Month-to-month,8
0547-HURJB,0.10179420584799893,Low Risk,21.05,Low Value,Low Risk / Low Value,Month-to-month,12
2111-DWYHN,0.19430960824072785,High Risk,21.1,Low Value,High Risk / Low Value,Month-to-month,1
8246-SHFGA,0.0935599520494828,Low Risk,21.1,Low Value,Low Risk / Low Value,Month-to-month,17
8044-BGWPI,0.19398062139984545,Low Risk,21.15,Low Value,Low Risk / Low Value,Month-to-month,12
8003-EWNDZ,0.23916938229270454,High Risk,21.2,Low Value,High Risk / Low Value,Month-to-month,10
6549-YMFAW,0.2179793789559399,High Risk,21.25,Low Value,High Risk / Low Value,Month-to-month,9
8785-EPNCG,0.1583997815595258,Low Risk,23.15,Low Value,Low Risk / Low Value,Month-to-month,11
3797-VTIDR,0.6733244357083216,High Risk,23.45,Low Value,High Risk / Low Value,Month-to-month,1
6258-NGCNG,0.19257515747148268,Low Risk,23.5,Low Value,Low Risk / Low Value,Month-to-month,7
7343-EOBEU,0.2911592251734951,High Risk,23.6,Low Value,High Risk / Low Value,Month-to-month,3
6834-NXDCA,0.5327424272677849,High Risk,23.9,Low Value,High Risk / Low Value,Month-to-month,13
5701-SVCWR,0.2195943786441599,High Risk,24.0,Low Value,High Risk / Low Value,Month-to-month,1
2740-JFBOK,0.29000721204336144,High Risk,24.0,Low Value,High Risk / Low Value,Month-to-month,10
2565-JSLRY,0.3104411408504862,High Risk,24.05,Low Value,High Risk / Low Value,Month-to-month,1
4830-FAXFM,0.13017155568228653,Low Risk,24.1,Low Value,Low Risk / Low Value,Month-to-month,19
7812-FZHPE,0.1108650631940441,Low Risk,24.1,Low Value,Low Risk / Low Value,Month-to-month,17
2346-DJQTB,0.20857293246189254,High Risk,24.15,Low Value,High Risk / Low Value,Month-to-month,35
5351-QESIO,0.4648093778903779,High Risk,24.2,Low Value,High Risk / Low Value,Month-to-month,1
5650-VDUDS,0.5554764820570527,High Risk,24.25,Low Value,High Risk / Low Value,Month-to-month,4
5442-BXVND,0.05585553569128625,Low Risk,24.25,Low Value,Low Risk / Low Value,Month-to-month,33
1334-FJSVR,0.6711331617161957,High Risk,24.25,Low Value,High Risk / Low Value,Month-to-month,1
6180-YBIQI,0.45025437122143225,High Risk,24.3,Low Value,High Risk / Low Value,Month-to-month,5
2233-FAGXV,0.24368621379686128,High Risk,24.3,Low Value,High Risk / Low Value,Month-to-month,5
1777-JYQPJ,0.4888216775794732,High Risk,24.3,Low Value,High Risk / Low Value,Month-to-month,2
5482-PLVPE,0.6353773267347577,High Risk,24.35,Low Value,High Risk / Low Value,Month-to-month,2
7365-BVCJH,0.6705967590059078,High Risk,24.4,Low Value,High Risk / Low Value,Month-to-month,1
2933-FILNV,0.5408181829260245,High Risk,24.4,Low Value,High Risk / Low Value,Month-to-month,2
9895-VFOXH,0.5075263179061582,High Risk,24.4,Low Value,High Risk / Low Value,Month-to-month,1
3682-YEUWS,0.19628643917952623,High Risk,24.4,Low Value,High Risk / Low Value,Month-to-month,10
3439-GVUSX,0.5018087257496965,High Risk,24.4,Low Value,High Risk / Low Value,Month-to-month,1
8263-JQAIK,0.6255693869220329,High Risk,24.45,Low Value,High Risk / Low Value,Month-to-month,2
9136-ALYBR,0.5862809273181994,High Risk,24.45,Low Value,High Risk / Low Value,Month-to-month,1
5261-QSHQM,0.6406407403167645,High Risk,24.45,Low Value,High Risk / Low Value,Month-to-month,4
5590-YRFJT,0.4425028414613396,High Risk,24.45,Low Value,High Risk / Low Value,Month-to-month,20
4236-UJPWO,0.5838763681553031,High Risk,24.5,Low Value,High Risk / Low Value,Month-to-month,2
5018-HEKFO,0.2263428621552975,High Risk,24.5,Low Value,High Risk / Low Value,Month-to-month,10
9227-LUNBG,0.5958811346330002,High Risk,24.6,Low Value,High Risk / Low Value,Month-to-month,1
3055-MJDSB,0.48333297427653704,High Risk,24.6,Low Value,High Risk / Low Value,Month-to-month,9
9277-JOOMO,0.22734367015435722,High Risk,24.6,Low Value,High Risk / Low Value,Month-to-month,3
1744-JHKYS,0.07939007076195645,Low Risk,24.7,Low Value,Low Risk / Low Value,Month-to-month,34
2538-OIMXF,0.46848665903648257,High Risk,24.7,Low Value,High Risk / Low Value,Month-to-month,1
3486-KHMLI,0.08900866467217886,Low Risk,24.7,Low Value,Low Risk / Low Value,Month-to-month,21
5215-LNLDJ,0.56582315914879,High Risk,24.7,Low Value,High Risk / Low Value,Month-to-month,7
2862-PFNIK,0.6351922313194533,High Risk,24.7,Low Value,High Risk / Low Value,Month-to-month,1
9546-KDTRB,0.12101150970588555,Low Risk,24.7,Low Value,Low Risk / Low Value,Month-to-month,19
2592-SEIFQ,0.5646509080228564,High Risk,24.75,Low Value,High Risk / Low Value,Month-to-month,3
4729-XKASR,0.5526937646590113,High Risk,24.75,Low Value,High Risk / Low Value,Month-to-month,1
1024-GUALD,0.6735463083425158,High Risk,24.8,Low Value,High Risk / Low Value,Month-to-month,1
6366-ZGQGL,0.5135114437754945,High Risk,24.8,Low Value,High Risk / Low Value,Month-to-month,1
1140-UKVZG,0.12793392119127261,Low Risk,24.8,Low Value,Low Risk / Low Value,Month-to-month,17
9578-FOMUK,0.21084859142280174,High Risk,24.8,Low Value,High Risk / Low Value,Month-to-month,15
5555-RNPGT,0.14216226480602795,Low Risk,24.8,Low Value,Low Risk / Low Value,Month-to-month,10
7932-WPTDS,0.7190615860122912,High Risk,24.8,Low Value,High Risk / Low Value,Month-to-month,1
9092-GDZKO,0.12813639949563813,Low Risk,24.85,Low Value,Low Risk / Low Value,Month-to-month,22
8713-IGZSO,0.23150012115522295,High Risk,24.85,Low Value,High Risk / Low Value,Month-to-month,2
7909-FIOIY,0.33022988558961436,High Risk,24.85,Low Value,High Risk / Low Value,Month-to-month,19
4282-ACRXS,0.2801604131315529,High Risk,24.85,Low Value,High Risk / Low Value,Month-to-month,38
6344-SFJVH,0.2758592416120164,High Risk,24.9,Low Value,High Risk / Low Value,Month-to-month,20
4367-NHWMM,0.590055931119897,High Risk,24.9,Low Value,High Risk / Low Value,Month-to-month,1
9638-JIQYA,0.5641367253020241,High Risk,24.9,Low Value,High Risk / Low Value,Month-to-month,2
7802-EFKNY,0.6201851021258127,High Risk,24.95,Low Value,High Risk / Low Value,Month-to-month,5
1335-NTIUC,0.5717616687661177,High Risk,24.95,Low Value,High Risk / Low Value,Month-to-month,9
8904-OPDCK,0.11347026163271207,Low Risk,24.95,Low Value,Low Risk / Low Value,Month-to-month,54
8896-BQTTI,0.3071572292419293,High Risk,25.0,Low Value,High Risk / Low Value,Month-to-month,1
9817-APLHW,0.20706070448682073,High Risk,25.0,Low Value,High Risk / Low Value,Month-to-month,12
6542-LWGXJ,0.4737387982494025,High Risk,25.0,Low Value,High Risk / Low Value,Month-to-month,3
6447-GORXK,0.15550700367319667,Low Risk,25.0,Low Value,Low Risk / Low Value,Month-to-month,31
5349-AZPEW,0.41677764989574023,High Risk,25.05,Low Value,High Risk / Low Value,Month-to-month,5
9907-SWKKF,0.5585115522877135,High Risk,25.05,Low Value,High Risk / Low Value,Month-to-month,1
1329-VHWNP,0.4441063210376531,High Risk,25.05,Low Value,High Risk / Low Value,Month-to-month,7
0746-JTRFU,0.657447515073029,High Risk,25.05,Low Value,High Risk / Low Value,Month-to-month,2
9027-YFHQJ,0.2555034346787438,High Risk,25.05,Low Value,High Risk / Low Value,Month-to-month,7
6345-HOVES,0.2197155302418851,High Risk,25.05,Low Value,High Risk / Low Value,Month-to-month,34
0616-ATFGB,0.6389254535158562,High Risk,25.05,Low Value,High Risk / Low Value,Month-to-month,1
9743-DQKQW,0.5641814066989136,High Risk,25.1,Low Value,High Risk / Low Value,Month-to-month,3
6032-IGALN,0.5892722044020757,High Risk,25.1,Low Value,High Risk / Low Value,Month-to-month,1
0023-HGHWL,0.7140409060724818,High Risk,25.1,Low Value,High Risk / Low Value,Month-to-month,1
6743-HHQPF,0.1484788568233531,Low Risk,25.1,Low Value,Low Risk / Low Value,Month-to-month,42
4987-GQWPO,0.29842540489020564,High Risk,25.1,Low Value,High Risk / Low Value,Month-to-month,17
7016-BPGEU,0.25266213071412724,High Risk,25.1,Low Value,High Risk / Low Value,Month-to-month,29
1984-GPTEH,0.10070286234825687,Low Risk,25.15,Low Value,Low Risk / Low Value,Month-to-month,29
7537-RBWEA,0.5890762017376213,High Risk,25.15,Low Value,High Risk / Low Value,Month-to-month,1
2672-DZUOY,0.6679080943472046,High Risk,25.15,Low Value,High Risk / Low Value,Month-to-month,1
1559-DTODC,0.37353159929166196,High Risk,25.15,Low Value,High Risk / Low Value,Month-to-month,19
4815-GBTCD,0.6382096837915033,High Risk,25.15,Low Value,High Risk / Low Value,Month-to-month,4
4819-HJPIW,0.29896868668558957,High Risk,25.15,Low Value,High Risk / Low Value,Month-to-month,18
3058-WQDRE,0.44740521685116036,High Risk,25.15,Low Value,High Risk / Low Value,Month-to-month,13
1768-ZAIFU,0.7183606835571952,High Risk,25.2,Low Value,High Risk / Low Value,Month-to-month,1
8260-NGFNY,0.504287709752927,High Risk,25.2,Low Value,High Risk / Low Value,Month-to-month,1
0804-XBFBV,0.434824279906169,High Risk,25.2,Low Value,High Risk / Low Value,Month-to-month,11
5167-GBFRE,0.611842557907049,High Risk,25.2,Low Value,High Risk / Low Value,Month-to-month,4
4195-NZGTA,0.5933436277866561,High Risk,25.25,Low Value,High Risk / Low Value,Month-to-month,1
6464-KEXXH,0.48657548257737504,High Risk,25.25,Low Value,High Risk / Low Value,Month-to-month,8
8404-VLQFB,0.2165101587677745,High Risk,25.25,Low Value,High Risk / Low Value,Month-to-month,15
0484-JPBRU,0.058120585185714814,Low Risk,25.25,Low Value,Low Risk / Low Value,Month-to-month,41
2209-XADXF,0.5174038752576574,High Risk,25.25,Low Value,High Risk / Low Value,Month-to-month,1
0612-RTZZA,0.644132975964931,High Risk,25.25,Low Value,High Risk / Low Value,Month-to-month,1
8746-OQQRW,0.21246662992124415,High Risk,25.25,Low Value,High Risk / Low Value,Month-to-month,4
8993-PHFWD,0.5676484961513935,High Risk,25.25,Low Value,High Risk / Low Value,Month-to-month,3
7242-QZLXF,0.632937584419351,High Risk,25.3,Low Value,High Risk / Low Value,Month-to-month,1
5480-HPRRX,0.6207304163791413,High Risk,25.3,Low Value,High Risk / Low Value,Month-to-month,3
6158-HDPXZ,0.49796234743626216,High Risk,25.35,Low Value,High Risk / Low Value,Month-to-month,1
9862-KJTYK,0.32546755447659076,High Risk,25.35,Low Value,High Risk / Low Value,Month-to-month,19
2080-SRCDE,0.21573347203585921,High Risk,25.4,Low Value,High Risk / Low Value,Month-to-month,1
1171-TYKUR,0.041929800321692995,Low Risk,25.4,Low Value,Low Risk / Low Value,Month-to-month,47
8815-LMFLX,0.10412358041711145,Low Risk,25.4,Low Value,Low Risk / Low Value,Month-to-month,25
7083-YNSKY,0.17841358390983333,Low Risk,25.4,Low Value,Low Risk / Low Value,Month-to-month,15
1814-DKOLC,0.2077569004423202,High Risk,25.45,Low Value,High Risk / Low Value,Month-to-month,5
4430-YHXGG,0.24877570450021505,High Risk,25.45,Low Value,High Risk / Low Value,Month-to-month,4
0420-BWTPW,0.37523615498829055,High Risk,25.5,Low Value,High Risk / Low Value,Month-to-month,8
6286-ZHAOK,0.13534095992471643,Low Risk,25.55,Low Value,Low Risk / Low Value,Month-to-month,20
9146-JRIOX,0.12525011250980436,Low Risk,25.55,Low Value,Low Risk / Low Value,Month-to-month,14
6791-YBNAK,0.2594234667339145,High Risk,25.55,Low Value,High Risk / Low Value,Month-to-month,18
4163-KIUHY,0.10297335418443623,Low Risk,25.6,Low Value,Low Risk / Low Value,Month-to-month,35
6029-CSMJE,0.38427301701079974,High Risk,25.65,Low Value,High Risk / Low Value,Month-to-month,17
2712-SYWAY,0.39163522846811,High Risk,25.7,Low Value,High Risk / Low Value,Month-to-month,1
5539-HIVAK,0.09280882982997027,Low Risk,25.7,Low Value,Low Risk / Low Value,Month-to-month,28
1496-GGSUK,0.6380205839480486,High Risk,25.7,Low Value,High Risk / Low Value,Month-to-month,1
7107-UBYKY,0.09076574098748386,Low Risk,25.75,Low Value,Low Risk / Low Value,Month-to-month,35
2692-PFYTJ,0.3094445762446371,High Risk,25.75,Low Value,High Risk / Low Value,Month-to-month,1
0661-XEYAN,0.6376464680993056,High Risk,25.8,Low Value,High Risk / Low Value,Month-to-month,1
0568-ONFPC,0.2445835527348872,High Risk,25.9,Low Value,High Risk / Low Value,Month-to-month,5
3787-TRIAL,0.3858871110622665,High Risk,26.05,Low Value,High Risk / Low Value,Month-to-month,21
2129-ALKBS,0.07294724488666159,Low Risk,26.2,Low Value,Low Risk / Low Value,Month-to-month,40
7610-TVOPG,0.23549400840377108,High Risk,26.35,Low Value,High Risk / Low Value,Month-to-month,15
1222-LRYKO,0.17211746020247884,Low Risk,26.35,Low Value,Low Risk / Low Value,Month-to-month,6
6509-TSGWN,0.042029573411068374,Low Risk,26.45,Low Value,Low Risk / Low Value,Month-to-month,37
6235-VDHOM,0.5620394119228335,High Risk,28.45,Low Value,High Risk / Low Value,Month-to-month,5
0668-OGMHD,0.2737299479040092,High Risk,28.5,Low Value,High Risk / Low Value,Month-to-month,21
3285-UCQVC,0.10307384781157322,Low Risk,28.6,Low Value,Low Risk / Low Value,Month-to-month,37
6022-KOUQO,0.3788623042568959,High Risk,29.05,Low Value,High Risk / Low Value,Month-to-month,2
7853-OETYL,0.5474004228422061,High Risk,29.05,Low Value,High Risk / Low Value,Month-to-month,4
2770-NSVDG,0.30754679170054383,High Risk,29.1,Low Value,High Risk / Low Value,Month-to-month,24
1816-FLZDK,0.40985028096605347,High Risk,29.15,Low Value,High Risk / Low Value,Month-to-month,1
9626-WEQRM,0.45616088059068616,High Risk,29.15,Low Value,High Risk / Low Value,Month-to-month,4
1442-BQPVU,0.4079852734639007,High Risk,29.15,Low Value,High Risk / Low Value,Month-to-month,13
8901-HJXTF,0.30033817950677627,High Risk,29.2,Low Value,High Risk / Low Value,Month-to-month,12
0975-VOOVL,0.4417499264082377,High Risk,29.2,Low Value,High Risk / Low Value,Month-to-month,3
7421-ZLUPA,0.4642542930354424,High Risk,29.25,Low Value,High Risk / Low Value,Month-to-month,8
0282-NVSJS,0.38253176923612425,High Risk,29.3,Low Value,High Risk / Low Value,Month-to-month,12
1395-OFUWC,0.0815999499924798,Low Risk,29.3,Low Value,Low Risk / Low Value,Month-to-month,43
5133-VRSAB,0.3222408464917089,High Risk,29.35,Low Value,High Risk / Low Value,Month-to-month,8
7636-OWBPG,0.45757035818082364,High Risk,29.35,Low Value,High Risk / Low Value,Month-to-month,12
5233-GEEAX,0.6293211445187931,High Risk,29.4,Low Value,High Risk / Low Value,Month-to-month,8
6624-JDRDS,0.3612724275154114,High Risk,29.45,Low Value,High Risk / Low Value,Month-to-month,6
3256-EZDBI,0.10851825169257616,Low Risk,29.45,Low Value,Low Risk / Low Value,Month-to-month,51
6661-EIPZC,0.07644655726121001,Low Risk,29.5,Low Value,Low Risk / Low Value,Month-to-month,48
5016-ETTFF,0.37820614765553234,High Risk,29.5,Low Value,High Risk / Low Value,Month-to-month,10
3538-WZPHD,0.6069210137080481,High Risk,29.6,Low Value,High Risk / Low Value,Month-to-month,3
4801-JZAZL,0.4231209832929756,High Risk,29.6,Low Value,High Risk / Low Value,Month-to-month,11
5156-UMKOW,0.4023947672546614,High Risk,29.65,Low Value,High Risk / Low Value,Month-to-month,3
5143-EGQFK,0.5318618256858272,High Risk,29.65,Low Value,High Risk / Low Value,Month-to-month,10
8650-RHRKE,0.6247753184934544,High Risk,29.65,Low Value,High Risk / Low Value,Month-to-month,4
9526-BIHHD,0.4011656111690416,High Risk,29.7,Low Value,High Risk / Low Value,Month-to-month,1
4592-IWTJI,0.3402413030686539,High Risk,29.7,Low Value,High Risk / Low Value,Month-to-month,3
7758-XKCBS,0.4117796310848572,High Risk,29.7,Low Value,High Risk / Low Value,Month-to-month,15
6713-OKOMC,0.3063616735072825,High Risk,29.75,Low Value,High Risk / Low Value,Month-to-month,10
5960-MVTUK,0.5582013122717319,High Risk,29.75,Low Value,High Risk / Low Value,Month-to-month,3
8799-OXZMD,0.26577452158046,High Risk,29.75,Low Value,High Risk / Low Value,Month-to-month,28
2826-DXLQO,0.3950701128764517,High Risk,29.8,Low Value,High Risk / Low Value,Month-to-month,7
3082-VQXNH,0.42456517192397025,High Risk,29.8,Low Value,High Risk / Low Value,Month-to-month,3
0909-SDHNU,0.30448240401621834,High Risk,29.8,Low Value,High Risk / Low Value,Month-to-month,7
4310-KEDTB,0.2584452438310389,High Risk,29.8,Low Value,High Risk / Low Value,Month-to-month,26
7590-VHVEG,0.6343376827407244,High Risk,29.85,Low Value,High Risk / Low Value,Month-to-month,1
1142-WACZW,0.4093405357823848,High Risk,29.85,Low Value,High Risk / Low Value,Month-to-month,2
0928-JMXNP,0.6722104401741109,High Risk,29.9,Low Value,High Risk / Low Value,Month-to-month,4
5999-LCXAO,0.40589122912241604,High Risk,29.9,Low Value,High Risk / Low Value,Month-to-month,1
9572-WUKSB,0.5565067170628851,High Risk,29.9,Low Value,High Risk / Low Value,Month-to-month,3
6317-YPKDH,0.4754982717836862,High Risk,29.95,Low Value,High Risk / Low Value,Month-to-month,1
6543-CPZMK,0.4945304967428725,High Risk,29.95,Low Value,High Risk / Low Value,Month-to-month,9
7740-KKCXF,0.09027116672424179,Low Risk,30.05,Low Value,Low Risk / Low Value,Month-to-month,51
5202-IVJNU,0.11082960298382802,Low Risk,30.1,Low Value,Low Risk / Low Value,Month-to-month,39
7622-NXQZR,0.19822736193098595,High Risk,30.1,Low Value,High Risk / Low Value,Month-to-month,28
0811-GSDTP,0.3698795188377555,High Risk,30.15,Low Value,High Risk / Low Value,Month-to-month,13
8665-UTDHZ,0.5071679663023535,High Risk,30.2,Low Value,High Risk / Low Value,Month-to-month,1
5533-RJFTJ,0.11832247883096926,Low Risk,30.2,Low Value,Low Risk / Low Value,Month-to-month,49
2533-TIBIX,0.300444764379798,High Risk,30.2,Low Value,High Risk / Low Value,Month-to-month,15
7389-KBFIT,0.4959258250291186,High Risk,30.25,Low Value,High Risk / Low Value,Month-to-month,2
1322-AGOQM,0.08922771156305938,Low Risk,30.3,Low Value,Low Risk / Low Value,Month-to-month,46
8919-FYFQZ,0.20562195486329307,High Risk,30.35,Low Value,High Risk / Low Value,Month-to-month,44
1360-RCYRT,0.22788340736319992,High Risk,30.35,Low Value,High Risk / Low Value,Month-to-month,23
8167-GJLRN,0.4691731455898146,High Risk,30.4,Low Value,High Risk / Low Value,Month-to-month,3
2586-CWXVV,0.08243613327224832,Low Risk,30.4,Low Value,Low Risk / Low Value,Month-to-month,54
3677-IYRBF,0.6983784296848815,High Risk,30.4,Low Value,High Risk / Low Value,Month-to-month,2
4625-EWPTF,0.48625819494238903,High Risk,30.45,Low Value,High Risk / Low Value,Month-to-month,8
6637-KYRCV,0.5495021282424732,High Risk,30.5,Low Value,High Risk / Low Value,Month-to-month,5
2606-RMDHZ,0.4726446982924074,High Risk,30.5,Low Value,High Risk / Low Value,Month-to-month,6
8676-OOQEJ,0.4570949027227723,High Risk,30.5,Low Value,High Risk / Low Value,Month-to-month,4
0032-PGELS,0.37945242397842643,High Risk,30.5,Low Value,High Risk / Low Value,Month-to-month,1
6656-JWRQX,0.4098984412146188,High Risk,30.55,Low Value,High Risk / Low Value,Month-to-month,1
1432-FPAXX,0.30381275421842213,High Risk,30.6,Low Value,High Risk / Low Value,Month-to-month,29
9057-MSWCO,0.18111584536745165,Low Risk,30.75,Low Value,Low Risk / Low Value,Month-to-month,27
1078-TDCRN,0.6574259537205408,High Risk,30.75,Low Value,High Risk / Low Value,Month-to-month,3
6549-NNDYT,0.35764339200917933,High Risk,30.85,Low Value,High Risk / Low Value,Month-to-month,13
4030-VPZBD,0.5705832781298793,High Risk,30.9,Low Value,High Risk / Low Value,Month-to-month,2
3237-AJGEH,0.4303636053821527,High Risk,31.0,Low Value,High Risk / Low Value,Month-to-month,3
8718-PTMEZ,0.48389730382105056,High Risk,31.05,Low Value,High Risk / Low Value,Month-to-month,13
8069-YQQAJ,0.38092146331620463,High Risk,31.1,Low Value,High Risk / Low Value,Month-to-month,14
3689-MOZGR,0.26475835998850744,High Risk,31.2,Low Value,High Risk / Low Value,Month-to-month,29
5868-CZJDR,0.4984458519431179,High Risk,31.35,Low Value,High Risk / Low Value,Month-to-month,1
6339-DKLMK,0.48463207424545895,High Risk,31.65,Low Value,High Risk / Low Value,Month-to-month,13
5730-RIITO,0.11992520078717928,Low Risk,33.45,Low Value,Low Risk / Low Value,Month-to-month,43
2946-KIQSP,0.15961538577854864,Low Risk,33.45,Low Value,Low Risk / Low Value,Month-to-month,35
2011-TRQYE,0.33080713700807496,High Risk,33.5,Low Value,High Risk / Low Value,Month-to-month,18
2683-JXWQQ,0.03300779972775926,Low Risk,33.6,Low Value,Low Risk / Low Value,Month-to-month,61
6917-IAYHD,0.3363206235174961,High Risk,33.6,Low Value,High Risk / Low Value,Month-to-month,1
4712-AUQZO,0.22085018354640712,High Risk,33.6,Low Value,High Risk / Low Value,Month-to-month,18
3806-DXQOM,0.5070425076731248,High Risk,33.65,Low Value,High Risk / Low Value,Month-to-month,4
3016-KSVCP,0.2465489770969328,High Risk,33.75,Low Value,High Risk / Low Value,Month-to-month,29
2309-OSFEU,0.5306208923235403,High Risk,33.9,Low Value,High Risk / Low Value,Month-to-month,10
4177-JPDFU,0.2595988299410645,High Risk,34.0,Low Value,High Risk / Low Value,Month-to-month,12
2894-QOJRX,0.3731962265980882,High Risk,34.0,Low Value,High Risk / Low Value,Month-to-month,25
7233-IOQNP,0.06425918375563824,Low Risk,34.0,Low Value,Low Risk / Low Value,Month-to-month,43
1976-AZZPJ,0.29980684446795575,High Risk,34.2,Low Value,High Risk / Low Value,Month-to-month,7
5882-CMAZQ,0.3772172432560503,High Risk,34.25,Low Value,High Risk / Low Value,Month-to-month,5
8070-AAWZP,0.214970087589552,High Risk,34.25,Low Value,High Risk / Low Value,Month-to-month,24
3815-SLMEF,0.3035656843194024,High Risk,34.25,Low Value,High Risk / Low Value,Month-to-month,3
4976-LNFVV,0.3612592598893747,High Risk,34.3,Low Value,High Risk / Low Value,Month-to-month,19
6907-CQGPN,0.18159622074372636,Low Risk,34.3,Low Value,Low Risk / Low Value,Month-to-month,29
3307-TLCUD,0.23034798556134264,High Risk,34.4,Low Value,High Risk / Low Value,Month-to-month,17
4323-SADQS,0.3781388181923039,High Risk,34.5,Low Value,High Risk / Low Value,Month-to-month,7
4881-JVQOD,0.5610854270697321,High Risk,34.55,Low Value,High Risk / Low Value,Month-to-month,10
8259-NFJTV,0.2331649859387688,High Risk,34.65,Low Value,High Risk / Low Value,Month-to-month,7
1261-FWTTE,0.4424180481182136,High Risk,34.65,Low Value,High Risk / Low Value,Month-to-month,23
0822-GAVAP,0.7079385027534615,High Risk,34.7,Low Value,High Risk / Low Value,Month-to-month,2
0375-HVGXO,0.7156446860363121,High Risk,34.7,Low Value,High Risk / Low Value,Month-to-month,1
2408-WITXK,0.6723308462270238,High Risk,34.7,Low Value,High Risk / Low Value,Month-to-month,10
7950-XWOVN,0.33318592129305113,High Risk,34.7,Low Value,High Risk / Low Value,Month-to-month,11
0778-NELLA,0.530362832931691,High Risk,34.7,Low Value,High Risk / Low Value,Month-to-month,9
3050-GBUSH,0.6070748005619114,High Risk,34.8,Low Value,High Risk / Low Value,Month-to-month,3
2908-ZTPNF,0.14385445811410158,Low Risk,34.85,Low Value,Low Risk / Low Value,Month-to-month,36
3472-OAOOR,0.2214032174803741,High Risk,34.95,Low Value,High Risk / Low Value,Month-to-month,19
6240-EURKS,0.4878172727003905,High Risk,35.0,Low Value,High Risk / Low Value,Month-to-month,18
7075-BNDVQ,0.3598563017184595,High Risk,35.0,Low Value,High Risk / Low Value,Month-to-month,4
8582-KRHPJ,0.07282322100497976,Low Risk,35.0,Low Value,Low Risk / Low Value,Month-to-month,50
3841-CONLJ,0.6421900368264445,High Risk,35.0,Low Value,High Risk / Low Value,Month-to-month,1
8741-LQOBK,0.05825721066435574,Low Risk,35.05,Low Value,Low Risk / Low Value,Month-to-month,46
3751-KTZEL,0.5561669329483214,High Risk,35.05,Low Value,High Risk / Low Value,Month-to-month,1
2485-ITVKB,0.7063532110743208,High Risk,35.1,Low Value,High Risk / Low Value,Month-to-month,2
3594-KADLU,0.2928085509644144,High Risk,35.1,Low Value,High Risk / Low Value,Month-to-month,3
8066-POXGX,0.5885768908949581,High Risk,35.1,Low Value,High Risk / Low Value,Month-to-month,13
7078-NVFAM,0.18306770316398638,Low Risk,35.15,Low Value,Low Risk / Low Value,Month-to-month,32
7384-GHBPI,0.6911565479876991,High Risk,35.15,Low Value,High Risk / Low Value,Month-to-month,3
5759-RCVCB,0.52117336274321,High Risk,35.2,Low Value,High Risk / Low Value,Month-to-month,3
6133-OZILE,0.37370706437391654,High Risk,35.2,Low Value,High Risk / Low Value,Month-to-month,18
1740-CSDJP,0.6445109041389802,High Risk,35.25,Low Value,High Risk / Low Value,Month-to-month,1
4139-SUGLD,0.09025362578929827,Low Risk,35.4,Low Value,Low Risk / Low Value,Month-to-month,31
3091-FYHKI,0.710932985690985,High Risk,35.45,Low Value,High Risk / Low Value,Month-to-month,1
2108-XWMPY,0.41645363632113247,High Risk,35.45,Low Value,High Risk / Low Value,Month-to-month,3
3845-JHAMY,0.4160823653435327,High Risk,35.5,Low Value,High Risk / Low Value,Month-to-month,16
0953-LGOVU,0.22612076555123015,High Risk,35.5,Low Value,High Risk / Low Value,Month-to-month,12
0841-NULXI,0.7106000456405939,High Risk,35.55,Low Value,High Risk / Low Value,Month-to-month,1
8158-WPEZG,0.4209170940633686,High Risk,35.65,Low Value,High Risk / Low Value,Month-to-month,11
1049-FYSYG,0.3433355627029727,High Risk,35.65,Low Value,High Risk / Low Value,Month-to-month,17
6773-LQTVT,0.2439072963529914,High Risk,35.65,Low Value,High Risk / Low Value,Month-to-month,29
4307-KWMXE,0.35077586195527294,High Risk,35.75,Low Value,High Risk / Low Value,Month-to-month,10
5378-IKEEG,0.7121715351116248,High Risk,35.75,Low Value,High Risk / Low Value,Month-to-month,1
7746-AWNQW,0.20445051533943456,High Risk,35.75,Low Value,High Risk / Low Value,Month-to-month,28
4501-VCPFK,0.22648430795568972,High Risk,35.75,Low Value,High Risk / Low Value,Month-to-month,26
4718-DHSMV,0.5159477121630409,High Risk,35.8,Low Value,High Risk / Low Value,Month-to-month,11
5697-GOMBF,0.4219317819730317,High Risk,35.9,Low Value,High Risk / Low Value,Month-to-month,28
7854-FOKSF,0.6342388247656408,High Risk,35.9,Low Value,High Risk / Low Value,Month-to-month,1
2049-BAFNW,0.3964570311961821,High Risk,35.9,Low Value,High Risk / Low Value,Month-to-month,1
2782-JEEBU,0.23906981099137162,High Risk,36.0,Low Value,High Risk / Low Value,Month-to-month,21
4439-YRNVD,0.35302770286134744,High Risk,36.25,Low Value,High Risk / Low Value,Month-to-month,10
7890-VYYWG,0.6512112039603388,High Risk,36.45,Low Value,High Risk / Low Value,Month-to-month,3
3776-EKTKM,0.7521589845403218,High Risk,36.45,Low Value,High Risk / Low Value,Month-to-month,1
5649-TJHOV,0.31883255525675464,High Risk,36.5,Low Value,High Risk / Low Value,Month-to-month,27
4360-QRAVE,0.20222093886534873,High Risk,36.65,Low Value,High Risk / Low Value,Month-to-month,37
4430-UZIPO,0.4175672784236825,High Risk,36.85,Low Value,High Risk / Low Value,Month-to-month,3
7634-WSWDB,0.5207378730876534,High Risk,38.5,Low Value,High Risk / Low Value,Month-to-month,8
3694-DELSO,0.37436552675367,High Risk,38.55,Low Value,High Risk / Low Value,Month-to-month,4
9754-CLVZW,0.09542986850728576,Low Risk,38.85,Low Value,Low Risk / Low Value,Month-to-month,26
6537-QLGEX,0.463455782050224,High Risk,38.9,Low Value,High Risk / Low Value,Month-to-month,16
0786-VSSUD,0.4795524264730445,High Risk,39.0,Low Value,High Risk / Low Value,Month-to-month,16
5087-SUURX,0.5216979275039674,High Risk,39.05,Low Value,High Risk / Low Value,Month-to-month,18
2778-OCLGR,0.2751189267473627,High Risk,39.1,Low Value,High Risk / Low Value,Month-to-month,24
7989-AWGEH,0.13328595286604736,Low Risk,39.2,Low Value,Low Risk / Low Value,Month-to-month,49
2436-QBZFP,0.3298515740101346,High Risk,39.2,Low Value,High Risk / Low Value,Month-to-month,22
4628-CTTLA,0.13222563983219757,Low Risk,39.3,Low Value,Low Risk / Low Value,Month-to-month,57
1862-SKORY,0.30886071633268974,High Risk,39.3,Low Value,High Risk / Low Value,Month-to-month,40
9074-KGVOX,0.09233052299631357,Low Risk,39.45,Low Value,Low Risk / Low Value,Month-to-month,50
5669-SRAIP,0.5904845483198156,High Risk,39.5,Low Value,High Risk / Low Value,Month-to-month,5
8779-QRDMV,0.7461575237072221,High Risk,39.65,Low Value,High Risk / Low Value,Month-to-month,1
5204-QZXPU,0.504587673231568,High Risk,39.65,Low Value,High Risk / Low Value,Month-to-month,19
3665-JATSN,0.4807546676874073,High Risk,39.7,Low Value,High Risk / Low Value,Month-to-month,19
8450-UYIBU,0.3867601439839817,High Risk,39.85,Low Value,High Risk / Low Value,Month-to-month,35
3893-JRNFS,0.0761886857561252,Low Risk,39.9,Low Value,Low Risk / Low Value,Month-to-month,68
4132-POCZS,0.13577568892238184,Low Risk,39.9,Low Value,Low Risk / Low Value,Month-to-month,52
8722-NGNBH,0.2674319168845671,High Risk,40.0,Low Value,High Risk / Low Value,Month-to-month,5
3748-FVMZZ,0.5972078389542526,High Risk,40.05,Low Value,High Risk / Low Value,Month-to-month,4
5180-UCIIQ,0.2495562619005217,High Risk,40.05,Low Value,High Risk / Low Value,Month-to-month,22
7734-DBOAI,0.5109845987651954,High Risk,40.1,Low Value,High Risk / Low Value,Month-to-month,1
2187-LZGPL,0.5226299270810159,High Risk,40.1,Low Value,High Risk / Low Value,Month-to-month,7
8644-XYTSV,0.15244886919824652,Low Risk,40.15,Low Value,Low Risk / Low Value,Month-to-month,42
6338-AVWCY,0.5969377618342576,High Risk,40.15,Low Value,High Risk / Low Value,Month-to-month,3
9514-JDSKI,0.6433069128596911,High Risk,40.2,Low Value,High Risk / Low Value,Month-to-month,1
7041-TXQJH,0.23738146179961434,High Risk,40.2,Low Value,High Risk / Low Value,Month-to-month,37
0117-LFRMW,0.083861996477467,Low Risk,40.2,Low Value,Low Risk / Low Value,Month-to-month,37
9505-SQFSW,0.44881463488039697,High Risk,40.3,Low Value,High Risk / Low Value,Month-to-month,3
9667-EQRXU,0.4358797483350351,High Risk,40.3,Low Value,High Risk / Low Value,Month-to-month,30
8807-ARQET,0.2555950218063995,High Risk,40.35,Low Value,High Risk / Low Value,Month-to-month,41
5673-TIYIB,0.4145497666699921,High Risk,40.4,Low Value,High Risk / Low Value,Month-to-month,2
9839-ETQOE,0.12464037124613794,Low Risk,40.45,Low Value,Low Risk / Low Value,Month-to-month,43
7074-STDCN,0.22465535821344373,High Risk,40.6,Low Value,High Risk / Low Value,Month-to-month,39
1530-ZTDOZ,0.08995571944094323,Low Risk,40.65,Low Value,Low Risk / Low Value,Month-to-month,49
0836-SEYLU,0.3603653301091136,High Risk,40.65,Low Value,High Risk / Low Value,Month-to-month,9
9381-NDKME,0.4075182848519076,High Risk,40.65,Low Value,High Risk / Low Value,Month-to-month,24
8111-BKVDS,0.2766736614274246,High Risk,40.7,Low Value,High Risk / Low Value,Month-to-month,10
9026-LHEVG,0.5090827597273847,High Risk,40.75,Low Value,High Risk / Low Value,Month-to-month,9
7721-JXEAW,0.09774532744061498,Low Risk,41.05,Low Value,Low Risk / Low Value,Month-to-month,59
8350-NYMVI,0.09343042278012839,Low Risk,41.1,Low Value,Low Risk / Low Value,Month-to-month,39
7273-TEFQD,0.7242511848495234,High Risk,41.15,Low Value,High Risk / Low Value,Month-to-month,3
6351-SCJKT,0.2790373880484132,High Risk,41.35,Low Value,High Risk / Low Value,Month-to-month,3
0623-IIHUG,0.4460356366350554,High Risk,41.9,Low Value,High Risk / Low Value,Month-to-month,21
7880-XSOJX,0.24323734549430934,High Risk,42.4,Low Value,High Risk / Low Value,Month-to-month,4
7881-EVUAD,0.5852843919262467,High Risk,42.6,Low Value,High Risk / Low Value,Month-to-month,2
6959-UWKHF,0.5298244963646428,High Risk,42.9,Low Value,High Risk / Low Value,Month-to-month,1
8740-XLHDR,0.307450478158048,High Risk,43.25,Low Value,High Risk / Low Value,Month-to-month,5
6702-OHFWR,0.7165675804080976,High Risk,43.3,Low Value,High Risk / Low Value,Month-to-month,1
7587-RZNME,0.505365374914736,High Risk,43.3,Low Value,High Risk / Low Value,Month-to-month,3
2761-XECQW,0.5636642213342121,High Risk,43.35,Low Value,High Risk / Low Value,Month-to-month,8
9327-QSDED,0.28663362080429755,High Risk,43.55,Low Value,High Risk / Low Value,Month-to-month,8
8706-HRADD,0.2521550357653295,High Risk,43.55,Low Value,High Risk / Low Value,Month-to-month,21
1271-SJBGZ,0.5566914438293845,High Risk,43.65,Low Value,High Risk / Low Value,Month-to-month,12
4570-QHXHL,0.4439224769612719,High Risk,43.75,Low Value,High Risk / Low Value,Month-to-month,9
2604-XVDAM,0.26712624480453745,High Risk,43.8,Low Value,High Risk / Low Value,Month-to-month,12
1478-VPOAD,0.4465919829461152,High Risk,43.8,Low Value,High Risk / Low Value,Month-to-month,1
1125-SNVCK,0.07473673921342547,Low Risk,43.8,Low Value,Low Risk / Low Value,Month-to-month,49
6650-VJONK,0.4491495754831363,High Risk,43.85,Low Value,High Risk / Low Value,Month-to-month,1
6211-WHMYA,0.09748769170314962,Low Risk,43.85,Low Value,Low Risk / Low Value,Month-to-month,64
4452-QIIEB,0.2938260926895222,High Risk,43.9,Low Value,High Risk / Low Value,Month-to-month,7
9281-PKKZE,0.2944881700485369,High Risk,43.95,Low Value,High Risk / Low Value,Month-to-month,46
1895-QTKDO,0.3517567162798453,High Risk,43.95,Low Value,High Risk / Low Value,Month-to-month,1
3798-EPWRR,0.4883038685622298,High Risk,43.95,Low Value,High Risk / Low Value,Month-to-month,2
3085-QUOZK,0.35931392421381925,High Risk,43.95,Low Value,High Risk / Low Value,Month-to-month,1
5522-JBWMO,0.4032283638723637,High Risk,44.0,Low Value,High Risk / Low Value,Month-to-month,1
1942-OQFRW,0.4401478965456554,High Risk,44.0,Low Value,High Risk / Low Value,Month-to-month,1
8720-RQSBJ,0.49374558550108094,High Risk,44.0,Low Value,High Risk / Low Value,Month-to-month,1
8082-GHXOP,0.2205569755411853,High Risk,44.0,Low Value,High Risk / Low Value,Month-to-month,13
9214-EKVXR,0.44103412156864696,High Risk,44.0,Low Value,High Risk / Low Value,Month-to-month,1
1635-FJFCC,0.38828200266267987,High Risk,44.05,Low Value,High Risk / Low Value,Month-to-month,5
4566-QVRRW,0.41935452445750665,High Risk,44.05,Low Value,High Risk / Low Value,Month-to-month,11
3961-SXAXY,0.44834831574644557,High Risk,44.05,Low Value,High Risk / Low Value,Month-to-month,1
4855-SNKMY,0.5306808948779627,High Risk,44.1,Low Value,High Risk / Low Value,Month-to-month,1
7663-RGWBC,0.4348062409158156,High Risk,44.15,Low Value,High Risk / Low Value,Month-to-month,1
3754-DXMRT,0.5674591731917453,High Risk,44.15,Low Value,High Risk / Low Value,Month-to-month,2
6145-NNPNO,0.37091812243677474,High Risk,44.15,Low Value,High Risk / Low Value,Month-to-month,1
8775-CEBBJ,0.36782728268155246,High Risk,44.2,Low Value,High Risk / Low Value,Month-to-month,9
8887-IPQNC,0.3751795568682031,High Risk,44.25,Low Value,High Risk / Low Value,Month-to-month,7
0224-RLWWD,0.5722122836583317,High Risk,44.3,Low Value,High Risk / Low Value,Month-to-month,2
7963-GQRMY,0.3042734742991407,High Risk,44.3,Low Value,High Risk / Low Value,Month-to-month,3
0082-LDZUE,0.43420933491631014,High Risk,44.3,Low Value,High Risk / Low Value,Month-to-month,1
2478-EEWWM,0.1890807743223716,Low Risk,44.3,Low Value,Low Risk / Low Value,Month-to-month,59
2372-HWUHI,0.42727822681297034,High Risk,44.35,Low Value,High Risk / Low Value,Month-to-month,2
3808-HFKDE,0.3286077122021112,High Risk,44.35,Low Value,High Risk / Low Value,Month-to-month,20
6954-OOYZZ,0.27275002129623427,High Risk,44.35,Low Value,High Risk / Low Value,Month-to-month,18
6142-VSJQO,0.41488350507988403,High Risk,44.35,Low Value,High Risk / Low Value,Month-to-month,1
6982-SSHFK,0.35240060638231535,High Risk,44.4,Low Value,High Risk / Low Value,Month-to-month,1
0415-MOSGF,0.3576379188007148,High Risk,44.4,Low Value,High Risk / Low Value,Month-to-month,1
5533-NHFRF,0.5753236110132609,High Risk,44.4,Low Value,High Risk / Low Value,Month-to-month,7
3589-PPVKW,0.3457844178104344,High Risk,44.4,Low Value,High Risk / Low Value,Month-to-month,9
4361-JEIVL,0.48592300313262443,High Risk,44.4,Low Value,High Risk / Low Value,Month-to-month,1
2235-DWLJU,0.755099346966554,High Risk,44.4,Low Value,High Risk / Low Value,Month-to-month,6
2320-SLKMB,0.2695990004869026,High Risk,44.45,Low Value,High Risk / Low Value,Month-to-month,26
5858-EAFCZ,0.352215827768538,High Risk,44.45,Low Value,High Risk / Low Value,Month-to-month,1
4139-JPIAM,0.07543334837975771,Low Risk,44.45,Low Value,Low Risk / Low Value,Month-to-month,51
1728-BQDMA,0.4325865906764696,High Risk,44.45,Low Value,High Risk / Low Value,Month-to-month,2
8455-HIRAQ,0.290373522499569,High Risk,44.45,Low Value,High Risk / Low Value,Month-to-month,8
6595-COKXZ,0.4392382633936306,High Risk,44.45,Low Value,High Risk / Low Value,Month-to-month,1
7729-JTEEC,0.473752400492038,High Risk,44.5,Low Value,High Risk / Low Value,Month-to-month,2
4459-BBGHE,0.4159773780710738,High Risk,44.5,Low Value,High Risk / Low Value,Month-to-month,30
7878-JGDKK,0.32487863156671193,High Risk,44.55,Low Value,High Risk / Low Value,Month-to-month,4
2495-INZWQ,0.7259320349770968,High Risk,44.55,Low Value,High Risk / Low Value,Month-to-month,4
2903-YYTBW,0.4003636632393879,High Risk,44.55,Low Value,High Risk / Low Value,Month-to-month,1
1518-OMDIK,0.15072800517116203,Low Risk,44.55,Low Value,Low Risk / Low Value,Month-to-month,33
8180-AKMJV,0.43073407941795566,High Risk,44.55,Low Value,High Risk / Low Value,Month-to-month,1
3945-GFWQL,0.3679800253572619,High Risk,44.55,Low Value,High Risk / Low Value,Month-to-month,12
4959-JOSRX,0.41831416007726535,High Risk,44.6,Low Value,High Risk / Low Value,Month-to-month,2
7615-ESMYF,0.6777338007185282,High Risk,44.6,Low Value,High Risk / Low Value,Month-to-month,2
7593-JNWRU,0.35551713578697475,High Risk,44.6,Low Value,High Risk / Low Value,Month-to-month,6
4146-SVFUD,0.351661757425512,High Risk,44.6,Low Value,High Risk / Low Value,Month-to-month,1
0374-IOEGQ,0.4207775423579694,High Risk,44.6,Low Value,High Risk / Low Value,Month-to-month,3
4524-QCSSM,0.2530767431789928,High Risk,44.65,Low Value,High Risk / Low Value,Month-to-month,26
4608-LCIMN,0.2648392392936052,High Risk,44.65,Low Value,High Risk / Low Value,Month-to-month,8
8242-JSVBO,0.3821350021924232,High Risk,44.65,Low Value,High Risk / Low Value,Month-to-month,7
4432-ADRLB,0.3404506649392019,High Risk,44.65,Low Value,High Risk / Low Value,Month-to-month,2
9873-MNDKV,0.3324295925728483,High Risk,44.65,Low Value,High Risk / Low Value,Month-to-month,11
7851-FLGGQ,0.5007390995870885,High Risk,44.65,Low Value,High Risk / Low Value,Month-to-month,1
9448-REEVD,0.3431345473063232,High Risk,44.7,Low Value,High Risk / Low Value,Month-to-month,1
4816-JBHOV,0.5653084927424382,High Risk,44.7,Low Value,High Risk / Low Value,Month-to-month,2
3258-SANFR,0.3429327894672453,High Risk,44.7,Low Value,High Risk / Low Value,Month-to-month,6
5027-XWQHA,0.3837073997770755,High Risk,44.75,Low Value,High Risk / Low Value,Month-to-month,6
4373-VVHQL,0.522354677940704,High Risk,44.75,Low Value,High Risk / Low Value,Month-to-month,1
1919-RTPQD,0.33910193198039645,High Risk,44.75,Low Value,High Risk / Low Value,Month-to-month,7
2672-OJQZP,0.35633675920726543,High Risk,44.75,Low Value,High Risk / Low Value,Month-to-month,1
8660-BUETV,0.3371774807002168,High Risk,44.75,Low Value,High Risk / Low Value,Month-to-month,3
8705-WZCYL,0.522152636988174,High Risk,44.8,Low Value,High Risk / Low Value,Month-to-month,1
7521-AFHAB,0.2839212519761004,High Risk,44.8,Low Value,High Risk / Low Value,Month-to-month,5
6137-MFAJN,0.14768275988558527,Low Risk,44.8,Low Value,Low Risk / Low Value,Month-to-month,48
9348-YVOMK,0.3917988426752206,High Risk,44.8,Low Value,High Risk / Low Value,Month-to-month,4
2480-SQIOB,0.3672698006687344,High Risk,44.8,Low Value,High Risk / Low Value,Month-to-month,4
3640-JQGJG,0.22175919796962967,High Risk,44.8,Low Value,High Risk / Low Value,Month-to-month,13
3580-REOAC,0.3296823115474132,High Risk,44.85,Low Value,High Risk / Low Value,Month-to-month,10
5337-IIWKZ,0.23667722135427535,High Risk,44.85,Low Value,High Risk / Low Value,Month-to-month,34
3132-TVFDZ,0.23829151949222332,High Risk,44.85,Low Value,High Risk / Low Value,Month-to-month,57
9591-YVTEB,0.1354920846712722,Low Risk,44.85,Low Value,Low Risk / Low Value,Month-to-month,55
6128-DAFVY,0.1556771612635069,Low Risk,44.85,Low Value,Low Risk / Low Value,Month-to-month,56
7883-ROJOC,0.19802184615690854,High Risk,44.9,Low Value,High Risk / Low Value,Month-to-month,19
6817-WTYHE,0.354060432952378,High Risk,44.9,Low Value,High Risk / Low Value,Month-to-month,2
8710-YGLWG,0.43182363530215523,High Risk,44.9,Low Value,High Risk / Low Value,Month-to-month,1
4847-QNOKA,0.4506017039946647,High Risk,44.9,Low Value,High Risk / Low Value,Month-to-month,1
6243-OZGFH,0.5346741585808389,High Risk,44.95,Low Value,High Risk / Low Value,Month-to-month,23
4208-UFFGW,0.38992907227377754,High Risk,44.95,Low Value,High Risk / Low Value,Month-to-month,2
0842-IWYCP,0.07551335951482163,Low Risk,44.95,Low Value,Low Risk / Low Value,Month-to-month,46
3030-YZADT,0.27608433954815653,High Risk,44.95,Low Value,High Risk / Low Value,Month-to-month,9
8950-MTZNV,0.43162496812269124,High Risk,44.95,Low Value,High Risk / Low Value,Month-to-month,1
8756-RDDLT,0.05116714247160751,Low Risk,44.95,Low Value,Low Risk / Low Value,Month-to-month,68
4012-ZTHBR,0.28151320199183816,High Risk,44.95,Low Value,High Risk / Low Value,Month-to-month,21
5046-NUHWD,0.3603383914658408,High Risk,45.0,Low Value,High Risk / Low Value,Month-to-month,29
4257-GAESD,0.5435499615614386,High Risk,45.0,Low Value,High Risk / Low Value,Month-to-month,6
4671-LXRDQ,0.42106731748723186,High Risk,45.0,Low Value,High Risk / Low Value,Month-to-month,2
7675-OZCZG,0.47269848057792413,High Risk,45.0,Low Value,High Risk / Low Value,Month-to-month,3
8356-WUAOJ,0.5262984507858214,High Risk,45.0,Low Value,High Risk / Low Value,Month-to-month,1
9588-OZDMQ,0.5152245392835396,High Risk,45.0,Low Value,High Risk / Low Value,Month-to-month,2
2828-SLQPF,0.265641825735262,High Risk,45.0,Low Value,High Risk / Low Value,Month-to-month,19
1600-DILPE,0.3336211840418476,High Risk,45.0,Low Value,High Risk / Low Value,Month-to-month,12
0076-LVEPS,0.11179070191813238,Low Risk,45.0,Low Value,Low Risk / Low Value,Month-to-month,29
2833-SLKDQ,0.3500019462994461,High Risk,45.05,Low Value,High Risk / Low Value,Month-to-month,1
4690-LLKUA,0.399643819109893,High Risk,45.05,Low Value,High Risk / Low Value,Month-to-month,17
5696-QURRL,0.4312276998202832,High Risk,45.05,Low Value,High Risk / Low Value,Month-to-month,1
5392-AKEMH,0.4049477265029469,High Risk,45.05,Low Value,High Risk / Low Value,Month-to-month,12
8080-DDEMJ,0.4892931728267447,High Risk,45.1,Low Value,High Risk / Low Value,Month-to-month,1
4193-ORFCL,0.4057832687373088,High Risk,45.1,Low Value,High Risk / Low Value,Month-to-month,1
3926-CUQZX,0.44414619439929437,High Risk,45.1,Low Value,High Risk / Low Value,Month-to-month,1
1612-EOHDH,0.4411949312689261,High Risk,45.15,Low Value,High Risk / Low Value,Month-to-month,1
2219-MVUSO,0.36238538304166146,High Risk,45.15,Low Value,High Risk / Low Value,Month-to-month,8
6410-LEFEN,0.3572531035783439,High Risk,45.15,Low Value,High Risk / Low Value,Month-to-month,9
2962-XPMCQ,0.5103015938399266,High Risk,45.15,Low Value,High Risk / Low Value,Month-to-month,2
7252-NTGSS,0.3548523133639811,High Risk,45.15,Low Value,High Risk / Low Value,Month-to-month,1
4706-DGAHW,0.4888884816442659,High Risk,45.2,Low Value,High Risk / Low Value,Month-to-month,1
3450-WXOAT,0.0905266707135591,Low Risk,45.2,Low Value,Low Risk / Low Value,Month-to-month,46
1685-VAYJF,0.25004104934234106,High Risk,45.2,Low Value,High Risk / Low Value,Month-to-month,11
2887-JPYLU,0.0780098547055545,Low Risk,45.2,Low Value,Low Risk / Low Value,Month-to-month,41
3413-BMNZE,0.41255218879576455,High Risk,45.25,Low Value,High Risk / Low Value,Month-to-month,1
8095-WANWK,0.26804457476054455,High Risk,45.25,Low Value,High Risk / Low Value,Month-to-month,10
7396-VJUZB,0.28554218047363367,High Risk,45.25,Low Value,High Risk / Low Value,Month-to-month,4
3278-FSIXX,0.4240094954428671,High Risk,45.25,Low Value,High Risk / Low Value,Month-to-month,2
2737-WFVYW,0.7454259593239361,High Risk,45.25,Low Value,High Risk / Low Value,Month-to-month,2
3445-HXXGF,0.16511708768537875,Low Risk,45.3,Low Value,Low Risk / Low Value,Month-to-month,58
6582-OIVSP,0.35429636395868613,High Risk,45.3,Low Value,High Risk / Low Value,Month-to-month,1
0447-BEMNG,0.12721854735071514,Low Risk,45.3,Low Value,Low Risk / Low Value,Month-to-month,48
5552-ZNFSJ,0.43496654686688324,High Risk,45.3,Low Value,High Risk / Low Value,Month-to-month,1
7065-YUNRY,0.4358504611960524,High Risk,45.3,Low Value,High Risk / Low Value,Month-to-month,1
5077-DXTCG,0.5258378461839142,High Risk,45.3,Low Value,High Risk / Low Value,Month-to-month,1
8229-TNIQA,0.40470226699745604,High Risk,45.3,Low Value,High Risk / Low Value,Month-to-month,4
7568-PODML,0.6758895095393663,High Risk,45.3,Low Value,High Risk / Low Value,Month-to-month,1
1963-SVUCV,0.43496654686688324,High Risk,45.3,Low Value,High Risk / Low Value,Month-to-month,1
0749-IRGQE,0.6084844892744691,High Risk,45.3,Low Value,High Risk / Low Value,Month-to-month,13
1589-AGTLK,0.49825320775809084,High Risk,45.35,Low Value,High Risk / Low Value,Month-to-month,3
0322-CHQRU,0.42385206248532237,High Risk,45.35,Low Value,High Risk / Low Value,Month-to-month,2
7754-IXRMC,0.3541111348580193,High Risk,45.35,Low Value,High Risk / Low Value,Month-to-month,1
2957-LOLHO,0.32674107621124915,High Risk,45.4,Low Value,High Risk / Low Value,Month-to-month,12
7511-YMXVQ,0.6779634050162733,High Risk,45.4,Low Value,High Risk / Low Value,Month-to-month,9
6519-CFDBX,0.5136675015329504,High Risk,45.4,Low Value,High Risk / Low Value,Month-to-month,2
5692-FPTAH,0.43545228335936736,High Risk,45.4,Low Value,High Risk / Low Value,Month-to-month,1
9708-HPXWZ,0.44058148293250954,High Risk,45.4,Low Value,High Risk / Low Value,Month-to-month,5
2275-RBYQS,0.43545228335936736,High Risk,45.4,Low Value,High Risk / Low Value,Month-to-month,1
4061-UKJWL,0.3291069252417898,High Risk,45.45,Low Value,High Risk / Low Value,Month-to-month,3
1767-TGTKO,0.4138353320644351,High Risk,45.45,Low Value,High Risk / Low Value,Month-to-month,8
7109-MFBYV,0.20543554334722644,High Risk,45.45,Low Value,High Risk / Low Value,Month-to-month,26
4647-XXZAM,0.2738849062019129,High Risk,45.5,Low Value,High Risk / Low Value,Month-to-month,6
2817-NTQDO,0.3067996448078851,High Risk,45.55,Low Value,High Risk / Low Value,Month-to-month,13
0621-TWIEM,0.41663914896360366,High Risk,45.55,Low Value,High Risk / Low Value,Month-to-month,10
3566-HJGPK,0.4292426953990222,High Risk,45.55,Low Value,High Risk / Low Value,Month-to-month,1
8671-KKKOS,0.11841232520542827,Low Risk,45.55,Low Value,Low Risk / Low Value,Month-to-month,46
4537-DKTAL,0.42826336391419295,High Risk,45.55,Low Value,High Risk / Low Value,Month-to-month,2
9013-AQORL,0.09216733673895647,Low Risk,45.55,Low Value,Low Risk / Low Value,Month-to-month,48
9244-ZVAPM,0.3479782142389179,High Risk,45.6,Low Value,High Risk / Low Value,Month-to-month,1
2082-CEFLT,0.5189190407224558,High Risk,45.6,Low Value,High Risk / Low Value,Month-to-month,1
2135-RXIHG,0.518716885503952,High Risk,45.65,Low Value,High Risk / Low Value,Month-to-month,1
3859-CVCET,0.3239573134587991,High Risk,45.65,Low Value,High Risk / Low Value,Month-to-month,4
7554-AKDQF,0.30693158957022143,High Risk,45.65,Low Value,High Risk / Low Value,Month-to-month,6
6128-CZOMY,0.5244243333126883,High Risk,45.65,Low Value,High Risk / Low Value,Month-to-month,1
3470-BTGQO,0.16052240256769446,Low Risk,45.65,Low Value,Low Risk / Low Value,Month-to-month,21
3255-GRXMG,0.22388422929955346,High Risk,45.65,Low Value,High Risk / Low Value,Month-to-month,18
0887-HJGAR,0.42864763460119537,High Risk,45.7,Low Value,High Risk / Low Value,Month-to-month,1
9117-SHLZX,0.42864763460119537,High Risk,45.7,Low Value,High Risk / Low Value,Month-to-month,1
9828-AOQLM,0.48562511419656607,High Risk,45.7,Low Value,High Risk / Low Value,Month-to-month,1
3317-HRTNN,0.6901102958005673,High Risk,45.7,Low Value,High Risk / Low Value,Month-to-month,5
0999-QXNSA,0.38193445565535306,High Risk,45.75,Low Value,High Risk / Low Value,Month-to-month,7
7359-PTSXY,0.4331762486883669,High Risk,45.75,Low Value,High Risk / Low Value,Month-to-month,1
5133-POWUA,0.4282510418874394,High Risk,45.8,Low Value,High Risk / Low Value,Month-to-month,1
7825-GKXMW,0.43860121787253975,High Risk,45.8,Low Value,High Risk / Low Value,Month-to-month,1
0128-MKWSG,0.1380622922632635,Low Risk,45.8,Low Value,Low Risk / Low Value,Month-to-month,26
6143-JQKEA,0.32628125924913276,High Risk,45.8,Low Value,High Risk / Low Value,Month-to-month,10
3165-HDOEW,0.3907213699444779,High Risk,45.85,Low Value,High Risk / Low Value,Month-to-month,1
4237-RLAQD,0.42805278005910313,High Risk,45.85,Low Value,High Risk / Low Value,Month-to-month,1
1501-SGHBW,0.3364292554822219,High Risk,45.85,Low Value,High Risk / Low Value,Month-to-month,2
5365-LLFYV,0.4238981704971214,High Risk,45.85,Low Value,High Risk / Low Value,Month-to-month,2
6127-IYJOZ,0.4814441952273584,High Risk,45.85,Low Value,High Risk / Low Value,Month-to-month,1
2831-EBWRN,0.4859100715936114,High Risk,45.9,Low Value,High Risk / Low Value,Month-to-month,4
6704-UTUKK,0.46288893116299396,High Risk,45.9,Low Value,High Risk / Low Value,Month-to-month,29
3566-VVORZ,0.2578010360984986,High Risk,45.9,Low Value,High Risk / Low Value,Month-to-month,12
0356-ERHVT,0.3372688475573869,High Risk,45.9,Low Value,High Risk / Low Value,Month-to-month,11
7054-LGEQW,0.35189181176525386,High Risk,45.95,Low Value,High Risk / Low Value,Month-to-month,1
5103-MHMHY,0.3181680591850756,High Risk,45.95,Low Value,High Risk / Low Value,Month-to-month,1
7841-TZDMQ,0.40818684285583606,High Risk,46.0,Low Value,High Risk / Low Value,Month-to-month,2
5651-CPDND,0.2648819219398917,High Risk,46.0,Low Value,High Risk / Low Value,Month-to-month,10
5175-AOBHI,0.4016812971203876,High Risk,46.0,Low Value,High Risk / Low Value,Month-to-month,4
2718-GAXQD,0.42025325359526583,High Risk,46.0,Low Value,High Risk / Low Value,Month-to-month,4
1976-CFOCS,0.49061404407767534,High Risk,46.0,Low Value,High Risk / Low Value,Month-to-month,1
1809-DMJHQ,0.28059715570013194,High Risk,46.0,Low Value,High Risk / Low Value,Month-to-month,5
2842-JTCCU,0.3476375049176359,High Risk,46.05,Low Value,High Risk / Low Value,Month-to-month,2
2637-FKFSY,0.40990107413747756,High Risk,46.1,Low Value,High Risk / Low Value,Month-to-month,3
3669-OYSJI,0.3383538980825479,High Risk,46.2,Low Value,High Risk / Low Value,Month-to-month,1
0799-DDIHE,0.2610181910887074,High Risk,46.3,Low Value,High Risk / Low Value,Month-to-month,15
7593-XFKDI,0.34541047881048126,High Risk,46.3,Low Value,High Risk / Low Value,Month-to-month,1
6185-TASNN,0.48443795646138527,High Risk,46.3,Low Value,High Risk / Low Value,Month-to-month,1
3160-TYXLT,0.09510440294895578,Low Risk,46.3,Low Value,Low Risk / Low Value,Month-to-month,53
8648-PFRMP,0.6801298034035044,High Risk,46.35,Low Value,High Risk / Low Value,Month-to-month,14
0601-WZHJF,0.542212161567362,High Risk,46.35,Low Value,High Risk / Low Value,Month-to-month,14
5968-VXZLG,0.4270111931290304,High Risk,46.6,Low Value,High Risk / Low Value,Month-to-month,2
0224-HJAPT,0.46500813076203046,High Risk,47.15,Low Value,High Risk / Low Value,Month-to-month,5
7377-DMMRI,0.4191334174625054,High Risk,47.8,Low Value,High Risk / Low Value,Month-to-month,2
8286-AFUYI,0.3482946346238212,High Risk,47.95,Low Value,High Risk / Low Value,Month-to-month,1
9239-ZBZZV,0.7099863646967258,High Risk,47.95,Low Value,High Risk / Low Value,Month-to-month,6
0015-UOCOJ,0.42332884908066537,High Risk,48.2,Low Value,High Risk / Low Value,Month-to-month,7
1215-VFYVK,0.3314879919970549,High Risk,48.25,Low Value,High Risk / Low Value,Month-to-month,4
7895-VONWT,0.5222089885507842,High Risk,48.25,Low Value,High Risk / Low Value,Month-to-month,25
3346-BRMIS,0.6362955509335303,High Risk,48.35,Low Value,High Risk / Low Value,Month-to-month,18
0623-GDISB,0.3594519416692508,High Risk,48.45,Low Value,High Risk / Low Value,Month-to-month,1
0322-YINQP,0.34174265905258866,High Risk,48.55,Low Value,High Risk / Low Value,Month-to-month,1
2636-OHFMN,0.6945551846321285,High Risk,48.55,Low Value,High Risk / Low Value,Month-to-month,4
9820-RMCQV,0.1899882432783849,Low Risk,48.55,Low Value,Low Risk / Low Value,Month-to-month,11
1794-HBQTJ,0.33929035365139587,High Risk,48.6,Low Value,High Risk / Low Value,Month-to-month,1
9752-ZNQUT,0.4895984802042123,High Risk,48.6,Low Value,High Risk / Low Value,Month-to-month,1
4468-YDOVK,0.28834579585514364,High Risk,48.65,Low Value,High Risk / Low Value,Month-to-month,5
4958-GZWIY,0.33188032502104625,High Risk,48.7,Low Value,High Risk / Low Value,Month-to-month,7
5307-UVGNB,0.0825046381447794,Low Risk,48.7,Low Value,Low Risk / Low Value,Month-to-month,53
5207-PLSTK,0.3071967119495445,High Risk,48.75,Low Value,High Risk / Low Value,Month-to-month,1
7470-MCQTK,0.5658295936634792,High Risk,48.75,Low Value,High Risk / Low Value,Month-to-month,13
2277-VWCNI,0.43909677924467544,High Risk,48.75,Low Value,High Risk / Low Value,Month-to-month,4
7240-ETPTR,0.6784908201788443,High Risk,48.75,Low Value,High Risk / Low Value,Month-to-month,9
0222-CNVPT,0.16017767162462515,Low Risk,48.8,Low Value,Low Risk / Low Value,Month-to-month,52
7742-MYPGI,0.27319176128808575,High Risk,48.8,Low Value,High Risk / Low Value,Month-to-month,6
9097-ZUBYC,0.18376465289324062,Low Risk,48.8,Low Value,Low Risk / Low Value,Month-to-month,14
7639-SUPCW,0.1705562604854183,Low Risk,48.8,Low Value,Low Risk / Low Value,Month-to-month,22
1355-KUSBG,0.4069470773364425,High Risk,48.8,Low Value,High Risk / Low Value,Month-to-month,7
1376-HHBDV,0.13396257620356736,Low Risk,48.8,Low Value,Low Risk / Low Value,Month-to-month,30
0997-YTLNY,0.13329784953208776,Low Risk,48.8,Low Value,Low Risk / Low Value,Month-to-month,19
7876-BEUTG,0.35601788811253876,High Risk,48.8,Low Value,High Risk / Low Value,Month-to-month,15
9396-ZSFLL,0.2764033225147205,High Risk,48.85,Low Value,High Risk / Low Value,Month-to-month,15
9163-GHAYE,0.2707924491691857,High Risk,48.85,Low Value,High Risk / Low Value,Month-to-month,15
2720-FVBQP,0.4021479981238831,High Risk,48.95,Low Value,High Risk / Low Value,Month-to-month,6
0655-YDGFJ,0.13775758588984482,Low Risk,48.95,Low Value,Low Risk / Low Value,Month-to-month,29
9039-RBEEE,0.11102076245756293,Low Risk,48.95,Low Value,Low Risk / Low Value,Month-to-month,39
6876-ADESB,0.39140322155643026,High Risk,48.95,Low Value,High Risk / Low Value,Month-to-month,1
1666-JZPZT,0.18493890839289392,Low Risk,49.0,Low Value,Low Risk / Low Value,Month-to-month,27
0430-IHCDJ,0.4381600201623611,High Risk,49.0,Low Value,High Risk / Low Value,Month-to-month,15
2607-FBDFF,0.2668083008682995,High Risk,49.0,Low Value,High Risk / Low Value,Month-to-month,1
2273-QCKXA,0.27314913108234534,High Risk,49.05,Low Value,High Risk / Low Value,Month-to-month,1
3097-NNSPB,0.3802392983493551,High Risk,49.05,Low Value,High Risk / Low Value,Month-to-month,2
8791-GFXLZ,0.2989114096831507,High Risk,49.05,Low Value,High Risk / Low Value,Month-to-month,12
2027-OAQQC,0.2615087323841723,High Risk,49.05,Low Value,High Risk / Low Value,Month-to-month,43
8614-VGMMV,0.4382251705030371,High Risk,49.1,Low Value,High Risk / Low Value,Month-to-month,15
0823-HSCDJ,0.2613271516024129,High Risk,49.15,Low Value,High Risk / Low Value,Month-to-month,52
4581-LNWUM,0.5577546899651646,High Risk,49.15,Low Value,High Risk / Low Value,Month-to-month,13
4429-WYGFR,0.11758487910503225,Low Risk,49.15,Low Value,Low Risk / Low Value,Month-to-month,26
3144-AUDBS,0.38241449304444797,High Risk,49.15,Low Value,High Risk / Low Value,Month-to-month,6
8878-HMWBV,0.4923487834262969,High Risk,49.15,Low Value,High Risk / Low Value,Month-to-month,3
9644-UMGQA,0.3377579997746707,High Risk,49.15,Low Value,High Risk / Low Value,Month-to-month,6
8205-MQUGY,0.281250894495831,High Risk,49.2,Low Value,High Risk / Low Value,Month-to-month,12
4950-BDEUX,0.3213666184078602,High Risk,49.2,Low Value,High Risk / Low Value,Month-to-month,35
8805-JNRAZ,0.3107914241729756,High Risk,49.2,Low Value,High Risk / Low Value,Month-to-month,2
0423-UDIJQ,0.24817985317493502,High Risk,49.2,Low Value,High Risk / Low Value,Month-to-month,9
6633-MPWBS,0.3873711367682438,High Risk,49.2,Low Value,High Risk / Low Value,Month-to-month,5
4926-UMJZD,0.12806523694816063,Low Risk,49.2,Low Value,Low Risk / Low Value,Month-to-month,31
5948-UJZLF,0.3053108619972985,High Risk,49.25,Low Value,High Risk / Low Value,Month-to-month,2
0067-DKWBL,0.4662727608059426,High Risk,49.25,Low Value,High Risk / Low Value,Month-to-month,2
1456-TWCGB,0.2881713988753202,High Risk,49.25,Low Value,High Risk / Low Value,Month-to-month,4
8348-HFYIV,0.7345334054028425,High Risk,49.25,Low Value,High Risk / Low Value,Month-to-month,2
9661-MHUMO,0.3516767992428505,High Risk,49.25,Low Value,High Risk / Low Value,Month-to-month,1
3716-UVSPD,0.43067398560735676,High Risk,49.3,Low Value,High Risk / Low Value,Month-to-month,1
2229-VWQJH,0.2143185293421211,High Risk,49.3,Low Value,High Risk / Low Value,Month-to-month,24
2391-SOORI,0.2843533604478889,High Risk,49.35,Low Value,High Risk / Low Value,Month-to-month,4
6789-HJBWG,0.37247032674518044,High Risk,49.4,Low Value,High Risk / Low Value,Month-to-month,12
9734-UYXQI,0.580828589213777,High Risk,49.4,Low Value,High Risk / Low Value,Month-to-month,2
5780-INQIK,0.289679380322864,High Risk,49.4,Low Value,High Risk / Low Value,Month-to-month,8
0991-BRRFB,0.2002160059876625,High Risk,49.4,Low Value,High Risk / Low Value,Month-to-month,18
5295-PCJOO,0.3561287725511686,High Risk,49.4,Low Value,High Risk / Low Value,Month-to-month,4
2075-RMJIK,0.27345562165789195,High Risk,49.4,Low Value,High Risk / Low Value,Month-to-month,5
3890-RTCMS,0.21669009693653105,High Risk,49.45,Low Value,High Risk / Low Value,Month-to-month,16
0311-QYWSS,0.37866966216366216,High Risk,49.45,Low Value,High Risk / Low Value,Month-to-month,6
4065-JJAVA,0.4017029136683707,High Risk,49.5,Low Value,High Risk / Low Value,Month-to-month,1
5600-PDUJF,0.2917716187519128,High Risk,49.5,Low Value,High Risk / Low Value,Month-to-month,6
3920-HIHMQ,0.2265678270279613,High Risk,49.5,Low Value,High Risk / Low Value,Month-to-month,26
3948-XHGNA,0.16805690435154078,Low Risk,49.55,Low Value,Low Risk / Low Value,Month-to-month,24
7410-KTVFV,0.25810354844989614,High Risk,49.55,Low Value,High Risk / Low Value,Month-to-month,18
2722-JMONI,0.4812924106884304,High Risk,49.55,Low Value,High Risk / Low Value,Month-to-month,1
8885-QSQBX,0.2813560086972177,High Risk,49.55,Low Value,High Risk / Low Value,Month-to-month,1
3345-PBBFH,0.3334894850076928,High Risk,49.55,Low Value,High Risk / Low Value,Month-to-month,8
3570-YUEKJ,0.13966183371085153,Low Risk,49.55,Low Value,Low Risk / Low Value,Month-to-month,42
1226-UDFZR,0.38757289408837586,High Risk,49.6,Low Value,High Risk / Low Value,Month-to-month,2
4456-RHSNB,0.23787326147635326,High Risk,49.6,Low Value,High Risk / Low Value,Month-to-month,19
1208-NBVFH,0.28012090050277016,High Risk,49.6,Low Value,High Risk / Low Value,Month-to-month,20
2625-TRCZQ,0.23425395263924723,High Risk,49.65,Low Value,High Risk / Low Value,Month-to-month,51
1213-NGCUN,0.31136441735401454,High Risk,49.65,Low Value,High Risk / Low Value,Month-to-month,6
1660-HSOOQ,0.42053885234029625,High Risk,49.65,Low Value,High Risk / Low Value,Month-to-month,1
3521-MNKLV,0.21160858558452722,High Risk,49.7,Low Value,High Risk / Low Value,Month-to-month,24
7811-JIVPF,0.16304437091037005,Low Risk,49.7,Low Value,Low Risk / Low Value,Month-to-month,23
2843-CQMEG,0.19427338019261473,High Risk,49.7,Low Value,High Risk / Low Value,Month-to-month,24
6075-QMNRR,0.057288283990542505,Low Risk,49.75,Low Value,Low Risk / Low Value,Month-to-month,52
7312-XSBAT,0.3417072336600471,High Risk,49.75,Low Value,High Risk / Low Value,Month-to-month,1
3999-WRNGR,0.15409390293375588,Low Risk,49.75,Low Value,Low Risk / Low Value,Month-to-month,60
7442-YGZFK,0.4857597454459036,High Risk,49.8,Low Value,High Risk / Low Value,Month-to-month,1
5445-GLVOT,0.2305145314353998,High Risk,49.8,Low Value,High Risk / Low Value,Month-to-month,22
8148-BPLZQ,0.18454974153418607,Low Risk,49.8,Low Value,Low Risk / Low Value,Month-to-month,34
1100-DDVRV,0.46970570089487573,High Risk,49.8,Low Value,High Risk / Low Value,Month-to-month,17
8757-TFHHJ,0.3298717259043943,High Risk,49.8,Low Value,High Risk / Low Value,Month-to-month,1
5651-WYIPH,0.2731826483210276,High Risk,49.85,Low Value,High Risk / Low Value,Month-to-month,18
8064-RAVOH,0.47157898177027746,High Risk,49.85,Low Value,High Risk / Low Value,Month-to-month,1
7176-WIONM,0.5743579225543506,High Risk,49.85,Low Value,High Risk / Low Value,Month-to-month,12
0587-DMGBH,0.3538549814997101,High Risk,49.85,Low Value,High Risk / Low Value,Month-to-month,8
4353-HYOJD,0.11539443253616946,Low Risk,49.85,Low Value,Low Risk / Low Value,Month-to-month,27
1536-HBSWP,0.43390250650347284,High Risk,49.9,Low Value,High Risk / Low Value,Month-to-month,1
1958-RNRKS,0.21962773737215177,High Risk,49.9,Low Value,High Risk / Low Value,Month-to-month,30
5155-AZQPB,0.1608699171274689,Low Risk,49.9,Low Value,Low Risk / Low Value,Month-to-month,28
1406-PUQVY,0.4410237467414452,High Risk,49.9,Low Value,High Risk / Low Value,Month-to-month,1
1453-RZFON,0.24082067961496692,High Risk,49.9,Low Value,High Risk / Low Value,Month-to-month,1
3621-CHYVB,0.06752402619886472,Low Risk,49.9,Low Value,Low Risk / Low Value,Month-to-month,57
7623-TRNQN,0.3096508001904881,High Risk,49.9,Low Value,High Risk / Low Value,Month-to-month,1
6304-IJFSQ,0.3685257097702074,High Risk,49.9,Low Value,High Risk / Low Value,Month-to-month,3
9763-GRSKD,0.2034240681321342,High Risk,49.95,Low Value,High Risk / Low Value,Month-to-month,13
6581-NQCBA,0.526779990203443,High Risk,49.95,Low Value,High Risk / Low Value,Month-to-month,16
3334-CTHOL,0.5124354727544678,High Risk,49.95,Low Value,High Risk / Low Value,Month-to-month,1
4223-WOZCM,0.37925546923512915,High Risk,49.95,Low Value,High Risk / Low Value,Month-to-month,2
1471-GIQKQ,0.3999526156470679,High Risk,49.95,Low Value,High Risk / Low Value,Month-to-month,1
3794-NFNCH,0.1710996945290832,Low Risk,50.0,Low Value,Low Risk / Low Value,Month-to-month,30
5843-TTHGI,0.26248871219181247,High Risk,50.0,Low Value,High Risk / Low Value,Month-to-month,18
9373-WSLOY,0.3036412861394598,High Risk,50.0,Low Value,High Risk / Low Value,Month-to-month,33
6705-LNMDD,0.1410879229294223,Low Risk,50.0,Low Value,Low Risk / Low Value,Month-to-month,20
0742-MOABM,0.24369628642226787,High Risk,50.05,Low Value,High Risk / Low Value,Month-to-month,4
8445-DNBAE,0.5453629001153747,High Risk,50.05,Low Value,High Risk / Low Value,Month-to-month,1
9375-MHRRS,0.22927780957534497,High Risk,50.05,Low Value,High Risk / Low Value,Month-to-month,6
0248-IPDFW,0.5879468922336986,High Risk,50.1,Low Value,High Risk / Low Value,Month-to-month,1
4749-VFKVB,0.49850518007648736,High Risk,50.1,Low Value,High Risk / Low Value,Month-to-month,1
1629-DQQVB,0.18240082613152267,Low Risk,50.1,Low Value,Low Risk / Low Value,Month-to-month,14
3097-IDVPU,0.20738820623759838,High Risk,50.1,Low Value,High Risk / Low Value,Month-to-month,19
8344-WFMFH,0.3606828792227508,High Risk,50.1,Low Value,High Risk / Low Value,Month-to-month,9
5896-NPFWW,0.4497069738410328,High Risk,50.15,Low Value,High Risk / Low Value,Month-to-month,3
0929-HYQEW,0.3178166586547769,High Risk,50.15,Low Value,High Risk / Low Value,Month-to-month,3
3391-JSQEW,0.10856000890143273,Low Risk,50.15,Low Value,Low Risk / Low Value,Month-to-month,40
5047-LHVLY,0.4342366672035101,High Risk,50.15,Low Value,High Risk / Low Value,Month-to-month,1
4422-QVIJA,0.12089386089736605,Low Risk,50.15,Low Value,Low Risk / Low Value,Month-to-month,35
1845-ZLLIG,0.38911086837909964,High Risk,50.15,Low Value,High Risk / Low Value,Month-to-month,1
2740-TVLFN,0.5821977669958199,High Risk,50.15,Low Value,High Risk / Low Value,Month-to-month,1
7579-OOPEC,0.34771085754859543,High Risk,50.15,Low Value,High Risk / Low Value,Month-to-month,2
0440-QEXBZ,0.13408115491761274,Low Risk,50.15,Low Value,Low Risk / Low Value,Month-to-month,44
0374-AACSZ,0.3454045732862026,High Risk,50.15,Low Value,High Risk / Low Value,Month-to-month,1
2810-FTLEM,0.27879622258411363,High Risk,50.15,Low Value,High Risk / Low Value,Month-to-month,16
1730-VFMWO,0.09097393235310025,Low Risk,50.2,Low Value,Low Risk / Low Value,Month-to-month,34
8735-IJJEG,0.21867298913162103,High Risk,50.2,Low Value,High Risk / Low Value,Month-to-month,14
6844-DZKRF,0.32559017315762573,High Risk,50.2,Low Value,High Risk / Low Value,Month-to-month,2
1247-QBVSH,0.06196098083784496,Low Risk,50.2,Low Value,Low Risk / Low Value,Month-to-month,43
4026-SKKHW,0.3228018257809488,High Risk,50.25,Low Value,High Risk / Low Value,Month-to-month,3
9693-XMUOB,0.2090313243513693,High Risk,50.25,Low Value,High Risk / Low Value,Month-to-month,59
3982-XWFZQ,0.20205928012956215,High Risk,50.25,Low Value,High Risk / Low Value,Month-to-month,42
7605-SNLQG,0.09664899248264401,Low Risk,50.25,Low Value,Low Risk / Low Value,Month-to-month,45
8182-PNAGI,0.1950476934351601,High Risk,50.25,Low Value,High Risk / Low Value,Month-to-month,12
9992-UJOEL,0.3778824116321308,High Risk,50.3,Low Value,High Risk / Low Value,Month-to-month,2
5071-FBJFS,0.28505052968431627,High Risk,50.3,Low Value,High Risk / Low Value,Month-to-month,4
5366-OBVMR,0.20393503507850688,High Risk,50.3,Low Value,High Risk / Low Value,Month-to-month,18
1848-LBZHY,0.2960779339936506,High Risk,50.3,Low Value,High Risk / Low Value,Month-to-month,7
1310-QRITU,0.40821089008030725,High Risk,50.3,Low Value,High Risk / Low Value,Month-to-month,18
4316-XCSLJ,0.17929558270246024,Low Risk,50.3,Low Value,Low Risk / Low Value,Month-to-month,17
1853-ARAAQ,0.4006096832054806,High Risk,50.35,Low Value,High Risk / Low Value,Month-to-month,26
9026-RNUJS,0.4323672985713744,High Risk,50.35,Low Value,High Risk / Low Value,Month-to-month,5
0096-BXERS,0.449307469445314,High Risk,50.35,Low Value,High Risk / Low Value,Month-to-month,6
0212-ISBBF,0.5116805769178802,High Risk,50.35,Low Value,High Risk / Low Value,Month-to-month,22
4011-ARPHK,0.10705208282577082,Low Risk,50.35,Low Value,Low Risk / Low Value,Month-to-month,27
8992-JQYUN,0.7393112639709996,High Risk,50.35,Low Value,High Risk / Low Value,Month-to-month,1
7776-QWNFX,0.19431972074812726,High Risk,50.4,Low Value,High Risk / Low Value,Month-to-month,30
9462-MJUAW,0.37697237328234845,High Risk,50.4,Low Value,High Risk / Low Value,Month-to-month,4
9631-XEYKE,0.39839912408745315,High Risk,50.4,Low Value,High Risk / Low Value,Month-to-month,3
8967-SZQAS,0.2787733182070812,High Risk,50.45,Low Value,High Risk / Low Value,Month-to-month,14
7767-UXAGJ,0.5810154723644159,High Risk,50.45,Low Value,High Risk / Low Value,Month-to-month,1
7250-EQKIY,0.3084633895044497,High Risk,50.45,Low Value,High Risk / Low Value,Month-to-month,1
8280-MQRQN,0.42295720690817956,High Risk,50.45,Low Value,High Risk / Low Value,Month-to-month,1
0523-VNGTF,0.15896464029791374,Low Risk,50.5,Low Value,Low Risk / Low Value,Month-to-month,52
1763-WQFUK,0.32160240330634277,High Risk,50.5,Low Value,High Risk / Low Value,Month-to-month,3
6608-QQLVK,0.5067835535554343,High Risk,50.5,Low Value,High Risk / Low Value,Month-to-month,1
8108-UXRQN,0.4482051940740523,High Risk,50.55,Low Value,High Risk / Low Value,Month-to-month,11
4130-MZLCC,0.2897771386295932,High Risk,50.55,Low Value,High Risk / Low Value,Month-to-month,5
6689-KXGBO,0.39762285950954995,High Risk,50.55,Low Value,High Risk / Low Value,Month-to-month,1
9058-CBREO,0.4650791828904046,High Risk,50.55,Low Value,High Risk / Low Value,Month-to-month,1
5701-ZIKJE,0.23391749907499193,High Risk,50.55,Low Value,High Risk / Low Value,Month-to-month,13
2338-BQEZT,0.04814156486621817,Low Risk,50.55,Low Value,Low Risk / Low Value,Month-to-month,55
7009-LGECI,0.32528567686978715,High Risk,50.55,Low Value,High Risk / Low Value,Month-to-month,4
7595-EHCDL,0.23857210882280194,High Risk,50.6,Low Value,High Risk / Low Value,Month-to-month,32
2947-DOMLJ,0.2346218814205366,High Risk,50.6,Low Value,High Risk / Low Value,Month-to-month,1
8601-QACRS,0.4537689819976917,High Risk,50.6,Low Value,High Risk / Low Value,Month-to-month,5
3329-WDIOK,0.7021741899478036,High Risk,50.6,Low Value,High Risk / Low Value,Month-to-month,3
2582-FFFZR,0.5392480455094996,High Risk,50.6,Low Value,High Risk / Low Value,Month-to-month,22
6905-NIQIN,0.3097398963657383,High Risk,50.65,Low Value,High Risk / Low Value,Month-to-month,1
8364-TRMMK,0.4749504968211649,High Risk,50.65,Low Value,High Risk / Low Value,Month-to-month,3
4450-YOOHP,0.2747093296626238,High Risk,50.65,Low Value,High Risk / Low Value,Month-to-month,39
6497-TILVL,0.1945001406921911,High Risk,50.7,Low Value,High Risk / Low Value,Month-to-month,7
2108-YKQTY,0.2777808446616882,High Risk,50.7,Low Value,High Risk / Low Value,Month-to-month,4
7339-POGZN,0.4698762848405643,High Risk,50.7,Low Value,High Risk / Low Value,Month-to-month,4
6888-SBYAI,0.3339534446707342,High Risk,50.7,Low Value,High Risk / Low Value,Month-to-month,1
4317-VTEOA,0.4751942034145338,High Risk,50.75,Low Value,High Risk / Low Value,Month-to-month,1
2103-ZRXFN,0.405749343560903,High Risk,50.75,Low Value,High Risk / Low Value,Month-to-month,1
8008-HAWED,0.6192093978651794,High Risk,50.75,Low Value,High Risk / Low Value,Month-to-month,14
7794-JASDG,0.33377335340450726,High Risk,50.75,Low Value,High Risk / Low Value,Month-to-month,1
5057-LCOUI,0.3667492276500376,High Risk,50.75,Low Value,High Risk / Low Value,Month-to-month,39
2207-NHRJK,0.39119277328535274,High Risk,50.8,Low Value,High Risk / Low Value,Month-to-month,1
5073-WXOYN,0.17103206336364238,Low Risk,50.8,Low Value,Low Risk / Low Value,Month-to-month,60
6257-RJOHI,0.3115691597988114,High Risk,50.8,Low Value,High Risk / Low Value,Month-to-month,4
3683-QKIUE,0.3086380345099311,High Risk,50.8,Low Value,High Risk / Low Value,Month-to-month,6
9637-EIHEQ,0.43032574026212866,High Risk,50.8,Low Value,High Risk / Low Value,Month-to-month,1
2235-ZGKPT,0.34716086603104607,High Risk,50.85,Low Value,High Risk / Low Value,Month-to-month,4
0980-PVMRC,0.29421955856058885,High Risk,50.85,Low Value,High Risk / Low Value,Month-to-month,40
7054-ENNGU,0.24557749791743658,High Risk,50.85,Low Value,High Risk / Low Value,Month-to-month,9
2959-EEXWB,0.16601774151888643,Low Risk,50.9,Low Value,Low Risk / Low Value,Month-to-month,45
3946-MHCZW,0.33559369649148924,High Risk,50.9,Low Value,High Risk / Low Value,Month-to-month,1
5382-TEMLV,0.0752323150231748,Low Risk,50.9,Low Value,Low Risk / Low Value,Month-to-month,45
2626-URJFX,0.5110521570848777,High Risk,50.9,Low Value,High Risk / Low Value,Month-to-month,4
1636-NTNCO,0.6474681485817083,High Risk,50.95,Low Value,High Risk / Low Value,Month-to-month,4
5311-IHLEI,0.29962852901054626,High Risk,50.95,Low Value,High Risk / Low Value,Month-to-month,12
7351-MHQVU,0.2718297450898973,High Risk,50.95,Low Value,High Risk / Low Value,Month-to-month,6
7284-BUYEC,0.59002255498169,High Risk,50.95,Low Value,High Risk / Low Value,Month-to-month,5
6629-LADHQ,0.25924988501703583,High Risk,50.95,Low Value,High Risk / Low Value,Month-to-month,2
4256-ZWTZI,0.2774569658108784,High Risk,51.0,Low Value,High Risk / Low Value,Month-to-month,5
3669-LVWZB,0.5978133853547406,High Risk,51.0,Low Value,High Risk / Low Value,Month-to-month,5
9496-IVVRP,0.17734624243683897,Low Risk,51.0,Low Value,Low Risk / Low Value,Month-to-month,11
2207-OBZNX,0.27866938739812563,High Risk,51.0,Low Value,High Risk / Low Value,Month-to-month,7
1452-XRSJV,0.057624149452024785,Low Risk,51.05,Low Value,Low Risk / Low Value,Month-to-month,39
7743-EXURX,0.3937419451828841,High Risk,51.05,Low Value,High Risk / Low Value,Month-to-month,8
4072-IPYLT,0.06318336523190511,Low Risk,51.05,Low Value,Low Risk / Low Value,Month-to-month,36
3221-CJMSG,0.15890534075437449,Low Risk,51.1,Low Value,Low Risk / Low Value,Month-to-month,24
1101-SSWAG,0.4317120107858297,High Risk,51.1,Low Value,High Risk / Low Value,Month-to-month,15
9115-YQHGA,0.12458956865798827,Low Risk,51.1,Low Value,Low Risk / Low Value,Month-to-month,40
3733-ZEECP,0.21051816119157735,High Risk,51.1,Low Value,High Risk / Low Value,Month-to-month,22
1596-OQSPS,0.29770731111155346,High Risk,51.1,Low Value,High Risk / Low Value,Month-to-month,11
9828-QHFBK,0.21449199226348134,High Risk,51.15,Low Value,High Risk / Low Value,Month-to-month,24
8229-MYEJZ,0.30747472871745085,High Risk,51.2,Low Value,High Risk / Low Value,Month-to-month,10
9537-VHDTA,0.23699249655185453,High Risk,51.2,Low Value,High Risk / Low Value,Month-to-month,1
2091-MJTFX,0.20017359021093767,High Risk,51.2,Low Value,High Risk / Low Value,Month-to-month,30
6625-UTXEW,0.36469886399464796,High Risk,51.25,Low Value,High Risk / Low Value,Month-to-month,12
8695-WDYEA,0.26086989724384396,High Risk,51.25,Low Value,High Risk / Low Value,Month-to-month,1
9564-KCLHR,0.2661326936920358,High Risk,51.25,Low Value,High Risk / Low Value,Month-to-month,1
6483-OATDN,0.23433207754274818,High Risk,51.3,Low Value,High Risk / Low Value,Month-to-month,8
5816-SCGFC,0.3851915172288057,High Risk,51.3,Low Value,High Risk / Low Value,Month-to-month,7
5404-GGUKR,0.43121132600486956,High Risk,51.35,Low Value,High Risk / Low Value,Month-to-month,5
2969-QWUBZ,0.6323969405669566,High Risk,51.4,Low Value,High Risk / Low Value,Month-to-month,2
1585-MQSSU,0.15598986826835382,Low Risk,51.5,Low Value,Low Risk / Low Value,Month-to-month,17
3426-NIYYL,0.3479645607609459,High Risk,51.55,Low Value,High Risk / Low Value,Month-to-month,15
7501-VTYLJ,0.27172157223919735,High Risk,51.55,Low Value,High Risk / Low Value,Month-to-month,2
4109-CYRBD,0.3361930854657467,High Risk,51.6,Low Value,High Risk / Low Value,Month-to-month,29
2055-SIFSS,0.08376536204223162,Low Risk,51.65,Low Value,Low Risk / Low Value,Month-to-month,55
2709-UQGNP,0.25274399296180744,High Risk,51.65,Low Value,High Risk / Low Value,Month-to-month,10
9501-UKKNL,0.14579186689156312,Low Risk,51.7,Low Value,Low Risk / Low Value,Month-to-month,59
6923-EFPNL,0.36370352427849767,High Risk,51.75,Low Value,High Risk / Low Value,Month-to-month,4
4827-USJHP,0.2168268613157322,High Risk,51.8,Low Value,High Risk / Low Value,Month-to-month,20
5639-NTUPK,0.19695264067636475,High Risk,52.1,Low Value,High Risk / Low Value,Month-to-month,13
3126-WQMGH,0.11009422763257054,Low Risk,52.15,Low Value,Low Risk / Low Value,Month-to-month,49
4678-DVQEO,0.4247764378854736,High Risk,52.2,Low Value,High Risk / Low Value,Month-to-month,1
3528-HFRIQ,0.1086002153549792,Low Risk,52.3,Low Value,Low Risk / Low Value,Month-to-month,71
5619-PTMIK,0.09630415897314423,Low Risk,53.1,Low Value,Low Risk / Low Value,Month-to-month,46
4918-QLLIW,0.37608294074459603,High Risk,53.4,Low Value,High Risk / Low Value,Month-to-month,3
3896-RCYYE,0.0811317088059293,Low Risk,53.4,Low Value,Low Risk / Low Value,Month-to-month,67
2181-UAESM,0.3267752413400316,High Risk,53.45,Low Value,High Risk / Low Value,Month-to-month,2
5447-VYTKW,0.07927948710539394,Low Risk,53.45,Low Value,Low Risk / Low Value,Month-to-month,27
0939-EREMR,0.16220895683098782,Low Risk,53.45,Low Value,Low Risk / Low Value,Month-to-month,13
2386-LAHRK,0.48558368884031244,High Risk,53.5,Low Value,High Risk / Low Value,Month-to-month,1
4929-BSTRX,0.49109634410020175,High Risk,53.55,Low Value,High Risk / Low Value,Month-to-month,1
9108-EJFJP,0.30826050090776813,High Risk,53.55,Low Value,High Risk / Low Value,Month-to-month,1
4104-PVRPS,0.0888219947887014,Low Risk,53.6,Low Value,Low Risk / Low Value,Month-to-month,24
6135-OZQVA,0.43400080470858976,High Risk,53.65,Low Value,High Risk / Low Value,Month-to-month,7
3164-YAXFY,0.16447552663073947,Low Risk,53.75,Low Value,Low Risk / Low Value,Month-to-month,57
6898-MDLZW,0.2207169271989908,High Risk,53.75,Low Value,High Risk / Low Value,Month-to-month,12
9530-EHPOH,0.3894682552367189,High Risk,53.75,Low Value,High Risk / Low Value,Month-to-month,11
7129-ACFOG,0.4529981469874818,High Risk,53.8,Low Value,High Risk / Low Value,Month-to-month,5
1134-YWTYF,0.1753114328016518,Low Risk,53.8,Low Value,Low Risk / Low Value,Month-to-month,27
3668-QPYBK,0.2943215847208023,High Risk,53.85,Low Value,High Risk / Low Value,Month-to-month,2
0870-VEMYL,0.1739404098278593,Low Risk,53.85,Low Value,Low Risk / Low Value,Month-to-month,5
1120-BMWUB,0.19518940656691516,High Risk,53.9,Low Value,High Risk / Low Value,Month-to-month,16
6128-AQBMT,0.36464817849961934,High Risk,53.95,Low Value,High Risk / Low Value,Month-to-month,41
9732-KPKBW,0.3370606696819201,High Risk,53.95,Low Value,High Risk / Low Value,Month-to-month,1
3351-NGXYI,0.39360932446025376,High Risk,54.1,Low Value,High Risk / Low Value,Month-to-month,16
9881-VCZEP,0.24279041737864027,High Risk,54.1,Low Value,High Risk / Low Value,Month-to-month,25
6038-GCYEC,0.3887042488373292,High Risk,54.15,Low Value,High Risk / Low Value,Month-to-month,24
0696-UKTOX,0.13742850851411106,Low Risk,54.15,Low Value,Low Risk / Low Value,Month-to-month,23
8654-DHAOW,0.3661161205275305,High Risk,54.15,Low Value,High Risk / Low Value,Month-to-month,2
5423-BHIXO,0.2519066785488374,High Risk,54.2,Low Value,High Risk / Low Value,Month-to-month,32
0516-WJVXC,0.23962940723605497,High Risk,54.2,Low Value,High Risk / Low Value,Month-to-month,5
0988-JRWWP,0.5561565864906376,High Risk,54.2,Low Value,High Risk / Low Value,Month-to-month,3
1202-KKGFU,0.1473227897378472,Low Risk,54.2,Low Value,Low Risk / Low Value,Month-to-month,12
0156-FVPTA,0.17255894549676648,Low Risk,54.2,Low Value,Low Risk / Low Value,Month-to-month,22
6475-VHUIZ,0.17192091940516707,Low Risk,54.25,Low Value,Low Risk / Low Value,Month-to-month,23
3209-ZPKFI,0.09655082492364084,Low Risk,54.25,Low Value,Low Risk / Low Value,Month-to-month,47
3604-WLABM,0.26712067049031046,High Risk,54.25,Low Value,High Risk / Low Value,Month-to-month,10
1803-BGNBD,0.2922521702640754,High Risk,54.3,Low Value,High Risk / Low Value,Month-to-month,12
6907-FLBER,0.45779904077487477,High Risk,54.3,Low Value,High Risk / Low Value,Month-to-month,1
3099-OONVS,0.10037498224789211,Low Risk,54.3,Low Value,Low Risk / Low Value,Month-to-month,25
1260-TTRXI,0.45748458611682996,High Risk,54.3,Low Value,High Risk / Low Value,Month-to-month,4
4349-GFQHK,0.4880961475853652,High Risk,54.35,Low Value,High Risk / Low Value,Month-to-month,1
9667-TKTVZ,0.3992292933508034,High Risk,54.35,Low Value,High Risk / Low Value,Month-to-month,2
5012-YSPJJ,0.07986081746228571,Low Risk,54.35,Low Value,Low Risk / Low Value,Month-to-month,31
1251-KRREG,0.442756713569257,High Risk,54.4,Low Value,High Risk / Low Value,Month-to-month,2
9099-FTUHS,0.2156279003066234,High Risk,54.4,Low Value,High Risk / Low Value,Month-to-month,23
0277-BKSQP,0.4641659259762667,High Risk,54.4,Low Value,High Risk / Low Value,Month-to-month,8
9577-WJVCQ,0.028672445591464334,Low Risk,54.45,Low Value,Low Risk / Low Value,Month-to-month,68
9554-DFKIC,0.14953891897419097,Low Risk,54.45,Low Value,Low Risk / Low Value,Month-to-month,30
9206-GVPEQ,0.45773133182585896,High Risk,54.45,Low Value,High Risk / Low Value,Month-to-month,13
2433-KMEAS,0.27855019710432083,High Risk,54.45,Low Value,High Risk / Low Value,Month-to-month,22
6313-GIDIT,0.25687882453873845,High Risk,54.45,Low Value,High Risk / Low Value,Month-to-month,53
3620-MWJNE,0.2508781802536827,High Risk,54.45,Low Value,High Risk / Low Value,Month-to-month,2
7966-YOTQW,0.3055283578755447,High Risk,54.5,Low Value,High Risk / Low Value,Month-to-month,10
6752-APNJL,0.04584079289175095,Low Risk,54.5,Low Value,Low Risk / Low Value,Month-to-month,42
7246-ZGQDF,0.23937452491259986,High Risk,54.5,Low Value,High Risk / Low Value,Month-to-month,1
9555-SAHUZ,0.07672596225981086,Low Risk,54.5,Low Value,Low Risk / Low Value,Month-to-month,38
1089-HDMKP,0.30883400278492085,High Risk,54.55,Low Value,High Risk / Low Value,Month-to-month,11
1097-FSPVW,0.061604176623825536,Low Risk,54.55,Low Value,Low Risk / Low Value,Month-to-month,42
7130-CTCUS,0.22895204930727053,High Risk,54.55,Low Value,High Risk / Low Value,Month-to-month,16
5707-ORNDZ,0.37318036218980016,High Risk,54.55,Low Value,High Risk / Low Value,Month-to-month,9
4701-AHWMW,0.13327010770102724,Low Risk,54.55,Low Value,Low Risk / Low Value,Month-to-month,55
2519-ERQOJ,0.39474903528095545,High Risk,54.6,Low Value,High Risk / Low Value,Month-to-month,33
4338-EYCER,0.23110724261192309,High Risk,54.6,Low Value,High Risk / Low Value,Month-to-month,21
5590-ZSKRV,0.16854575870396754,Low Risk,54.65,Low Value,Low Risk / Low Value,Month-to-month,8
6035-BXTTY,0.10639029556786168,Low Risk,54.65,Low Value,Low Risk / Low Value,Month-to-month,32
9342-VNIMQ,0.18136480527651544,Low Risk,54.65,Low Value,Low Risk / Low Value,Month-to-month,33
9261-WDCAF,0.3818401833897592,High Risk,54.65,Low Value,High Risk / Low Value,Month-to-month,3
9972-NKTFD,0.09917952421749604,Low Risk,54.65,Low Value,Low Risk / Low Value,Month-to-month,28
0674-EYYZV,0.576404430531725,High Risk,54.65,Low Value,High Risk / Low Value,Month-to-month,1
9269-CQOOL,0.4151479760945596,High Risk,54.7,Low Value,High Risk / Low Value,Month-to-month,3
5542-DHSXL,0.21613466474237938,High Risk,54.7,Low Value,High Risk / Low Value,Month-to-month,4
2087-QAREY,0.20578316492373042,High Risk,54.7,Low Value,High Risk / Low Value,Month-to-month,22
0285-INHLN,0.10900647669922423,Low Risk,54.75,Low Value,Low Risk / Low Value,Month-to-month,27
5515-RUGKN,0.4040824709830414,High Risk,54.75,Low Value,High Risk / Low Value,Month-to-month,8
7619-ODSGN,0.18159852977415886,Low Risk,54.75,Low Value,Low Risk / Low Value,Month-to-month,24
4074-SJFFA,0.48923334079590325,High Risk,54.75,Low Value,High Risk / Low Value,Month-to-month,1
4280-DLSHD,0.3132456367731276,High Risk,54.75,Low Value,High Risk / Low Value,Month-to-month,8
6261-LHRTG,0.17594771857728375,Low Risk,54.75,Low Value,Low Risk / Low Value,Month-to-month,26
4522-AKYLR,0.40462263483680905,High Risk,54.8,Low Value,High Risk / Low Value,Month-to-month,13
3723-BFBGR,0.2117363512764267,High Risk,54.8,Low Value,High Risk / Low Value,Month-to-month,24
3948-FVVRP,0.15964356540792,Low Risk,54.8,Low Value,Low Risk / Low Value,Month-to-month,9
4320-QMLLA,0.33764023326260384,High Risk,54.85,Low Value,High Risk / Low Value,Month-to-month,7
7580-UGXNC,0.2697400867791902,High Risk,54.85,Low Value,High Risk / Low Value,Month-to-month,2
9332-GYWLO,0.40353844965801217,High Risk,54.85,Low Value,High Risk / Low Value,Month-to-month,6
2155-AMQRX,0.17698331306945228,Low Risk,54.9,Low Value,Low Risk / Low Value,Month-to-month,28
3658-KIBGF,0.38564560694173666,High Risk,54.9,Low Value,High Risk / Low Value,Month-to-month,1
4385-ZKVNW,0.0653295355423751,Low Risk,54.9,Low Value,Low Risk / Low Value,Month-to-month,44
7872-RDDLZ,0.06576972945396105,Low Risk,54.9,Low Value,Low Risk / Low Value,Month-to-month,67
2801-NISEI,0.12175328705498645,Low Risk,54.95,Low Value,Low Risk / Low Value,Month-to-month,24
8735-DCXNF,0.18907718386394717,Low Risk,54.95,Low Value,Low Risk / Low Value,Month-to-month,10
8645-KWHJO,0.5346930145191763,High Risk,55.0,Low Value,High Risk / Low Value,Month-to-month,14
3583-EKAPL,0.5723557139344461,High Risk,55.0,Low Value,High Risk / Low Value,Month-to-month,1
9931-KGHOA,0.07081542519548083,Low Risk,55.0,Low Value,Low Risk / Low Value,Month-to-month,46
7733-UDMTP,0.23009784425943317,High Risk,55.0,Low Value,High Risk / Low Value,Month-to-month,57
8292-TYSPY,0.18574724866475978,Low Risk,55.0,Low Value,Low Risk / Low Value,Month-to-month,19
1114-CENIM,0.07338206597177153,Low Risk,55.0,Low Value,Low Risk / Low Value,Month-to-month,54
7395-XWZOY,0.21999548611885544,High Risk,55.0,Low Value,High Risk / Low Value,Month-to-month,20
1324-NLTJE,0.24262194022028383,High Risk,55.0,Low Value,High Risk / Low Value,Month-to-month,15
6599-SFQVE,0.5277238900017558,High Risk,55.0,Low Value,High Risk / Low Value,Month-to-month,6
4351-QLCSU,0.4769950579877036,High Risk,55.0,Low Value,High Risk / Low Value,Month-to-month,1
9863-JZAIC,0.14156400603500047,Low Risk,55.0,Low Value,Low Risk / Low Value,Month-to-month,35
3577-AMVUX,0.2601681583328031,High Risk,55.05,Low Value,High Risk / Low Value,Month-to-month,1
5208-HFSBT,0.2934063573965028,High Risk,55.05,Low Value,High Risk / Low Value,Month-to-month,2
5151-HQRDG,0.12765645337400786,Low Risk,55.05,Low Value,Low Risk / Low Value,Month-to-month,37
6859-RKMZJ,0.3906740913037031,High Risk,55.05,Low Value,High Risk / Low Value,Month-to-month,11
8467-WYNSR,0.09510133367035076,Low Risk,55.1,Low Value,Low Risk / Low Value,Month-to-month,22
5493-SDRDQ,0.3162301009706858,High Risk,55.1,Low Value,High Risk / Low Value,Month-to-month,2
0807-ZABDG,0.21911488415809546,High Risk,55.1,Low Value,High Risk / Low Value,Month-to-month,3
0314-TKOSI,0.200689308136271,High Risk,55.15,Low Value,High Risk / Low Value,Month-to-month,6
6214-EDAKZ,0.14092691309167754,Low Risk,55.15,Low Value,Low Risk / Low Value,Month-to-month,22
8806-EAGWC,0.37496423982946947,High Risk,55.15,Low Value,High Risk / Low Value,Month-to-month,3
9143-CANJF,0.10722041613759566,Low Risk,55.15,Low Value,Low Risk / Low Value,Month-to-month,24
8498-XXGWA,0.03472354242499275,Low Risk,55.15,Low Value,Low Risk / Low Value,Month-to-month,65
4190-MFLUW,0.16933996208202473,Low Risk,55.2,Low Value,Low Risk / Low Value,Month-to-month,10
2232-DMLXU,0.39950245871311696,High Risk,55.2,Low Value,High Risk / Low Value,Month-to-month,1
7382-DFJTU,0.14653355066520604,Low Risk,55.2,Low Value,Low Risk / Low Value,Month-to-month,18
1575-KRZZE,0.28162025956610554,High Risk,55.2,Low Value,High Risk / Low Value,Month-to-month,4
4701-MLJPN,0.17075126680473077,Low Risk,55.25,Low Value,Low Risk / Low Value,Month-to-month,31
5501-TVMGM,0.5713644121049968,High Risk,55.25,Low Value,High Risk / Low Value,Month-to-month,1
6682-QJDGB,0.06686541197438942,Low Risk,55.25,Low Value,Low Risk / Low Value,Month-to-month,40
6865-JZNKO,0.1177667990553231,Low Risk,55.3,Low Value,Low Risk / Low Value,Month-to-month,30
9308-ANMVE,0.0741085063888034,Low Risk,55.3,Low Value,Low Risk / Low Value,Month-to-month,47
3518-PZXZQ,0.48326339705619975,High Risk,55.3,Low Value,High Risk / Low Value,Month-to-month,1
4484-CGXFK,0.5587709730768743,High Risk,55.3,Low Value,High Risk / Low Value,Month-to-month,3
5402-HTOTQ,0.30868628660532527,High Risk,55.3,Low Value,High Risk / Low Value,Month-to-month,16
0396-UKGAI,0.1382080109637024,Low Risk,55.3,Low Value,Low Risk / Low Value,Month-to-month,23
6402-EJMWF,0.4518357274872009,High Risk,55.3,Low Value,High Risk / Low Value,Month-to-month,4
3173-NVMPX,0.3396514807374892,High Risk,55.3,Low Value,High Risk / Low Value,Month-to-month,9
8903-XEBGX,0.5233212412555017,High Risk,55.3,Low Value,High Risk / Low Value,Month-to-month,2
7551-DACSP,0.2959964860360817,High Risk,55.3,Low Value,High Risk / Low Value,Month-to-month,6
3656-TKRVZ,0.2895117346370587,High Risk,55.35,Low Value,High Risk / Low Value,Month-to-month,3
5084-OOVCJ,0.1312120679153393,Low Risk,55.35,Low Value,Low Risk / Low Value,Month-to-month,17
1750-CSKKM,0.3626497410138807,High Risk,55.35,Low Value,High Risk / Low Value,Month-to-month,9
3063-QFSZL,0.5763636560456158,High Risk,55.4,Low Value,High Risk / Low Value,Month-to-month,1
9822-OAOVB,0.5761659239433942,High Risk,55.45,Low Value,High Risk / Low Value,Month-to-month,1
5206-HPJKM,0.17454306679051584,Low Risk,55.5,Low Value,Low Risk / Low Value,Month-to-month,17
3446-QDSZF,0.36257967500206056,High Risk,55.5,Low Value,High Risk / Low Value,Month-to-month,4
3873-NFTGI,0.3146255278284935,High Risk,55.5,Low Value,High Risk / Low Value,Month-to-month,14
4727-MCYZG,0.39625620966486247,High Risk,55.55,Low Value,High Risk / Low Value,Month-to-month,1
6397-JNZZG,0.2021464559179555,High Risk,55.55,Low Value,High Risk / Low Value,Month-to-month,43
4324-BZCKL,0.26683608389109065,High Risk,55.55,Low Value,High Risk / Low Value,Month-to-month,10
2108-GLPQB,0.1905290808721939,Low Risk,55.55,Low Value,Low Risk / Low Value,Month-to-month,25
4680-KUTAJ,0.43525717841596623,High Risk,55.6,Low Value,High Risk / Low Value,Month-to-month,11
0733-VUNUW,0.21196324982243564,High Risk,55.65,Low Value,High Risk / Low Value,Month-to-month,24
8495-PRWFH,0.18394838630599297,Low Risk,55.65,Low Value,Low Risk / Low Value,Month-to-month,42
6921-OZMFH,0.3232257424500347,High Risk,55.7,Low Value,High Risk / Low Value,Month-to-month,5
8400-WZICQ,0.040189342258275765,Low Risk,55.7,Low Value,Low Risk / Low Value,Month-to-month,55
9103-TCIHJ,0.27398678804903365,High Risk,55.7,Low Value,High Risk / Low Value,Month-to-month,15
2676-OXPPQ,0.2660777657300578,High Risk,55.7,Low Value,High Risk / Low Value,Month-to-month,6
2043-WVTQJ,0.2524190785160948,High Risk,55.7,Low Value,High Risk / Low Value,Month-to-month,1
6629-CZTTH,0.47967832672382316,High Risk,55.7,Low Value,High Risk / Low Value,Month-to-month,1
3413-CSSTH,0.15543484115590261,Low Risk,55.7,Low Value,Low Risk / Low Value,Month-to-month,41
7672-VFMXZ,0.033845751028592996,Low Risk,55.7,Low Value,Low Risk / Low Value,Month-to-month,57
9415-TPKRV,0.3517121532770964,High Risk,55.75,Low Value,High Risk / Low Value,Month-to-month,8
8217-QYOHV,0.2253337879725248,High Risk,55.75,Low Value,High Risk / Low Value,Month-to-month,5
7055-HNEOJ,0.30916364683451447,High Risk,55.8,Low Value,High Risk / Low Value,Month-to-month,3
3113-IWHLC,0.28745495600041293,High Risk,55.8,Low Value,High Risk / Low Value,Month-to-month,5
4201-JMNGR,0.46448632691014957,High Risk,55.8,Low Value,High Risk / Low Value,Month-to-month,1
4324-AHJKS,0.222312430028944,High Risk,55.8,Low Value,High Risk / Low Value,Month-to-month,5
2460-FPSYH,0.29178520992777557,High Risk,55.8,Low Value,High Risk / Low Value,Month-to-month,40
8963-JLGJT,0.2103953686185274,High Risk,55.9,Low Value,High Risk / Low Value,Month-to-month,3
2911-UREFD,0.22333329708965285,High Risk,55.9,Low Value,High Risk / Low Value,Month-to-month,39
6994-KERXL,0.5394949785893967,High Risk,55.9,Low Value,High Risk / Low Value,Month-to-month,4
5876-HZVZM,0.17234997693177223,Low Risk,55.9,Low Value,Low Risk / Low Value,Month-to-month,6
4640-UHDOS,0.33454909813310457,High Risk,55.95,Low Value,High Risk / Low Value,Month-to-month,13
8930-XOTDP,0.22348046573577493,High Risk,55.95,Low Value,High Risk / Low Value,Month-to-month,18
8992-VONJD,0.24678348353751792,High Risk,56.0,Low Value,High Risk / Low Value,Month-to-month,13
5353-WILCI,0.12489420985868516,Low Risk,56.05,Low Value,Low Risk / Low Value,Month-to-month,28
5939-XAIXZ,0.30591381692047237,High Risk,56.1,Low Value,High Risk / Low Value,Month-to-month,19
4580-TMHJU,0.12930123413407574,Low Risk,56.15,Low Value,Low Risk / Low Value,Month-to-month,43
8824-RWFXJ,0.31997088017193437,High Risk,56.15,Low Value,High Risk / Low Value,Month-to-month,3
2851-MMUTZ,0.12921661249375693,Low Risk,56.15,Low Value,Low Risk / Low Value,Month-to-month,27
4482-FTFFX,0.29691898410275885,High Risk,56.15,Low Value,High Risk / Low Value,Month-to-month,5
8096-LOIST,0.393134887711199,High Risk,56.2,Low Value,High Risk / Low Value,Month-to-month,19
4250-FDVOU,0.2652674904551312,High Risk,56.25,Low Value,High Risk / Low Value,Month-to-month,6
9522-BNTHX,0.42613458401568727,High Risk,56.25,Low Value,High Risk / Low Value,Month-to-month,34
4929-ROART,0.18226942199422455,Low Risk,56.25,Low Value,Low Risk / Low Value,Month-to-month,18
6103-QCKFX,0.03655533865739934,Low Risk,56.25,Low Value,Low Risk / Low Value,Month-to-month,44
5909-ECHUI,0.5729989340369153,High Risk,56.25,Low Value,High Risk / Low Value,Month-to-month,1
7669-LCRSD,0.32705456680823036,High Risk,56.3,Low Value,High Risk / Low Value,Month-to-month,12
3272-VUHPV,0.1726377155719532,Low Risk,56.3,Low Value,Low Risk / Low Value,Month-to-month,8
5092-STPKP,0.08621376883671704,Low Risk,56.35,Low Value,Low Risk / Low Value,Month-to-month,24
5543-QDCRY,0.5341927074178981,High Risk,56.4,Low Value,High Risk / Low Value,Month-to-month,4
8976-OQHGT,0.19117952225459667,Low Risk,56.5,Low Value,Low Risk / Low Value,Month-to-month,4
6048-QBXKL,0.4853122907680146,High Risk,56.55,Low Value,High Risk / Low Value,Month-to-month,2
8017-UVSZU,0.10545312269385278,Low Risk,56.6,Low Value,Low Risk / Low Value,Month-to-month,40
5995-OIGLP,0.1323827076712819,Low Risk,56.65,Low Value,Low Risk / Low Value,Month-to-month,12
8224-IVVPA,0.13240418904588414,Low Risk,56.7,Low Value,Low Risk / Low Value,Month-to-month,27
8450-JOVAH,0.2698951417805819,High Risk,56.7,Low Value,High Risk / Low Value,Month-to-month,2
8388-FYNPZ,0.2983596131774455,High Risk,56.75,Low Value,High Risk / Low Value,Month-to-month,4
0463-ZSDNT,0.39382908966167113,High Risk,56.75,Low Value,High Risk / Low Value,Month-to-month,10
2446-ZKVAF,0.21683579272872056,High Risk,56.8,Low Value,High Risk / Low Value,Month-to-month,18
9853-JFZDU,0.09630191227804925,Low Risk,56.85,Low Value,Low Risk / Low Value,Month-to-month,35
4510-PYUSH,0.10329520498869195,Low Risk,57.15,Low Value,Low Risk / Low Value,Month-to-month,38
9842-EFSYY,0.4768599076163949,High Risk,57.2,Low Value,High Risk / Low Value,Month-to-month,4
4695-VADHF,0.28566356979359986,High Risk,57.45,Low Value,High Risk / Low Value,Month-to-month,18
7404-JLKQG,0.4663608878051887,High Risk,57.55,Low Value,High Risk / Low Value,Month-to-month,3
4495-LHSSK,0.1616682376188255,Low Risk,57.65,Low Value,Low Risk / Low Value,Month-to-month,18
0377-JBKKT,0.09991307739898352,Low Risk,57.95,Low Value,Low Risk / Low Value,Month-to-month,22
9089-UOWJG,0.3315825345286038,High Risk,58.35,Low Value,High Risk / Low Value,Month-to-month,12
1986-PHGZF,0.248829194792058,High Risk,58.4,Low Value,High Risk / Low Value,Month-to-month,18
1548-ARAGG,0.3086425855679047,High Risk,58.5,Low Value,High Risk / Low Value,Month-to-month,4
5154-VEKBL,0.3313313427299341,High Risk,58.5,Low Value,High Risk / Low Value,Month-to-month,9
2186-QZEYA,0.196616819820466,High Risk,58.55,Low Value,High Risk / Low Value,Month-to-month,29
6207-WIOLX,0.27257668981938166,High Risk,58.6,Low Value,High Risk / Low Value,Month-to-month,25
4925-LMHOK,0.24403620235872844,High Risk,58.6,Low Value,High Risk / Low Value,Month-to-month,15
9633-DENPU,0.11736559043827326,Low Risk,58.6,Low Value,Low Risk / Low Value,Month-to-month,47
0319-QZTCO,0.3820837461367215,High Risk,58.7,Low Value,High Risk / Low Value,Month-to-month,3
0699-NDKJM,0.11762800295995789,Low Risk,58.75,Low Value,Low Risk / Low Value,Month-to-month,57
0274-JKUJR,0.35694403636591443,High Risk,58.85,Low Value,High Risk / Low Value,Month-to-month,7
2782-LFZVW,0.45104632391446137,High Risk,58.95,Low Value,High Risk / Low Value,Month-to-month,11
0851-DFJKB,0.16993764956370108,Low Risk,58.95,Low Value,Low Risk / Low Value,Month-to-month,15
6778-YSNIH,0.5261568233073177,High Risk,59.0,Low Value,High Risk / Low Value,Month-to-month,2
7854-EDSSA,0.19431287703902944,High Risk,59.0,Low Value,High Risk / Low Value,Month-to-month,22
7869-ZYDST,0.26109371654098557,High Risk,59.05,Low Value,High Risk / Low Value,Month-to-month,31
2978-XXSOG,0.16477830590084055,Low Risk,59.05,Low Value,Low Risk / Low Value,Month-to-month,22
2195-VVRJF,0.2737413765036646,High Risk,59.1,Low Value,High Risk / Low Value,Month-to-month,18
9780-FKVVF,0.3516928914672203,High Risk,59.15,Low Value,High Risk / Low Value,Month-to-month,6
9504-DSHWM,0.1370038746449002,Low Risk,59.2,Low Value,Low Risk / Low Value,Month-to-month,20
3891-PUQOD,0.44607196600162513,High Risk,59.2,Low Value,High Risk / Low Value,Month-to-month,1
7318-EIVKO,0.5619535703398708,High Risk,59.25,Low Value,High Risk / Low Value,Month-to-month,8
8679-JOEVF,0.3169413556449282,High Risk,59.4,Low Value,High Risk / Low Value,Month-to-month,16
4939-KYYPY,0.18816836513349042,Low Risk,59.45,Low Value,Low Risk / Low Value,Month-to-month,27
4504-YOULA,0.10909336145268657,Low Risk,59.45,Low Value,Low Risk / Low Value,Month-to-month,35
9474-PHLYD,0.4289762412041417,High Risk,59.45,Low Value,High Risk / Low Value,Month-to-month,15
2045-BMBTJ,0.29171350915742544,High Risk,59.45,Low Value,High Risk / Low Value,Month-to-month,33
8878-RYUKI,0.14443495018925925,Low Risk,59.45,Low Value,Low Risk / Low Value,Month-to-month,52
6502-KUGLL,0.10211593106223056,Low Risk,59.45,Low Value,Low Risk / Low Value,Month-to-month,14
6218-KNUBD,0.39511156376387896,High Risk,59.45,Low Value,High Risk / Low Value,Month-to-month,6
1205-WNWPJ,0.33924289474910085,High Risk,59.5,Low Value,High Risk / Low Value,Month-to-month,7
5778-BVOFB,0.3329841984272456,High Risk,59.5,Low Value,High Risk / Low Value,Month-to-month,9
4945-RVMTE,0.24361759502605596,High Risk,59.55,Low Value,High Risk / Low Value,Month-to-month,28
0228-MAUWC,0.24206262726734007,High Risk,59.55,Low Value,High Risk / Low Value,Month-to-month,19
2853-CWQFQ,0.35662463003233824,High Risk,59.55,Low Value,High Risk / Low Value,Month-to-month,1
6322-HRPFA,0.02530157641686795,Low Risk,59.6,Low Value,Low Risk / Low Value,Month-to-month,49
6131-FOYAS,0.18744587024753032,Low Risk,59.6,Low Value,Low Risk / Low Value,Month-to-month,35
1357-MVDOZ,0.3501299359114066,High Risk,59.65,Low Value,High Risk / Low Value,Month-to-month,11
5236-XMZJY,0.05795472951555276,Low Risk,59.65,Low Value,Low Risk / Low Value,Month-to-month,42
5424-RLQLC,0.35544905356005424,High Risk,59.65,Low Value,High Risk / Low Value,Month-to-month,10
1794-SWWKL,0.24682242253886266,High Risk,59.65,Low Value,High Risk / Low Value,Month-to-month,15
8734-FNWVH,0.18791192579153246,Low Risk,59.7,Low Value,Low Risk / Low Value,Month-to-month,31
8624-GIOUT,0.07444377213037812,Low Risk,59.75,Low Value,Low Risk / Low Value,Month-to-month,49
9481-SFCQY,0.3074099958794466,High Risk,59.8,Low Value,High Risk / Low Value,Month-to-month,14
7839-NUIAA,0.042913555555871466,Low Risk,59.8,Low Value,Low Risk / Low Value,Month-to-month,61
5438-QMDDL,0.28123085569827055,High Risk,59.8,Low Value,High Risk / Low Value,Month-to-month,19
3877-JRJIP,0.6296511402807752,High Risk,59.85,Low Value,High Risk / Low Value,Month-to-month,1
8033-ATFAS,0.14519296244203878,Low Risk,59.85,Low Value,Low Risk / Low Value,Month-to-month,39
8250-ZNGGW,0.17866935556872326,Low Risk,59.9,Low Value,Low Risk / Low Value,Month-to-month,5
0003-MKNFE,0.3824137449372046,High Risk,59.9,Low Value,High Risk / Low Value,Month-to-month,9
2931-FSOHN,0.46235740672295583,High Risk,59.9,Low Value,High Risk / Low Value,Month-to-month,13
9069-LGEUL,0.21595560714128895,High Risk,59.95,Low Value,High Risk / Low Value,Month-to-month,23
4468-KAZHE,0.4051991758752844,High Risk,60.0,Low Value,High Risk / Low Value,Month-to-month,20
1849-RJYIG,0.40689567954147393,High Risk,60.0,Low Value,High Risk / Low Value,Month-to-month,8
4797-AXPXK,0.27000240366599526,High Risk,60.0,Low Value,High Risk / Low Value,Month-to-month,1
8399-YNDCH,0.33914884773920867,High Risk,60.05,Low Value,High Risk / Low Value,Month-to-month,21
6839-ITVZJ,0.2100733198867976,High Risk,60.05,Low Value,High Risk / Low Value,Month-to-month,26
1582-RAFML,0.28506090990059363,High Risk,60.1,Low Value,High Risk / Low Value,Month-to-month,1
5673-FSSMF,0.6366177350397432,High Risk,60.15,Low Value,High Risk / Low Value,Month-to-month,1
8847-GEOOQ,0.10296885188108199,Low Risk,60.2,Low Value,Low Risk / Low Value,Month-to-month,60
5832-EXGTT,0.15231909333227875,Low Risk,60.2,Low Value,Low Risk / Low Value,Month-to-month,29
8049-WJCLQ,0.26870400549887596,High Risk,60.2,Low Value,High Risk / Low Value,Month-to-month,10
0411-EZJZE,0.6141063716395107,High Risk,60.25,Low Value,High Risk / Low Value,Month-to-month,3
7446-YPODE,0.25402302538185284,High Risk,60.25,Low Value,High Risk / Low Value,Month-to-month,11
8201-AAXCB,0.2773303765655942,High Risk,60.35,Low Value,High Risk / Low Value,Month-to-month,25
5482-NUPNA,0.2106684697081995,High Risk,60.4,Low Value,High Risk / Low Value,Month-to-month,4
6620-HVDUJ,0.08026938480609942,Low Risk,60.45,Low Value,Low Risk / Low Value,Month-to-month,24
0289-IVARM,0.0947615023134233,Low Risk,60.55,Low Value,Low Risk / Low Value,Month-to-month,35
6620-JDYNW,0.24584711738066428,High Risk,60.6,Low Value,High Risk / Low Value,Month-to-month,18
3639-XJHKQ,0.20626669333196926,High Risk,60.6,Low Value,High Risk / Low Value,Month-to-month,19
3043-TYBNO,0.29457494189962685,High Risk,60.65,Low Value,High Risk / Low Value,Month-to-month,3
2202-OUTMO,0.11195672693137389,Low Risk,60.85,Low Value,Low Risk / Low Value,Month-to-month,34
3995-WFCSM,0.46644123720941655,High Risk,60.85,Low Value,High Risk / Low Value,Month-to-month,2
4134-BSXLX,0.06722994981078756,Low Risk,60.9,Low Value,Low Risk / Low Value,Month-to-month,28
9489-UTFKA,0.30300170637418916,High Risk,60.9,Low Value,High Risk / Low Value,Month-to-month,8
5478-JJVZK,0.13565965358506685,Low Risk,60.9,Low Value,Low Risk / Low Value,Month-to-month,33
0856-NAOES,0.338076481490071,High Risk,60.9,Low Value,High Risk / Low Value,Month-to-month,6
1353-LJWEM,0.28549143823557455,High Risk,60.9,Low Value,High Risk / Low Value,Month-to-month,11
3090-LETTY,0.2508224140759765,High Risk,60.95,Low Value,High Risk / Low Value,Month-to-month,2
7766-CLTIC,0.3126258632102494,High Risk,60.95,Low Value,High Risk / Low Value,Month-to-month,10
8221-EQDGL,0.0686797821108134,Low Risk,61.0,Low Value,Low Risk / Low Value,Month-to-month,35
2150-UWTFY,0.09980071273766572,Low Risk,61.15,Low Value,Low Risk / Low Value,Month-to-month,22
1928-BXYIV,0.35385084695079977,High Risk,61.15,Low Value,High Risk / Low Value,Month-to-month,1
1791-PQHBB,0.3335090690116954,High Risk,61.2,Low Value,High Risk / Low Value,Month-to-month,2
8313-KTIHG,0.4416761502811956,High Risk,61.3,Low Value,High Risk / Low Value,Month-to-month,4
1702-CCFNJ,0.05194817360339884,Low Risk,61.35,Low Value,Low Risk / Low Value,Month-to-month,52
0567-GGCAC,0.24679170935107753,High Risk,61.4,Low Value,High Risk / Low Value,Month-to-month,7
5061-PBXFW,0.051117985452860726,Low Risk,61.4,Low Value,Low Risk / Low Value,Month-to-month,32
5949-EBSQK,0.24565157026296147,High Risk,61.45,Low Value,High Risk / Low Value,Month-to-month,4
4003-FUSHP,0.22327918297269153,High Risk,61.55,Low Value,High Risk / Low Value,Month-to-month,19
7000-WCEVQ,0.40784927298255624,High Risk,61.6,Low Value,High Risk / Low Value,Month-to-month,20
0719-SYFRB,0.2280765027660669,High Risk,61.65,Low Value,High Risk / Low Value,Month-to-month,12
8992-OBVDG,0.22353367237508662,High Risk,61.65,Low Value,High Risk / Low Value,Month-to-month,21
9782-LGXMC,0.031099025628307346,Low Risk,61.75,Low Value,Low Risk / Low Value,Month-to-month,49
4418-LZMSV,0.13773919841466734,Low Risk,61.8,Low Value,Low Risk / Low Value,Month-to-month,13
7707-PYBBH,0.06086701574258959,Low Risk,61.9,Low Value,Low Risk / Low Value,Month-to-month,40
2408-PSJVE,0.06380463678734181,Low Risk,61.9,Low Value,Low Risk / Low Value,Month-to-month,44
1541-ETJZO,0.30392347338983217,High Risk,62.05,Low Value,High Risk / Low Value,Month-to-month,1
4662-EKDPQ,0.4540812433425371,High Risk,62.05,Low Value,High Risk / Low Value,Month-to-month,2
8980-WQFWL,0.24518227003911167,High Risk,62.1,Low Value,High Risk / Low Value,Month-to-month,35
0541-FITGH,0.3704119225497586,High Risk,62.15,Low Value,High Risk / Low Value,Month-to-month,2
7143-BQIBA,0.188458917056254,Low Risk,62.25,Low Value,Low Risk / Low Value,Month-to-month,10
0257-KXZGU,0.12936190974875023,Low Risk,62.45,Low Value,Low Risk / Low Value,Month-to-month,32
9259-PACGQ,0.10483139163835625,Low Risk,62.65,Low Value,Low Risk / Low Value,Month-to-month,34
6260-ONULR,0.5398391014248533,High Risk,62.8,Low Value,High Risk / Low Value,Month-to-month,1
5309-TAIKL,0.2755737783298801,High Risk,62.8,Low Value,High Risk / Low Value,Month-to-month,7
3688-FTHLT,0.41096734170776267,High Risk,63.05,Low Value,High Risk / Low Value,Month-to-month,16
6366-XIVKZ,0.25121044163068446,High Risk,63.15,Low Value,High Risk / Low Value,Month-to-month,13
3402-XRIUO,0.176851147546465,Low Risk,63.55,Low Value,Low Risk / Low Value,Month-to-month,22
4398-HSCJH,0.5274693126323402,High Risk,63.6,Low Value,High Risk / Low Value,Month-to-month,3
1564-HJUVY,0.33592077014249444,High Risk,63.75,Low Value,High Risk / Low Value,Month-to-month,4
8548-AWOFC,0.06549868834383177,Low Risk,63.85,Low Value,Low Risk / Low Value,Month-to-month,66
0295-QVKPB,0.33650347757731125,High Risk,63.95,Low Value,High Risk / Low Value,Month-to-month,5
8100-HZZLJ,0.1170389534195161,Low Risk,63.95,Low Value,Low Risk / Low Value,Month-to-month,43
2041-JIJCI,0.5664835585054759,High Risk,64.0,Low Value,High Risk / Low Value,Month-to-month,5
2458-EOMRE,0.24036678819731735,High Risk,64.05,Low Value,High Risk / Low Value,Month-to-month,11
3629-WEAAM,0.2547727797682498,High Risk,64.1,Low Value,High Risk / Low Value,Month-to-month,8
9362-MWODR,0.07292064993312782,Low Risk,64.1,Low Value,Low Risk / Low Value,Month-to-month,40
5173-WXOQV,0.34469397071807306,High Risk,64.2,Low Value,High Risk / Low Value,Month-to-month,2
7905-NJMXS,0.27740598104373154,High Risk,64.2,Low Value,High Risk / Low Value,Month-to-month,7
7319-VENRZ,0.2654548763029338,High Risk,64.3,Low Value,High Risk / Low Value,Month-to-month,7
7905-TVXTA,0.35192319355549395,High Risk,64.35,Low Value,High Risk / Low Value,Month-to-month,5
4957-TREIR,0.27682026438946816,High Risk,64.4,Low Value,High Risk / Low Value,Month-to-month,3
0384-RVBPI,0.16991704910654193,Low Risk,64.4,Low Value,Low Risk / Low Value,Month-to-month,20
1465-LNTLJ,0.36446090853378316,High Risk,64.4,Low Value,High Risk / Low Value,Month-to-month,8
1104-FEJAM,0.23900407916537103,High Risk,64.4,Low Value,High Risk / Low Value,Month-to-month,28
3137-LUPIX,0.42721329233868904,High Risk,64.4,Low Value,High Risk / Low Value,Month-to-month,4
4710-NKCAW,0.16056858262170384,Low Risk,64.4,Low Value,Low Risk / Low Value,Month-to-month,5
7361-YPXFS,0.15621551959988256,Low Risk,64.45,Low Value,Low Risk / Low Value,Month-to-month,28
5630-AHZIL,0.26938228987933227,High Risk,64.5,Low Value,High Risk / Low Value,Month-to-month,3
0096-FCPUF,0.20673776749620673,High Risk,64.5,Low Value,High Risk / Low Value,Month-to-month,30
5356-CSVSQ,0.43951837956047174,High Risk,64.6,Low Value,High Risk / Low Value,Month-to-month,3
7459-RRWQZ,0.33797260040425275,High Risk,64.65,Low Value,High Risk / Low Value,Month-to-month,15
3863-QSTYI,0.0838415159492794,Low Risk,64.65,Low Value,Low Risk / Low Value,Month-to-month,59
8773-HHUOZ,0.35075545406676734,High Risk,64.7,Low Value,High Risk / Low Value,Month-to-month,17
8257-RZAHR,0.3437945389722768,High Risk,64.7,Low Value,High Risk / Low Value,Month-to-month,14
3521-SYVOR,0.29240883586714217,High Risk,64.75,Low Value,High Risk / Low Value,Month-to-month,37
2937-FTHUR,0.2724877900737358,High Risk,64.8,Low Value,High Risk / Low Value,Month-to-month,18
6652-YFFJO,0.5318399809555467,High Risk,64.9,Low Value,High Risk / Low Value,Month-to-month,11
3179-GBRWV,0.24008985379276696,High Risk,64.95,Low Value,High Risk / Low Value,Month-to-month,21
4283-IVYCI,0.18128330043145602,Low Risk,64.95,Low Value,Low Risk / Low Value,Month-to-month,9
7351-KYHQH,0.5194547385436142,High Risk,64.95,Low Value,High Risk / Low Value,Month-to-month,7
4765-OXPPD,0.11565064580706715,Low Risk,65.0,Low Value,Low Risk / Low Value,Month-to-month,9
7691-KGKGP,0.04010536382939089,Low Risk,65.0,Low Value,Low Risk / Low Value,Month-to-month,53
0708-SJDIS,0.14093523707654937,Low Risk,65.0,Low Value,Low Risk / Low Value,Month-to-month,34
1852-XEMDW,0.14176163052622506,Low Risk,65.05,Low Value,Low Risk / Low Value,Month-to-month,22
4795-WRNVT,0.07756971169498596,Low Risk,65.1,Low Value,Low Risk / Low Value,Month-to-month,40
0774-IFUVM,0.3273597094254039,High Risk,65.15,Low Value,High Risk / Low Value,Month-to-month,11
9578-VRMNM,0.3874448932470074,High Risk,65.2,Low Value,High Risk / Low Value,Month-to-month,16
4981-FLTMF,0.027879713995510924,Low Risk,65.2,Low Value,Low Risk / Low Value,Month-to-month,57
3969-JQABI,0.05465337056674526,Low Risk,65.25,Low Value,Low Risk / Low Value,Month-to-month,58
2930-UOTMB,0.08568659230070395,Low Risk,65.25,Low Value,Low Risk / Low Value,Month-to-month,31
1230-QAJDW,0.4291661277906493,High Risk,65.25,Low Value,High Risk / Low Value,Month-to-month,3
3703-TTEPD,0.17112814615231878,Low Risk,65.35,Low Value,Low Risk / Low Value,Month-to-month,21
7683-CBDKJ,0.2794091468877269,High Risk,65.45,Low Value,High Risk / Low Value,Month-to-month,14
5568-DMXZS,0.3749233578256751,High Risk,65.45,Low Value,High Risk / Low Value,Month-to-month,8
6854-EXGSF,0.3021482217622919,High Risk,65.5,Low Value,High Risk / Low Value,Month-to-month,8
9700-ISPUP,0.3205249421523336,High Risk,65.5,Low Value,High Risk / Low Value,Month-to-month,10
5172-MIGPM,0.33848984375815083,High Risk,65.55,Low Value,High Risk / Low Value,Month-to-month,4
8404-GFGCZ,0.5012920063243759,High Risk,65.6,Low Value,High Risk / Low Value,Month-to-month,4
9761-XUJWD,0.3265775405188661,High Risk,65.6,Low Value,High Risk / Low Value,Month-to-month,5
3415-TAILE,0.40173192986044637,High Risk,65.7,Low Value,High Risk / Low Value,Month-to-month,2
0872-JCPIB,0.24303137833054803,High Risk,65.75,Low Value,High Risk / Low Value,Month-to-month,17
4923-ADWXJ,0.18879208389598426,Low Risk,65.8,Low Value,Low Risk / Low Value,Month-to-month,25
0708-LGSMF,0.4201997133629661,High Risk,65.85,Low Value,High Risk / Low Value,Month-to-month,13
8623-ULFNQ,0.3582581977391638,High Risk,66.05,Low Value,High Risk / Low Value,Month-to-month,26
7797-EJMDP,0.20040108599026762,High Risk,66.05,Low Value,High Risk / Low Value,Month-to-month,8
3301-LSLWQ,0.28459054015427027,High Risk,66.1,Low Value,High Risk / Low Value,Month-to-month,29
3038-PQIUY,0.1195619537887284,Low Risk,66.15,Low Value,Low Risk / Low Value,Month-to-month,38
2373-NTKOD,0.551038513399754,High Risk,66.25,Low Value,High Risk / Low Value,Month-to-month,8
5174-RNGBH,0.21995063667573178,High Risk,66.25,Low Value,High Risk / Low Value,Month-to-month,9
6171-ZTVYB,0.05389197354468498,Low Risk,66.25,Low Value,Low Risk / Low Value,Month-to-month,43
7964-YESJC,0.13267720703452338,Low Risk,66.3,Low Value,Low Risk / Low Value,Month-to-month,24
5018-LXQQG,0.08248754001912234,Low Risk,66.3,Low Value,Low Risk / Low Value,Month-to-month,30
1373-ORVIZ,0.4098545632342465,High Risk,66.35,Low Value,High Risk / Low Value,Month-to-month,11
5485-WUYWF,0.3361412361581623,High Risk,66.4,Low Value,High Risk / Low Value,Month-to-month,2
9351-LZYGF,0.07009473131461035,Low Risk,66.4,Low Value,Low Risk / Low Value,Month-to-month,42
5951-AOFIH,0.17425537628806806,Low Risk,66.4,Low Value,Low Risk / Low Value,Month-to-month,33
7036-ZZKBD,0.15417134867899884,Low Risk,66.4,Low Value,Low Risk / Low Value,Month-to-month,31
6507-DTJZV,0.2913013394588789,High Risk,66.4,Low Value,High Risk / Low Value,Month-to-month,13
1697-NVVGY,0.21275755849302824,High Risk,66.4,Low Value,High Risk / Low Value,Month-to-month,19
2257-BOVXD,0.32120612784976155,High Risk,66.6,Low Value,High Risk / Low Value,Month-to-month,14
4226-KKDON,0.3626469982267935,High Risk,66.65,Low Value,High Risk / Low Value,Month-to-month,8
1907-YLNYW,0.3917383565741395,High Risk,66.7,Low Value,High Risk / Low Value,Month-to-month,8
0820-FNRNX,0.19319662880337599,Low Risk,66.7,Low Value,Low Risk / Low Value,Month-to-month,17
1697-BCSHV,0.09658652622902542,Low Risk,66.8,Low Value,Low Risk / Low Value,Month-to-month,58
8160-HOWOX,0.5619565198398041,High Risk,66.85,Low Value,High Risk / Low Value,Month-to-month,7
4672-FOTSD,0.25735997420116924,High Risk,67.25,Low Value,High Risk / Low Value,Month-to-month,12
7520-HQWJU,0.03937329029098738,Low Risk,67.45,Low Value,Low Risk / Low Value,Month-to-month,66
3537-RYBHH,0.10039283504758087,Low Risk,67.45,Low Value,Low Risk / Low Value,Month-to-month,47
6873-UDNLD,0.11940912195311978,Low Risk,67.45,Low Value,Low Risk / Low Value,Month-to-month,40
2038-YSEZE,0.08049717859673175,Low Risk,67.45,Low Value,Low Risk / Low Value,Month-to-month,29
1810-MVMAI,0.09786668097664493,Low Risk,67.6,Low Value,Low Risk / Low Value,Month-to-month,30
3750-CKVKH,0.6976057358324304,High Risk,67.75,Low Value,High Risk / Low Value,Month-to-month,2
1436-ZMJAN,0.43829567790345425,High Risk,67.8,Low Value,High Risk / Low Value,Month-to-month,10
8474-UMLNT,0.15278693467757953,Low Risk,67.8,Low Value,Low Risk / Low Value,Month-to-month,13
2100-BDNSN,0.34491241249702514,High Risk,67.95,Low Value,High Risk / Low Value,Month-to-month,5
6368-NWMCE,0.11370374149862345,Low Risk,68.15,Low Value,Low Risk / Low Value,Month-to-month,38
7112-OPOTK,0.33415148271402306,High Risk,68.25,Low Value,High Risk / Low Value,Month-to-month,33
0701-TJSEF,0.2447005349177359,High Risk,68.25,Low Value,High Risk / Low Value,Month-to-month,9
7799-DSEWS,0.2431179936323711,High Risk,68.35,Low Value,High Risk / Low Value,Month-to-month,18
6416-TVAIH,0.6709359406114198,High Risk,68.5,Low Value,High Risk / Low Value,Month-to-month,1
3780-YVMFA,0.4367923699369063,High Risk,68.55,Low Value,High Risk / Low Value,Month-to-month,8
7718-RXDGG,0.514298835942601,High Risk,68.6,Low Value,High Risk / Low Value,Month-to-month,15
7855-DIWPO,0.5396908448890048,High Risk,68.65,Low Value,High Risk / Low Value,Month-to-month,21
2141-RRYGO,0.48349086700772803,High Risk,68.65,Low Value,High Risk / Low Value,Month-to-month,4
2856-HYAPG,0.6330116161970373,High Risk,68.65,Low Value,High Risk / Low Value,Month-to-month,1
9142-KZXOP,0.18346349419966737,Low Risk,68.85,Low Value,Low Risk / Low Value,Month-to-month,44
5766-XQXMQ,0.16132632999415494,Low Risk,68.85,Low Value,Low Risk / Low Value,Month-to-month,29
8263-OKETD,0.25552158270307485,High Risk,68.9,Low Value,High Risk / Low Value,Month-to-month,20
6993-OHLXR,0.6219292957225049,High Risk,68.95,Low Value,High Risk / Low Value,Month-to-month,2
6439-LAJXL,0.21011551624644173,High Risk,68.95,Low Value,High Risk / Low Value,Month-to-month,9
4806-HIPDW,0.7067135270338973,High Risk,68.95,Low Value,High Risk / Low Value,Month-to-month,1
0018-NYROU,0.6754887853517361,High Risk,68.95,Low Value,High Risk / Low Value,Month-to-month,5
6227-HWPWX,0.3890329464651984,High Risk,69.0,Low Value,High Risk / Low Value,Month-to-month,15
9824-BEMCV,0.5259735659231077,High Risk,69.0,Low Value,High Risk / Low Value,Month-to-month,17
1703-MGIAB,0.30300515976064823,High Risk,69.0,Low Value,High Risk / Low Value,Month-to-month,17
2575-GFSOE,0.6252493854156687,High Risk,69.0,Low Value,High Risk / Low Value,Month-to-month,7
5916-QEWPT,0.4257092410740973,High Risk,69.0,Low Value,High Risk / Low Value,Month-to-month,2
9643-YBLUR,0.4130551456096394,High Risk,69.05,Low Value,High Risk / Low Value,Month-to-month,9
8485-GJCDN,0.6407531057609275,High Risk,69.05,Low Value,High Risk / Low Value,Month-to-month,5
8990-ZXLSU,0.5624667514959848,High Risk,69.05,Low Value,High Risk / Low Value,Month-to-month,9
1025-FALIX,0.3931385259056076,High Risk,69.05,Low Value,High Risk / Low Value,Month-to-month,26
8725-JEDFD,0.3802249412976147,High Risk,69.05,Low Value,High Risk / Low Value,Month-to-month,27
3466-WAESX,0.3241939151272493,High Risk,69.1,Low Value,High Risk / Low Value,Month-to-month,16
1086-LXKFY,0.5900356950919577,High Risk,69.1,Low Value,High Risk / Low Value,Month-to-month,1
3716-BDVDB,0.7020721401090658,High Risk,69.1,Low Value,High Risk / Low Value,Month-to-month,1
3453-RTHJQ,0.6633052402306917,High Risk,69.1,Low Value,High Risk / Low Value,Month-to-month,6
3871-IKPYH,0.6749239671357714,High Risk,69.1,Low Value,High Risk / Low Value,Month-to-month,1
7502-BNYGS,0.15218060489818047,Low Risk,69.1,Low Value,Low Risk / Low Value,Month-to-month,46
3398-ZOUAA,0.5831665810272033,High Risk,69.1,Low Value,High Risk / Low Value,Month-to-month,21
7159-FVYPK,0.45356268176455333,High Risk,69.15,Low Value,High Risk / Low Value,Month-to-month,3
7594-LZNWR,0.28704260056678405,High Risk,69.15,Low Value,High Risk / Low Value,Month-to-month,34
8993-IZEUX,0.49629697811936957,High Risk,69.15,Low Value,High Risk / Low Value,Month-to-month,7
9701-CDXHR,0.1621528647234688,Low Risk,69.15,Low Value,Low Risk / Low Value,Month-to-month,51
1447-GIQMR,0.7012723105915385,High Risk,69.15,Low Value,High Risk / Low Value,Month-to-month,1
3059-NGMXB,0.20277710453743034,High Risk,69.2,Low Value,High Risk / Low Value,Month-to-month,14
5044-LRQAQ,0.584936873604346,High Risk,69.2,Low Value,High Risk / Low Value,Month-to-month,7
9728-FTTVZ,0.7064984030616939,High Risk,69.2,Low Value,High Risk / Low Value,Month-to-month,1
7660-HDPJV,0.7064984030616939,High Risk,69.2,Low Value,High Risk / Low Value,Month-to-month,1
7206-GZCDC,0.7489783673108069,High Risk,69.25,Low Value,High Risk / Low Value,Month-to-month,1
4704-ERYFC,0.5266351336131129,High Risk,69.25,Low Value,High Risk / Low Value,Month-to-month,22
0679-IDSTG,0.7188350082960557,High Risk,69.25,Low Value,High Risk / Low Value,Month-to-month,1
2079-FBMZK,0.5822462979461746,High Risk,69.25,Low Value,High Risk / Low Value,Month-to-month,6
7924-GJZFI,0.5562062502854519,High Risk,69.3,Low Value,High Risk / Low Value,Month-to-month,25
9799-CAYJJ,0.7421031679055986,High Risk,69.3,Low Value,High Risk / Low Value,Month-to-month,2
2799-ARNLO,0.7189146039167558,High Risk,69.35,Low Value,High Risk / Low Value,Month-to-month,5
3223-DWFIO,0.6481290726855888,High Risk,69.35,Low Value,High Risk / Low Value,Month-to-month,4
1399-UBQIU,0.5152142039646722,High Risk,69.35,Low Value,High Risk / Low Value,Month-to-month,11
5027-QPKTE,0.649748631607449,High Risk,69.35,Low Value,High Risk / Low Value,Month-to-month,7
3428-XZMAZ,0.7012245648206539,High Risk,69.35,Low Value,High Risk / Low Value,Month-to-month,1
9048-JVYVF,0.5103016107475347,High Risk,69.35,Low Value,High Risk / Low Value,Month-to-month,3
6457-GIRWB,0.7012245648206539,High Risk,69.35,Low Value,High Risk / Low Value,Month-to-month,1
0013-MHZWF,0.32841935761994057,High Risk,69.4,Low Value,High Risk / Low Value,Month-to-month,9
8401-EMUWF,0.12212103472717577,Low Risk,69.4,Low Value,Low Risk / Low Value,Month-to-month,42
7908-QCBCA,0.6249761685529726,High Risk,69.4,Low Value,High Risk / Low Value,Month-to-month,1
5884-GCYMI,0.5371006265831323,High Risk,69.4,Low Value,High Risk / Low Value,Month-to-month,1
6614-VBEGU,0.30320322241717473,High Risk,69.45,Low Value,High Risk / Low Value,Month-to-month,24
6575-SUVOI,0.21698618306780024,High Risk,69.5,Low Value,High Risk / Low Value,Month-to-month,25
3466-BYAVD,0.2102556853234795,High Risk,69.5,Low Value,High Risk / Low Value,Month-to-month,15
6890-PFRQX,0.22032024645839526,High Risk,69.5,Low Value,High Risk / Low Value,Month-to-month,18
5186-SAMNZ,0.6809384729886038,High Risk,69.5,Low Value,High Risk / Low Value,Month-to-month,1
8663-UPDGF,0.22272439919471115,High Risk,69.5,Low Value,High Risk / Low Value,Month-to-month,26
5186-EJEGL,0.23325214867019922,High Risk,69.5,Low Value,High Risk / Low Value,Month-to-month,9
0488-GSLFR,0.7054899201478234,High Risk,69.5,Low Value,High Risk / Low Value,Month-to-month,1
1684-FLBGS,0.20841524170285705,High Risk,69.5,Low Value,High Risk / Low Value,Month-to-month,23
9767-FFLEM,0.2859873756128017,High Risk,69.5,Low Value,High Risk / Low Value,Month-to-month,38
4110-PFEUZ,0.5421792852954401,High Risk,69.55,Low Value,High Risk / Low Value,Month-to-month,1
9576-ANLXO,0.6212550957903747,High Risk,69.55,Low Value,High Risk / Low Value,Month-to-month,3
1820-TQVEV,0.7005455092286846,High Risk,69.55,Low Value,High Risk / Low Value,Month-to-month,1
8120-JDCAM,0.5560673968344414,High Risk,69.55,Low Value,High Risk / Low Value,Month-to-month,4
0455-XFASS,0.6551860622450689,High Risk,69.55,Low Value,High Risk / Low Value,Month-to-month,3
4291-SHSBH,0.6544754039725706,High Risk,69.55,Low Value,High Risk / Low Value,Month-to-month,7
2506-TNFCO,0.7474958756566271,High Risk,69.55,Low Value,High Risk / Low Value,Month-to-month,1
8375-DKEBR,0.7479111540674566,High Risk,69.6,Low Value,High Risk / Low Value,Month-to-month,1
6429-SHBCB,0.3531142818525981,High Risk,69.6,Low Value,High Risk / Low Value,Month-to-month,19
2636-ALXXZ,0.7479111540674566,High Risk,69.6,Low Value,High Risk / Low Value,Month-to-month,1
5276-KQWHG,0.7404542050158411,High Risk,69.6,Low Value,High Risk / Low Value,Month-to-month,2
7665-TOALD,0.7051533109444802,High Risk,69.6,Low Value,High Risk / Low Value,Month-to-month,1
4983-CCWMC,0.6019026099031588,High Risk,69.6,Low Value,High Risk / Low Value,Month-to-month,3
6502-MJQAE,0.7003756073248327,High Risk,69.6,Low Value,High Risk / Low Value,Month-to-month,1
7538-GWHML,0.6210095785584385,High Risk,69.65,Low Value,High Risk / Low Value,Month-to-month,2
6557-BZXLQ,0.5366724294113454,High Risk,69.65,Low Value,High Risk / Low Value,Month-to-month,16
8062-YBDOE,0.7434199182080837,High Risk,69.65,Low Value,High Risk / Low Value,Month-to-month,1
4871-JTKJF,0.7477584497337671,High Risk,69.65,Low Value,High Risk / Low Value,Month-to-month,1
4550-EVXNY,0.6725366217475346,High Risk,69.65,Low Value,High Risk / Low Value,Month-to-month,1
7798-JVXYM,0.41157148726610987,High Risk,69.65,Low Value,High Risk / Low Value,Month-to-month,14
7254-IQWOZ,0.7002056502762408,High Risk,69.65,Low Value,High Risk / Low Value,Month-to-month,1
4919-MOAVT,0.5705756876341461,High Risk,69.65,Low Value,High Risk / Low Value,Month-to-month,3
6047-YHPVI,0.6660734676036953,High Risk,69.7,Low Value,High Risk / Low Value,Month-to-month,5
4482-EWFMI,0.6968210901674099,High Risk,69.7,Low Value,High Risk / Low Value,Month-to-month,2
3701-SFMUH,0.26571959687620217,High Risk,69.7,Low Value,High Risk / Low Value,Month-to-month,7
2178-PMGCJ,0.42525658498870844,High Risk,69.7,Low Value,High Risk / Low Value,Month-to-month,22
3999-QGRJH,0.6912321500082504,High Risk,69.7,Low Value,High Risk / Low Value,Month-to-month,8
1016-DJTSV,0.6920017441233866,High Risk,69.7,Low Value,High Risk / Low Value,Month-to-month,8
4501-EQDRN,0.5547772387893982,High Risk,69.7,Low Value,High Risk / Low Value,Month-to-month,1
5760-WRAHC,0.19352076710664462,Low Risk,69.75,Low Value,Low Risk / Low Value,Month-to-month,22
8329-GWVPJ,0.20133389498603427,High Risk,69.75,Low Value,High Risk / Low Value,Month-to-month,50
4883-QICIH,0.32658099192784223,High Risk,69.75,Low Value,High Risk / Low Value,Month-to-month,32
6166-ILMNY,0.545831989344458,High Risk,69.75,Low Value,High Risk / Low Value,Month-to-month,2
2058-DCJBE,0.6664049108099099,High Risk,69.75,Low Value,High Risk / Low Value,Month-to-month,5
1084-UQCHV,0.5112081040359844,High Risk,69.75,Low Value,High Risk / Low Value,Month-to-month,1
5539-TMZLF,0.7431108752660884,High Risk,69.75,Low Value,High Risk / Low Value,Month-to-month,1
7504-UWHNB,0.40506173865639133,High Risk,69.75,Low Value,High Risk / Low Value,Month-to-month,25
4510-HIMLV,0.6996954485512772,High Risk,69.8,Low Value,High Risk / Low Value,Month-to-month,1
2897-DOVND,0.6923494659520317,High Risk,69.8,Low Value,High Risk / Low Value,Month-to-month,2
8630-FJLIB,0.5577324479705456,High Risk,69.8,Low Value,High Risk / Low Value,Month-to-month,18
0599-XNYDO,0.4752608950783561,High Risk,69.8,Low Value,High Risk / Low Value,Month-to-month,20
5134-IKDAY,0.6713373380195561,High Risk,69.8,Low Value,High Risk / Low Value,Month-to-month,1
7326-RIGQZ,0.6212473237852619,High Risk,69.8,Low Value,High Risk / Low Value,Month-to-month,6
5832-XKAES,0.6018276680341598,High Risk,69.8,Low Value,High Risk / Low Value,Month-to-month,2
5605-IYGFG,0.5858312653593938,High Risk,69.85,Low Value,High Risk / Low Value,Month-to-month,7
7245-NIIWQ,0.6881192007933434,High Risk,69.85,Low Value,High Risk / Low Value,Month-to-month,3
0603-OLQDC,0.3029551592952482,High Risk,69.85,Low Value,High Risk / Low Value,Month-to-month,12
4603-JANFB,0.6995252712132526,High Risk,69.85,Low Value,High Risk / Low Value,Month-to-month,1
5550-VFRLC,0.7471470196767405,High Risk,69.85,Low Value,High Risk / Low Value,Month-to-month,1
5875-YPQFJ,0.6993550388755261,High Risk,69.9,Low Value,High Risk / Low Value,Month-to-month,1
9804-ICWBG,0.6993550388755261,High Risk,69.9,Low Value,High Risk / Low Value,Month-to-month,1
8097-VBQTZ,0.04973068358669703,Low Risk,69.9,Low Value,Low Risk / Low Value,Month-to-month,54
5542-TBBWB,0.6993550388755261,High Risk,69.9,Low Value,High Risk / Low Value,Month-to-month,1
0958-YHXGP,0.5713040925227655,High Risk,69.9,Low Value,High Risk / Low Value,Month-to-month,7
1062-LHZOD,0.5813417996157386,High Risk,69.9,Low Value,High Risk / Low Value,Month-to-month,1
0330-IVZHA,0.5909789708416877,High Risk,69.95,Low Value,High Risk / Low Value,Month-to-month,5
7459-IMVYU,0.08545629024981691,Low Risk,69.95,Low Value,Low Risk / Low Value,Month-to-month,38
8000-REIQB,0.7468409372011184,High Risk,69.95,Low Value,High Risk / Low Value,Month-to-month,1
9796-BPKIW,0.6005773939392252,High Risk,69.95,Low Value,High Risk / Low Value,Month-to-month,8
6692-YQHXC,0.4807531084311935,High Risk,69.95,Low Value,High Risk / Low Value,Month-to-month,16
5600-KTXFM,0.487426107626704,High Risk,69.95,Low Value,High Risk / Low Value,Month-to-month,2
2920-RNCEZ,0.573095283484582,High Risk,69.95,Low Value,High Risk / Low Value,Month-to-month,1
3066-RRJIO,0.6235931777618211,High Risk,69.95,Low Value,High Risk / Low Value,Month-to-month,1
3799-ISUZQ,0.5428893641256088,High Risk,69.95,Low Value,High Risk / Low Value,Month-to-month,7
7153-OANIO,0.6227488122732345,High Risk,69.95,Low Value,High Risk / Low Value,Month-to-month,1
9389-ACWBI,0.4549142166854488,High Risk,69.95,Low Value,High Risk / Low Value,Month-to-month,5
5583-SXDAG,0.6218507294642475,High Risk,70.0,Low Value,High Risk / Low Value,Month-to-month,1
3509-GWQGF,0.37551267967135016,High Risk,70.0,Low Value,High Risk / Low Value,Month-to-month,24
6641-XRPSU,0.3247782776349738,High Risk,70.0,Low Value,High Risk / Low Value,Month-to-month,34
2482-CZGBB,0.6279900148025119,High Risk,70.0,Low Value,High Risk / Low Value,Month-to-month,10
3884-HCSWG,0.565446503764643,High Risk,70.0,Low Value,High Risk / Low Value,Month-to-month,17
1853-UDXBW,0.6655504031181584,High Risk,70.0,Low Value,High Risk / Low Value,Month-to-month,1
4512-ZUIYL,0.5454432266031966,High Risk,70.0,Low Value,High Risk / Low Value,Month-to-month,2
1304-BCCFO,0.4393146444251699,High Risk,70.05,Low Value,High Risk / Low Value,Month-to-month,9
6705-LXORM,0.6395987492317231,High Risk,70.05,Low Value,High Risk / Low Value,Month-to-month,5
3494-JCHRQ,0.6988440121561348,High Risk,70.05,Low Value,High Risk / Low Value,Month-to-month,1
9603-OAIHC,0.7421822861976188,High Risk,70.05,Low Value,High Risk / Low Value,Month-to-month,1
2608-BHKFN,0.5880539973837164,High Risk,70.05,Low Value,High Risk / Low Value,Month-to-month,4
1768-HNVGJ,0.16169043933974958,Low Risk,70.05,Low Value,Low Risk / Low Value,Month-to-month,45
6715-OFDBP,0.571089999962727,High Risk,70.05,Low Value,High Risk / Low Value,Month-to-month,5
5895-QSXOD,0.4631049702729373,High Risk,70.05,Low Value,High Risk / Low Value,Month-to-month,9
5931-FLJJF,0.6141020249702965,High Risk,70.1,Low Value,High Risk / Low Value,Month-to-month,7
2262-SLNVK,0.6275394259194331,High Risk,70.1,Low Value,High Risk / Low Value,Month-to-month,1
9540-JYROE,0.5546370709591467,High Risk,70.1,Low Value,High Risk / Low Value,Month-to-month,8
4702-IOQDC,0.703466913022753,High Risk,70.1,Low Value,High Risk / Low Value,Month-to-month,1
6379-RXJRQ,0.6212323118837825,High Risk,70.1,Low Value,High Risk / Low Value,Month-to-month,10
0328-GRPMV,0.703466913022753,High Risk,70.1,Low Value,High Risk / Low Value,Month-to-month,1
5119-NZPTV,0.6626260915536449,High Risk,70.1,Low Value,High Risk / Low Value,Month-to-month,2
9408-SSNVZ,0.6789955748539047,High Risk,70.15,Low Value,High Risk / Low Value,Month-to-month,4
6077-BDPXA,0.6866907413587567,High Risk,70.15,Low Value,High Risk / Low Value,Month-to-month,3
9272-LSVYH,0.45416048697463124,High Risk,70.15,Low Value,High Risk / Low Value,Month-to-month,10
1846-XWOQN,0.746228037893404,High Risk,70.15,Low Value,High Risk / Low Value,Month-to-month,1
9506-UXUSK,0.5999596816409047,High Risk,70.15,Low Value,High Risk / Low Value,Month-to-month,13
7394-LWLYN,0.6945237800810067,High Risk,70.15,Low Value,High Risk / Low Value,Month-to-month,2
2619-WFQWU,0.6228325837533933,High Risk,70.15,Low Value,High Risk / Low Value,Month-to-month,1
2398-YPMUR,0.6538919332452967,High Risk,70.15,Low Value,High Risk / Low Value,Month-to-month,13
9985-MWVIX,0.6228325837533933,High Risk,70.15,Low Value,High Risk / Low Value,Month-to-month,1
7562-UXTPG,0.5132868193407172,High Risk,70.15,Low Value,High Risk / Low Value,Month-to-month,13
2501-XWWTZ,0.5315372052790377,High Risk,70.2,Low Value,High Risk / Low Value,Month-to-month,11
7296-PIXQY,0.47685455507409774,High Risk,70.2,Low Value,High Risk / Low Value,Month-to-month,14
2568-BRGYX,0.6717964053941702,High Risk,70.2,Low Value,High Risk / Low Value,Month-to-month,4
7206-PQBBZ,0.6689592697537631,High Risk,70.2,Low Value,High Risk / Low Value,Month-to-month,11
2260-USTRB,0.6738281172695031,High Risk,70.2,Low Value,High Risk / Low Value,Month-to-month,2
7044-YAACC,0.7194232075697404,High Risk,70.2,Low Value,High Risk / Low Value,Month-to-month,4
9605-WGJVW,0.7460746601547825,High Risk,70.2,Low Value,High Risk / Low Value,Month-to-month,1
2815-CPTUL,0.6318114306640071,High Risk,70.25,Low Value,High Risk / Low Value,Month-to-month,5
1640-PLFMP,0.7029599069689305,High Risk,70.25,Low Value,High Risk / Low Value,Month-to-month,1
3244-DCJWY,0.7029599069689305,High Risk,70.25,Low Value,High Risk / Low Value,Month-to-month,1
9633-XQABV,0.6886291655695781,High Risk,70.25,Low Value,High Risk / Low Value,Month-to-month,3
1041-RXHRA,0.22083010122086255,High Risk,70.25,Low Value,High Risk / Low Value,Month-to-month,41
7379-POKDZ,0.6815144310936578,High Risk,70.3,Low Value,High Risk / Low Value,Month-to-month,3
3234-VKACU,0.4313018575826253,High Risk,70.3,Low Value,High Risk / Low Value,Month-to-month,2
7217-JYHOQ,0.11386350239298641,Low Risk,70.3,Low Value,Low Risk / Low Value,Month-to-month,24
2884-GBPFB,0.400566251202517,High Risk,70.3,Low Value,High Risk / Low Value,Month-to-month,35
5976-JCJRH,0.626001818040791,High Risk,70.3,Low Value,High Risk / Low Value,Month-to-month,10
4029-HPFVY,0.6000709553932426,High Risk,70.3,Low Value,High Risk / Low Value,Month-to-month,3
9717-QEBGU,0.6904195501274005,High Risk,70.3,Low Value,High Risk / Low Value,Month-to-month,2
6653-CBBOM,0.702790793756634,High Risk,70.3,Low Value,High Risk / Low Value,Month-to-month,1
6168-WFVVF,0.7330554556581523,High Risk,70.3,Low Value,High Risk / Low Value,Month-to-month,3
1363-TXLSL,0.7408290617613941,High Risk,70.3,Low Value,High Risk / Low Value,Month-to-month,1
2446-PLQVO,0.6979912036966676,High Risk,70.3,Low Value,High Risk / Low Value,Month-to-month,1
5804-LEPIM,0.7384994022433653,High Risk,70.35,High Value,High Risk / High Value,Month-to-month,2
7147-AYBAA,0.29735675746031853,High Risk,70.35,High Value,High Risk / High Value,Month-to-month,37
7321-VGNKU,0.692956251190339,High Risk,70.35,High Value,High Risk / High Value,Month-to-month,2
7465-ZZRVX,0.697820477680971,High Risk,70.35,High Value,High Risk / High Value,Month-to-month,1
5442-BHQNG,0.6178692988536476,High Risk,70.35,High Value,High Risk / High Value,Month-to-month,2
4726-DLWQN,0.12329194752051499,Low Risk,70.35,High Value,Low Risk / High Value,Month-to-month,50
4629-NRXKX,0.5811714463803743,High Risk,70.4,High Value,High Risk / High Value,Month-to-month,2
4763-PGDPO,0.6002849965530244,High Risk,70.4,High Value,High Risk / High Value,Month-to-month,4
3211-ILJTT,0.485895282319306,High Risk,70.4,High Value,High Risk / High Value,Month-to-month,17
2055-PDADH,0.7309149178835723,High Risk,70.4,High Value,High Risk / High Value,Month-to-month,3
4759-TRPLW,0.6210351179917932,High Risk,70.4,High Value,High Risk / High Value,Month-to-month,1
4067-HLYQI,0.35494140302282756,High Risk,70.4,High Value,High Risk / High Value,Month-to-month,33
2905-KFQUV,0.605657301197667,High Risk,70.4,High Value,High Risk / High Value,Month-to-month,2
0390-DCFDQ,0.6702380029654023,High Risk,70.45,High Value,High Risk / High Value,Month-to-month,1
2294-DMMUS,0.11357741252557318,Low Risk,70.45,High Value,Low Risk / High Value,Month-to-month,62
2585-KTFRE,0.24473493736574287,High Risk,70.45,High Value,High Risk / High Value,Month-to-month,1
0515-YPMCW,0.5799060579154472,High Risk,70.45,High Value,High Risk / High Value,Month-to-month,1
6078-VESFR,0.4844248932177624,High Risk,70.45,High Value,High Risk / High Value,Month-to-month,13
6017-PPLPX,0.5007978581858339,High Risk,70.45,High Value,High Risk / High Value,Month-to-month,20
8270-RKSAP,0.629589688891919,High Risk,70.5,High Value,High Risk / High Value,Month-to-month,9
3496-LFSZU,0.5946177975366586,High Risk,70.5,High Value,High Risk / High Value,Month-to-month,4
5527-ACHSO,0.28305689128760136,High Risk,70.5,High Value,High Risk / High Value,Month-to-month,11
1915-IOFGU,0.6260240188319155,High Risk,70.5,High Value,High Risk / High Value,Month-to-month,1
9584-EXCDZ,0.403968884142595,High Risk,70.5,High Value,High Risk / High Value,Month-to-month,17
1047-NNCBF,0.3603569436393567,High Risk,70.55,High Value,High Risk / High Value,Month-to-month,20
9365-SRSZE,0.5264645628821027,High Risk,70.55,High Value,High Risk / High Value,Month-to-month,27
8051-HJRLT,0.7449993049148473,High Risk,70.55,High Value,High Risk / High Value,Month-to-month,1
1732-VHUBQ,0.19481271354971064,High Risk,70.55,High Value,High Risk / High Value,Month-to-month,47
9620-ENEJV,0.48502013098850133,High Risk,70.55,High Value,High Risk / High Value,Month-to-month,6
9112-WSNPU,0.37048743697484254,High Risk,70.55,High Value,High Risk / High Value,Month-to-month,35
5940-AHUHD,0.5322654357519593,High Risk,70.6,High Value,High Risk / High Value,Month-to-month,1
8309-IEYJD,0.6703665931116252,High Risk,70.6,High Value,High Risk / High Value,Month-to-month,1
9617-INGJY,0.615721705851201,High Risk,70.6,High Value,High Risk / High Value,Month-to-month,1
5376-DEQCP,0.701774948909277,High Risk,70.6,High Value,High Risk / High Value,Month-to-month,1
1996-DBMUS,0.28619101302178973,High Risk,70.65,High Value,High Risk / High Value,Month-to-month,48
0644-OQMDK,0.7193520105071152,High Risk,70.65,High Value,High Risk / High Value,Month-to-month,4
4342-HENTK,0.7377346050625823,High Risk,70.65,High Value,High Risk / High Value,Month-to-month,2
1122-JWTJW,0.5783826500048962,High Risk,70.65,High Value,High Risk / High Value,Month-to-month,1
9237-HQITU,0.6943755647865689,High Risk,70.7,High Value,High Risk / High Value,Month-to-month,2
3717-OEAUQ,0.5218317011010504,High Risk,70.7,High Value,High Risk / High Value,Month-to-month,2
7967-HYCDE,0.48032482930848097,High Risk,70.7,High Value,High Risk / High Value,Month-to-month,8
8835-VSDSE,0.6930841292860433,High Risk,70.7,High Value,High Risk / High Value,Month-to-month,2
5028-GZLDO,0.5144602708602091,High Risk,70.7,High Value,High Risk / High Value,Month-to-month,2
5032-MIYKT,0.6207378381540938,High Risk,70.7,High Value,High Risk / High Value,Month-to-month,1
0734-OXWBT,0.3045203963661631,High Risk,70.7,High Value,High Risk / High Value,Month-to-month,3
9722-UJOJR,0.4083663174979934,High Risk,70.75,High Value,High Risk / High Value,Month-to-month,29
3866-MDTUB,0.5145797774151754,High Risk,70.75,High Value,High Risk / High Value,Month-to-month,2
0519-XUZJU,0.5373514480168127,High Risk,70.75,High Value,High Risk / High Value,Month-to-month,1
9210-IAHGH,0.37595301375292833,High Risk,70.75,High Value,High Risk / High Value,Month-to-month,7
0685-MLYYM,0.6668893746704824,High Risk,70.75,High Value,High Risk / High Value,Month-to-month,2
0968-GSIKN,0.6203564887092274,High Risk,70.8,High Value,High Risk / High Value,Month-to-month,1
9432-VOFYX,0.5611967803208444,High Risk,70.8,High Value,High Risk / High Value,Month-to-month,17
0812-WUPTB,0.5836376028432436,High Risk,70.85,High Value,High Risk / High Value,Month-to-month,1
1031-IIDEO,0.7009268883040107,High Risk,70.85,High Value,High Risk / High Value,Month-to-month,1
3376-BMGFE,0.6058794843298779,High Risk,70.9,High Value,High Risk / High Value,Month-to-month,4
0151-ONTOV,0.5367474567864597,High Risk,70.9,High Value,High Risk / High Value,Month-to-month,1
2115-BFTIW,0.31989579742897084,High Risk,70.95,High Value,High Risk / High Value,Month-to-month,25
3721-CNEYS,0.6926233428888092,High Risk,70.95,High Value,High Risk / High Value,Month-to-month,2
7409-KIUTL,0.7136871265758468,High Risk,71.0,High Value,High Risk / High Value,Month-to-month,1
3677-TNKIO,0.48913519441254144,High Risk,71.0,High Value,High Risk / High Value,Month-to-month,14
3422-LYEPQ,0.6619358165603485,High Risk,71.0,High Value,High Risk / High Value,Month-to-month,1
3627-FCRDW,0.5560982242945236,High Risk,71.0,High Value,High Risk / High Value,Month-to-month,9
5136-RGMZO,0.24204770657377322,High Risk,71.05,High Value,High Risk / High Value,Month-to-month,31
3923-CSIHK,0.3190410158420086,High Risk,71.05,High Value,High Risk / High Value,Month-to-month,50
1077-HUUJM,0.6155696111781978,High Risk,71.05,High Value,High Risk / High Value,Month-to-month,7
8851-RAGOV,0.13293181742761004,Low Risk,71.05,High Value,Low Risk / High Value,Month-to-month,25
8040-MNRTF,0.535941967687055,High Risk,71.1,High Value,High Risk / High Value,Month-to-month,1
1769-GRUIK,0.5543759939443476,High Risk,71.1,High Value,High Risk / High Value,Month-to-month,18
0511-JTEOY,0.535941967687055,High Risk,71.1,High Value,High Risk / High Value,Month-to-month,1
4080-OGPJL,0.3029600571879622,High Risk,71.15,High Value,High Risk / High Value,Month-to-month,8
9488-HGMJH,0.7431488829842202,High Risk,71.15,High Value,High Risk / High Value,Month-to-month,1
3878-AVSOQ,0.7428396265138612,High Risk,71.25,High Value,High Risk / High Value,Month-to-month,1
4450-DLLMH,0.5975514551416377,High Risk,71.3,High Value,High Risk / High Value,Month-to-month,2
6927-WTFIV,0.40082667753558787,High Risk,71.3,High Value,High Risk / High Value,Month-to-month,20
1410-RSCMR,0.210531380246174,High Risk,71.35,High Value,High Risk / High Value,Month-to-month,7
3177-LASXD,0.6227955886298442,High Risk,71.35,High Value,High Risk / High Value,Month-to-month,1
7136-IHZJA,0.06942215307163806,Low Risk,71.35,High Value,Low Risk / High Value,Month-to-month,40
8042-JVNFH,0.6128437265708442,High Risk,71.35,High Value,High Risk / High Value,Month-to-month,1
0106-GHRQR,0.36870020802527986,High Risk,71.4,High Value,High Risk / High Value,Month-to-month,16
3420-ZDBMA,0.6299816377172701,High Risk,71.45,High Value,High Risk / High Value,Month-to-month,5
6140-QNRQQ,0.612074923734459,High Risk,71.55,High Value,High Risk / High Value,Month-to-month,1
8910-LEDAG,0.287693609339499,High Risk,71.55,High Value,High Risk / High Value,Month-to-month,34
1352-VHKAJ,0.20950282220723304,High Risk,71.6,High Value,High Risk / High Value,Month-to-month,27
8380-PEFPE,0.6602519099664311,High Risk,71.65,High Value,High Risk / High Value,Month-to-month,1
0508-OOLTO,0.6560459822359904,High Risk,71.65,High Value,High Risk / High Value,Month-to-month,2
8644-XLFBW,0.7371929422198816,High Risk,71.65,High Value,High Risk / High Value,Month-to-month,1
3755-JBMNH,0.544863395628584,High Risk,71.8,High Value,High Risk / High Value,Month-to-month,16
9822-BIIGN,0.0664246265080182,Low Risk,71.85,High Value,Low Risk / High Value,Month-to-month,53
4931-TRZWN,0.409999882888942,High Risk,71.95,High Value,High Risk / High Value,Month-to-month,13
0021-IKXGC,0.798475412741322,High Risk,72.1,High Value,High Risk / High Value,Month-to-month,1
6331-LWDTQ,0.5004311328484222,High Risk,72.15,High Value,High Risk / High Value,Month-to-month,10
8111-RKSPX,0.6737671161861193,High Risk,72.2,High Value,High Risk / High Value,Month-to-month,4
9819-FBNSV,0.3500897670626097,High Risk,72.25,High Value,High Risk / High Value,Month-to-month,37
4489-SNOJF,0.12503211068094736,Low Risk,72.25,High Value,Low Risk / High Value,Month-to-month,35
9518-IMLHK,0.10935680692937874,Low Risk,72.45,High Value,Low Risk / High Value,Month-to-month,31
3295-YVUSR,0.7213354322663671,High Risk,72.6,High Value,High Risk / High Value,Month-to-month,2
4547-LYTDD,0.5695409573530379,High Risk,72.65,High Value,High Risk / High Value,Month-to-month,16
2616-UUTFK,0.18112916053483907,Low Risk,72.75,High Value,Low Risk / High Value,Month-to-month,33
0581-BXBUB,0.6231334295289741,High Risk,72.75,High Value,High Risk / High Value,Month-to-month,4
5924-IFQTT,0.34855381346138575,High Risk,72.8,High Value,High Risk / High Value,Month-to-month,13
7128-GGCNO,0.23676913434940394,High Risk,72.8,High Value,High Risk / High Value,Month-to-month,46
1907-UBQFC,0.6422357390542613,High Risk,72.85,High Value,High Risk / High Value,Month-to-month,10
1391-UBDAR,0.5324838101099355,High Risk,72.9,High Value,High Risk / High Value,Month-to-month,11
0260-ZDLGK,0.335085098379456,High Risk,72.9,High Value,High Risk / High Value,Month-to-month,9
7693-QPEFS,0.3126643898158002,High Risk,72.95,High Value,High Risk / High Value,Month-to-month,52
1977-STDKI,0.7192667697224576,High Risk,73.0,High Value,High Risk / High Value,Month-to-month,1
5949-HGVJL,0.29111158781955127,High Risk,73.05,High Value,High Risk / High Value,Month-to-month,26
2101-RANCD,0.3200804995746096,High Risk,73.1,High Value,High Risk / High Value,Month-to-month,55
9903-LYSAB,0.6238556079791565,High Risk,73.15,High Value,High Risk / High Value,Month-to-month,18
8149-AIQCG,0.3381696071772623,High Risk,73.15,High Value,High Risk / High Value,Month-to-month,39
7517-SAWMO,0.46481165602704355,High Risk,73.2,High Value,High Risk / High Value,Month-to-month,19
7916-VCCPB,0.35125781486109703,High Risk,73.25,High Value,High Risk / High Value,Month-to-month,16
6221-AVQYL,0.664821619009113,High Risk,73.25,High Value,High Risk / High Value,Month-to-month,2
8224-DWCKX,0.629683038055648,High Risk,73.3,High Value,High Risk / High Value,Month-to-month,12
0550-DCXLH,0.23581541812706994,High Risk,73.35,High Value,High Risk / High Value,Month-to-month,13
9747-DDZOS,0.5471669324907859,High Risk,73.5,High Value,High Risk / High Value,Month-to-month,1
5108-ADXWO,0.525375177152734,High Risk,73.5,High Value,High Risk / High Value,Month-to-month,11
8541-QVFKM,0.7113118362667246,High Risk,73.5,High Value,High Risk / High Value,Month-to-month,8
6513-EECDB,0.7904145020625942,High Risk,73.55,High Value,High Risk / High Value,Month-to-month,1
6360-SVNWV,0.3057435554712554,High Risk,73.55,High Value,High Risk / High Value,Month-to-month,31
0650-BWOZN,0.5830901311364678,High Risk,73.55,High Value,High Risk / High Value,Month-to-month,18
2983-ZANRP,0.5541640334637759,High Risk,73.55,High Value,High Risk / High Value,Month-to-month,2
5921-NGYRH,0.10581010613462219,Low Risk,73.55,High Value,Low Risk / High Value,Month-to-month,64
6390-DSAZX,0.4930591249781203,High Risk,73.6,High Value,High Risk / High Value,Month-to-month,1
8617-ENBDS,0.5872866838778795,High Risk,73.6,High Value,High Risk / High Value,Month-to-month,3
1196-AMORA,0.6362551652990549,High Risk,73.6,High Value,High Risk / High Value,Month-to-month,7
0947-MUGVO,0.5556597300862876,High Risk,73.65,High Value,High Risk / High Value,Month-to-month,20
2474-LCNUE,0.3111601467881097,High Risk,73.65,High Value,High Risk / High Value,Month-to-month,23
8473-VUVJN,0.790644945725681,High Risk,73.65,High Value,High Risk / High Value,Month-to-month,1
0491-KAPQG,0.5992628213325235,High Risk,73.7,High Value,High Risk / High Value,Month-to-month,21
4585-HETAI,0.6418134118015426,High Risk,73.75,High Value,High Risk / High Value,Month-to-month,4
4860-IJUDE,0.41021939709760097,High Risk,73.75,High Value,High Risk / High Value,Month-to-month,13
3070-DVEYC,0.6030798105960378,High Risk,73.75,High Value,High Risk / High Value,Month-to-month,7
7603-USHJS,0.5422630752693756,High Risk,73.75,High Value,High Risk / High Value,Month-to-month,12
3055-OYMSE,0.21551526932323722,High Risk,73.8,High Value,High Risk / High Value,Month-to-month,53
6339-YPSAH,0.6315319796271301,High Risk,73.8,High Value,High Risk / High Value,Month-to-month,9
0122-OAHPZ,0.7145225113434603,High Risk,73.85,High Value,High Risk / High Value,Month-to-month,7
6896-SRVYQ,0.2920150999834587,High Risk,73.85,High Value,High Risk / High Value,Month-to-month,44
4854-CIDCF,0.6521393724043513,High Risk,73.85,High Value,High Risk / High Value,Month-to-month,3
8496-EJAUI,0.41566147952158755,High Risk,73.85,High Value,High Risk / High Value,Month-to-month,19
4652-NNHNY,0.5733071190452689,High Risk,73.85,High Value,High Risk / High Value,Month-to-month,16
2696-NARTR,0.5407535519858784,High Risk,73.85,High Value,High Risk / High Value,Month-to-month,11
8873-GLDMH,0.6412414329539248,High Risk,73.85,High Value,High Risk / High Value,Month-to-month,6
1450-SKCVI,0.22086295349528753,High Risk,73.85,High Value,High Risk / High Value,Month-to-month,56
0004-TLHLJ,0.6679585683428814,High Risk,73.9,High Value,High Risk / High Value,Month-to-month,4
2091-RFFBA,0.5639484363481735,High Risk,73.9,High Value,High Risk / High Value,Month-to-month,31
6599-CEBNN,0.29815720816507646,High Risk,73.95,High Value,High Risk / High Value,Month-to-month,34
0531-ZZJWQ,0.35288006617439605,High Risk,74.0,High Value,High Risk / High Value,Month-to-month,55
8687-BAFGU,0.5351293940644446,High Risk,74.0,High Value,High Risk / High Value,Month-to-month,1
5188-HGMLP,0.224611997813392,High Risk,74.0,High Value,High Risk / High Value,Month-to-month,54
6860-YRJZP,0.7391274396866746,High Risk,74.05,High Value,High Risk / High Value,Month-to-month,9
1396-QWFBJ,0.3864086910698666,High Risk,74.05,High Value,High Risk / High Value,Month-to-month,21
4480-QQRHC,0.620444982234493,High Risk,74.05,High Value,High Risk / High Value,Month-to-month,8
1658-TJVOA,0.6263908884186643,High Risk,74.1,High Value,High Risk / High Value,Month-to-month,6
9850-OWRHQ,0.6597135426972692,High Risk,74.1,High Value,High Risk / High Value,Month-to-month,3
7077-XJMET,0.40968378695970104,High Risk,74.15,High Value,High Risk / High Value,Month-to-month,12
6347-DCUIK,0.609461605040387,High Risk,74.15,High Value,High Risk / High Value,Month-to-month,10
7801-KICAO,0.6288534387865493,High Risk,74.15,High Value,High Risk / High Value,Month-to-month,18
3714-JTVOV,0.24454488448657086,High Risk,74.15,High Value,High Risk / High Value,Month-to-month,42
3094-JOJAI,0.4534308126964157,High Risk,74.15,High Value,High Risk / High Value,Month-to-month,18
5908-QMGOE,0.6069448414136568,High Risk,74.2,High Value,High Risk / High Value,Month-to-month,15
2880-FPNAE,0.7270857340647302,High Risk,74.2,High Value,High Risk / High Value,Month-to-month,2
1833-VGRUM,0.7929471548899024,High Risk,74.2,High Value,High Risk / High Value,Month-to-month,1
3002-WQZWT,0.5212485264425265,High Risk,74.2,High Value,High Risk / High Value,Month-to-month,29
8728-SKJLR,0.2833779627074256,High Risk,74.25,High Value,High Risk / High Value,Month-to-month,41
4116-TZAQJ,0.447090396168151,High Risk,74.25,High Value,High Risk / High Value,Month-to-month,9
3707-GNWHM,0.6774534959411752,High Risk,74.25,High Value,High Risk / High Value,Month-to-month,1
9306-CPCBC,0.7410972237224319,High Risk,74.25,High Value,High Risk / High Value,Month-to-month,3
4441-NIHPT,0.6476261215732667,High Risk,74.3,High Value,High Risk / High Value,Month-to-month,13
8775-ERLNB,0.725735466078507,High Risk,74.3,High Value,High Risk / High Value,Month-to-month,1
7503-QQRVF,0.49098683418411654,High Risk,74.3,High Value,High Risk / High Value,Month-to-month,16
2468-SJFLM,0.5291204873539783,High Risk,74.3,High Value,High Risk / High Value,Month-to-month,1
5201-FRKKS,0.26451691649804776,High Risk,74.3,High Value,High Risk / High Value,Month-to-month,25
8647-SDTWQ,0.24894191425306797,High Risk,74.3,High Value,High Risk / High Value,Month-to-month,57
9894-EZEWG,0.5768324888966364,High Risk,74.3,High Value,High Risk / High Value,Month-to-month,1
2272-QAGFO,0.7102640225803794,High Risk,74.3,High Value,High Risk / High Value,Month-to-month,14
8372-JUXUI,0.7212093103933628,High Risk,74.35,High Value,High Risk / High Value,Month-to-month,1
5956-VKDTT,0.76572682831488,High Risk,74.35,High Value,High Risk / High Value,Month-to-month,5
4450-MDZFX,0.14207766029714183,Low Risk,74.35,High Value,Low Risk / High Value,Month-to-month,60
4274-OWWYO,0.6638610451359189,High Risk,74.35,High Value,High Risk / High Value,Month-to-month,1
1867-BDVFH,0.6451159309024129,High Risk,74.35,High Value,High Risk / High Value,Month-to-month,11
9840-EFJQB,0.5893391438548378,High Risk,74.35,High Value,High Risk / High Value,Month-to-month,1
4343-EJVQB,0.3864194616339602,High Risk,74.35,High Value,High Risk / High Value,Month-to-month,7
8083-YTZES,0.7282734097560648,High Risk,74.35,High Value,High Risk / High Value,Month-to-month,4
0404-SWRVG,0.7373268021432395,High Risk,74.4,High Value,High Risk / High Value,Month-to-month,3
9947-OTFQU,0.5953976338966894,High Risk,74.4,High Value,High Risk / High Value,Month-to-month,15
0388-EOPEX,0.6060922894511653,High Risk,74.4,High Value,High Risk / High Value,Month-to-month,2
6680-WKXRZ,0.5988102725046763,High Risk,74.4,High Value,High Risk / High Value,Month-to-month,3
9283-LZQOH,0.5263544535040247,High Risk,74.4,High Value,High Risk / High Value,Month-to-month,13
8640-SDGKB,0.49086056435624287,High Risk,74.4,High Value,High Risk / High Value,Month-to-month,4
8699-ASUFO,0.6773413668170869,High Risk,74.4,High Value,High Risk / High Value,Month-to-month,7
0187-WZNAB,0.2110182838506724,High Risk,74.4,High Value,High Risk / High Value,Month-to-month,27
4102-OQUPX,0.7881249082350125,High Risk,74.4,High Value,High Risk / High Value,Month-to-month,1
6022-UGGSO,0.4471274708341323,High Risk,74.4,High Value,High Risk / High Value,Month-to-month,32
4505-EXZHB,0.6265322057418877,High Risk,74.4,High Value,High Risk / High Value,Month-to-month,6
3551-HUAZH,0.7886272888344841,High Risk,74.4,High Value,High Risk / High Value,Month-to-month,1
8685-WHQPW,0.575306222412315,High Risk,74.4,High Value,High Risk / High Value,Month-to-month,22
8361-LTMKD,0.7002580603166099,High Risk,74.4,High Value,High Risk / High Value,Month-to-month,4
2656-FMOKZ,0.6200517475161846,High Risk,74.45,High Value,High Risk / High Value,Month-to-month,15
1197-BVMVG,0.7740628564382199,High Risk,74.45,High Value,High Risk / High Value,Month-to-month,4
3703-KBKZP,0.6217876015225039,High Risk,74.45,High Value,High Risk / High Value,Month-to-month,16
2982-IHMFT,0.7265661910896583,High Risk,74.45,High Value,High Risk / High Value,Month-to-month,1
9398-MMQTO,0.4677278893424977,High Risk,74.45,High Value,High Risk / High Value,Month-to-month,3
0723-DRCLG,0.7917856316951277,High Risk,74.45,High Value,High Risk / High Value,Month-to-month,1
3488-PGMQJ,0.6567480559714717,High Risk,74.5,High Value,High Risk / High Value,Month-to-month,8
7180-PISOG,0.7201140989291048,High Risk,74.5,High Value,High Risk / High Value,Month-to-month,1
3235-ETOOB,0.5500541981897437,High Risk,74.5,High Value,High Risk / High Value,Month-to-month,8
7823-JSOAG,0.664774805933601,High Risk,74.5,High Value,High Risk / High Value,Month-to-month,3
4415-IJZTP,0.7544301069521259,High Risk,74.5,High Value,High Risk / High Value,Month-to-month,1
2985-JUUBZ,0.3027939044674328,High Risk,74.55,High Value,High Risk / High Value,Month-to-month,40
5839-SUYVZ,0.387383712580987,High Risk,74.55,High Value,High Risk / High Value,Month-to-month,16
1163-ONYEY,0.11248812057644796,Low Risk,74.55,High Value,Low Risk / High Value,Month-to-month,41
0709-TVGUR,0.7387263798786791,High Risk,74.55,High Value,High Risk / High Value,Month-to-month,9
1428-GTBJJ,0.5804423099412899,High Risk,74.55,High Value,High Risk / High Value,Month-to-month,11
7088-FBAWU,0.18240609600265228,Low Risk,74.55,High Value,Low Risk / High Value,Month-to-month,17
2325-NBPZG,0.5991591396480912,High Risk,74.55,High Value,High Risk / High Value,Month-to-month,3
2024-BASKD,0.6130853595158422,High Risk,74.6,High Value,High Risk / High Value,Month-to-month,1
1866-OBPNR,0.44655126350690005,High Risk,74.6,High Value,High Risk / High Value,Month-to-month,1
5405-ZMYXQ,0.6139919461125765,High Risk,74.6,High Value,High Risk / High Value,Month-to-month,8
7978-DKUQH,0.4872458835881343,High Risk,74.6,High Value,High Risk / High Value,Month-to-month,25
3746-EUBYR,0.6871257978731045,High Risk,74.6,High Value,High Risk / High Value,Month-to-month,1
3411-WLRSQ,0.6312379315982216,High Risk,74.6,High Value,High Risk / High Value,Month-to-month,3
3452-SRFEG,0.29113882282234377,High Risk,74.6,High Value,High Risk / High Value,Month-to-month,49
0927-LCSMG,0.47221535757357735,High Risk,74.65,High Value,High Risk / High Value,Month-to-month,7
7341-LXCAF,0.7288429677197305,High Risk,74.65,High Value,High Risk / High Value,Month-to-month,4
4013-UBXWQ,0.543457089877223,High Risk,74.65,High Value,High Risk / High Value,Month-to-month,7
8659-HDIYE,0.05994641162050965,Low Risk,74.65,High Value,Low Risk / High Value,Month-to-month,64
5399-ZIMKF,0.6311803573826136,High Risk,74.65,High Value,High Risk / High Value,Month-to-month,5
1518-VOWAV,0.41701509708305917,High Risk,74.65,High Value,High Risk / High Value,Month-to-month,9
8591-NXRCV,0.12188393401345224,Low Risk,74.65,High Value,Low Risk / High Value,Month-to-month,41
2424-WVHPL,0.5853937956445664,High Risk,74.7,High Value,High Risk / High Value,Month-to-month,1
9399-APLBT,0.632573166378937,High Risk,74.7,High Value,High Risk / High Value,Month-to-month,1
5240-IJOQT,0.7878162509967349,High Risk,74.7,High Value,High Risk / High Value,Month-to-month,1
2761-OCIAX,0.7026325819272968,High Risk,74.7,High Value,High Risk / High Value,Month-to-month,2
3765-JXVKY,0.6676892761658149,High Risk,74.7,High Value,High Risk / High Value,Month-to-month,1
0439-IFYUN,0.5737092871722679,High Risk,74.7,High Value,High Risk / High Value,Month-to-month,18
0191-ZHSKZ,0.28188165451352964,High Risk,74.75,High Value,High Risk / High Value,Month-to-month,30
2800-VEQXM,0.5966025999153423,High Risk,74.75,High Value,High Risk / High Value,Month-to-month,3
4546-FOKWR,0.5432780999612432,High Risk,74.75,High Value,High Risk / High Value,Month-to-month,16
4770-UEZOX,0.6541436948251923,High Risk,74.75,High Value,High Risk / High Value,Month-to-month,2
9169-BSVIN,0.40803775718070096,High Risk,74.75,High Value,High Risk / High Value,Month-to-month,12
4282-YMKNA,0.6996612661948066,High Risk,74.75,High Value,High Risk / High Value,Month-to-month,9
8065-YKXKD,0.6933514892028811,High Risk,74.75,High Value,High Risk / High Value,Month-to-month,10
6424-ELEYH,0.657403932885344,High Risk,74.75,High Value,High Risk / High Value,Month-to-month,3
6572-ADKRS,0.24345803781199618,High Risk,74.8,High Value,High Risk / High Value,Month-to-month,46
2984-MIIZL,0.5958738482853699,High Risk,74.8,High Value,High Risk / High Value,Month-to-month,4
4826-TZEVA,0.1939114830837094,Low Risk,74.8,High Value,Low Risk / High Value,Month-to-month,40
7401-RUBNK,0.3887299518806058,High Risk,74.8,High Value,High Risk / High Value,Month-to-month,18
3030-YDNRM,0.6981818882507353,High Risk,74.85,High Value,High Risk / High Value,Month-to-month,8
9334-GWGOW,0.7470228003182041,High Risk,74.85,High Value,High Risk / High Value,Month-to-month,7
8778-LMWTJ,0.5480334160499538,High Risk,74.85,High Value,High Risk / High Value,Month-to-month,9
7235-NXZCP,0.7139427496188538,High Risk,74.85,High Value,High Risk / High Value,Month-to-month,2
0265-EDXBD,0.545600999407938,High Risk,74.9,High Value,High Risk / High Value,Month-to-month,32
6358-LYNGM,0.7489519137281571,High Risk,74.9,High Value,High Risk / High Value,Month-to-month,1
1475-VWVDO,0.6392327811733395,High Risk,74.9,High Value,High Risk / High Value,Month-to-month,7
0618-XWMSS,0.2728278488386364,High Risk,74.9,High Value,High Risk / High Value,Month-to-month,28
4229-CZMLL,0.7155764885605483,High Risk,74.9,High Value,High Risk / High Value,Month-to-month,6
6996-KNSML,0.6935789936273239,High Risk,74.9,High Value,High Risk / High Value,Month-to-month,1
6711-FLDFB,0.7128203030637774,High Risk,74.9,High Value,High Risk / High Value,Month-to-month,7
0722-TROQR,0.7742002408186895,High Risk,74.9,High Value,High Risk / High Value,Month-to-month,4
7571-YXDAD,0.584959002125854,High Risk,74.9,High Value,High Risk / High Value,Month-to-month,2
4948-WBBKL,0.4443296385553914,High Risk,74.9,High Value,High Risk / High Value,Month-to-month,36
6856-RAURS,0.6715042869941493,High Risk,74.9,High Value,High Risk / High Value,Month-to-month,2
6906-ANDWJ,0.532750252919776,High Risk,74.9,High Value,High Risk / High Value,Month-to-month,15
5233-AOZUF,0.5290946505600957,High Risk,74.95,High Value,High Risk / High Value,Month-to-month,29
1157-BQCUW,0.7487996280933104,High Risk,74.95,High Value,High Risk / High Value,Month-to-month,1
1024-VRZHF,0.6762639534007217,High Risk,74.95,High Value,High Risk / High Value,Month-to-month,11
3858-VOBET,0.5773110501393992,High Risk,74.95,High Value,High Risk / High Value,Month-to-month,23
9685-WKZGT,0.6995551345559613,High Risk,74.95,High Value,High Risk / High Value,Month-to-month,14
4090-KPJIP,0.7389972842557485,High Risk,74.95,High Value,High Risk / High Value,Month-to-month,3
4503-BDXBD,0.493256111248221,High Risk,74.95,High Value,High Risk / High Value,Month-to-month,11
3943-KDREE,0.4726278956408163,High Risk,74.95,High Value,High Risk / High Value,Month-to-month,26
2080-GKCWQ,0.5729524929341004,High Risk,74.95,High Value,High Risk / High Value,Month-to-month,2
9286-DOJGF,0.4304933527011422,High Risk,74.95,High Value,High Risk / High Value,Month-to-month,38
9274-CNFMO,0.7025274654832493,High Risk,74.95,High Value,High Risk / High Value,Month-to-month,4
7850-VWJUU,0.3530416857011133,High Risk,75.0,High Value,High Risk / High Value,Month-to-month,23
7993-PYKOF,0.46440678556412596,High Risk,75.0,High Value,High Risk / High Value,Month-to-month,8
9552-TGUZV,0.4614942497417746,High Risk,75.0,High Value,High Risk / High Value,Month-to-month,8
5899-MQZZL,0.5834216829582363,High Risk,75.0,High Value,High Risk / High Value,Month-to-month,13
7611-YKYTC,0.244361806832306,High Risk,75.0,High Value,High Risk / High Value,Month-to-month,22
8676-TRMJS,0.5774766557061933,High Risk,75.0,High Value,High Risk / High Value,Month-to-month,3
3276-HDUEG,0.6796164907206814,High Risk,75.05,High Value,High Risk / High Value,Month-to-month,1
3966-HRMZA,0.5619677597354036,High Risk,75.05,High Value,High Risk / High Value,Month-to-month,3
9494-MRNYX,0.6086908221339978,High Risk,75.05,High Value,High Risk / High Value,Month-to-month,10
1980-KXVPM,0.705451705146818,High Risk,75.05,High Value,High Risk / High Value,Month-to-month,3
1452-VOQCH,0.7483424029943743,High Risk,75.1,High Value,High Risk / High Value,Month-to-month,1
2276-YDAVZ,0.6595686728769617,High Risk,75.1,High Value,High Risk / High Value,Month-to-month,3
5146-CBVOE,0.381211316698192,High Risk,75.1,High Value,High Risk / High Value,Month-to-month,16
7993-NQLJE,0.28780525063750223,High Risk,75.1,High Value,High Risk / High Value,Month-to-month,15
8816-VXNZD,0.7526253963763507,High Risk,75.1,High Value,High Risk / High Value,Month-to-month,1
8107-KNCIM,0.6969167703252803,High Risk,75.1,High Value,High Risk / High Value,Month-to-month,14
7912-SYRQT,0.6459327800949527,High Risk,75.1,High Value,High Risk / High Value,Month-to-month,7
9191-MYQKX,0.5699190910555942,High Risk,75.15,High Value,High Risk / High Value,Month-to-month,7
8325-QRPZR,0.6459178206223034,High Risk,75.15,High Value,High Risk / High Value,Month-to-month,7
0867-LDTTC,0.3253785037504007,High Risk,75.15,High Value,High Risk / High Value,Month-to-month,5
5570-PTWEH,0.6550504927405365,High Risk,75.15,High Value,High Risk / High Value,Month-to-month,3
0257-ZESQC,0.3583750986623465,High Risk,75.2,High Value,High Risk / High Value,Month-to-month,27
2460-NGXBJ,0.5955608897235353,High Risk,75.2,High Value,High Risk / High Value,Month-to-month,11
0196-JTUQI,0.603947347501309,High Risk,75.2,High Value,High Risk / High Value,Month-to-month,9
0617-FHSGK,0.18357032861359016,Low Risk,75.2,High Value,Low Risk / High Value,Month-to-month,49
7730-IUTDZ,0.2585935855517409,High Risk,75.2,High Value,High Risk / High Value,Month-to-month,43
9821-POOTN,0.4677883731083212,High Risk,75.2,High Value,High Risk / High Value,Month-to-month,35
5879-SESNB,0.6069076006889611,High Risk,75.25,High Value,High Risk / High Value,Month-to-month,11
0925-VYDLG,0.6687481178893872,High Risk,75.25,High Value,High Risk / High Value,Month-to-month,3
3199-XGZCY,0.701867628653557,High Risk,75.25,High Value,High Risk / High Value,Month-to-month,8
3208-YPIOE,0.3617897817600738,High Risk,75.25,High Value,High Risk / High Value,Month-to-month,39
5122-CYFXA,0.47257356921333626,High Risk,75.3,High Value,High Risk / High Value,Month-to-month,3
5564-NEMQO,0.6721242192073099,High Risk,75.3,High Value,High Risk / High Value,Month-to-month,1
3627-FHKBK,0.43880470539066657,High Risk,75.3,High Value,High Risk / High Value,Month-to-month,1
3014-WJKSM,0.3609608496063954,High Risk,75.3,High Value,High Risk / High Value,Month-to-month,29
5934-TSSAU,0.3725361597971564,High Risk,75.3,High Value,High Risk / High Value,Month-to-month,23
9787-XVQIU,0.7477319108926131,High Risk,75.3,High Value,High Risk / High Value,Month-to-month,1
9518-XXBXE,0.4946578629839838,High Risk,75.3,High Value,High Risk / High Value,Month-to-month,10
9940-RHLFB,0.6149671675641014,High Risk,75.3,High Value,High Risk / High Value,Month-to-month,1
8020-BWHYL,0.5054747353977952,High Risk,75.3,High Value,High Risk / High Value,Month-to-month,15
1228-ZLNBX,0.4196911702095614,High Risk,75.3,High Value,High Risk / High Value,Month-to-month,21
0221-WMXNQ,0.5481929213616724,High Risk,75.35,High Value,High Risk / High Value,Month-to-month,4
3733-LSYCE,0.38620958757630536,High Risk,75.35,High Value,High Risk / High Value,Month-to-month,15
8519-QJGJD,0.500369920488047,High Risk,75.35,High Value,High Risk / High Value,Month-to-month,14
5054-IEXZT,0.6254821340135421,High Risk,75.35,High Value,High Risk / High Value,Month-to-month,1
1596-BBVTG,0.30003620632884515,High Risk,75.35,High Value,High Risk / High Value,Month-to-month,35
0840-DFEZH,0.7127472337156687,High Risk,75.35,High Value,High Risk / High Value,Month-to-month,7
4988-IQIGL,0.7860512100933884,High Risk,75.35,High Value,High Risk / High Value,Month-to-month,1
2842-BCQGE,0.3079737253287633,High Risk,75.35,High Value,High Risk / High Value,Month-to-month,43
1602-IJQQE,0.6619386450623198,High Risk,75.35,High Value,High Risk / High Value,Month-to-month,4
1746-TGTWV,0.5117728037607806,High Risk,75.35,High Value,High Risk / High Value,Month-to-month,1
3956-CJUST,0.3923773861507937,High Risk,75.4,High Value,High Risk / High Value,Month-to-month,23
4301-VVZKA,0.6340065686742112,High Risk,75.4,High Value,High Risk / High Value,Month-to-month,16
6217-TOWGS,0.42964357490908023,High Risk,75.4,High Value,High Risk / High Value,Month-to-month,17
2077-MPJQO,0.7480231445376435,High Risk,75.4,High Value,High Risk / High Value,Month-to-month,7
2122-YWVYA,0.4663786418255419,High Risk,75.4,High Value,High Risk / High Value,Month-to-month,18
8155-IBNHG,0.4708211853121038,High Risk,75.4,High Value,High Risk / High Value,Month-to-month,24
5834-ASPWA,0.7472733982972963,High Risk,75.45,High Value,High Risk / High Value,Month-to-month,1
7410-YTJIK,0.5444414285228534,High Risk,75.45,High Value,High Risk / High Value,Month-to-month,7
2452-SNHFZ,0.1303003308636156,Low Risk,75.45,High Value,Low Risk / High Value,Month-to-month,47
2516-VQRRV,0.7167073584029545,High Risk,75.45,High Value,High Risk / High Value,Month-to-month,2
1216-JWVUX,0.4178644363627889,High Risk,75.5,High Value,High Risk / High Value,Month-to-month,25
1989-PRJHP,0.5839623447939577,High Risk,75.5,High Value,High Risk / High Value,Month-to-month,27
3522-CDKHF,0.2742458792259885,High Risk,75.5,High Value,High Risk / High Value,Month-to-month,32
0817-HSUSE,0.5128389416121791,High Risk,75.5,High Value,High Risk / High Value,Month-to-month,1
7020-OZKXZ,0.49810423727570635,High Risk,75.5,High Value,High Risk / High Value,Month-to-month,9
8185-UPYBR,0.710980998324187,High Risk,75.5,High Value,High Risk / High Value,Month-to-month,6
1320-HTRDR,0.7377208864285233,High Risk,75.5,High Value,High Risk / High Value,Month-to-month,3
0506-LVNGN,0.6174111617121916,High Risk,75.55,High Value,High Risk / High Value,Month-to-month,5
5043-TRZWM,0.614008027877955,High Risk,75.55,High Value,High Risk / High Value,Month-to-month,1
7817-BOQPW,0.7455150923277517,High Risk,75.55,High Value,High Risk / High Value,Month-to-month,2
8695-ARGXZ,0.5232904980450991,High Risk,75.55,High Value,High Risk / High Value,Month-to-month,34
9250-WYPLL,0.6532902737239028,High Risk,75.55,High Value,High Risk / High Value,Month-to-month,5
4360-PNRQB,0.5466568625436484,High Risk,75.6,High Value,High Risk / High Value,Month-to-month,18
6825-UYPFK,0.42263272702414423,High Risk,75.6,High Value,High Risk / High Value,Month-to-month,23
8584-KMVXD,0.5186123546410425,High Risk,75.6,High Value,High Risk / High Value,Month-to-month,8
6198-ZFIOJ,0.6523434474751351,High Risk,75.6,High Value,High Risk / High Value,Month-to-month,5
3987-KQDDU,0.45048018709939225,High Risk,75.6,High Value,High Risk / High Value,Month-to-month,9
0529-ONKER,0.6145935364325735,High Risk,75.65,High Value,High Risk / High Value,Month-to-month,15
4749-OJKQU,0.7307504900804846,High Risk,75.65,High Value,High Risk / High Value,Month-to-month,4
6034-YMTOB,0.4959169272358222,High Risk,75.65,High Value,High Risk / High Value,Month-to-month,5
4431-EDMIQ,0.2557383774251232,High Risk,75.7,High Value,High Risk / High Value,Month-to-month,7
8433-WXGNA,0.5997884829481739,High Risk,75.7,High Value,High Risk / High Value,Month-to-month,2
5196-SGOAK,0.6640861386028185,High Risk,75.7,High Value,High Risk / High Value,Month-to-month,1
9943-VSZUV,0.2004274631140765,High Risk,75.7,High Value,High Risk / High Value,Month-to-month,67
1262-OPMFY,0.5507678699814298,High Risk,75.75,High Value,High Risk / High Value,Month-to-month,9
5652-MSDEY,0.6061493560636184,High Risk,75.75,High Value,High Risk / High Value,Month-to-month,10
0064-YIJGF,0.41831410733710156,High Risk,75.75,High Value,High Risk / High Value,Month-to-month,27
7130-VTEWQ,0.7450507059389172,High Risk,75.75,High Value,High Risk / High Value,Month-to-month,8
6894-LFHLY,0.7849597315013555,High Risk,75.75,High Value,High Risk / High Value,Month-to-month,1
7595-EUIVN,0.5836440715414628,High Risk,75.8,High Value,High Risk / High Value,Month-to-month,1
5159-YFPKQ,0.6835302462388034,High Risk,75.8,High Value,High Risk / High Value,Month-to-month,2
9800-ONTFE,0.47180797397726715,High Risk,75.8,High Value,High Risk / High Value,Month-to-month,22
4581-SSPWD,0.7382582395448971,High Risk,75.8,High Value,High Risk / High Value,Month-to-month,3
3519-ZKXGG,0.7381154493965344,High Risk,75.85,High Value,High Risk / High Value,Month-to-month,3
7354-OIJLX,0.6921296664478634,High Risk,75.85,High Value,High Risk / High Value,Month-to-month,9
5022-JNQEQ,0.5076539082220375,High Risk,75.85,High Value,High Risk / High Value,Month-to-month,9
3583-KRKMD,0.38958380815663995,High Risk,75.9,High Value,High Risk / High Value,Month-to-month,18
1618-CFHME,0.7431029749064824,High Risk,75.9,High Value,High Risk / High Value,Month-to-month,2
5035-BVCXS,0.4883470927126911,High Risk,75.9,High Value,High Risk / High Value,Month-to-month,11
3074-GQWYX,0.6506968805337209,High Risk,75.9,High Value,High Risk / High Value,Month-to-month,5
0231-LXVAP,0.6111538650157988,High Risk,75.9,High Value,High Risk / High Value,Month-to-month,1
5448-VWNAM,0.17109069322735643,Low Risk,75.9,High Value,Low Risk / High Value,Month-to-month,19
6959-GQEGV,0.17278918445927152,Low Risk,75.95,High Value,Low Risk / High Value,Month-to-month,45
6960-HVYXR,0.6804631939375136,High Risk,76.0,High Value,High Risk / High Value,Month-to-month,1
2476-YGEFM,0.4323326362131109,High Risk,76.0,High Value,High Risk / High Value,Month-to-month,29
3315-TOTBP,0.5551048039166361,High Risk,76.0,High Value,High Risk / High Value,Month-to-month,15
3780-DDGSE,0.23471205631884032,High Risk,76.05,High Value,High Risk / High Value,Month-to-month,35
7576-OYWBN,0.7722608545050049,High Risk,76.05,High Value,High Risk / High Value,Month-to-month,3
8443-ZRDBZ,0.7259039334128105,High Risk,76.05,High Value,High Risk / High Value,Month-to-month,4
8486-AYEQH,0.5023488110078135,High Risk,76.05,High Value,High Risk / High Value,Month-to-month,31
7534-BFESC,0.610915853583111,High Risk,76.1,High Value,High Risk / High Value,Month-to-month,24
3370-HXOPH,0.6666778719369667,High Risk,76.1,High Value,High Risk / High Value,Month-to-month,3
2523-EWWZL,0.4440050461860812,High Risk,76.1,High Value,High Risk / High Value,Month-to-month,27
7175-NTIXE,0.18316107275071333,Low Risk,76.15,High Value,Low Risk / High Value,Month-to-month,25
4080-IIARD,0.3005916729357644,High Risk,76.2,High Value,High Risk / High Value,Month-to-month,13
9444-JTXHZ,0.6053435886582137,High Risk,76.2,High Value,High Risk / High Value,Month-to-month,1
8696-JKZNU,0.5147980908949243,High Risk,76.25,High Value,High Risk / High Value,Month-to-month,37
5928-QLDHB,0.6881594526015472,High Risk,76.25,High Value,High Risk / High Value,Month-to-month,9
5393-HJZSM,0.06875703882912132,Low Risk,76.3,High Value,Low Risk / High Value,Month-to-month,32
6910-HADCM,0.6109328605489507,High Risk,76.35,High Value,High Risk / High Value,Month-to-month,1
7598-UAASY,0.5961343732811898,High Risk,76.4,High Value,High Risk / High Value,Month-to-month,2
3969-GYXEL,0.4374673484321287,High Risk,76.4,High Value,High Risk / High Value,Month-to-month,11
1597-FZREH,0.42190102232911575,High Risk,76.4,High Value,High Risk / High Value,Month-to-month,2
3296-SILRA,0.6274489868705392,High Risk,76.4,High Value,High Risk / High Value,Month-to-month,1
2070-FNEXE,0.4466209536830639,High Risk,76.45,High Value,High Risk / High Value,Month-to-month,7
2528-HFYZX,0.5699573048884473,High Risk,76.45,High Value,High Risk / High Value,Month-to-month,17
7901-HXJVA,0.497001278459172,High Risk,76.45,High Value,High Risk / High Value,Month-to-month,14
9248-OJYKK,0.7830399298535635,High Risk,76.45,High Value,High Risk / High Value,Month-to-month,1
4846-WHAFZ,0.5150137181156857,High Risk,76.5,High Value,High Risk / High Value,Month-to-month,37
7625-XCQRH,0.6771387090157551,High Risk,76.5,High Value,High Risk / High Value,Month-to-month,11
0637-KVDLV,0.7379096915253527,High Risk,76.5,High Value,High Risk / High Value,Month-to-month,2
6476-YHMGA,0.2102303721108396,High Risk,76.5,High Value,High Risk / High Value,Month-to-month,15
2305-MRGLV,0.2359348697644683,High Risk,76.55,High Value,High Risk / High Value,Month-to-month,28
1689-YQBYY,0.6332668205108072,High Risk,76.6,High Value,High Risk / High Value,Month-to-month,12
1092-GANHU,0.5528860391279993,High Risk,76.65,High Value,High Risk / High Value,Month-to-month,17
2919-HBCJO,0.5650745851718718,High Risk,76.65,High Value,High Risk / High Value,Month-to-month,4
1219-NNDDO,0.689567645725624,High Risk,76.85,High Value,High Risk / High Value,Month-to-month,9
8023-QHAIO,0.22718632902799704,High Risk,76.85,High Value,High Risk / High Value,Month-to-month,56
5835-BEQEU,0.7290306026741464,High Risk,76.95,High Value,High Risk / High Value,Month-to-month,3
8258-GSTJK,0.7698101267161134,High Risk,77.0,High Value,High Risk / High Value,Month-to-month,3
2609-IAICY,0.7463924114714455,High Risk,77.15,High Value,High Risk / High Value,Month-to-month,1
8543-MSDMF,0.47914490576309554,High Risk,77.4,High Value,High Risk / High Value,Month-to-month,3
9776-CLUJA,0.3088199013923502,High Risk,77.5,High Value,High Risk / High Value,Month-to-month,51
2754-XBHTB,0.6267245264367256,High Risk,77.65,High Value,High Risk / High Value,Month-to-month,9
3537-HPKQT,0.2171006413009568,High Risk,77.75,High Value,High Risk / High Value,Month-to-month,55
5536-SLHPM,0.330008520118191,High Risk,77.75,High Value,High Risk / High Value,Month-to-month,55
4465-VDKIQ,0.43491123140572147,High Risk,77.8,High Value,High Risk / High Value,Month-to-month,18
6376-GAHQE,0.6507575192823053,High Risk,77.85,High Value,High Risk / High Value,Month-to-month,4
0475-RIJEP,0.38070973561857313,High Risk,77.85,High Value,High Risk / High Value,Month-to-month,43
5419-JKZNQ,0.39171645970029406,High Risk,77.9,High Value,High Risk / High Value,Month-to-month,30
8387-MOJJT,0.3029883051086395,High Risk,77.95,High Value,High Risk / High Value,Month-to-month,42
7786-WBJYI,0.5546546663492633,High Risk,77.95,High Value,High Risk / High Value,Month-to-month,4
8981-FJGLA,0.5535559638804278,High Risk,78.0,High Value,High Risk / High Value,Month-to-month,11
4412-YLTKF,0.6049881235053804,High Risk,78.05,High Value,High Risk / High Value,Month-to-month,27
2777-PHDEI,0.6789467443940043,High Risk,78.05,High Value,High Risk / High Value,Month-to-month,1
3096-IZETN,0.5192845937229673,High Risk,78.1,High Value,High Risk / High Value,Month-to-month,12
7072-MBHEV,0.6034220989653277,High Risk,78.1,High Value,High Risk / High Value,Month-to-month,11
3317-VLGQT,0.6595984271644842,High Risk,78.1,High Value,High Risk / High Value,Month-to-month,14
5606-AMZBO,0.5074759750309376,High Risk,78.15,High Value,High Risk / High Value,Month-to-month,10
0365-GXEZS,0.3859230958470021,High Risk,78.2,High Value,High Risk / High Value,Month-to-month,18
4013-TLDHQ,0.5080035188308522,High Risk,78.25,High Value,High Risk / High Value,Month-to-month,19
7018-WBJNK,0.5278915791586042,High Risk,78.3,High Value,High Risk / High Value,Month-to-month,13
1689-MRZQR,0.35587055738315243,High Risk,78.3,High Value,High Risk / High Value,Month-to-month,34
6178-KFNHS,0.5501037767978848,High Risk,78.3,High Value,High Risk / High Value,Month-to-month,12
0584-BJQGZ,0.16927852627903509,Low Risk,78.35,High Value,Low Risk / High Value,Month-to-month,25
3249-ZPQRG,0.6233762478165744,High Risk,78.45,High Value,High Risk / High Value,Month-to-month,4
4183-WCSEP,0.33026211757281854,High Risk,78.45,High Value,High Risk / High Value,Month-to-month,31
9885-CSMWE,0.7227212773780806,High Risk,78.45,High Value,High Risk / High Value,Month-to-month,1
2272-UOINI,0.3503225141675143,High Risk,78.5,High Value,High Risk / High Value,Month-to-month,7
5288-AHOUP,0.7210037681775829,High Risk,78.5,High Value,High Risk / High Value,Month-to-month,11
9837-BMCLM,0.7299719575698392,High Risk,78.5,High Value,High Risk / High Value,Month-to-month,3
4059-IIEBK,0.6091321075234605,High Risk,78.55,High Value,High Risk / High Value,Month-to-month,7
1304-NECVQ,0.780165790216965,High Risk,78.55,High Value,High Risk / High Value,Month-to-month,2
6877-LGWXO,0.5898943676147238,High Risk,78.55,High Value,High Risk / High Value,Month-to-month,18
8945-GRKHX,0.6455941601839515,High Risk,78.65,High Value,High Risk / High Value,Month-to-month,1
1356-MKYSK,0.22692324238713807,High Risk,78.65,High Value,High Risk / High Value,Month-to-month,6
8456-QDAVC,0.5335802504478384,High Risk,78.7,High Value,High Risk / High Value,Month-to-month,19
1569-TTNYJ,0.6910370833644884,High Risk,78.75,High Value,High Risk / High Value,Month-to-month,5
6175-IRFIT,0.5593299698753753,High Risk,78.75,High Value,High Risk / High Value,Month-to-month,5
2971-SGAFL,0.47649733031105307,High Risk,78.75,High Value,High Risk / High Value,Month-to-month,13
1226-IENZN,0.6812724512297637,High Risk,78.75,High Value,High Risk / High Value,Month-to-month,16
6372-RFVNS,0.675633778760507,High Risk,78.8,High Value,High Risk / High Value,Month-to-month,1
3955-JBZZM,0.5212322515707584,High Risk,78.8,High Value,High Risk / High Value,Month-to-month,20
9355-NPPFS,0.6083245074316488,High Risk,78.8,High Value,High Risk / High Value,Month-to-month,26
5175-WLYXL,0.4548803228197453,High Risk,78.85,High Value,High Risk / High Value,Month-to-month,22
9231-ZJYAM,0.7657653438889517,High Risk,78.85,High Value,High Risk / High Value,Month-to-month,4
2190-BCXEC,0.27303578262857275,High Risk,78.85,High Value,High Risk / High Value,Month-to-month,40
2956-GGUCQ,0.5246510785520058,High Risk,78.85,High Value,High Risk / High Value,Month-to-month,24
6646-JPPHA,0.43051549417151336,High Risk,78.85,High Value,High Risk / High Value,Month-to-month,14
7126-RBHSD,0.4602165303257088,High Risk,78.9,High Value,High Risk / High Value,Month-to-month,17
6311-UEUME,0.5377505226085265,High Risk,78.9,High Value,High Risk / High Value,Month-to-month,29
3714-XPXBW,0.11531519117582391,Low Risk,78.9,High Value,Low Risk / High Value,Month-to-month,37
9465-RWMXL,0.49391188337852815,High Risk,78.9,High Value,High Risk / High Value,Month-to-month,32
3855-ONCAR,0.6116682459696428,High Risk,78.9,High Value,High Risk / High Value,Month-to-month,4
8637-XJIVR,0.585957767997945,High Risk,78.95,High Value,High Risk / High Value,Month-to-month,12
7627-JKIAZ,0.36167049881206537,High Risk,78.95,High Value,High Risk / High Value,Month-to-month,37
6689-TCZHQ,0.6943647319755466,High Risk,78.95,High Value,High Risk / High Value,Month-to-month,5
5760-FXFVO,0.529958519196013,High Risk,78.95,High Value,High Risk / High Value,Month-to-month,6
8740-CRYFY,0.7414797789521328,High Risk,78.95,High Value,High Risk / High Value,Month-to-month,1
1965-AKTSX,0.6748125127131729,High Risk,78.95,High Value,High Risk / High Value,Month-to-month,14
7198-GLXTC,0.662015135363187,High Risk,79.0,High Value,High Risk / High Value,Month-to-month,2
3088-LHEFH,0.5241586204119809,High Risk,79.0,High Value,High Risk / High Value,Month-to-month,11
6538-POCHL,0.2977753464154047,High Risk,79.0,High Value,High Risk / High Value,Month-to-month,33
7638-QVMVY,0.7031304607453903,High Risk,79.0,High Value,High Risk / High Value,Month-to-month,7
8752-STIVR,0.7250491824450532,High Risk,79.0,High Value,High Risk / High Value,Month-to-month,4
4747-LCAQL,0.16098218314572038,Low Risk,79.0,High Value,Low Risk / High Value,Month-to-month,25
6400-BWQKW,0.6328384777495966,High Risk,79.05,High Value,High Risk / High Value,Month-to-month,6
5960-WPXQM,0.7411692127703698,High Risk,79.05,High Value,High Risk / High Value,Month-to-month,1
1036-GUDCL,0.045959654789505595,Low Risk,79.05,High Value,Low Risk / High Value,Month-to-month,60
8580-AECUZ,0.7801923348184987,High Risk,79.1,High Value,High Risk / High Value,Month-to-month,1
4587-NUKOX,0.559506313115054,High Risk,79.1,High Value,High Risk / High Value,Month-to-month,3
6288-LBEAR,0.3122663724297346,High Risk,79.1,High Value,High Risk / High Value,Month-to-month,23
3128-YOVTD,0.13401479284258955,Low Risk,79.15,High Value,Low Risk / High Value,Month-to-month,51
4816-LXZYW,0.5408213513851707,High Risk,79.15,High Value,High Risk / High Value,Month-to-month,23
4210-QFJMF,0.7277807747617735,High Risk,79.15,High Value,High Risk / High Value,Month-to-month,4
2254-DLXRI,0.6442819488328335,High Risk,79.15,High Value,High Risk / High Value,Month-to-month,1
4818-QIUFN,0.5684083029242458,High Risk,79.15,High Value,High Risk / High Value,Month-to-month,20
5271-DBYSJ,0.6295518169908596,High Risk,79.15,High Value,High Risk / High Value,Month-to-month,11
7493-TPUWZ,0.7176002584643925,High Risk,79.15,High Value,High Risk / High Value,Month-to-month,1
6092-QZVPP,0.12848589021118884,Low Risk,79.2,High Value,Low Risk / High Value,Month-to-month,36
6567-HOOPW,0.783815361337854,High Risk,79.2,High Value,High Risk / High Value,Month-to-month,1
2189-UXTKY,0.32609108002358994,High Risk,79.2,High Value,High Risk / High Value,Month-to-month,22
5561-NWEVX,0.7145770294093791,High Risk,79.2,High Value,High Risk / High Value,Month-to-month,2
7957-RYHQD,0.23454406341999803,High Risk,79.2,High Value,High Risk / High Value,Month-to-month,40
1918-ZBFQJ,0.5674170259985488,High Risk,79.25,High Value,High Risk / High Value,Month-to-month,13
8225-BTJAU,0.7252496594221434,High Risk,79.25,High Value,High Risk / High Value,Month-to-month,10
2868-MZAGQ,0.7428424207035368,High Risk,79.25,High Value,High Risk / High Value,Month-to-month,1
6110-OHIHY,0.6564703857928625,High Risk,79.25,High Value,High Risk / High Value,Month-to-month,3
2026-TGDHM,0.7046084548954353,High Risk,79.3,High Value,High Risk / High Value,Month-to-month,7
6985-HAYWX,0.36267233040249897,High Risk,79.3,High Value,High Risk / High Value,Month-to-month,26
9029-FEGVJ,0.3871074528163685,High Risk,79.3,High Value,High Risk / High Value,Month-to-month,32
3312-ZWLGF,0.5055911571438094,High Risk,79.3,High Value,High Risk / High Value,Month-to-month,29
5919-TMRGD,0.7147565221145096,High Risk,79.35,High Value,High Risk / High Value,Month-to-month,1
1307-TVUFB,0.3652591651946503,High Risk,79.35,High Value,High Risk / High Value,Month-to-month,42
2070-XYMFH,0.5459788058076868,High Risk,79.35,High Value,High Risk / High Value,Month-to-month,23
6298-QDFNH,0.5526453801724843,High Risk,79.35,High Value,High Risk / High Value,Month-to-month,22
4910-AQFFX,0.5747927780422516,High Risk,79.35,High Value,High Risk / High Value,Month-to-month,9
9507-EXLTT,0.6811139395229728,High Risk,79.35,High Value,High Risk / High Value,Month-to-month,1
7074-IEVOJ,0.7482080368618054,High Risk,79.4,High Value,High Risk / High Value,Month-to-month,3
1678-FYZOW,0.731704600979074,High Risk,79.4,High Value,High Risk / High Value,Month-to-month,3
4631-OACRM,0.6874114251306999,High Risk,79.4,High Value,High Risk / High Value,Month-to-month,15
7148-XZPHA,0.11254366427101417,Low Risk,79.4,High Value,Low Risk / High Value,Month-to-month,55
9948-YPTDG,0.2719670890711682,High Risk,79.45,High Value,High Risk / High Value,Month-to-month,38
3422-GALYP,0.708819183902874,High Risk,79.45,High Value,High Risk / High Value,Month-to-month,2
6416-YJTTB,0.43202441528266655,High Risk,79.5,High Value,High Risk / High Value,Month-to-month,11
5442-XSDCW,0.5599776522697876,High Risk,79.5,High Value,High Risk / High Value,Month-to-month,11
2514-GINMM,0.7397686633553947,High Risk,79.5,High Value,High Risk / High Value,Month-to-month,1
2640-PMGFL,0.42564615579510917,High Risk,79.5,High Value,High Risk / High Value,Month-to-month,27
1730-ZMAME,0.5695154690414084,High Risk,79.5,High Value,High Risk / High Value,Month-to-month,32
6987-XQSJT,0.3521839240003883,High Risk,79.5,High Value,High Risk / High Value,Month-to-month,54
1761-AEZZR,0.7396127438741941,High Risk,79.55,High Value,High Risk / High Value,Month-to-month,1
2688-BHGOG,0.7312516660282,High Risk,79.55,High Value,High Risk / High Value,Month-to-month,9
9019-QVLZD,0.6736285377579585,High Risk,79.55,High Value,High Risk / High Value,Month-to-month,1
3420-YJLQT,0.6389193477198164,High Risk,79.55,High Value,High Risk / High Value,Month-to-month,2
2694-CIUMO,0.49483660855815265,High Risk,79.55,High Value,High Risk / High Value,Month-to-month,12
0872-NXJYS,0.6920605729904283,High Risk,79.55,High Value,High Risk / High Value,Month-to-month,9
6618-RYATB,0.6703816313959761,High Risk,79.55,High Value,High Risk / High Value,Month-to-month,1
7594-RQHXR,0.716370669384337,High Risk,79.6,High Value,High Risk / High Value,Month-to-month,1
4713-LZDRV,0.7808158494212308,High Risk,79.6,High Value,High Risk / High Value,Month-to-month,2
8988-ECPJR,0.3852844065645775,High Risk,79.6,High Value,High Risk / High Value,Month-to-month,34
5393-RXQSZ,0.6710504190508663,High Risk,79.6,High Value,High Risk / High Value,Month-to-month,1
8128-YVJRG,0.5415043030082171,High Risk,79.65,High Value,High Risk / High Value,Month-to-month,7
4248-HCETZ,0.37442647992007333,High Risk,79.65,High Value,High Risk / High Value,Month-to-month,30
2203-GHNWN,0.4828038309021527,High Risk,79.65,High Value,High Risk / High Value,Month-to-month,24
4290-BSXUX,0.5856782315338728,High Risk,79.65,High Value,High Risk / High Value,Month-to-month,3
8943-URTMR,0.6610286995129921,High Risk,79.65,High Value,High Risk / High Value,Month-to-month,2
8058-INTPH,0.7436848922449516,High Risk,79.65,High Value,High Risk / High Value,Month-to-month,1
0495-RVCBF,0.7458082433621772,High Risk,79.7,High Value,High Risk / High Value,Month-to-month,1
8642-GVWRF,0.4905051966091292,High Risk,79.7,High Value,High Risk / High Value,Month-to-month,2
6437-UKHMV,0.7046783208965764,High Risk,79.7,High Value,High Risk / High Value,Month-to-month,7
6229-LSCKB,0.7490552876343537,High Risk,79.7,High Value,High Risk / High Value,Month-to-month,6
7363-QTBIW,0.6936420198645484,High Risk,79.75,High Value,High Risk / High Value,Month-to-month,9
2154-KVJFF,0.6097996593849965,High Risk,79.75,High Value,High Risk / High Value,Month-to-month,15
1981-INRFU,0.7371570143373464,High Risk,79.75,High Value,High Risk / High Value,Month-to-month,2
9317-WZPGV,0.7209283927767948,High Risk,79.75,High Value,High Risk / High Value,Month-to-month,2
1867-TJHTS,0.17469126543441044,Low Risk,79.8,High Value,Low Risk / High Value,Month-to-month,58
8104-OSKWT,0.5879420361417992,High Risk,79.8,High Value,High Risk / High Value,Month-to-month,12
5364-EVNIB,0.5492941164170214,High Risk,79.8,High Value,High Risk / High Value,Month-to-month,13
7410-OIEDU,0.43849594346451687,High Risk,79.85,High Value,High Risk / High Value,Month-to-month,10
7133-VBDCG,0.30539162521717234,High Risk,79.85,High Value,High Risk / High Value,Month-to-month,25
7567-ECMCM,0.4760728303973866,High Risk,79.85,High Value,High Risk / High Value,Month-to-month,24
4283-FUTGF,0.6540257089579347,High Risk,79.85,High Value,High Risk / High Value,Month-to-month,19
9773-PEQBZ,0.5681514551480088,High Risk,79.85,High Value,High Risk / High Value,Month-to-month,10
3814-MLAXC,0.33412196000281313,High Risk,79.85,High Value,High Risk / High Value,Month-to-month,31
0537-QYZZN,0.48910871909350173,High Risk,79.85,High Value,High Risk / High Value,Month-to-month,24
5712-PTIWW,0.5945903225071334,High Risk,79.85,High Value,High Risk / High Value,Month-to-month,2
5243-SAOTC,0.23497184487819892,High Risk,79.85,High Value,High Risk / High Value,Month-to-month,54
1285-OKIPP,0.6699770315970344,High Risk,79.9,High Value,High Risk / High Value,Month-to-month,1
9170-GYZJC,0.06506750290053549,Low Risk,79.9,High Value,Low Risk / High Value,Month-to-month,41
0495-ZBNGW,0.6889644781521864,High Risk,79.9,High Value,High Risk / High Value,Month-to-month,5
6161-UUUTA,0.7672051775996176,High Risk,79.9,High Value,High Risk / High Value,Month-to-month,3
4806-KEXQR,0.7211689499655909,High Risk,79.9,High Value,High Risk / High Value,Month-to-month,4
0727-IWKVK,0.5877792860088445,High Risk,79.9,High Value,High Risk / High Value,Month-to-month,9
9003-CPATH,0.33223581365620547,High Risk,79.9,High Value,High Risk / High Value,Month-to-month,42
4234-XTNEA,0.7326411305507373,High Risk,79.95,High Value,High Risk / High Value,Month-to-month,2
1184-PJVDB,0.6786798358517012,High Risk,79.95,High Value,High Risk / High Value,Month-to-month,10
9300-RENDD,0.738363210718544,High Risk,79.95,High Value,High Risk / High Value,Month-to-month,1
2187-PKZAY,0.5974544434949045,High Risk,79.95,High Value,High Risk / High Value,Month-to-month,12
4828-FAZPK,0.4708709373176247,High Risk,79.95,High Value,High Risk / High Value,Month-to-month,16
6496-JDSSB,0.6248832649077483,High Risk,80.0,High Value,High Risk / High Value,Month-to-month,8
1448-PWKYE,0.63459504423089,High Risk,80.0,High Value,High Risk / High Value,Month-to-month,1
6941-PMGEP,0.7191363316889223,High Risk,80.0,High Value,High Risk / High Value,Month-to-month,5
1346-UFHAX,0.47710422931420565,High Risk,80.0,High Value,High Risk / High Value,Month-to-month,13
1591-NFNLQ,0.20827954402898916,High Risk,80.0,High Value,High Risk / High Value,Month-to-month,51
0585-EGDDA,0.3296454774635292,High Risk,80.0,High Value,High Risk / High Value,Month-to-month,40
9643-AVVWI,0.5238286403826345,High Risk,80.0,High Value,High Risk / High Value,Month-to-month,3
8212-CRQXP,0.48418436887582506,High Risk,80.0,High Value,High Risk / High Value,Month-to-month,22
7356-IWLFW,0.26178712540419774,High Risk,80.0,High Value,High Risk / High Value,Month-to-month,46
8544-GOQSH,0.3729387562568324,High Risk,80.05,High Value,High Risk / High Value,Month-to-month,14
4547-KQRTM,0.5836973033689118,High Risk,80.05,High Value,High Risk / High Value,Month-to-month,10
9500-LTVBP,0.24294847188399468,High Risk,80.05,High Value,High Risk / High Value,Month-to-month,35
8821-XNHVZ,0.6324605613399806,High Risk,80.05,High Value,High Risk / High Value,Month-to-month,1
7129-CAKJW,0.46709936023785475,High Risk,80.05,High Value,High Risk / High Value,Month-to-month,17
3347-YJZZE,0.20433154262237396,High Risk,80.1,High Value,High Risk / High Value,Month-to-month,29
6204-IEUXJ,0.407776403210639,High Risk,80.1,High Value,High Risk / High Value,Month-to-month,3
4277-PVRAN,0.6283455975626185,High Risk,80.1,High Value,High Risk / High Value,Month-to-month,8
3904-UKFRE,0.6434355157600041,High Risk,80.1,High Value,High Risk / High Value,Month-to-month,4
9696-RMYBA,0.6313520413529199,High Risk,80.1,High Value,High Risk / High Value,Month-to-month,5
4741-WWJQZ,0.5144348039442701,High Risk,80.15,High Value,High Risk / High Value,Month-to-month,2
0793-TWELN,0.6473596256032927,High Risk,80.15,High Value,High Risk / High Value,Month-to-month,4
9779-DPNEJ,0.5534245579758336,High Risk,80.15,High Value,High Risk / High Value,Month-to-month,22
6086-ESGRL,0.5823573608801335,High Risk,80.15,High Value,High Risk / High Value,Month-to-month,1
4818-DRBQT,0.4116923454308317,High Risk,80.15,High Value,High Risk / High Value,Month-to-month,29
7693-LCKZL,0.650732226374266,High Risk,80.15,High Value,High Risk / High Value,Month-to-month,5
8086-OVPWV,0.7345671023191355,High Risk,80.2,High Value,High Risk / High Value,Month-to-month,2
4529-CKBCL,0.734636073857866,High Risk,80.2,High Value,High Risk / High Value,Month-to-month,2
0137-OCGAB,0.6403751766309413,High Risk,80.2,High Value,High Risk / High Value,Month-to-month,1
8010-EZLOU,0.6600260612874355,High Risk,80.2,High Value,High Risk / High Value,Month-to-month,15
6918-UMQCG,0.6397366929181902,High Risk,80.2,High Value,High Risk / High Value,Month-to-month,5
4572-DVCGN,0.6151699238073768,High Risk,80.25,High Value,High Risk / High Value,Month-to-month,10
2359-KMGLI,0.5300373889554695,High Risk,80.25,High Value,High Risk / High Value,Month-to-month,24
5494-HECPR,0.7418282375542055,High Risk,80.25,High Value,High Risk / High Value,Month-to-month,1
1251-STYSZ,0.6934908170698361,High Risk,80.25,High Value,High Risk / High Value,Month-to-month,4
3481-JHUZH,0.4033604149210893,High Risk,80.25,High Value,High Risk / High Value,Month-to-month,41
9689-PTNPG,0.7299018367608049,High Risk,80.25,High Value,High Risk / High Value,Month-to-month,2
9897-KXHCM,0.7000559532099428,High Risk,80.3,High Value,High Risk / High Value,Month-to-month,3
2796-UUZZO,0.11192112523432426,Low Risk,80.3,High Value,Low Risk / High Value,Month-to-month,63
2674-MIAHT,0.6166191026056226,High Risk,80.3,High Value,High Risk / High Value,Month-to-month,4
7903-CMPEY,0.7101467311442694,High Risk,80.3,High Value,High Risk / High Value,Month-to-month,1
0947-IDHRQ,0.6178585517970693,High Risk,80.3,High Value,High Risk / High Value,Month-to-month,7
5389-FFVKB,0.44809662061347605,High Risk,80.3,High Value,High Risk / High Value,Month-to-month,32
5301-GAUUY,0.39382734850851425,High Risk,80.35,High Value,High Risk / High Value,Month-to-month,32
6952-OMNWB,0.2035142300809672,High Risk,80.35,High Value,High Risk / High Value,Month-to-month,68
2789-HQBOU,0.7270040889648216,High Risk,80.35,High Value,High Risk / High Value,Month-to-month,3
2959-MJHIC,0.7156065330636137,High Risk,80.35,High Value,High Risk / High Value,Month-to-month,4
5599-HVLTW,0.6243406501163569,High Risk,80.35,High Value,High Risk / High Value,Month-to-month,14
0643-OKLRP,0.27728688588644856,High Risk,80.35,High Value,High Risk / High Value,Month-to-month,47
7964-VEXDG,0.3854947005976708,High Risk,80.35,High Value,High Risk / High Value,Month-to-month,21
1910-FMXJM,0.39053864408498024,High Risk,80.4,High Value,High Risk / High Value,Month-to-month,36
4086-YQSNZ,0.7673003318351017,High Risk,80.4,High Value,High Risk / High Value,Month-to-month,3
6961-VCPMC,0.42855142938336144,High Risk,80.4,High Value,High Risk / High Value,Month-to-month,46
2363-BJLSL,0.07714615547010657,Low Risk,80.4,High Value,Low Risk / High Value,Month-to-month,62
6923-JHPMP,0.5900603592381747,High Risk,80.45,High Value,High Risk / High Value,Month-to-month,2
9391-EOYLI,0.7066751368471215,High Risk,80.45,High Value,High Risk / High Value,Month-to-month,12
8819-IMISP,0.47074814567761036,High Risk,80.45,High Value,High Risk / High Value,Month-to-month,31
3503-TYDAY,0.3011528845568736,High Risk,80.45,High Value,High Risk / High Value,Month-to-month,43
9921-ZVRHG,0.6463794047523297,High Risk,80.45,High Value,High Risk / High Value,Month-to-month,14
8198-RKSZG,0.24531966979549505,High Risk,80.45,High Value,High Risk / High Value,Month-to-month,14
2397-BRLOM,0.6088390980139239,High Risk,80.45,High Value,High Risk / High Value,Month-to-month,8
3865-QBWSJ,0.3038211942011363,High Risk,80.45,High Value,High Risk / High Value,Month-to-month,38
8444-WRIDW,0.18897118019962145,Low Risk,80.45,High Value,Low Risk / High Value,Month-to-month,66
4636-QRJKY,0.6019710659641098,High Risk,80.5,High Value,High Risk / High Value,Month-to-month,6
5998-VVEJY,0.46644492396512477,High Risk,80.5,High Value,High Risk / High Value,Month-to-month,26
6357-JJPQT,0.7273946598257963,High Risk,80.5,High Value,High Risk / High Value,Month-to-month,3
7278-CKDNC,0.598677028239164,High Risk,80.5,High Value,High Risk / High Value,Month-to-month,24
5453-AXEPF,0.5130130390534852,High Risk,80.5,High Value,High Risk / High Value,Month-to-month,17
6330-JKLPC,0.5662921110097121,High Risk,80.5,High Value,High Risk / High Value,Month-to-month,11
9840-DVNDC,0.6130152785456954,High Risk,80.5,High Value,High Risk / High Value,Month-to-month,6
2867-UIMSS,0.6678249418690578,High Risk,80.5,High Value,High Risk / High Value,Month-to-month,1
0928-XUTSN,0.6568975822899403,High Risk,80.5,High Value,High Risk / High Value,Month-to-month,13
7439-DKZTW,0.7364816669522188,High Risk,80.55,High Value,High Risk / High Value,Month-to-month,1
2911-WDXMV,0.4755271999155639,High Risk,80.55,High Value,High Risk / High Value,Month-to-month,18
2737-YNGYW,0.6667969745667053,High Risk,80.55,High Value,High Risk / High Value,Month-to-month,2
3130-ICDUP,0.44739422703424203,High Risk,80.55,High Value,High Risk / High Value,Month-to-month,2
0570-BFQHT,0.5003415720508017,High Risk,80.55,High Value,High Risk / High Value,Month-to-month,9
0318-QUUOB,0.7358968544214038,High Risk,80.55,High Value,High Risk / High Value,Month-to-month,1
1384-RCUXW,0.5080785731547816,High Risk,80.55,High Value,High Risk / High Value,Month-to-month,16
8490-BXHEO,0.5369710811733721,High Risk,80.55,High Value,High Risk / High Value,Month-to-month,18
7563-BIUPC,0.7101986267089715,High Risk,80.6,High Value,High Risk / High Value,Month-to-month,5
2868-SNELZ,0.5782276444995686,High Risk,80.6,High Value,High Risk / High Value,Month-to-month,2
3671-SHRSP,0.48515267855943467,High Risk,80.6,High Value,High Risk / High Value,Month-to-month,4
9369-XFEHK,0.4403713534046621,High Risk,80.6,High Value,High Risk / High Value,Month-to-month,33
5206-XZZQI,0.1417320139075652,Low Risk,80.6,High Value,Low Risk / High Value,Month-to-month,53
3956-MGXOG,0.5377280718165183,High Risk,80.6,High Value,High Risk / High Value,Month-to-month,28
7760-OYPDY,0.7330746500434718,High Risk,80.65,High Value,High Risk / High Value,Month-to-month,2
7495-OOKFY,0.6249522306759379,High Risk,80.65,High Value,High Risk / High Value,Month-to-month,8
8854-CCVSQ,0.5835860240892728,High Risk,80.65,High Value,High Risk / High Value,Month-to-month,18
7824-PANSQ,0.1393913135498878,Low Risk,80.65,High Value,Low Risk / High Value,Month-to-month,58
6103-BOCOU,0.5602447693728116,High Risk,80.7,High Value,High Risk / High Value,Month-to-month,26
6729-GDNGC,0.4939359905036395,High Risk,80.7,High Value,High Risk / High Value,Month-to-month,20
6458-CYIDZ,0.5022600171783923,High Risk,80.7,High Value,High Risk / High Value,Month-to-month,5
0940-OUQEC,0.5724308185364515,High Risk,80.7,High Value,High Risk / High Value,Month-to-month,10
3191-CSNMG,0.6954659226732254,High Risk,80.7,High Value,High Risk / High Value,Month-to-month,3
8183-ONMXC,0.6644129115084648,High Risk,80.75,High Value,High Risk / High Value,Month-to-month,2
3404-JNXAX,0.24860464410522992,High Risk,80.75,High Value,High Risk / High Value,Month-to-month,51
3842-QTGDL,0.29051245826177197,High Risk,80.75,High Value,High Risk / High Value,Month-to-month,16
2951-QOQTK,0.42963578650719475,High Risk,80.8,High Value,High Risk / High Value,Month-to-month,4
9957-YODKZ,0.7436050762809895,High Risk,80.8,High Value,High Risk / High Value,Month-to-month,6
6000-APYLU,0.6820438701403757,High Risk,80.8,High Value,High Risk / High Value,Month-to-month,9
6457-USBER,0.7380179363804862,High Risk,80.8,High Value,High Risk / High Value,Month-to-month,1
6786-OBWQR,0.6775948349195762,High Risk,80.85,High Value,High Risk / High Value,Month-to-month,5
2955-BJZHG,0.49946767055959757,High Risk,80.85,High Value,High Risk / High Value,Month-to-month,17
5275-SQEIZ,0.6622682267121954,High Risk,80.85,High Value,High Risk / High Value,Month-to-month,1
1704-NRWYE,0.7311339694095667,High Risk,80.85,High Value,High Risk / High Value,Month-to-month,9
5729-KLZAR,0.6116661679006582,High Risk,80.85,High Value,High Risk / High Value,Month-to-month,4
5228-EXCET,0.6502005225398769,High Risk,80.85,High Value,High Risk / High Value,Month-to-month,13
1871-MOWRM,0.2682976214849366,High Risk,80.85,High Value,High Risk / High Value,Month-to-month,12
6551-GNYDG,0.5411135102935418,High Risk,80.9,High Value,High Risk / High Value,Month-to-month,14
9878-TNQGW,0.7315606917375842,High Risk,80.95,High Value,High Risk / High Value,Month-to-month,2
7426-WEIJX,0.22424261034671028,High Risk,80.95,High Value,High Risk / High Value,Month-to-month,60
7929-DMBCV,0.36398690648758825,High Risk,81.0,High Value,High Risk / High Value,Month-to-month,20
4795-KTRTH,0.7298986726355582,High Risk,81.0,High Value,High Risk / High Value,Month-to-month,5
4138-NAXED,0.1923179602862161,Low Risk,81.0,High Value,Low Risk / High Value,Month-to-month,51
9560-ARGQJ,0.5973956410374839,High Risk,81.0,High Value,High Risk / High Value,Month-to-month,16
2612-RRIDN,0.7160839265127362,High Risk,81.0,High Value,High Risk / High Value,Month-to-month,4
9095-HFAFX,0.6248939804848131,High Risk,81.0,High Value,High Risk / High Value,Month-to-month,5
4277-UDIEF,0.16226024178532358,Low Risk,81.0,High Value,Low Risk / High Value,Month-to-month,24
4817-QRJSX,0.5577929448504507,High Risk,81.0,High Value,High Risk / High Value,Month-to-month,10
7703-ZEKEF,0.5756308190738629,High Risk,81.0,High Value,High Risk / High Value,Month-to-month,23
0256-LTHVJ,0.4959821605167523,High Risk,81.05,High Value,High Risk / High Value,Month-to-month,28
2018-QKYGT,0.706233870022355,High Risk,81.05,High Value,High Risk / High Value,Month-to-month,1
2250-IVBWA,0.08547870684824659,Low Risk,81.05,High Value,Low Risk / High Value,Month-to-month,64
6259-WJQLC,0.45387430039645565,High Risk,81.1,High Value,High Risk / High Value,Month-to-month,32
5445-UTODQ,0.698621899407896,High Risk,81.1,High Value,High Risk / High Value,Month-to-month,7
4614-NUVZD,0.741485934928497,High Risk,81.1,High Value,High Risk / High Value,Month-to-month,1
9625-QSTYE,0.5478685208198818,High Risk,81.15,High Value,High Risk / High Value,Month-to-month,13
5650-YLIBA,0.48372906992501263,High Risk,81.15,High Value,High Risk / High Value,Month-to-month,31
4299-SIMNS,0.6031569912626842,High Risk,81.15,High Value,High Risk / High Value,Month-to-month,9
6080-TCMYC,0.3959154261649625,High Risk,81.2,High Value,High Risk / High Value,Month-to-month,40
4646-QZXTF,0.23303859326210502,High Risk,81.25,High Value,High Risk / High Value,Month-to-month,7
8808-ELEHO,0.7277948980900079,High Risk,81.25,High Value,High Risk / High Value,Month-to-month,8
7925-PNRGI,0.05552263343556549,Low Risk,81.3,High Value,Low Risk / High Value,Month-to-month,45
4143-OOBWZ,0.6822584464469745,High Risk,81.3,High Value,High Risk / High Value,Month-to-month,5
2669-QVCRG,0.25304392800378156,High Risk,81.3,High Value,High Risk / High Value,Month-to-month,41
5022-KVDQT,0.5437752841829399,High Risk,81.3,High Value,High Risk / High Value,Month-to-month,27
0334-GDDSO,0.7393615463443249,High Risk,81.35,High Value,High Risk / High Value,Month-to-month,3
2826-UWHIS,0.23311001402434064,High Risk,81.4,High Value,High Risk / High Value,Month-to-month,45
4612-SSVHJ,0.6554218927700903,High Risk,81.45,High Value,High Risk / High Value,Month-to-month,20
1508-DFXCU,0.651762729341886,High Risk,81.45,High Value,High Risk / High Value,Month-to-month,12
0818-OCPZO,0.5550009613002311,High Risk,81.45,High Value,High Risk / High Value,Month-to-month,27
7776-QGYJC,0.2082972996770809,High Risk,81.5,High Value,High Risk / High Value,Month-to-month,39
9050-IKDZA,0.6256692486951663,High Risk,81.5,High Value,High Risk / High Value,Month-to-month,2
7395-IGJOS,0.5091074976797175,High Risk,81.5,High Value,High Risk / High Value,Month-to-month,17
0621-HJWXJ,0.1835679289602473,Low Risk,81.55,High Value,Low Risk / High Value,Month-to-month,63
6968-GMKPR,0.2361743551966814,High Risk,81.55,High Value,High Risk / High Value,Month-to-month,55
4824-GUCBY,0.36453532039343994,High Risk,81.7,High Value,High Risk / High Value,Month-to-month,22
6772-KSATR,0.6594606381595878,High Risk,81.7,High Value,High Risk / High Value,Month-to-month,1
3018-TFTSU,0.33381605312892715,High Risk,81.7,High Value,High Risk / High Value,Month-to-month,12
4002-BQWPQ,0.12537202947006576,Low Risk,81.75,High Value,Low Risk / High Value,Month-to-month,25
2240-HSJQD,0.30075510046972476,High Risk,81.85,High Value,High Risk / High Value,Month-to-month,38
0620-DLSLK,0.5641699872374832,High Risk,81.9,High Value,High Risk / High Value,Month-to-month,13
8731-WBBMB,0.16523916256712168,Low Risk,81.9,High Value,Low Risk / High Value,Month-to-month,26
2208-NQBCT,0.25231886204438336,High Risk,81.95,High Value,High Risk / High Value,Month-to-month,26
2004-OCQXK,0.7388384358317779,High Risk,81.95,High Value,High Risk / High Value,Month-to-month,1
7314-OXENN,0.7025495976025264,High Risk,82.0,High Value,High Risk / High Value,Month-to-month,2
1564-NTYXF,0.7693734188410325,High Risk,82.0,High Value,High Risk / High Value,Month-to-month,13
4767-HZZHQ,0.24101849650028334,High Risk,82.05,High Value,High Risk / High Value,Month-to-month,30
4238-HFHSN,0.2843244578172105,High Risk,82.15,High Value,High Risk / High Value,Month-to-month,61
0641-EVBOJ,0.3986969068612209,High Risk,82.3,High Value,High Risk / High Value,Month-to-month,3
0742-NXBGR,0.6469018609013373,High Risk,82.3,High Value,High Risk / High Value,Month-to-month,1
3744-ZRRDZ,0.5637859973165166,High Risk,82.35,High Value,High Risk / High Value,Month-to-month,21
0867-MKZVY,0.4212830970977859,High Risk,82.4,High Value,High Risk / High Value,Month-to-month,20
2739-CACDQ,0.5827731524916593,High Risk,82.65,High Value,High Risk / High Value,Month-to-month,17
4559-UWIHT,0.6185396666947405,High Risk,82.65,High Value,High Risk / High Value,Month-to-month,14
6435-SRWBJ,0.6442987100075699,High Risk,82.75,High Value,High Risk / High Value,Month-to-month,5
8714-CTZJW,0.6363131012683202,High Risk,82.85,High Value,High Risk / High Value,Month-to-month,4
3727-RJMEO,0.7579753326760625,High Risk,82.85,High Value,High Risk / High Value,Month-to-month,6
5701-YVSVF,0.643735183394815,High Risk,82.9,High Value,High Risk / High Value,Month-to-month,11
2774-LVQUS,0.6168269885910281,High Risk,83.05,High Value,High Risk / High Value,Month-to-month,15
0921-OHLVP,0.5716238614289582,High Risk,83.05,High Value,High Risk / High Value,Month-to-month,22
9450-TRJUU,0.45972071942925413,High Risk,83.15,High Value,High Risk / High Value,Month-to-month,35
6015-VVHHE,0.7383098490284248,High Risk,83.15,High Value,High Risk / High Value,Month-to-month,5
0689-NKYLF,0.6492085985675552,High Risk,83.2,High Value,High Risk / High Value,Month-to-month,13
9274-UARKJ,0.5282423437700845,High Risk,83.2,High Value,High Risk / High Value,Month-to-month,15
6633-SYEUS,0.26104482373172033,High Risk,83.2,High Value,High Risk / High Value,Month-to-month,23
6630-UJZMY,0.8089686669296365,High Risk,83.25,High Value,High Risk / High Value,Month-to-month,4
7346-MEDWM,0.2746475475511219,High Risk,83.25,High Value,High Risk / High Value,Month-to-month,59
7989-VCQOH,0.19521005205286746,High Risk,83.25,High Value,High Risk / High Value,Month-to-month,18
0578-SKVMF,0.4366842786535549,High Risk,83.3,High Value,High Risk / High Value,Month-to-month,22
8931-GJJIQ,0.7505811575242728,High Risk,83.3,High Value,High Risk / High Value,Month-to-month,9
6173-ITPWD,0.29343749159863425,High Risk,83.35,High Value,High Risk / High Value,Month-to-month,47
3550-SAHFP,0.5746111437076747,High Risk,83.35,High Value,High Risk / High Value,Month-to-month,33
5076-YVXCM,0.2697579793698171,High Risk,83.4,High Value,High Risk / High Value,Month-to-month,51
2792-LSHWX,0.39615489435352147,High Risk,83.4,High Value,High Risk / High Value,Month-to-month,1
5371-VYLSX,0.3011934838958891,High Risk,83.4,High Value,High Risk / High Value,Month-to-month,50
2921-XWDJH,0.4225517410023446,High Risk,83.45,High Value,High Risk / High Value,Month-to-month,38
5949-XIKAE,0.629602030360181,High Risk,83.55,High Value,High Risk / High Value,Month-to-month,8
3365-SAIGS,0.5889680003782185,High Risk,83.55,High Value,High Risk / High Value,Month-to-month,17
8417-FMLZI,0.5448639053299037,High Risk,83.55,High Value,High Risk / High Value,Month-to-month,6
5060-TQUQN,0.3045858350633244,High Risk,83.55,High Value,High Risk / High Value,Month-to-month,30
5685-IIXLY,0.6529900219738612,High Risk,83.6,High Value,High Risk / High Value,Month-to-month,5
5940-NFXKV,0.6316918007310804,High Risk,83.65,High Value,High Risk / High Value,Month-to-month,19
8436-BJUMM,0.5751554136890232,High Risk,83.75,High Value,High Risk / High Value,Month-to-month,26
0923-PNFUB,0.6221101912366672,High Risk,83.75,High Value,High Risk / High Value,Month-to-month,3
2479-BRAMR,0.3119098019216966,High Risk,83.75,High Value,High Risk / High Value,Month-to-month,41
0027-KWYKW,0.6065734587843936,High Risk,83.75,High Value,High Risk / High Value,Month-to-month,23
6407-UTSLV,0.6856725558110112,High Risk,83.8,High Value,High Risk / High Value,Month-to-month,2
8802-UNOJF,0.4417116757332191,High Risk,83.8,High Value,High Risk / High Value,Month-to-month,12
0461-CVKMU,0.28161421435864575,High Risk,83.8,High Value,High Risk / High Value,Month-to-month,23
8705-DWKTI,0.25948166995926875,High Risk,83.8,High Value,High Risk / High Value,Month-to-month,52
0410-IPFTY,0.4134725338879315,High Risk,83.85,High Value,High Risk / High Value,Month-to-month,31
9965-YOKZB,0.7826807684280063,High Risk,83.85,High Value,High Risk / High Value,Month-to-month,9
9812-GHVRI,0.3705496919616065,High Risk,83.85,High Value,High Risk / High Value,Month-to-month,40
4833-QTJNO,0.11256211504182964,Low Risk,83.85,High Value,Low Risk / High Value,Month-to-month,67
5813-UECBU,0.4132244079290137,High Risk,83.85,High Value,High Risk / High Value,Month-to-month,33
0822-QGCXA,0.31289703574273964,High Risk,83.85,High Value,High Risk / High Value,Month-to-month,27
3908-BLSYF,0.6299925932882773,High Risk,83.9,High Value,High Risk / High Value,Month-to-month,6
1193-RTSLK,0.20923599458540224,High Risk,83.9,High Value,High Risk / High Value,Month-to-month,38
0013-EXCHZ,0.620594783550728,High Risk,83.9,High Value,High Risk / High Value,Month-to-month,3
3223-WZWJM,0.6274482740807185,High Risk,83.95,High Value,High Risk / High Value,Month-to-month,26
8739-XNIKG,0.7677553717072814,High Risk,84.0,High Value,High Risk / High Value,Month-to-month,5
5383-MMTWC,0.786411168756304,High Risk,84.0,High Value,High Risk / High Value,Month-to-month,8
7803-XOCCZ,0.1106234108092696,Low Risk,84.05,High Value,Low Risk / High Value,Month-to-month,52
2545-EBUPK,0.8211402557630378,High Risk,84.05,High Value,High Risk / High Value,Month-to-month,2
3489-HHPFY,0.782095903031262,High Risk,84.05,High Value,High Risk / High Value,Month-to-month,2
8800-JOOCF,0.6902933748445946,High Risk,84.05,High Value,High Risk / High Value,Month-to-month,12
3192-LNKRK,0.3606033866368979,High Risk,84.05,High Value,High Risk / High Value,Month-to-month,34
1565-RHDJD,0.5016500964239716,High Risk,84.05,High Value,High Risk / High Value,Month-to-month,4
0637-UBJRP,0.44386161374832306,High Risk,84.05,High Value,High Risk / High Value,Month-to-month,13
5628-FCGYG,0.6575910711488598,High Risk,84.1,High Value,High Risk / High Value,Month-to-month,21
2834-SPCJV,0.20359941573832432,High Risk,84.1,High Value,High Risk / High Value,Month-to-month,52
3672-YITQD,0.5947880389252391,High Risk,84.1,High Value,High Risk / High Value,Month-to-month,36
9167-APMXZ,0.5798269133126046,High Risk,84.15,High Value,High Risk / High Value,Month-to-month,22
1550-LOAHA,0.3140795886542153,High Risk,84.15,High Value,High Risk / High Value,Month-to-month,32
8623-TMRBY,0.32574736314496655,High Risk,84.2,High Value,High Risk / High Value,Month-to-month,51
5868-YWPDW,0.7197426231809343,High Risk,84.2,High Value,High Risk / High Value,Month-to-month,6
5016-IBERQ,0.4575467403336424,High Risk,84.25,High Value,High Risk / High Value,Month-to-month,23
7530-HDYDS,0.2143501997718138,High Risk,84.25,High Value,High Risk / High Value,Month-to-month,38
0239-OXEXL,0.1647185473875466,Low Risk,84.25,High Value,Low Risk / High Value,Month-to-month,46
0215-BQKGS,0.24316239460159578,High Risk,84.3,High Value,High Risk / High Value,Month-to-month,30
7861-UVUFT,0.6401764325042457,High Risk,84.3,High Value,High Risk / High Value,Month-to-month,15
5950-AAAGJ,0.5250882083270636,High Risk,84.3,High Value,High Risk / High Value,Month-to-month,18
4993-JCRGJ,0.3846596932686948,High Risk,84.3,High Value,High Risk / High Value,Month-to-month,26
0225-ZORZP,0.6165381843318087,High Risk,84.3,High Value,High Risk / High Value,Month-to-month,3
2013-SGDXK,0.6355505473557044,High Risk,84.3,High Value,High Risk / High Value,Month-to-month,1
5572-ZDXHY,0.46680135311883697,High Risk,84.3,High Value,High Risk / High Value,Month-to-month,22
5117-IFGPS,0.6423756688070421,High Risk,84.3,High Value,High Risk / High Value,Month-to-month,29
4471-KXAUH,0.34959382539805545,High Risk,84.3,High Value,High Risk / High Value,Month-to-month,42
2123-AGEEN,0.7400810123145669,High Risk,84.35,High Value,High Risk / High Value,Month-to-month,7
3569-EDBPQ,0.39490521151991786,High Risk,84.35,High Value,High Risk / High Value,Month-to-month,24
5609-IMCGG,0.4585690628251245,High Risk,84.35,High Value,High Risk / High Value,Month-to-month,15
8875-AKBYH,0.7134454992550997,High Risk,84.35,High Value,High Risk / High Value,Month-to-month,20
0196-VULGZ,0.7976493970626991,High Risk,84.35,High Value,High Risk / High Value,Month-to-month,6
5357-TZHPP,0.7027657120845794,High Risk,84.4,High Value,High Risk / High Value,Month-to-month,9
7299-GNVPL,0.16116090239921288,Low Risk,84.4,High Value,Low Risk / High Value,Month-to-month,23
7005-CCBKV,0.6766765509326018,High Risk,84.4,High Value,High Risk / High Value,Month-to-month,6
3194-ORPIK,0.3173599874593834,High Risk,84.4,High Value,High Risk / High Value,Month-to-month,50
7613-LLQFO,0.7214075585708045,High Risk,84.45,High Value,High Risk / High Value,Month-to-month,12
4822-NGOCH,0.6223107191501668,High Risk,84.45,High Value,High Risk / High Value,Month-to-month,13
9938-EKRGF,0.16304475682381062,Low Risk,84.45,High Value,Low Risk / High Value,Month-to-month,15
8058-JMEQO,0.7834724859719263,High Risk,84.45,High Value,High Risk / High Value,Month-to-month,9
2683-BPJSO,0.40587116336557466,High Risk,84.45,High Value,High Risk / High Value,Month-to-month,29
3714-NTNFO,0.4260198233718793,High Risk,84.5,High Value,High Risk / High Value,Month-to-month,49
9367-WXLCH,0.6044963233468551,High Risk,84.5,High Value,High Risk / High Value,Month-to-month,8
7120-RFMVS,0.7213929397808947,High Risk,84.5,High Value,High Risk / High Value,Month-to-month,1
5520-FVEWJ,0.5888670509278371,High Risk,84.5,High Value,High Risk / High Value,Month-to-month,12
4919-IKATY,0.5918348348882639,High Risk,84.5,High Value,High Risk / High Value,Month-to-month,5
6172-FECYY,0.3263056364440203,High Risk,84.5,High Value,High Risk / High Value,Month-to-month,49
8868-GAGIO,0.23646797090649735,High Risk,84.55,High Value,High Risk / High Value,Month-to-month,45
8972-HJWNV,0.7961238988867977,High Risk,84.55,High Value,High Risk / High Value,Month-to-month,7
8937-RDTHP,0.572161563820242,High Risk,84.6,High Value,High Risk / High Value,Month-to-month,1
3196-NVXLZ,0.5418672535064012,High Risk,84.6,High Value,High Risk / High Value,Month-to-month,25
4750-ZRXIU,0.8102591373058988,High Risk,84.6,High Value,High Risk / High Value,Month-to-month,4
7517-LDMPS,0.6340783439093984,High Risk,84.6,High Value,High Risk / High Value,Month-to-month,12
1319-YLZJG,0.46191694514593207,High Risk,84.6,High Value,High Risk / High Value,Month-to-month,12
4912-PIGUY,0.7883188296975205,High Risk,84.6,High Value,High Risk / High Value,Month-to-month,1
0875-CABNR,0.6372055414532016,High Risk,84.6,High Value,High Risk / High Value,Month-to-month,10
5889-LFOLL,0.7196519095054681,High Risk,84.6,High Value,High Risk / High Value,Month-to-month,13
9490-DFPMD,0.5493220028863629,High Risk,84.65,High Value,High Risk / High Value,Month-to-month,42
4098-NAUKP,0.221717647641025,High Risk,84.65,High Value,High Risk / High Value,Month-to-month,68
7503-ZGUZJ,0.7170094118605345,High Risk,84.65,High Value,High Risk / High Value,Month-to-month,1
8242-SOQUO,0.7248381025209277,High Risk,84.7,High Value,High Risk / High Value,Month-to-month,5
1624-WOIWJ,0.501050647009057,High Risk,84.7,High Value,High Risk / High Value,Month-to-month,10
3198-VELRD,0.6900224363814561,High Risk,84.75,High Value,High Risk / High Value,Month-to-month,3
4514-GFCFI,0.7390395373161602,High Risk,84.75,High Value,High Risk / High Value,Month-to-month,16
2916-BQZLN,0.5181378881101584,High Risk,84.75,High Value,High Risk / High Value,Month-to-month,19
5934-RMPOV,0.6175762139338034,High Risk,84.75,High Value,High Risk / High Value,Month-to-month,22
2362-IBOOY,0.5421808724804947,High Risk,84.75,High Value,High Risk / High Value,Month-to-month,36
2455-USLMV,0.3309593962026792,High Risk,84.75,High Value,High Risk / High Value,Month-to-month,31
0219-YTZUE,0.5798269221789083,High Risk,84.8,High Value,High Risk / High Value,Month-to-month,4
9774-NRNAU,0.31188443171847413,High Risk,84.8,High Value,High Risk / High Value,Month-to-month,27
9314-IJWSQ,0.6773931933108515,High Risk,84.8,High Value,High Risk / High Value,Month-to-month,14
4720-VSTSI,0.31774205275208595,High Risk,84.8,High Value,High Risk / High Value,Month-to-month,44
2205-YMZZJ,0.7852011754473329,High Risk,84.8,High Value,High Risk / High Value,Month-to-month,7
6877-TJMBR,0.6594914200374535,High Risk,84.8,High Value,High Risk / High Value,Month-to-month,1
3572-UOLYZ,0.23047675331255305,High Risk,84.8,High Value,High Risk / High Value,Month-to-month,46
0315-LVCRK,0.5800423544751907,High Risk,84.8,High Value,High Risk / High Value,Month-to-month,11
4706-AXVKM,0.6928639804872211,High Risk,84.8,High Value,High Risk / High Value,Month-to-month,11
4822-YCXMX,0.622864040806178,High Risk,84.8,High Value,High Risk / High Value,Month-to-month,25
7398-LXGYX,0.23545515824791652,High Risk,84.8,High Value,High Risk / High Value,Month-to-month,44
3737-XBQDD,0.4559524350781453,High Risk,84.85,High Value,High Risk / High Value,Month-to-month,24
5019-GQVCR,0.5362555486919025,High Risk,84.85,High Value,High Risk / High Value,Month-to-month,43
2873-ZLIWT,0.3204922731497493,High Risk,84.85,High Value,High Risk / High Value,Month-to-month,40
5216-WASFJ,0.6380051074091012,High Risk,84.85,High Value,High Risk / High Value,Month-to-month,31
2379-ENZGV,0.6702375464812226,High Risk,84.85,High Value,High Risk / High Value,Month-to-month,6
6060-DRTNL,0.6756765883817504,High Risk,84.85,High Value,High Risk / High Value,Month-to-month,5
2202-CUYXZ,0.7288710292127387,High Risk,84.85,High Value,High Risk / High Value,Month-to-month,1
1766-GKNMI,0.6013050514459645,High Risk,84.9,High Value,High Risk / High Value,Month-to-month,29
7586-ZATGZ,0.504810523354491,High Risk,84.9,High Value,High Risk / High Value,Month-to-month,40
6473-ULUHT,0.23420916861879354,High Risk,84.9,High Value,High Risk / High Value,Month-to-month,16
0362-ZBZWJ,0.5428391847399009,High Risk,84.9,High Value,High Risk / High Value,Month-to-month,36
8382-SHQEH,0.753730381257533,High Risk,84.9,High Value,High Risk / High Value,Month-to-month,8
3865-ZYKAD,0.13207662374980372,Low Risk,84.9,High Value,Low Risk / High Value,Month-to-month,69
6127-ISGTU,0.695842724339288,High Risk,84.95,High Value,High Risk / High Value,Month-to-month,16
9208-OLGAQ,0.659960879551069,High Risk,84.95,High Value,High Risk / High Value,Month-to-month,18
8837-VVWLQ,0.5214386077859097,High Risk,84.95,High Value,High Risk / High Value,Month-to-month,8
2657-ALMWY,0.48780836653778326,High Risk,84.95,High Value,High Risk / High Value,Month-to-month,26
9282-IZGQK,0.7892354012273493,High Risk,85.0,High Value,High Risk / High Value,Month-to-month,1
9606-PBKBQ,0.6191967271247433,High Risk,85.0,High Value,High Risk / High Value,Month-to-month,32
0524-IAVZO,0.5995949233275529,High Risk,85.0,High Value,High Risk / High Value,Month-to-month,30
1628-BIZYP,0.7060052271414072,High Risk,85.0,High Value,High Risk / High Value,Month-to-month,1
6769-DYBQN,0.28591269631427657,High Risk,85.0,High Value,High Risk / High Value,Month-to-month,46
6230-BSUXY,0.7750183570448055,High Risk,85.0,High Value,High Risk / High Value,Month-to-month,1
9121-PHQSR,0.6520429901451174,High Risk,85.05,High Value,High Risk / High Value,Month-to-month,16
4536-PLEQY,0.5291474849350521,High Risk,85.05,High Value,High Risk / High Value,Month-to-month,12
1069-XAIEM,0.8227448463478345,High Risk,85.05,High Value,High Risk / High Value,Month-to-month,1
2642-DTVCO,0.7770291769405763,High Risk,85.05,High Value,High Risk / High Value,Month-to-month,9
9992-RRAMN,0.6493560439707795,High Risk,85.1,High Value,High Risk / High Value,Month-to-month,22
3541-ZNUHK,0.20063584331293224,High Risk,85.1,High Value,High Risk / High Value,Month-to-month,55
7927-AUXBZ,0.35547143634820577,High Risk,85.15,High Value,High Risk / High Value,Month-to-month,30
1394-SUIUH,0.21679240915690043,High Risk,85.15,High Value,High Risk / High Value,Month-to-month,44
4369-HTUIF,0.5927411985726451,High Risk,85.15,High Value,High Risk / High Value,Month-to-month,6
9185-TQCVP,0.7020681354737186,High Risk,85.15,High Value,High Risk / High Value,Month-to-month,14
9445-ZUEQE,0.29081300689315426,High Risk,85.2,High Value,High Risk / High Value,Month-to-month,27
7831-QGOXH,0.6821397461301003,High Risk,85.2,High Value,High Risk / High Value,Month-to-month,18
3106-ULWFW,0.6632590539740972,High Risk,85.2,High Value,High Risk / High Value,Month-to-month,8
3834-XUIFC,0.6772868810087482,High Risk,85.2,High Value,High Risk / High Value,Month-to-month,7
1200-TUZHR,0.7249636540732369,High Risk,85.2,High Value,High Risk / High Value,Month-to-month,8
4548-SDBKE,0.7669081343110512,High Risk,85.2,High Value,High Risk / High Value,Month-to-month,5
7248-VZQLC,0.33256660853277836,High Risk,85.2,High Value,High Risk / High Value,Month-to-month,47
0666-UXTJO,0.43330927634185545,High Risk,85.2,High Value,High Risk / High Value,Month-to-month,34
0195-IESCP,0.7313473374235251,High Risk,85.25,High Value,High Risk / High Value,Month-to-month,10
5373-SFODM,0.5009499165835387,High Risk,85.25,High Value,High Risk / High Value,Month-to-month,36
6331-EWIEB,0.6634195831859743,High Risk,85.25,High Value,High Risk / High Value,Month-to-month,20
8063-GBATB,0.6660478683133969,High Risk,85.25,High Value,High Risk / High Value,Month-to-month,27
3842-IYKUE,0.2158087162055036,High Risk,85.3,High Value,High Risk / High Value,Month-to-month,35
2952-QAYZF,0.6757565908950935,High Risk,85.3,High Value,High Risk / High Value,Month-to-month,5
8593-WHYHV,0.7739771116817974,High Risk,85.3,High Value,High Risk / High Value,Month-to-month,3
3536-IQCTX,0.5361201719810621,High Risk,85.3,High Value,High Risk / High Value,Month-to-month,32
2135-DQWAQ,0.5963040946267494,High Risk,85.3,High Value,High Risk / High Value,Month-to-month,5
2195-ZRVAX,0.38796525456210834,High Risk,85.3,High Value,High Risk / High Value,Month-to-month,47
6719-OXYBR,0.5426360382899665,High Risk,85.3,High Value,High Risk / High Value,Month-to-month,15
2959-FENLU,0.5911429666799722,High Risk,85.3,High Value,High Risk / High Value,Month-to-month,9
0419-YAAPX,0.2597325747111116,High Risk,85.3,High Value,High Risk / High Value,Month-to-month,49
3138-BKYAV,0.6661388597170167,High Risk,85.35,High Value,High Risk / High Value,Month-to-month,6
4248-QPAVC,0.5122245227337648,High Risk,85.35,High Value,High Risk / High Value,Month-to-month,17
4143-HHPMK,0.3100227046640731,High Risk,85.35,High Value,High Risk / High Value,Month-to-month,52
1845-CSBRZ,0.5157784856519224,High Risk,85.35,High Value,High Risk / High Value,Month-to-month,22
5153-RTHKF,0.47437814158134406,High Risk,85.35,High Value,High Risk / High Value,Month-to-month,34
2691-NZETQ,0.7348954848803838,High Risk,85.35,High Value,High Risk / High Value,Month-to-month,9
5569-KGJHX,0.6407559538316214,High Risk,85.35,High Value,High Risk / High Value,Month-to-month,9
1268-ASBGA,0.6577140527047612,High Risk,85.35,High Value,High Risk / High Value,Month-to-month,16
6432-TWQLB,0.597984581518745,High Risk,85.4,High Value,High Risk / High Value,Month-to-month,5
1170-SASML,0.16529039150475278,Low Risk,85.4,High Value,Low Risk / High Value,Month-to-month,69
0876-WDUUZ,0.5413538305475347,High Risk,85.4,High Value,High Risk / High Value,Month-to-month,5
0533-BNWKF,0.3575577261625389,High Risk,85.45,High Value,High Risk / High Value,Month-to-month,55
9124-LHCJQ,0.721431044320271,High Risk,85.45,High Value,High Risk / High Value,Month-to-month,1
5914-DVBWJ,0.5543043352686452,High Risk,85.45,High Value,High Risk / High Value,Month-to-month,18
5597-GLBUC,0.7314629317207689,High Risk,85.45,High Value,High Risk / High Value,Month-to-month,1
3370-GQEAL,0.45846507801246794,High Risk,85.45,High Value,High Risk / High Value,Month-to-month,30
0843-WTBXE,0.25985696293836624,High Risk,85.45,High Value,High Risk / High Value,Month-to-month,53
9102-IAYHT,0.6556721173012635,High Risk,85.45,High Value,High Risk / High Value,Month-to-month,17
1785-BPHTP,0.3974674127468319,High Risk,85.45,High Value,High Risk / High Value,Month-to-month,28
0913-XWSCN,0.22326893421663027,High Risk,85.5,High Value,High Risk / High Value,Month-to-month,55
6686-YPGHK,0.2106619651938402,High Risk,85.5,High Value,High Risk / High Value,Month-to-month,47
2215-ZAFGX,0.7363499265999165,High Risk,85.5,High Value,High Risk / High Value,Month-to-month,9
0235-KGSLC,0.647025809131912,High Risk,85.55,High Value,High Risk / High Value,Month-to-month,1
5277-ZLOOR,0.8157462348439795,High Risk,85.55,High Value,High Risk / High Value,Month-to-month,2
4395-PZMSN,0.7208104072990223,High Risk,85.55,High Value,High Risk / High Value,Month-to-month,5
3247-ZVOUO,0.7044978254247134,High Risk,85.55,High Value,High Risk / High Value,Month-to-month,10
8519-IMDHU,0.6816450068784293,High Risk,85.6,High Value,High Risk / High Value,Month-to-month,15
7249-WBIYX,0.7253690317394675,High Risk,85.6,High Value,High Risk / High Value,Month-to-month,10
7892-QVYKW,0.5194288045420759,High Risk,85.6,High Value,High Risk / High Value,Month-to-month,23
5018-GWURO,0.32197812671870774,High Risk,85.6,High Value,High Risk / High Value,Month-to-month,56
2027-CWDNU,0.49532352476862596,High Risk,85.6,High Value,High Risk / High Value,Month-to-month,18
0259-GBZSH,0.7765954184991531,High Risk,85.65,High Value,High Risk / High Value,Month-to-month,2
9944-AEXBM,0.4903549192950095,High Risk,85.65,High Value,High Risk / High Value,Month-to-month,32
7488-MXJIV,0.7676858263747207,High Risk,85.65,High Value,High Risk / High Value,Month-to-month,4
7994-UYIVZ,0.677756015332163,High Risk,85.65,High Value,High Risk / High Value,Month-to-month,8
0697-ZMSWS,0.7666666185064188,High Risk,85.65,High Value,High Risk / High Value,Month-to-month,4
5192-EBGOV,0.8194387171980068,High Risk,85.7,High Value,High Risk / High Value,Month-to-month,1
3916-NRPAP,0.5464297878396852,High Risk,85.7,High Value,High Risk / High Value,Month-to-month,3
1492-QGCLU,0.09555469926784618,Low Risk,85.7,High Value,Low Risk / High Value,Month-to-month,53
0869-PAPRP,0.49152771699940073,High Risk,85.7,High Value,High Risk / High Value,Month-to-month,26
1143-NMNQJ,0.7818439161017918,High Risk,85.7,High Value,High Risk / High Value,Month-to-month,2
7137-RYLPP,0.5823822169051744,High Risk,85.7,High Value,High Risk / High Value,Month-to-month,37
6563-VNPMN,0.16463249116715012,Low Risk,85.7,High Value,Low Risk / High Value,Month-to-month,45
5226-NOZFC,0.5064593163775758,High Risk,85.75,High Value,High Risk / High Value,Month-to-month,26
3982-DQLUS,0.18974422766646099,Low Risk,85.75,High Value,Low Risk / High Value,Month-to-month,65
4439-JMPMT,0.5990607753164345,High Risk,85.75,High Value,High Risk / High Value,Month-to-month,5
9885-AIBVB,0.4853510409943627,High Risk,85.8,High Value,High Risk / High Value,Month-to-month,29
3049-NDXFL,0.646506023397772,High Risk,85.8,High Value,High Risk / High Value,Month-to-month,1
0689-DSXGL,0.10037899521669624,Low Risk,85.8,High Value,Low Risk / High Value,Month-to-month,52
2860-RANUS,0.6279286890606237,High Risk,85.8,High Value,High Risk / High Value,Month-to-month,20
0378-TOVMS,0.5697666423364938,High Risk,85.8,High Value,High Risk / High Value,Month-to-month,3
0118-JPNOY,0.4140521056550673,High Risk,85.8,High Value,High Risk / High Value,Month-to-month,26
0220-EBGCE,0.7213861579261038,High Risk,85.85,High Value,High Risk / High Value,Month-to-month,2
2189-WWOEW,0.49275604370415665,High Risk,85.9,High Value,High Risk / High Value,Month-to-month,15
5522-NYKPB,0.35366858621953684,High Risk,85.9,High Value,High Risk / High Value,Month-to-month,25
5201-USSQZ,0.2953190163350698,High Risk,85.9,High Value,High Risk / High Value,Month-to-month,26
7621-VPNET,0.2691061191710943,High Risk,85.9,High Value,High Risk / High Value,Month-to-month,42
2876-GZYZC,0.7212500313939464,High Risk,85.95,High Value,High Risk / High Value,Month-to-month,13
8734-DKSTZ,0.6271782799315467,High Risk,85.95,High Value,High Risk / High Value,Month-to-month,10
4952-YSOGZ,0.7437928428130561,High Risk,85.95,High Value,High Risk / High Value,Month-to-month,4
2960-NKRSO,0.37900898117503623,High Risk,85.95,High Value,High Risk / High Value,Month-to-month,24
5307-DZCVC,0.5207058618574216,High Risk,85.95,High Value,High Risk / High Value,Month-to-month,32
8132-YPVBX,0.5894824487607678,High Risk,85.95,High Value,High Risk / High Value,Month-to-month,6
5433-KYGHE,0.34947950913706666,High Risk,86.0,High Value,High Risk / High Value,Month-to-month,14
9866-QEVEE,0.5907559557957174,High Risk,86.0,High Value,High Risk / High Value,Month-to-month,19
6474-FVJLC,0.7768347101005112,High Risk,86.0,High Value,High Risk / High Value,Month-to-month,2
4844-JJWUY,0.7499378393821995,High Risk,86.0,High Value,High Risk / High Value,Month-to-month,1
1342-JPNKI,0.66033057870648,High Risk,86.05,High Value,High Risk / High Value,Month-to-month,10
3452-ABWRL,0.39313999237912806,High Risk,86.05,High Value,High Risk / High Value,Month-to-month,47
2038-OEQZH,0.630075221540752,High Risk,86.05,High Value,High Risk / High Value,Month-to-month,4
1212-GLHMD,0.5496564277119464,High Risk,86.05,High Value,High Risk / High Value,Month-to-month,3
4826-XTSOH,0.8147231582686828,High Risk,86.05,High Value,High Risk / High Value,Month-to-month,1
0682-USIXD,0.5070279824760783,High Risk,86.05,High Value,High Risk / High Value,Month-to-month,21
5651-YLPRD,0.4292411912764246,High Risk,86.1,High Value,High Risk / High Value,Month-to-month,32
7460-ITWWP,0.4518360643045895,High Risk,86.1,High Value,High Risk / High Value,Month-to-month,45
7508-MYBOG,0.7023443898342856,High Risk,86.1,High Value,High Risk / High Value,Month-to-month,14
2716-GFZOR,0.17005657470963556,Low Risk,86.1,High Value,Low Risk / High Value,Month-to-month,43
3023-GFLBR,0.34518621904044,High Risk,86.15,High Value,High Risk / High Value,Month-to-month,33
6275-YDUVO,0.6480345647690966,High Risk,86.2,High Value,High Risk / High Value,Month-to-month,2
3540-RZJYU,0.4604165877738708,High Risk,86.2,High Value,High Risk / High Value,Month-to-month,15
3797-FKOGQ,0.6103346252588165,High Risk,86.2,High Value,High Risk / High Value,Month-to-month,11
0292-WEGCH,0.14856239179948402,Low Risk,86.2,High Value,Low Risk / High Value,Month-to-month,54
5989-PGKJB,0.5958646252966043,High Risk,86.25,High Value,High Risk / High Value,Month-to-month,16
4285-GYRQC,0.6877695873351994,High Risk,86.25,High Value,High Risk / High Value,Month-to-month,7
0133-BMFZO,0.46621422139332175,High Risk,86.25,High Value,High Risk / High Value,Month-to-month,2
3914-FDRHP,0.510368345774487,High Risk,86.25,High Value,High Risk / High Value,Month-to-month,9
6986-IJDHX,0.2861121085986324,High Risk,86.3,High Value,High Risk / High Value,Month-to-month,39
8337-MSSXB,0.6118851799746726,High Risk,86.3,High Value,High Risk / High Value,Month-to-month,14
0880-FVFWF,0.22559847205798553,High Risk,86.4,High Value,High Risk / High Value,Month-to-month,56
6352-TWCAU,0.550694139657131,High Risk,86.45,High Value,High Risk / High Value,Month-to-month,35
8861-HGGKB,0.658815242497024,High Risk,86.45,High Value,High Risk / High Value,Month-to-month,10
0141-YEAYS,0.49195143211193254,High Risk,86.45,High Value,High Risk / High Value,Month-to-month,27
2057-ZBLPD,0.6579727040574516,High Risk,86.5,High Value,High Risk / High Value,Month-to-month,21
1925-TIBLE,0.7470996436615903,High Risk,86.5,High Value,High Risk / High Value,Month-to-month,7
4911-BANWH,0.4470714525286107,High Risk,86.55,High Value,High Risk / High Value,Month-to-month,31
7858-GTZSP,0.7218937718013101,High Risk,86.55,High Value,High Risk / High Value,Month-to-month,12
7658-UYUQS,0.4748690753343042,High Risk,86.55,High Value,High Risk / High Value,Month-to-month,21
5229-PRWKT,0.7382432700176422,High Risk,86.55,High Value,High Risk / High Value,Month-to-month,8
8603-IJWDN,0.7810058428933246,High Risk,86.6,High Value,High Risk / High Value,Month-to-month,1
3372-KWFBM,0.7244810555417593,High Risk,86.6,High Value,High Risk / High Value,Month-to-month,16
7779-LGOVN,0.7675134309231924,High Risk,86.65,High Value,High Risk / High Value,Month-to-month,10
8404-FYDIB,0.32894036599936627,High Risk,86.65,High Value,High Risk / High Value,Month-to-month,26
2504-DSHIH,0.6069258954598471,High Risk,86.8,High Value,High Risk / High Value,Month-to-month,23
0744-GKNGE,0.0976258767920707,Low Risk,86.8,High Value,Low Risk / High Value,Month-to-month,64
9451-LPGOO,0.746825679293131,High Risk,86.8,High Value,High Risk / High Value,Month-to-month,7
4140-MUHUG,0.7539126490679751,High Risk,86.85,High Value,High Risk / High Value,Month-to-month,3
0168-XZKBB,0.6634530248374918,High Risk,86.85,High Value,High Risk / High Value,Month-to-month,19
3097-NQYSN,0.7445294846636862,High Risk,86.85,High Value,High Risk / High Value,Month-to-month,2
0428-IKYCP,0.4897008410490171,High Risk,87.0,High Value,High Risk / High Value,Month-to-month,22
6979-ZNSFF,0.7452270020490088,High Risk,87.05,High Value,High Risk / High Value,Month-to-month,8
9430-FRQOC,0.5110649740691218,High Risk,87.1,High Value,High Risk / High Value,Month-to-month,4
4884-ZTHVF,0.7009992760697596,High Risk,87.1,High Value,High Risk / High Value,Month-to-month,8
5318-IXUZF,0.6260221502550325,High Risk,87.15,High Value,High Risk / High Value,Month-to-month,2
0178-SZBHO,0.30643974152545994,High Risk,87.2,High Value,High Risk / High Value,Month-to-month,47
6439-GTPCA,0.3243762544646864,High Risk,87.25,High Value,High Risk / High Value,Month-to-month,45
2845-HSJCY,0.6814862868957575,High Risk,87.25,High Value,High Risk / High Value,Month-to-month,14
1580-BMCMR,0.5619524532151163,High Risk,87.3,High Value,High Risk / High Value,Month-to-month,19
5973-EJGDP,0.26171247006501996,High Risk,87.35,High Value,High Risk / High Value,Month-to-month,51
5498-TXHLF,0.4334793128061832,High Risk,87.45,High Value,High Risk / High Value,Month-to-month,34
5240-CAOYT,0.12992686528135217,Low Risk,87.55,High Value,Low Risk / High Value,Month-to-month,57
6711-VTNRE,0.3918182834566927,High Risk,87.55,High Value,High Risk / High Value,Month-to-month,36
4673-KKSLS,0.21586284603925548,High Risk,87.6,High Value,High Risk / High Value,Month-to-month,31
7241-AJHFS,0.20295001169004492,High Risk,87.65,High Value,High Risk / High Value,Month-to-month,32
9529-OFXHY,0.5370015243390441,High Risk,87.75,High Value,High Risk / High Value,Month-to-month,15
5294-DMSFH,0.47377045103699017,High Risk,87.8,High Value,High Risk / High Value,Month-to-month,29
4660-IRIBM,0.3877455171583532,High Risk,87.9,High Value,High Risk / High Value,Month-to-month,18
9741-YLNTD,0.6196569111024374,High Risk,87.95,High Value,High Risk / High Value,Month-to-month,6
4123-DVHPH,0.6625910998294859,High Risk,88.05,High Value,High Risk / High Value,Month-to-month,9
6583-QGCSI,0.45833580943973484,High Risk,88.05,High Value,High Risk / High Value,Month-to-month,50
3753-TSEMP,0.6300339962727777,High Risk,88.15,High Value,High Risk / High Value,Month-to-month,15
9688-YGXVR,0.3002288604404086,High Risk,88.15,High Value,High Risk / High Value,Month-to-month,44
9681-KYGYB,0.3006260862910225,High Risk,88.2,High Value,High Risk / High Value,Month-to-month,49
3254-YRILK,0.6951033840858618,High Risk,88.2,High Value,High Risk / High Value,Month-to-month,19
0378-NHQXU,0.5688629187062622,High Risk,88.25,High Value,High Risk / High Value,Month-to-month,17
4184-TJFAN,0.48698304858035146,High Risk,88.3,High Value,High Risk / High Value,Month-to-month,3
0504-HHAPI,0.49711839345658293,High Risk,88.3,High Value,High Risk / High Value,Month-to-month,27
9415-DPEWS,0.608842203269585,High Risk,88.35,High Value,High Risk / High Value,Month-to-month,18
3722-WPXTK,0.7806452601930669,High Risk,88.35,High Value,High Risk / High Value,Month-to-month,1
0772-GYEQQ,0.5529096459694925,High Risk,88.35,High Value,High Risk / High Value,Month-to-month,3
3143-JQEGI,0.6089254101065796,High Risk,88.35,High Value,High Risk / High Value,Month-to-month,13
4526-ZJJTM,0.42096739287544194,High Risk,88.4,High Value,High Risk / High Value,Month-to-month,25
4633-MKHYU,0.6632777339620574,High Risk,88.4,High Value,High Risk / High Value,Month-to-month,9
2811-POVEX,0.49213237863322434,High Risk,88.45,High Value,High Risk / High Value,Month-to-month,23
6087-MVHJH,0.6961010304728302,High Risk,88.45,High Value,High Risk / High Value,Month-to-month,16
7228-OMTPN,0.7647997535503882,High Risk,88.45,High Value,High Risk / High Value,Month-to-month,4
9626-VFRGG,0.36740837773484825,High Risk,88.5,High Value,High Risk / High Value,Month-to-month,41
4695-WJZUE,0.8143603992912873,High Risk,88.55,High Value,High Risk / High Value,Month-to-month,2
5846-QFDFI,0.2040132849754144,High Risk,88.6,High Value,High Risk / High Value,Month-to-month,33
9777-WJJPR,0.39239834374577365,High Risk,88.65,High Value,High Risk / High Value,Month-to-month,31
5366-IJEQJ,0.6593825099590318,High Risk,88.7,High Value,High Risk / High Value,Month-to-month,20
9054-FOWNV,0.6051030373995722,High Risk,88.75,High Value,High Risk / High Value,Month-to-month,22
1658-XUHBX,0.3067120878827599,High Risk,88.75,High Value,High Risk / High Value,Month-to-month,59
2672-TGEFF,0.47417532637738796,High Risk,88.8,High Value,High Risk / High Value,Month-to-month,37
3068-OMWZA,0.8130956827502424,High Risk,88.8,High Value,High Risk / High Value,Month-to-month,1
0311-UNPFF,0.546932543022365,High Risk,88.8,High Value,High Risk / High Value,Month-to-month,26
1169-WCVAK,0.3094199452419743,High Risk,88.8,High Value,High Risk / High Value,Month-to-month,19
4521-YEEHE,0.602955006994249,High Risk,88.85,High Value,High Risk / High Value,Month-to-month,18
4636-JGAAI,0.3552306380753006,High Risk,88.85,High Value,High Risk / High Value,Month-to-month,34
2657-VPXTA,0.7030820431375112,High Risk,88.85,High Value,High Risk / High Value,Month-to-month,10
1273-MTETI,0.8047233104062099,High Risk,88.85,High Value,High Risk / High Value,Month-to-month,4
5842-POCOP,0.5374761595085581,High Risk,88.9,High Value,High Risk / High Value,Month-to-month,5
0581-MDMPW,0.53671662735872,High Risk,88.95,High Value,High Risk / High Value,Month-to-month,24
4951-UKAAQ,0.7448459271675808,High Risk,88.95,High Value,High Risk / High Value,Month-to-month,4
6595-YGXIT,0.650153322691926,High Risk,88.95,High Value,High Risk / High Value,Month-to-month,25
7508-SMHXL,0.5453405883922858,High Risk,89.0,High Value,High Risk / High Value,Month-to-month,15
0611-DFXKO,0.5784209428766321,High Risk,89.0,High Value,High Risk / High Value,Month-to-month,20
0187-QSXOE,0.7824069609723191,High Risk,89.0,High Value,High Risk / High Value,Month-to-month,7
7277-OZCGZ,0.40951462194380217,High Risk,89.05,High Value,High Risk / High Value,Month-to-month,22
4154-AQUGT,0.5127041435007241,High Risk,89.05,High Value,High Risk / High Value,Month-to-month,13
1965-DDBWU,0.5209573868040931,High Risk,89.05,High Value,High Risk / High Value,Month-to-month,16
1452-KIOVK,0.4816313822320899,High Risk,89.1,High Value,High Risk / High Value,Month-to-month,22
1455-ESIQH,0.7785582230267463,High Risk,89.1,High Value,High Risk / High Value,Month-to-month,1
5828-DWPIL,0.2364416856518061,High Risk,89.1,High Value,High Risk / High Value,Month-to-month,62
3427-GGZZI,0.6408216048303417,High Risk,89.1,High Value,High Risk / High Value,Month-to-month,19
5626-MGTUK,0.5128189341655907,High Risk,89.1,High Value,High Risk / High Value,Month-to-month,20
2685-SREOM,0.6053177705973424,High Risk,89.1,High Value,High Risk / High Value,Month-to-month,25
4115-NZRKS,0.7847907452518954,High Risk,89.15,High Value,High Risk / High Value,Month-to-month,7
5575-TPIZQ,0.2992766747214207,High Risk,89.15,High Value,High Risk / High Value,Month-to-month,46
5419-KLXBN,0.41387852967292627,High Risk,89.15,High Value,High Risk / High Value,Month-to-month,25
3801-HMYNL,0.5982895129409462,High Risk,89.15,High Value,High Risk / High Value,Month-to-month,1
1792-UXAFY,0.6373978948626653,High Risk,89.15,High Value,High Risk / High Value,Month-to-month,17
5429-LWCMV,0.6935062077123402,High Risk,89.15,High Value,High Risk / High Value,Month-to-month,12
6005-OBZPH,0.6404648265949897,High Risk,89.15,High Value,High Risk / High Value,Month-to-month,26
4853-OITSN,0.6838134428744457,High Risk,89.15,High Value,High Risk / High Value,Month-to-month,5
2865-TCHJW,0.8006616276711699,High Risk,89.2,High Value,High Risk / High Value,Month-to-month,4
5857-TYBCJ,0.5404396638705263,High Risk,89.2,High Value,High Risk / High Value,Month-to-month,44
7251-XFOIL,0.22042447488635292,High Risk,89.2,High Value,High Risk / High Value,Month-to-month,61
2082-OJVTK,0.5673492365619874,High Risk,89.2,High Value,High Risk / High Value,Month-to-month,29
1818-ESQMW,0.46126386917792433,High Risk,89.2,High Value,High Risk / High Value,Month-to-month,27
1173-XZPYF,0.723873685121489,High Risk,89.2,High Value,High Risk / High Value,Month-to-month,11
9053-EJUNL,0.47055179365657834,High Risk,89.2,High Value,High Risk / High Value,Month-to-month,41
1894-IGFSG,0.5665900188088875,High Risk,89.25,High Value,High Risk / High Value,Month-to-month,22
7030-NJVDP,0.3980958178404322,High Risk,89.25,High Value,High Risk / High Value,Month-to-month,24
7577-SWIFR,0.7781391147527362,High Risk,89.25,High Value,High Risk / High Value,Month-to-month,1
8035-PWSEV,0.6196514992574312,High Risk,89.25,High Value,High Risk / High Value,Month-to-month,6
5898-IGSLP,0.24308030506442238,High Risk,89.3,High Value,High Risk / High Value,Month-to-month,31
6233-HXJMX,0.3956071241137958,High Risk,89.3,High Value,High Risk / High Value,Month-to-month,45
0345-HKJVM,0.6883484718404561,High Risk,89.3,High Value,High Risk / High Value,Month-to-month,6
1415-YFWLT,0.8164472938421629,High Risk,89.3,High Value,High Risk / High Value,Month-to-month,1
2869-ADAWR,0.3518571748020923,High Risk,89.3,High Value,High Risk / High Value,Month-to-month,45
4847-TAJYI,0.7935351338161759,High Risk,89.35,High Value,High Risk / High Value,Month-to-month,6
8481-YYXWG,0.6021030038057413,High Risk,89.35,High Value,High Risk / High Value,Month-to-month,5
7479-NITWS,0.6609433822124007,High Risk,89.35,High Value,High Risk / High Value,Month-to-month,7
4273-MBHYA,0.7548480486100376,High Risk,89.35,High Value,High Risk / High Value,Month-to-month,1
1513-XNPPH,0.5797182690445175,High Risk,89.4,High Value,High Risk / High Value,Month-to-month,12
0829-XXPLX,0.4365697947587017,High Risk,89.4,High Value,High Risk / High Value,Month-to-month,20
6413-XKKPU,0.48736840804004183,High Risk,89.4,High Value,High Risk / High Value,Month-to-month,17
1902-XBTFB,0.5081639838569453,High Risk,89.4,High Value,High Risk / High Value,Month-to-month,22
3374-LXDEV,0.45086170169210615,High Risk,89.4,High Value,High Risk / High Value,Month-to-month,13
0130-SXOUN,0.16928953732591404,Low Risk,89.4,High Value,Low Risk / High Value,Month-to-month,66
5136-GFPMB,0.24837327352979063,High Risk,89.4,High Value,High Risk / High Value,Month-to-month,54
2311-QYMUQ,0.45821207909841716,High Risk,89.45,High Value,High Risk / High Value,Month-to-month,16
0924-BJCRC,0.3058002305021403,High Risk,89.45,High Value,High Risk / High Value,Month-to-month,60
2675-OTVVJ,0.4611239018211729,High Risk,89.45,High Value,High Risk / High Value,Month-to-month,31
7394-FKDNK,0.6673613820514954,High Risk,89.45,High Value,High Risk / High Value,Month-to-month,9
9611-CTWIH,0.7692769593212915,High Risk,89.45,High Value,High Risk / High Value,Month-to-month,3
5644-PDMZC,0.7296818082185411,High Risk,89.5,High Value,High Risk / High Value,Month-to-month,2
9134-CEQMF,0.7846418475886416,High Risk,89.5,High Value,High Risk / High Value,Month-to-month,7
1724-BQUHA,0.7944168997841268,High Risk,89.5,High Value,High Risk / High Value,Month-to-month,5
4112-LUEIZ,0.7237125402853996,High Risk,89.5,High Value,High Risk / High Value,Month-to-month,10
2990-HWIML,0.7558396520498678,High Risk,89.5,High Value,High Risk / High Value,Month-to-month,6
8739-WWKDU,0.6415411466948193,High Risk,89.5,High Value,High Risk / High Value,Month-to-month,25
5348-CAGXB,0.7082167684127584,High Risk,89.55,High Value,High Risk / High Value,Month-to-month,12
0970-ETWGE,0.7772991980377256,High Risk,89.55,High Value,High Risk / High Value,Month-to-month,1
2074-GKOWZ,0.6810041781258236,High Risk,89.55,High Value,High Risk / High Value,Month-to-month,2
9350-VLHMB,0.22134437287231354,High Risk,89.55,High Value,High Risk / High Value,Month-to-month,67
1307-ATKGB,0.5333995182508416,High Risk,89.55,High Value,High Risk / High Value,Month-to-month,24
2856-NNASM,0.4521439338994375,High Risk,89.55,High Value,High Risk / High Value,Month-to-month,43
5666-CYCYZ,0.5680985265652003,High Risk,89.55,High Value,High Risk / High Value,Month-to-month,24
6818-WOBHJ,0.2688550776733371,High Risk,89.6,High Value,High Risk / High Value,Month-to-month,68
9565-DJPIB,0.54899974971373,High Risk,89.6,High Value,High Risk / High Value,Month-to-month,4
4821-SJHJV,0.3700615216272249,High Risk,89.6,High Value,High Risk / High Value,Month-to-month,32
0929-PECLO,0.3180094574873631,High Risk,89.6,High Value,High Risk / High Value,Month-to-month,63
9470-XCCEM,0.4045371112259181,High Risk,89.65,High Value,High Risk / High Value,Month-to-month,35
5922-ABDVO,0.5076925801937503,High Risk,89.65,High Value,High Risk / High Value,Month-to-month,19
1670-SVOWZ,0.392790318082426,High Risk,89.65,High Value,High Risk / High Value,Month-to-month,14
6897-UUBNU,0.2559641816787992,High Risk,89.65,High Value,High Risk / High Value,Month-to-month,29
8999-BOHSE,0.6330673505046192,High Risk,89.7,High Value,High Risk / High Value,Month-to-month,11
8922-LIEGH,0.6481749025451317,High Risk,89.7,High Value,High Risk / High Value,Month-to-month,25
1935-IMVBB,0.23552054140558729,High Risk,89.7,High Value,High Risk / High Value,Month-to-month,56
0135-NMXAP,0.6189220593843492,High Risk,89.75,High Value,High Risk / High Value,Month-to-month,12
6917-YACBP,0.26499999617742953,High Risk,89.75,High Value,High Risk / High Value,Month-to-month,59
1522-VVDMG,0.5366531409838183,High Risk,89.75,High Value,High Risk / High Value,Month-to-month,7
3462-BJQQA,0.7290573835011542,High Risk,89.75,High Value,High Risk / High Value,Month-to-month,6
1754-GKYPY,0.6207480858683613,High Risk,89.75,High Value,High Risk / High Value,Month-to-month,22
0058-EVZWM,0.25710308245232,High Risk,89.8,High Value,High Risk / High Value,Month-to-month,55
4402-FTBXC,0.14117302025277406,Low Risk,89.8,High Value,Low Risk / High Value,Month-to-month,54
1624-NALOJ,0.7749456015168199,High Risk,89.8,High Value,High Risk / High Value,Month-to-month,5
8337-UPOAQ,0.7668263256473239,High Risk,89.8,High Value,High Risk / High Value,Month-to-month,10
2114-MGINA,0.6149285037502267,High Risk,89.8,High Value,High Risk / High Value,Month-to-month,14
9526-JAWYF,0.4266321741965123,High Risk,89.8,High Value,High Risk / High Value,Month-to-month,26
4462-CYWMH,0.30377376797639505,High Risk,89.8,High Value,High Risk / High Value,Month-to-month,62
3071-VBYPO,0.4747392260268344,High Risk,89.85,High Value,High Risk / High Value,Month-to-month,3
7529-ZDFXI,0.39063278021124925,High Risk,89.85,High Value,High Risk / High Value,Month-to-month,57
5886-VLQVU,0.3941630249888025,High Risk,89.85,High Value,High Risk / High Value,Month-to-month,35
8565-CLBZW,0.5424350383512859,High Risk,89.85,High Value,High Risk / High Value,Month-to-month,24
7682-AZNDK,0.4148613527184122,High Risk,89.85,High Value,High Risk / High Value,Month-to-month,34
1112-CUNAO,0.6491617071702184,High Risk,89.85,High Value,High Risk / High Value,Month-to-month,15
7952-OBOYL,0.5454733995121399,High Risk,89.85,High Value,High Risk / High Value,Month-to-month,3
1215-FIGMP,0.2701875384040839,High Risk,89.9,High Value,High Risk / High Value,Month-to-month,60
4811-JBUVU,0.4118036812844505,High Risk,89.9,High Value,High Risk / High Value,Month-to-month,30
3027-ZTDHO,0.7763164309474523,High Risk,89.9,High Value,High Risk / High Value,Month-to-month,1
8751-EDEKA,0.3216951230529341,High Risk,89.9,High Value,High Risk / High Value,Month-to-month,28
3640-PHQXK,0.5875461826816294,High Risk,89.9,High Value,High Risk / High Value,Month-to-month,31
9436-ZBZCT,0.6191429580077026,High Risk,89.95,High Value,High Risk / High Value,Month-to-month,14
1302-UHBDD,0.619336973230211,High Risk,89.95,High Value,High Risk / High Value,Month-to-month,20
8182-BJDSI,0.5865141052634606,High Risk,89.95,High Value,High Risk / High Value,Month-to-month,28
1891-FZYSA,0.3130157921371133,High Risk,89.95,High Value,High Risk / High Value,Month-to-month,69
2139-FQHLM,0.3420129832286361,High Risk,89.95,High Value,High Risk / High Value,Month-to-month,19
3703-VAVCL,0.4264681871023308,High Risk,90.0,High Value,High Risk / High Value,Month-to-month,2
9492-TOKRI,0.5474568447000928,High Risk,90.0,High Value,High Risk / High Value,Month-to-month,18
2207-QPJED,0.35634656351552485,High Risk,90.0,High Value,High Risk / High Value,Month-to-month,37
7270-BDIOA,0.5721198680377678,High Risk,90.0,High Value,High Risk / High Value,Month-to-month,22
2322-VCZHZ,0.4987291545071218,High Risk,90.0,High Value,High Risk / High Value,Month-to-month,23
4183-MYFRB,0.5558687338557167,High Risk,90.05,High Value,High Risk / High Value,Month-to-month,21
4554-YGZIH,0.30245426908626744,High Risk,90.05,High Value,High Risk / High Value,Month-to-month,49
0634-SZPQA,0.4873757418711666,High Risk,90.05,High Value,High Risk / High Value,Month-to-month,23
6267-DCFFZ,0.6066642635698418,High Risk,90.05,High Value,High Risk / High Value,Month-to-month,30
8058-DMYRU,0.43302699662026556,High Risk,90.05,High Value,High Risk / High Value,Month-to-month,54
4228-ZGYUW,0.7377236350804892,High Risk,90.05,High Value,High Risk / High Value,Month-to-month,4
3161-GETRM,0.42391975213537075,High Risk,90.05,High Value,High Risk / High Value,Month-to-month,34
3154-CFSZG,0.20664962580211532,High Risk,90.05,High Value,High Risk / High Value,Month-to-month,47
9524-EGPJC,0.6029030834424134,High Risk,90.1,High Value,High Risk / High Value,Month-to-month,18
8780-IXSTS,0.7260443806186259,High Risk,90.1,High Value,High Risk / High Value,Month-to-month,6
1941-HOSAM,0.7477424373830219,High Risk,90.1,High Value,High Risk / High Value,Month-to-month,1
6969-MVBAI,0.7734586292502732,High Risk,90.1,High Value,High Risk / High Value,Month-to-month,9
1173-NOEYG,0.45322497235045434,High Risk,90.15,High Value,High Risk / High Value,Month-to-month,27
7321-PKUYW,0.5694289647487215,High Risk,90.15,High Value,High Risk / High Value,Month-to-month,11
9921-QFQUL,0.46918201144676824,High Risk,90.15,High Value,High Risk / High Value,Month-to-month,23
6319-IEJWJ,0.620881848812931,High Risk,90.2,High Value,High Risk / High Value,Month-to-month,20
9170-CCKOU,0.31165509967172106,High Risk,90.2,High Value,High Risk / High Value,Month-to-month,17
8012-SOUDQ,0.5113828293656254,High Risk,90.25,High Value,High Risk / High Value,Month-to-month,43
6032-KRXXO,0.589758643491638,High Risk,90.25,High Value,High Risk / High Value,Month-to-month,30
4813-HQMGZ,0.6746050779976016,High Risk,90.25,High Value,High Risk / High Value,Month-to-month,8
0139-IVFJG,0.5263218578163535,High Risk,90.35,High Value,High Risk / High Value,Month-to-month,2
9469-WEJBT,0.3853309167770606,High Risk,90.35,High Value,High Risk / High Value,Month-to-month,37
4873-ILOLJ,0.6348045982539834,High Risk,90.35,High Value,High Risk / High Value,Month-to-month,24
8212-DJRCH,0.48650731932629926,High Risk,90.35,High Value,High Risk / High Value,Month-to-month,5
8266-VBFQL,0.6277732433365312,High Risk,90.4,High Value,High Risk / High Value,Month-to-month,4
2034-GDRCN,0.772883755101629,High Risk,90.4,High Value,High Risk / High Value,Month-to-month,2
8782-LKFPK,0.3982307254207283,High Risk,90.4,High Value,High Risk / High Value,Month-to-month,44
7449-HVPIV,0.2815365838843874,High Risk,90.4,High Value,High Risk / High Value,Month-to-month,55
5131-PONJI,0.23271725774720944,High Risk,90.4,High Value,High Risk / High Value,Month-to-month,49
0258-NOKBL,0.60230493065042,High Risk,90.4,High Value,High Risk / High Value,Month-to-month,3
1236-WFCDV,0.5783613127849406,High Risk,90.45,High Value,High Risk / High Value,Month-to-month,14
1579-KLYDT,0.7373529528782579,High Risk,90.45,High Value,High Risk / High Value,Month-to-month,7
6507-ZJSUR,0.6867863459858669,High Risk,90.45,High Value,High Risk / High Value,Month-to-month,23
4918-FYJNT,0.221941058209372,High Risk,90.45,High Value,High Risk / High Value,Month-to-month,55
7156-MHUGY,0.7484116090937908,High Risk,90.5,High Value,High Risk / High Value,Month-to-month,13
6741-EGCBI,0.4461432329684161,High Risk,90.5,High Value,High Risk / High Value,Month-to-month,30
6284-AHOOQ,0.5353778900763891,High Risk,90.5,High Value,High Risk / High Value,Month-to-month,22
7294-TMAOP,0.7139174004742079,High Risk,90.55,High Value,High Risk / High Value,Month-to-month,1
7979-CORPM,0.5096385252297546,High Risk,90.55,High Value,High Risk / High Value,Month-to-month,24
7274-RTAPZ,0.7744831127412156,High Risk,90.55,High Value,High Risk / High Value,Month-to-month,1
1020-JPQOW,0.18126162749924002,Low Risk,90.55,High Value,Low Risk / High Value,Month-to-month,56
5325-UWTWJ,0.24093348404994214,High Risk,90.55,High Value,High Risk / High Value,Month-to-month,31
0376-YMCJC,0.5460417136686647,High Risk,90.6,High Value,High Risk / High Value,Month-to-month,23
7928-VJYAB,0.6076746686813842,High Risk,90.6,High Value,High Risk / High Value,Month-to-month,11
5797-APWZC,0.7137519853651202,High Risk,90.6,High Value,High Risk / High Value,Month-to-month,1
4325-NFSKC,0.6269788322899942,High Risk,90.6,High Value,High Risk / High Value,Month-to-month,19
8775-LHDJH,0.7922546845777071,High Risk,90.6,High Value,High Risk / High Value,Month-to-month,1
6908-VVYHM,0.3028758900274056,High Risk,90.65,High Value,High Risk / High Value,Month-to-month,65
2495-KZNFB,0.48199383327742906,High Risk,90.65,High Value,High Risk / High Value,Month-to-month,33
5339-PXDVH,0.608178527327248,High Risk,90.65,High Value,High Risk / High Value,Month-to-month,4
5692-ICXLW,0.6011920129848782,High Risk,90.7,High Value,High Risk / High Value,Month-to-month,31
3771-PZOBW,0.5594890340173134,High Risk,90.7,High Value,High Risk / High Value,Month-to-month,20
9281-OFDMF,0.44729922897223207,High Risk,90.7,High Value,High Risk / High Value,Month-to-month,39
6794-HKIAJ,0.1119338005234288,Low Risk,90.7,High Value,Low Risk / High Value,Month-to-month,62
0432-CAJZV,0.6121237205687634,High Risk,90.7,High Value,High Risk / High Value,Month-to-month,3
0577-WHMEV,0.4135469744112765,High Risk,90.7,High Value,High Risk / High Value,Month-to-month,16
9050-QLROH,0.57721973342681,High Risk,90.7,High Value,High Risk / High Value,Month-to-month,18
4137-BTIKL,0.536458778512751,High Risk,90.75,High Value,High Risk / High Value,Month-to-month,2
8622-ZLFKO,0.7251533145715654,High Risk,90.75,High Value,High Risk / High Value,Month-to-month,6
2725-KXXWT,0.7733895796856876,High Risk,90.75,High Value,High Risk / High Value,Month-to-month,1
8189-HBVRW,0.19445466523280552,High Risk,90.8,High Value,High Risk / High Value,Month-to-month,53
9172-JITSM,0.5830407961610402,High Risk,90.8,High Value,High Risk / High Value,Month-to-month,26
7330-WZLNC,0.7312830820051484,High Risk,90.8,High Value,High Risk / High Value,Month-to-month,5
0112-QAWRZ,0.5740961508879386,High Risk,90.8,High Value,High Risk / High Value,Month-to-month,16
1891-UAWWU,0.6401732313711376,High Risk,90.8,High Value,High Risk / High Value,Month-to-month,20
9846-GKXAS,0.6677456724695261,High Risk,90.8,High Value,High Risk / High Value,Month-to-month,9
5167-ZFFMM,0.6718688047868614,High Risk,90.85,High Value,High Risk / High Value,Month-to-month,1
7481-ATQQS,0.4090692566153616,High Risk,90.85,High Value,High Risk / High Value,Month-to-month,49
2988-GBIVW,0.2776858927068575,High Risk,90.85,High Value,High Risk / High Value,Month-to-month,70
5281-BUZGT,0.49777810996311617,High Risk,90.85,High Value,High Risk / High Value,Month-to-month,36
9725-SCPZG,0.7460153971156019,High Risk,90.85,High Value,High Risk / High Value,Month-to-month,1
4373-MAVJG,0.5670848039659063,High Risk,90.9,High Value,High Risk / High Value,Month-to-month,14
8563-OYMQY,0.48704847883319513,High Risk,90.95,High Value,High Risk / High Value,Month-to-month,17
8189-XRIKE,0.5436059696062291,High Risk,90.95,High Value,High Risk / High Value,Month-to-month,32
2472-OVKUP,0.6569683899371743,High Risk,91.0,High Value,High Risk / High Value,Month-to-month,6
1379-FRVEB,0.6314032778861948,High Risk,91.0,High Value,High Risk / High Value,Month-to-month,15
5213-TWWJU,0.36937369434209477,High Risk,91.0,High Value,High Risk / High Value,Month-to-month,28
2378-HTWFW,0.3362500738525915,High Risk,91.0,High Value,High Risk / High Value,Month-to-month,35
2573-GYRUU,0.40545223427369553,High Risk,91.05,High Value,High Risk / High Value,Month-to-month,48
5222-IMUKT,0.481720568167733,High Risk,91.05,High Value,High Risk / High Value,Month-to-month,32
7739-LAXOG,0.4647511246306891,High Risk,91.05,High Value,High Risk / High Value,Month-to-month,32
1389-CXMLU,0.7379842854454781,High Risk,91.05,High Value,High Risk / High Value,Month-to-month,3
2672-HUYVI,0.7442408499927343,High Risk,91.1,High Value,High Risk / High Value,Month-to-month,6
6818-DJXAA,0.5513937239408638,High Risk,91.1,High Value,High Risk / High Value,Month-to-month,10
1195-OIYEJ,0.6995251717706622,High Risk,91.1,High Value,High Risk / High Value,Month-to-month,13
5091-HFAZW,0.6060576772399323,High Risk,91.15,High Value,High Risk / High Value,Month-to-month,2
9576-SYUHJ,0.44218039502423334,High Risk,91.15,High Value,High Risk / High Value,Month-to-month,37
8714-EUHJO,0.528228410577518,High Risk,91.15,High Value,High Risk / High Value,Month-to-month,31
0365-TRTPY,0.21865226424007622,High Risk,91.2,High Value,High Risk / High Value,Month-to-month,37
6712-OAWRH,0.6670476904534429,High Risk,91.25,High Value,High Risk / High Value,Month-to-month,26
8849-AYPTR,0.47266191103304184,High Risk,91.25,High Value,High Risk / High Value,Month-to-month,33
3988-RQIXO,0.8115433487644094,High Risk,91.3,High Value,High Risk / High Value,Month-to-month,1
3398-FSHON,0.7302261329245301,High Risk,91.3,High Value,High Risk / High Value,Month-to-month,12
9904-EHEVJ,0.4966644031415432,High Risk,91.35,High Value,High Risk / High Value,Month-to-month,32
9546-CQJSU,0.7700112367854954,High Risk,91.4,High Value,High Risk / High Value,Month-to-month,2
8414-MYSHR,0.7878495015104049,High Risk,91.4,High Value,High Risk / High Value,Month-to-month,5
4927-WWOOZ,0.7640486285442951,High Risk,91.45,High Value,High Risk / High Value,Month-to-month,2
6745-JEFZB,0.36987980728193354,High Risk,91.5,High Value,High Risk / High Value,Month-to-month,35
9402-ORRAH,0.7389963137534202,High Risk,91.5,High Value,High Risk / High Value,Month-to-month,15
5095-AESKG,0.6583306960699666,High Risk,91.5,High Value,High Risk / High Value,Month-to-month,3
0093-EXYQL,0.5689945610904749,High Risk,91.55,High Value,High Risk / High Value,Month-to-month,40
4001-TSBTV,0.26710770017668367,High Risk,91.55,High Value,High Risk / High Value,Month-to-month,58
4583-PARNH,0.5934190564101272,High Risk,91.55,High Value,High Risk / High Value,Month-to-month,16
5712-AHQNN,0.3876002132002018,High Risk,91.65,High Value,High Risk / High Value,Month-to-month,43
6892-EZDTG,0.7339676166652004,High Risk,91.65,High Value,High Risk / High Value,Month-to-month,4
6692-UDPJC,0.5897968713632427,High Risk,91.65,High Value,High Risk / High Value,Month-to-month,14
2684-EIWEO,0.28183128173018973,High Risk,91.7,High Value,High Risk / High Value,Month-to-month,30
3186-BAXNB,0.5352829567729375,High Risk,91.7,High Value,High Risk / High Value,Month-to-month,1
3717-LNXKW,0.2850467823022925,High Risk,91.7,High Value,High Risk / High Value,Month-to-month,38
9940-HPQPG,0.3957807154536427,High Risk,91.75,High Value,High Risk / High Value,Month-to-month,9
0595-ITUDF,0.16845701806227117,Low Risk,91.8,High Value,Low Risk / High Value,Month-to-month,64
9614-RMGHA,0.23674386978360124,High Risk,91.85,High Value,High Risk / High Value,Month-to-month,65
5442-UTCVD,0.6587325202557744,High Risk,91.85,High Value,High Risk / High Value,Month-to-month,3
4558-FANTW,0.3262018042023105,High Risk,91.85,High Value,High Risk / High Value,Month-to-month,17
2974-GGUXS,0.4658445407580195,High Risk,91.95,High Value,High Risk / High Value,Month-to-month,36
3318-NMQXL,0.7590025467036402,High Risk,92.0,High Value,High Risk / High Value,Month-to-month,3
4145-UQXUQ,0.7798653179743187,High Risk,92.1,High Value,High Risk / High Value,Month-to-month,8
4879-GZLFH,0.4684493889296133,High Risk,92.15,High Value,High Risk / High Value,Month-to-month,42
3348-CFRNX,0.434020220717468,High Risk,92.35,High Value,High Risk / High Value,Month-to-month,28
3466-RITXD,0.39905420063557806,High Risk,92.4,High Value,High Risk / High Value,Month-to-month,26
2462-XIIJB,0.7449345290477909,High Risk,92.5,High Value,High Risk / High Value,Month-to-month,5
5747-PMBSQ,0.515536784838403,High Risk,92.5,High Value,High Risk / High Value,Month-to-month,10
3990-QYKBE,0.6635746090126422,High Risk,92.5,High Value,High Risk / High Value,Month-to-month,37
5977-CKHON,0.3831967058297963,High Risk,92.55,High Value,High Risk / High Value,Month-to-month,43
6100-QQHEB,0.706652151351882,High Risk,92.55,High Value,High Risk / High Value,Month-to-month,17
3162-ZJZFU,0.21325668489877544,High Risk,92.55,High Value,High Risk / High Value,Month-to-month,53
7668-XCFYV,0.7856689353699119,High Risk,92.55,High Value,High Risk / High Value,Month-to-month,17
6198-RTPMF,0.674790997039078,High Risk,92.6,High Value,High Risk / High Value,Month-to-month,17
2074-GUHPQ,0.36377148599689796,High Risk,92.7,High Value,High Risk / High Value,Month-to-month,17
1930-WNXSB,0.31462698526115324,High Risk,92.85,High Value,High Risk / High Value,Month-to-month,58
6986-IXNDM,0.6938498371634085,High Risk,92.9,High Value,High Risk / High Value,Month-to-month,14
7483-IQWIB,0.4646890627225744,High Risk,92.95,High Value,High Risk / High Value,Month-to-month,37
0943-ZQPXH,0.37476236343015396,High Risk,92.95,High Value,High Risk / High Value,Month-to-month,44
5141-ZUVBH,0.3195407177165745,High Risk,93.0,High Value,High Risk / High Value,Month-to-month,9
2371-JQHZZ,0.6982143536226179,High Risk,93.0,High Value,High Risk / High Value,Month-to-month,24
2840-XANRC,0.6786921855651036,High Risk,93.15,High Value,High Risk / High Value,Month-to-month,24
8290-YWKHZ,0.6935235064728459,High Risk,93.2,High Value,High Risk / High Value,Month-to-month,32
5482-VXSXJ,0.5359478785638083,High Risk,93.2,High Value,High Risk / High Value,Month-to-month,22
7562-GSUHK,0.4950481958022778,High Risk,93.2,High Value,High Risk / High Value,Month-to-month,16
4250-WAROZ,0.29062294670601035,High Risk,93.25,High Value,High Risk / High Value,Month-to-month,60
3144-KMTWZ,0.21774713328257306,High Risk,93.25,High Value,High Risk / High Value,Month-to-month,71
1485-YDHMM,0.21926518362147046,High Risk,93.25,High Value,High Risk / High Value,Month-to-month,52
6521-YYTYI,0.7969876772403226,High Risk,93.3,High Value,High Risk / High Value,Month-to-month,1
0236-HFWSV,0.7530488492401336,High Risk,93.35,High Value,High Risk / High Value,Month-to-month,15
7422-WNBTY,0.537303623868069,High Risk,93.35,High Value,High Risk / High Value,Month-to-month,33
6300-BWMJX,0.23170290810132302,High Risk,93.35,High Value,High Risk / High Value,Month-to-month,59
6578-KRMAW,0.29512631218184304,High Risk,93.4,High Value,High Risk / High Value,Month-to-month,32
5708-EVONK,0.20069972257060995,High Risk,93.4,High Value,High Risk / High Value,Month-to-month,58
1685-BQULA,0.4132323177680275,High Risk,93.4,High Value,High Risk / High Value,Month-to-month,40
3316-UWXUY,0.15352846069690101,Low Risk,93.5,High Value,Low Risk / High Value,Month-to-month,50
0674-DGMAQ,0.5948246434813147,High Risk,93.5,High Value,High Risk / High Value,Month-to-month,32
1731-TVIUK,0.6689558499869617,High Risk,93.5,High Value,High Risk / High Value,Month-to-month,4
2985-FMWYF,0.7195821377578968,High Risk,93.5,High Value,High Risk / High Value,Month-to-month,23
9497-QCMMS,0.8494809925394343,High Risk,93.55,High Value,High Risk / High Value,Month-to-month,1
9025-AOMKI,0.7453030495601112,High Risk,93.55,High Value,High Risk / High Value,Month-to-month,6
9189-JWSHV,0.7451599761318639,High Risk,93.55,High Value,High Risk / High Value,Month-to-month,24
7402-EYFXX,0.7268559104531443,High Risk,93.6,High Value,High Risk / High Value,Month-to-month,26
0376-OIWME,0.45495695645585654,High Risk,93.6,High Value,High Risk / High Value,Month-to-month,36
8178-EYZUO,0.34563675207024436,High Risk,93.7,High Value,High Risk / High Value,Month-to-month,46
3062-ICYZQ,0.27988132472168475,High Risk,93.8,High Value,High Risk / High Value,Month-to-month,51
8749-JMNKX,0.3240912535402393,High Risk,93.8,High Value,High Risk / High Value,Month-to-month,51
8914-RBTSB,0.47047502801523955,High Risk,93.8,High Value,High Risk / High Value,Month-to-month,31
7852-LECYP,0.4685957617779979,High Risk,93.8,High Value,High Risk / High Value,Month-to-month,13
2719-BDAQO,0.512867525426614,High Risk,93.85,High Value,High Risk / High Value,Month-to-month,17
5002-GCQFH,0.2761780398918626,High Risk,93.85,High Value,High Risk / High Value,Month-to-month,49
7024-OHCCK,0.8473380324659238,High Risk,93.85,High Value,High Risk / High Value,Month-to-month,2
0397-GZBBC,0.4276210263223274,High Risk,93.85,High Value,High Risk / High Value,Month-to-month,59
4626-GYCZP,0.7901874049952908,High Risk,93.85,High Value,High Risk / High Value,Month-to-month,7
8149-RSOUN,0.8224458938653414,High Risk,93.85,High Value,High Risk / High Value,Month-to-month,1
4424-TKOPW,0.8453764990940454,High Risk,93.85,High Value,High Risk / High Value,Month-to-month,2
9912-GVSEQ,0.6389574437445195,High Risk,93.85,High Value,High Risk / High Value,Month-to-month,26
4307-KTUMW,0.2677118012534285,High Risk,93.9,High Value,High Risk / High Value,Month-to-month,53
7268-IGMFD,0.48886444095483994,High Risk,93.9,High Value,High Risk / High Value,Month-to-month,18
1608-GMEWB,0.5267093341901763,High Risk,93.9,High Value,High Risk / High Value,Month-to-month,45
5380-AFSSK,0.7422261616300619,High Risk,93.9,High Value,High Risk / High Value,Month-to-month,5
0111-KLBQG,0.45664995660891744,High Risk,93.95,High Value,High Risk / High Value,Month-to-month,32
1567-DSCIC,0.7064985696180641,High Risk,94.0,High Value,High Risk / High Value,Month-to-month,8
9300-AGZNL,0.8485467627756909,High Risk,94.0,High Value,High Risk / High Value,Month-to-month,1
2982-VPSGI,0.7765060185731519,High Risk,94.0,High Value,High Risk / High Value,Month-to-month,11
6833-JMZYP,0.6110973839321394,High Risk,94.0,High Value,High Risk / High Value,Month-to-month,15
2720-WGKHP,0.8444592995163648,High Risk,94.0,High Value,High Risk / High Value,Month-to-month,2
2267-WTPYD,0.2608306912382932,High Risk,94.0,High Value,High Risk / High Value,Month-to-month,57
8087-LGYHQ,0.7233290905164795,High Risk,94.05,High Value,High Risk / High Value,Month-to-month,9
9600-UDOPK,0.5661132035528852,High Risk,94.05,High Value,High Risk / High Value,Month-to-month,30
6137-NICCO,0.6043336680285557,High Risk,94.05,High Value,High Risk / High Value,Month-to-month,6
5609-CEBID,0.6762406773210186,High Risk,94.1,High Value,High Risk / High Value,Month-to-month,20
5334-JLAXU,0.19281342728022743,Low Risk,94.1,High Value,Low Risk / High Value,Month-to-month,60
4760-THGOT,0.3856098380240607,High Risk,94.1,High Value,High Risk / High Value,Month-to-month,43
8161-QYMTT,0.7927672284041953,High Risk,94.1,High Value,High Risk / High Value,Month-to-month,7
9360-OMDZZ,0.6997623767240629,High Risk,94.1,High Value,High Risk / High Value,Month-to-month,24
0023-XUOPT,0.598256379980523,High Risk,94.1,High Value,High Risk / High Value,Month-to-month,13
3976-BWUCK,0.3810532650294339,High Risk,94.1,High Value,High Risk / High Value,Month-to-month,30
1346-PJWTK,0.11400568790680915,Low Risk,94.15,High Value,Low Risk / High Value,Month-to-month,61
7218-HKQFK,0.6986749627984901,High Risk,94.2,High Value,High Risk / High Value,Month-to-month,2
5935-FCCNB,0.7812279725610674,High Risk,94.2,High Value,High Risk / High Value,Month-to-month,17
2929-ERCFZ,0.7056716713341762,High Risk,94.2,High Value,High Risk / High Value,Month-to-month,8
9093-FPDLG,0.5448450630636571,High Risk,94.2,High Value,High Risk / High Value,Month-to-month,11
5519-NPHVG,0.7644870307302095,High Risk,94.2,High Value,High Risk / High Value,Month-to-month,12
0082-OQIQY,0.5040797839711997,High Risk,94.2,High Value,High Risk / High Value,Month-to-month,29
3006-XIMLN,0.7388165989591328,High Risk,94.2,High Value,High Risk / High Value,Month-to-month,2
8708-XPXHZ,0.55781430654576,High Risk,94.2,High Value,High Risk / High Value,Month-to-month,42
7789-CRUVC,0.14409137842625652,Low Risk,94.2,High Value,Low Risk / High Value,Month-to-month,61
8621-MNIHH,0.5873408608845152,High Risk,94.25,High Value,High Risk / High Value,Month-to-month,34
1728-CXQBE,0.36733936535458167,High Risk,94.25,High Value,High Risk / High Value,Month-to-month,64
4094-NSEDU,0.7596251550048275,High Risk,94.25,High Value,High Risk / High Value,Month-to-month,21
2645-QTLMB,0.712613390718162,High Risk,94.25,High Value,High Risk / High Value,Month-to-month,7
8063-RJYNF,0.5991875413672471,High Risk,94.25,High Value,High Risk / High Value,Month-to-month,16
0730-KOAVE,0.3633411642351088,High Risk,94.3,High Value,High Risk / High Value,Month-to-month,30
1374-DMZUI,0.8411816147865581,High Risk,94.3,High Value,High Risk / High Value,Month-to-month,4
5461-QKNTN,0.42368953661157993,High Risk,94.3,High Value,High Risk / High Value,Month-to-month,43
9919-KNPOO,0.7157769047131712,High Risk,94.3,High Value,High Risk / High Value,Month-to-month,21
5274-XHAKY,0.2912517884904407,High Risk,94.3,High Value,High Risk / High Value,Month-to-month,41
5698-BQJOH,0.7208450486008523,High Risk,94.4,High Value,High Risk / High Value,Month-to-month,9
9058-HRZSV,0.17341726421263767,Low Risk,94.4,High Value,Low Risk / High Value,Month-to-month,65
2267-FPIMA,0.25921700002541087,High Risk,94.4,High Value,High Risk / High Value,Month-to-month,50
9763-PDTKK,0.46470345321698586,High Risk,94.4,High Value,High Risk / High Value,Month-to-month,4
2979-SXESE,0.4744769728815438,High Risk,94.4,High Value,High Risk / High Value,Month-to-month,17
9658-WYUFB,0.5683670822004161,High Risk,94.4,High Value,High Risk / High Value,Month-to-month,17
9574-RKJIF,0.4288010596739992,High Risk,94.4,High Value,High Risk / High Value,Month-to-month,30
2347-WKKAE,0.41549905531455755,High Risk,94.4,High Value,High Risk / High Value,Month-to-month,42
9223-UCPVT,0.7074259963596682,High Risk,94.4,High Value,High Risk / High Value,Month-to-month,1
4385-GZQXV,0.662112088265288,High Risk,94.45,High Value,High Risk / High Value,Month-to-month,16
3143-ILDAL,0.2869558964521254,High Risk,94.45,High Value,High Risk / High Value,Month-to-month,56
7271-AJDTL,0.28317570600779385,High Risk,94.45,High Value,High Risk / High Value,Month-to-month,55
3217-FZDMN,0.6975331130921306,High Risk,94.45,High Value,High Risk / High Value,Month-to-month,8
4192-GORJT,0.7480922823408666,High Risk,94.45,High Value,High Risk / High Value,Month-to-month,5
9253-QXKBE,0.7033379838625038,High Risk,94.45,High Value,High Risk / High Value,Month-to-month,29
5244-IRFIH,0.6828678251037283,High Risk,94.5,High Value,High Risk / High Value,Month-to-month,33
5899-OUVKV,0.5524881210897683,High Risk,94.5,High Value,High Risk / High Value,Month-to-month,31
1481-ZUWZA,0.38825933688736275,High Risk,94.5,High Value,High Risk / High Value,Month-to-month,28
9699-UBQFS,0.4368503271302507,High Risk,94.5,High Value,High Risk / High Value,Month-to-month,43
6101-IMRMM,0.5500712317099694,High Risk,94.5,High Value,High Risk / High Value,Month-to-month,6
6522-YRBXD,0.4897510445468096,High Risk,94.55,High Value,High Risk / High Value,Month-to-month,35
1626-ERCMM,0.7604852213965119,High Risk,94.55,High Value,High Risk / High Value,Month-to-month,20
9898-KZQDZ,0.4997862496366325,High Risk,94.55,High Value,High Risk / High Value,Month-to-month,40
5439-WIKXB,0.5265788406934365,High Risk,94.55,High Value,High Risk / High Value,Month-to-month,41
4971-PUYQO,0.6100365716534042,High Risk,94.55,High Value,High Risk / High Value,Month-to-month,27
3338-CVVEH,0.6995024188023296,High Risk,94.55,High Value,High Risk / High Value,Month-to-month,12
4910-GMJOT,0.8206652018838849,High Risk,94.6,High Value,High Risk / High Value,Month-to-month,1
9058-MJLZC,0.5491073722724232,High Risk,94.6,High Value,High Risk / High Value,Month-to-month,24
5567-WSELE,0.8389549901818862,High Risk,94.6,High Value,High Risk / High Value,Month-to-month,3
4070-OKWVH,0.2634969125004578,High Risk,94.6,High Value,High Risk / High Value,Month-to-month,52
4124-MMETB,0.6207341636939436,High Risk,94.65,High Value,High Risk / High Value,Month-to-month,22
5364-XYIRR,0.5053421403497188,High Risk,94.65,High Value,High Risk / High Value,Month-to-month,51
4831-EOBFE,0.2896996597920832,High Risk,94.65,High Value,High Risk / High Value,Month-to-month,29
6173-GOLSU,0.33135533811379064,High Risk,94.65,High Value,High Risk / High Value,Month-to-month,67
0848-ZGQIJ,0.5819872274214646,High Risk,94.65,High Value,High Risk / High Value,Month-to-month,16
2037-SGXHH,0.4589693399625502,High Risk,94.65,High Value,High Risk / High Value,Month-to-month,38
0129-KPTWJ,0.2869309446692296,High Risk,94.65,High Value,High Risk / High Value,Month-to-month,72
6583-KQJLK,0.7025601032828747,High Risk,94.65,High Value,High Risk / High Value,Month-to-month,15
0148-DCDOS,0.6182388253409298,High Risk,94.7,High Value,High Risk / High Value,Month-to-month,25
5955-ERIHD,0.7289550581534454,High Risk,94.7,High Value,High Risk / High Value,Month-to-month,18
0325-XBFAC,0.7284333698682331,High Risk,94.7,High Value,High Risk / High Value,Month-to-month,8
3647-GMGDH,0.5331525961869356,High Risk,94.7,High Value,High Risk / High Value,Month-to-month,22
6502-HCJTI,0.59188419428869,High Risk,94.7,High Value,High Risk / High Value,Month-to-month,7
1472-TNCWL,0.4818005202981923,High Risk,94.7,High Value,High Risk / High Value,Month-to-month,36
5168-MSWXT,0.6978691482315224,High Risk,94.75,High Value,High Risk / High Value,Month-to-month,8
7943-RQCHR,0.7849733780295138,High Risk,94.75,High Value,High Risk / High Value,Month-to-month,9
8017-LXHFA,0.6685213377747916,High Risk,94.75,High Value,High Risk / High Value,Month-to-month,23
5144-TVGLP,0.5742341750472255,High Risk,94.75,High Value,High Risk / High Value,Month-to-month,38
6350-XFYGW,0.7920186068397098,High Risk,94.75,High Value,High Risk / High Value,Month-to-month,4
0060-FUALY,0.2757489054764021,High Risk,94.75,High Value,High Risk / High Value,Month-to-month,59
3096-GKWEB,0.7290267613494543,High Risk,94.75,High Value,High Risk / High Value,Month-to-month,18
7982-VCELR,0.4307964487183354,High Risk,94.8,High Value,High Risk / High Value,Month-to-month,36
7225-CBZPL,0.7727227496398276,High Risk,94.8,High Value,High Risk / High Value,Month-to-month,17
3387-VATUS,0.7436635717500327,High Risk,94.85,High Value,High Risk / High Value,Month-to-month,5
5150-ITWWB,0.841076453410575,High Risk,94.85,High Value,High Risk / High Value,Month-to-month,3
3045-XETSH,0.697975075506786,High Risk,94.85,High Value,High Risk / High Value,Month-to-month,10
2344-JMOGN,0.463218661646707,High Risk,94.85,High Value,High Risk / High Value,Month-to-month,9
7398-SKNQZ,0.7518974806926785,High Risk,94.9,High Value,High Risk / High Value,Month-to-month,3
7209-JCUDS,0.7232235937560112,High Risk,94.9,High Value,High Risk / High Value,Month-to-month,10
2359-KLTEK,0.39405350134125816,High Risk,94.9,High Value,High Risk / High Value,Month-to-month,41
9714-EDSUC,0.4118677718208523,High Risk,94.9,High Value,High Risk / High Value,Month-to-month,4
4391-LNRXK,0.3879328039920036,High Risk,94.95,High Value,High Risk / High Value,Month-to-month,22
3452-GWUIN,0.7662988467088434,High Risk,94.95,High Value,High Risk / High Value,Month-to-month,19
5349-IECLD,0.6938770557673252,High Risk,94.95,High Value,High Risk / High Value,Month-to-month,2
3874-EQOEP,0.6478081083446481,High Risk,95.0,High Value,High Risk / High Value,Month-to-month,7
0094-OIFMO,0.7385676465749097,High Risk,95.0,High Value,High Risk / High Value,Month-to-month,11
2475-MROZF,0.24001220585342284,High Risk,95.0,High Value,High Risk / High Value,Month-to-month,30
0684-AOSIH,0.6977718562624035,High Risk,95.0,High Value,High Risk / High Value,Month-to-month,1
1194-HVAIF,0.4957663211363168,High Risk,95.0,High Value,High Risk / High Value,Month-to-month,27
2105-PHWON,0.3827731811894407,High Risk,95.0,High Value,High Risk / High Value,Month-to-month,33
5119-KEPFY,0.5404569529722556,High Risk,95.0,High Value,High Risk / High Value,Month-to-month,36
1597-LHYNC,0.5589413934300297,High Risk,95.0,High Value,High Risk / High Value,Month-to-month,26
3951-NJCVI,0.6254109255142984,High Risk,95.05,High Value,High Risk / High Value,Month-to-month,42
3793-MMFUH,0.8013048176711636,High Risk,95.05,High Value,High Risk / High Value,Month-to-month,13
5889-JTMUL,0.47627559935939384,High Risk,95.05,High Value,High Risk / High Value,Month-to-month,50
1095-JUDTC,0.4110439674251015,High Risk,95.05,High Value,High Risk / High Value,Month-to-month,47
2823-LKABH,0.5196351882263935,High Risk,95.05,High Value,High Risk / High Value,Month-to-month,18
5183-SNMJQ,0.5453346015090568,High Risk,95.1,High Value,High Risk / High Value,Month-to-month,10
9944-HKVVB,0.7387633344326796,High Risk,95.1,High Value,High Risk / High Value,Month-to-month,3
5382-SOYZL,0.7103623219252694,High Risk,95.1,High Value,High Risk / High Value,Month-to-month,22
6242-MBHPK,0.6158755330257462,High Risk,95.1,High Value,High Risk / High Value,Month-to-month,23
5649-ANRML,0.559035146270596,High Risk,95.1,High Value,High Risk / High Value,Month-to-month,2
5178-LMXOP,0.8458508263985339,High Risk,95.1,High Value,High Risk / High Value,Month-to-month,1
2270-CHBFN,0.17069100196507303,Low Risk,95.1,High Value,Low Risk / High Value,Month-to-month,44
6075-SLNIL,0.40617854896117855,High Risk,95.1,High Value,High Risk / High Value,Month-to-month,38
9512-UIBFX,0.4639253617133018,High Risk,95.15,High Value,High Risk / High Value,Month-to-month,18
3003-CMDUU,0.5468900057130545,High Risk,95.15,High Value,High Risk / High Value,Month-to-month,25
7851-WZEKY,0.8152842872247438,High Risk,95.15,High Value,High Risk / High Value,Month-to-month,2
4659-NZRUF,0.5525016511497787,High Risk,95.15,High Value,High Risk / High Value,Month-to-month,19
5982-FPVQN,0.4731366789508861,High Risk,95.15,High Value,High Risk / High Value,Month-to-month,37
6328-ZPBGN,0.752578247456607,High Risk,95.15,High Value,High Risk / High Value,Month-to-month,11
3049-SOLAY,0.8102913638601091,High Risk,95.2,High Value,High Risk / High Value,Month-to-month,3
2754-VDLTR,0.6737694949668167,High Risk,95.2,High Value,High Risk / High Value,Month-to-month,10
1960-UYCNN,0.6960757646179758,High Risk,95.25,High Value,High Risk / High Value,Month-to-month,10
9061-TIHDA,0.7938585038780133,High Risk,95.25,High Value,High Risk / High Value,Month-to-month,13
3207-OYBWH,0.34068246044748074,High Risk,95.25,High Value,High Risk / High Value,Month-to-month,57
2824-MYYBN,0.560175752657058,High Risk,95.25,High Value,High Risk / High Value,Month-to-month,37
7547-EKNFS,0.38659334683694074,High Risk,95.25,High Value,High Risk / High Value,Month-to-month,42
9793-WECQC,0.4304749263667534,High Risk,95.3,High Value,High Risk / High Value,Month-to-month,23
2386-OWURY,0.33386244757271016,High Risk,95.3,High Value,High Risk / High Value,Month-to-month,58
9921-EZKBY,0.374110583202869,High Risk,95.3,High Value,High Risk / High Value,Month-to-month,33
8421-WZOOW,0.18688281067536933,Low Risk,95.3,High Value,Low Risk / High Value,Month-to-month,57
8357-EQXFO,0.7374571642279574,High Risk,95.35,High Value,High Risk / High Value,Month-to-month,7
2660-EMUBI,0.8057099138108267,High Risk,95.35,High Value,High Risk / High Value,Month-to-month,10
8755-IWJHN,0.25564718906250355,High Risk,95.35,High Value,High Risk / High Value,Month-to-month,69
2984-AFWNC,0.6655509012155488,High Risk,95.4,High Value,High Risk / High Value,Month-to-month,3
0701-RFGFI,0.4080870491753428,High Risk,95.4,High Value,High Risk / High Value,Month-to-month,49
0396-YCHWO,0.6163191966774979,High Risk,95.4,High Value,High Risk / High Value,Month-to-month,36
4724-WXVWF,0.2894809164420937,High Risk,95.4,High Value,High Risk / High Value,Month-to-month,48
9279-CJEOJ,0.6982406926160417,High Risk,95.4,High Value,High Risk / High Value,Month-to-month,21
1658-BYGOY,0.7711708472792399,High Risk,95.45,High Value,High Risk / High Value,Month-to-month,18
8098-LLAZX,0.8374738516901661,High Risk,95.45,High Value,High Risk / High Value,Month-to-month,4
9776-OJUZI,0.2946590976530631,High Risk,95.45,High Value,High Risk / High Value,Month-to-month,65
3318-OSATS,0.6790628151129458,High Risk,95.45,High Value,High Risk / High Value,Month-to-month,35
0295-PPHDO,0.8152094614430136,High Risk,95.45,High Value,High Risk / High Value,Month-to-month,1
4929-XIHVW,0.7252339476778855,High Risk,95.5,High Value,High Risk / High Value,Month-to-month,2
5302-BDJNT,0.3874643158047423,High Risk,95.5,High Value,High Risk / High Value,Month-to-month,35
0564-MUUQK,0.4680987448013777,High Risk,95.5,High Value,High Risk / High Value,Month-to-month,20
0564-JJHGS,0.7758008488912119,High Risk,95.5,High Value,High Risk / High Value,Month-to-month,9
0576-WNXXC,0.622642699323526,High Risk,95.55,High Value,High Risk / High Value,Month-to-month,27
4690-PKDQG,0.5178245750499005,High Risk,95.55,High Value,High Risk / High Value,Month-to-month,42
3597-MVHJT,0.6093432617461113,High Risk,95.6,High Value,High Risk / High Value,Month-to-month,27
3643-AHCFP,0.7692690698590762,High Risk,95.6,High Value,High Risk / High Value,Month-to-month,7
0637-YLETY,0.5658533728132683,High Risk,95.6,High Value,High Risk / High Value,Month-to-month,16
6356-ELRKD,0.7011702233346936,High Risk,95.6,High Value,High Risk / High Value,Month-to-month,1
3320-VEOYC,0.7857798536811674,High Risk,95.6,High Value,High Risk / High Value,Month-to-month,14
8610-WFCJF,0.49599155837481423,High Risk,95.6,High Value,High Risk / High Value,Month-to-month,49
3269-ATYWD,0.5725799439130268,High Risk,95.65,High Value,High Risk / High Value,Month-to-month,39
6857-VWJDT,0.690018386174468,High Risk,95.65,High Value,High Risk / High Value,Month-to-month,1
3853-LYGAM,0.5229323035009743,High Risk,95.65,High Value,High Risk / High Value,Month-to-month,17
2279-AXJJK,0.24842444770756228,High Risk,95.65,High Value,High Risk / High Value,Month-to-month,52
8413-VONUO,0.6639889606988013,High Risk,95.65,High Value,High Risk / High Value,Month-to-month,2
3585-ISXZP,0.6578900643415653,High Risk,95.65,High Value,High Risk / High Value,Month-to-month,8
6212-ATMLK,0.5156960258681716,High Risk,95.7,High Value,High Risk / High Value,Month-to-month,50
7011-CVEUC,0.4364642635562306,High Risk,95.7,High Value,High Risk / High Value,Month-to-month,25
7480-QNVZJ,0.5699434279304175,High Risk,95.7,High Value,High Risk / High Value,Month-to-month,50
2507-QZPQS,0.49835271962749633,High Risk,95.7,High Value,High Risk / High Value,Month-to-month,15
0407-BDJKB,0.33930805693515964,High Risk,95.75,High Value,High Risk / High Value,Month-to-month,60
3319-DWOEP,0.7768631589504398,High Risk,95.75,High Value,High Risk / High Value,Month-to-month,6
0916-QOFDP,0.7661531614452345,High Risk,95.8,High Value,High Risk / High Value,Month-to-month,14
1393-IMKZG,0.7059815741685168,High Risk,95.85,High Value,High Risk / High Value,Month-to-month,1
0754-UKWQP,0.7597924341624632,High Risk,95.85,High Value,High Risk / High Value,Month-to-month,2
7426-RHZGU,0.5747933085042114,High Risk,95.9,High Value,High Risk / High Value,Month-to-month,9
6234-PFPXL,0.3060106855919881,High Risk,95.9,High Value,High Risk / High Value,Month-to-month,22
8393-DLHGA,0.5556786005165179,High Risk,95.9,High Value,High Risk / High Value,Month-to-month,25
1771-OADNZ,0.610641546700689,High Risk,95.9,High Value,High Risk / High Value,Month-to-month,29
9190-MFJLN,0.6139292517263204,High Risk,95.9,High Value,High Risk / High Value,Month-to-month,19
4989-LIXVT,0.33797244533710885,High Risk,95.9,High Value,High Risk / High Value,Month-to-month,68
9495-SKLKD,0.346004858197059,High Risk,95.95,High Value,High Risk / High Value,Month-to-month,45
4647-MUZON,0.5782126334481539,High Risk,95.95,High Value,High Risk / High Value,Month-to-month,18
3158-MOERK,0.8121516259591752,High Risk,96.0,High Value,High Risk / High Value,Month-to-month,2
6365-MTGZX,0.5324282008863704,High Risk,96.0,High Value,High Risk / High Value,Month-to-month,24
2180-DXNEG,0.7013133034268668,High Risk,96.0,High Value,High Risk / High Value,Month-to-month,12
4829-AUOAX,0.38667719659522043,High Risk,96.05,High Value,High Risk / High Value,Month-to-month,46
7526-BEZQB,0.7603719045815505,High Risk,96.05,High Value,High Risk / High Value,Month-to-month,12
9692-TUSXH,0.5883174872370683,High Risk,96.05,High Value,High Risk / High Value,Month-to-month,18
6862-CQUMB,0.4118437518827313,High Risk,96.1,High Value,High Risk / High Value,Month-to-month,37
0306-JAELE,0.6737385425671887,High Risk,96.1,High Value,High Risk / High Value,Month-to-month,5
9544-PYPSJ,0.2689006209797485,High Risk,96.1,High Value,High Risk / High Value,Month-to-month,62
5980-NOPLP,0.5720516139907226,High Risk,96.1,High Value,High Risk / High Value,Month-to-month,44
5565-FILXA,0.7815564478308599,High Risk,96.15,High Value,High Risk / High Value,Month-to-month,16
5959-BELXA,0.593923439348691,High Risk,96.15,High Value,High Risk / High Value,Month-to-month,32
0963-ZBDRN,0.49574430755200927,High Risk,96.2,High Value,High Risk / High Value,Month-to-month,32
5655-JSMZM,0.574833368548009,High Risk,96.2,High Value,High Risk / High Value,Month-to-month,49
3737-GCSPV,0.46825065554190354,High Risk,96.2,High Value,High Risk / High Value,Month-to-month,11
4060-LDNLU,0.7203776818108005,High Risk,96.2,High Value,High Risk / High Value,Month-to-month,7
7548-SEPYI,0.7244368177176311,High Risk,96.25,High Value,High Risk / High Value,Month-to-month,5
3500-RMZLT,0.41725133610746135,High Risk,96.3,High Value,High Risk / High Value,Month-to-month,15
9508-ILZDG,0.4938733705961886,High Risk,96.35,High Value,High Risk / High Value,Month-to-month,34
4657-FWVFY,0.3561214945036831,High Risk,96.35,High Value,High Risk / High Value,Month-to-month,40
8245-UMPYT,0.7835154851040933,High Risk,96.4,High Value,High Risk / High Value,Month-to-month,16
1010-DIAUQ,0.6000421334685991,High Risk,96.5,High Value,High Risk / High Value,Month-to-month,5
4039-HEUNW,0.6383671007407887,High Risk,96.5,High Value,High Risk / High Value,Month-to-month,36
5937-EORGB,0.6457775309110935,High Risk,96.5,High Value,High Risk / High Value,Month-to-month,15
2604-IJPDU,0.3831962771390695,High Risk,96.55,High Value,High Risk / High Value,Month-to-month,20
6899-PPEEA,0.6616114887749657,High Risk,96.55,High Value,High Risk / High Value,Month-to-month,37
4566-NECEV,0.645061657464851,High Risk,96.55,High Value,High Risk / High Value,Month-to-month,5
6635-CPNUN,0.3807984380415434,High Risk,96.6,High Value,High Risk / High Value,Month-to-month,28
9057-SIHCH,0.8071404557485529,High Risk,96.6,High Value,High Risk / High Value,Month-to-month,3
7813-ZGGAW,0.460658802317828,High Risk,96.6,High Value,High Risk / High Value,Month-to-month,31
4194-WHFCB,0.19425598157312488,Low Risk,96.65,High Value,Low Risk / High Value,Month-to-month,59
8844-TONUD,0.5686842434146596,High Risk,96.65,High Value,High Risk / High Value,Month-to-month,13
6821-BUXUX,0.5883714694794613,High Risk,96.65,High Value,High Risk / High Value,Month-to-month,13
9809-IMGCQ,0.7431381050189371,High Risk,96.7,High Value,High Risk / High Value,Month-to-month,22
0486-HECZI,0.2894481031778488,High Risk,96.75,High Value,High Risk / High Value,Month-to-month,55
8547-NSBBO,0.2189209936577028,High Risk,96.75,High Value,High Risk / High Value,Month-to-month,35
9961-JBNMK,0.621408984540737,High Risk,96.8,High Value,High Risk / High Value,Month-to-month,21
1264-BYWMS,0.47484147688388256,High Risk,96.8,High Value,High Risk / High Value,Month-to-month,55
0480-BIXDE,0.6541425941614875,High Risk,96.8,High Value,High Risk / High Value,Month-to-month,19
9909-IDLEK,0.3254431151037961,High Risk,96.8,High Value,High Risk / High Value,Month-to-month,20
9290-SHCMB,0.7406608373093977,High Risk,96.85,High Value,High Risk / High Value,Month-to-month,13
4007-NHVHI,0.329614799657607,High Risk,96.85,High Value,High Risk / High Value,Month-to-month,56
3323-CPBWR,0.44025496758851834,High Risk,96.9,High Value,High Risk / High Value,Month-to-month,23
5827-MWCZK,0.19468219147524884,High Risk,96.95,High Value,High Risk / High Value,Month-to-month,56
3644-QXEHN,0.5845760465208281,High Risk,97.0,High Value,High Risk / High Value,Month-to-month,13
3898-GUYTS,0.34639429003090216,High Risk,97.05,High Value,High Risk / High Value,Month-to-month,45
5981-ITEMU,0.49410417113697336,High Risk,97.1,High Value,High Risk / High Value,Month-to-month,40
6645-MXQJT,0.5689059366827853,High Risk,97.1,High Value,High Risk / High Value,Month-to-month,2
7969-AULMZ,0.7166228543483483,High Risk,97.35,High Value,High Risk / High Value,Month-to-month,21
9445-SZLCH,0.39443771046060155,High Risk,97.35,High Value,High Risk / High Value,Month-to-month,36
5740-YHGTW,0.13072173589514227,Low Risk,97.55,High Value,Low Risk / High Value,Month-to-month,70
6393-WRYZE,0.6213284362017762,High Risk,97.65,High Value,High Risk / High Value,Month-to-month,34
4947-DSMXK,0.4952817803713089,High Risk,97.7,High Value,High Risk / High Value,Month-to-month,34
8276-MQBYC,0.5619245551857792,High Risk,97.8,High Value,High Risk / High Value,Month-to-month,51
8168-UQWWF,0.7141261407779721,High Risk,97.85,High Value,High Risk / High Value,Month-to-month,11
0329-GTIAJ,0.6683753296584242,High Risk,97.9,High Value,High Risk / High Value,Month-to-month,3
6108-OQZDQ,0.7564268210533714,High Risk,97.95,High Value,High Risk / High Value,Month-to-month,4
0011-IGKFF,0.7137429143788911,High Risk,98.0,High Value,High Risk / High Value,Month-to-month,13
0655-RBDUG,0.7315822240640015,High Risk,98.05,High Value,High Risk / High Value,Month-to-month,7
5312-UXESG,0.4262137377318871,High Risk,98.05,High Value,High Risk / High Value,Month-to-month,41
7295-JOMMD,0.580988753165741,High Risk,98.1,High Value,High Risk / High Value,Month-to-month,4
2454-RPBRZ,0.7111658226170556,High Risk,98.1,High Value,High Risk / High Value,Month-to-month,12
2665-NPTGL,0.6635224521841504,High Risk,98.1,High Value,High Risk / High Value,Month-to-month,26
4472-VESGY,0.1739804348646818,Low Risk,98.15,High Value,Low Risk / High Value,Month-to-month,52
2506-CLAKW,0.4118427996297444,High Risk,98.15,High Value,High Risk / High Value,Month-to-month,6
0952-KMEEH,0.515317483664355,High Risk,98.15,High Value,High Risk / High Value,Month-to-month,13
2446-BEGGB,0.8077654270227665,High Risk,98.25,High Value,High Risk / High Value,Month-to-month,6
9734-YWGEX,0.6319467667787189,High Risk,98.3,High Value,High Risk / High Value,Month-to-month,9
4735-ASGMA,0.6789711515987699,High Risk,98.35,High Value,High Risk / High Value,Month-to-month,26
3545-CNWRG,0.4697305993220487,High Risk,98.35,High Value,High Risk / High Value,Month-to-month,49
1323-OOEPC,0.373301923200496,High Risk,98.4,High Value,High Risk / High Value,Month-to-month,53
1866-RZZQS,0.6454757067224877,High Risk,98.4,High Value,High Risk / High Value,Month-to-month,41
4598-XLKNJ,0.6498039466731004,High Risk,98.5,High Value,High Risk / High Value,Month-to-month,25
1450-GALXR,0.7172635630347047,High Risk,98.5,High Value,High Risk / High Value,Month-to-month,10
4021-RQSNY,0.7176043066041139,High Risk,98.5,High Value,High Risk / High Value,Month-to-month,29
1455-UGQVH,0.772863688883214,High Risk,98.5,High Value,High Risk / High Value,Month-to-month,10
5138-WVKYJ,0.6278444739506863,High Risk,98.55,High Value,High Risk / High Value,Month-to-month,10
6683-VLCTZ,0.7513928908174465,High Risk,98.55,High Value,High Risk / High Value,Month-to-month,20
3211-AAPKX,0.5646983418709948,High Risk,98.55,High Value,High Risk / High Value,Month-to-month,20
8949-JTMAY,0.5806687586362267,High Risk,98.6,High Value,High Risk / High Value,Month-to-month,29
2208-UGTGR,0.3698865386888678,High Risk,98.6,High Value,High Risk / High Value,Month-to-month,56
4902-OHLSK,0.5611034211321425,High Risk,98.65,High Value,High Risk / High Value,Month-to-month,29
6559-PDZLR,0.5314469357760215,High Risk,98.65,High Value,High Risk / High Value,Month-to-month,26
9172-ANCRX,0.7057748687717208,High Risk,98.7,High Value,High Risk / High Value,Month-to-month,10
7938-OUHIO,0.6858219854169787,High Risk,98.7,High Value,High Risk / High Value,Month-to-month,3
6988-CJEYV,0.4186905146888343,High Risk,98.7,High Value,High Risk / High Value,Month-to-month,49
0946-CLJTI,0.5241618170340261,High Risk,98.7,High Value,High Risk / High Value,Month-to-month,58
9133-AYJZG,0.5848592195351762,High Risk,98.7,High Value,High Risk / High Value,Month-to-month,23
1427-VERSM,0.3434433511849487,High Risk,98.7,High Value,High Risk / High Value,Month-to-month,56
7079-QRCBC,0.7002538506617622,High Risk,98.75,High Value,High Risk / High Value,Month-to-month,24
6845-RGTYS,0.3482333725506369,High Risk,98.75,High Value,High Risk / High Value,Month-to-month,47
1075-BGWOH,0.7780454887347117,High Risk,98.75,High Value,High Risk / High Value,Month-to-month,16
5394-SVGJV,0.3585219566869158,High Risk,98.8,High Value,High Risk / High Value,Month-to-month,37
0468-YRPXN,0.4101755044728513,High Risk,98.8,High Value,High Risk / High Value,Month-to-month,29
3005-NFMTA,0.4651050583438927,High Risk,98.8,High Value,High Risk / High Value,Month-to-month,55
1751-NCDLI,0.6018148750427816,High Risk,98.85,High Value,High Risk / High Value,Month-to-month,46
3312-UUMZW,0.5158914604524256,High Risk,98.85,High Value,High Risk / High Value,Month-to-month,32
6088-BXMRG,0.5774973170357582,High Risk,98.85,High Value,High Risk / High Value,Month-to-month,32
4315-MURBD,0.46694151231989306,High Risk,98.9,High Value,High Risk / High Value,Month-to-month,12
0354-WYROK,0.5072905475540292,High Risk,98.9,High Value,High Risk / High Value,Month-to-month,31
2675-DHUTR,0.49036107091316067,High Risk,98.9,High Value,High Risk / High Value,Month-to-month,58
2277-DJJDL,0.4285361874448283,High Risk,99.0,High Value,High Risk / High Value,Month-to-month,60
5649-RXQTV,0.4084903832731765,High Risk,99.0,High Value,High Risk / High Value,Month-to-month,51
6956-SMUCM,0.5926996844140144,High Risk,99.0,High Value,High Risk / High Value,Month-to-month,3
2025-JKFWI,0.6077961294668976,High Risk,99.0,High Value,High Risk / High Value,Month-to-month,13
7028-DVOIQ,0.6675964120006456,High Risk,99.05,High Value,High Risk / High Value,Month-to-month,35
5536-RTPWK,0.41994547902237084,High Risk,99.05,High Value,High Risk / High Value,Month-to-month,49
3565-UNOCC,0.650860030488245,High Risk,99.05,High Value,High Risk / High Value,Month-to-month,29
5331-RGMTT,0.4433427946252983,High Risk,99.05,High Value,High Risk / High Value,Month-to-month,54
3588-WSTTJ,0.6023258554021538,High Risk,99.05,High Value,High Risk / High Value,Month-to-month,35
9420-LOJKX,0.47492745135679226,High Risk,99.1,High Value,High Risk / High Value,Month-to-month,15
8065-BVEPF,0.302444009139689,High Risk,99.1,High Value,High Risk / High Value,Month-to-month,65
0310-MVLET,0.37957551156947156,High Risk,99.15,High Value,High Risk / High Value,Month-to-month,61
4236-XPXAV,0.5233955010401241,High Risk,99.15,High Value,High Risk / High Value,Month-to-month,5
2227-JRSJX,0.45626023986531233,High Risk,99.15,High Value,High Risk / High Value,Month-to-month,21
9974-JFBHQ,0.1603856071022092,Low Risk,99.15,High Value,Low Risk / High Value,Month-to-month,64
6907-NZZIJ,0.596014209701493,High Risk,99.15,High Value,High Risk / High Value,Month-to-month,36
2519-FAKOD,0.49001138564683777,High Risk,99.25,High Value,High Risk / High Value,Month-to-month,38
6861-XWTWQ,0.8159679252550349,High Risk,99.25,High Value,High Risk / High Value,Month-to-month,7
3934-HXCFZ,0.5060416369059476,High Risk,99.25,High Value,High Risk / High Value,Month-to-month,23
4445-ZJNMU,0.6725135538462174,High Risk,99.3,High Value,High Risk / High Value,Month-to-month,9
3524-WQDSG,0.4551377261054902,High Risk,99.3,High Value,High Risk / High Value,Month-to-month,43
5480-TBGPH,0.5069541396054968,High Risk,99.3,High Value,High Risk / High Value,Month-to-month,24
6467-CHFZW,0.47825207571466016,High Risk,99.35,High Value,High Risk / High Value,Month-to-month,47
7780-OTDSO,0.6471017728180659,High Risk,99.4,High Value,High Risk / High Value,Month-to-month,18
9732-EQMWY,0.35722535909559383,High Risk,99.4,High Value,High Risk / High Value,Month-to-month,49
0487-RPVUM,0.13014305043351082,Low Risk,99.4,High Value,Low Risk / High Value,Month-to-month,61
0979-PHULV,0.27809918500388187,High Risk,99.45,High Value,High Risk / High Value,Month-to-month,69
6210-KBBPI,0.717651008597282,High Risk,99.45,High Value,High Risk / High Value,Month-to-month,9
6627-CFOSN,0.21454631663988002,High Risk,99.45,High Value,High Risk / High Value,Month-to-month,59
7450-NWRTR,0.7958584618084649,High Risk,99.45,High Value,High Risk / High Value,Month-to-month,12
8019-ENHXU,0.38889618158230943,High Risk,99.45,High Value,High Risk / High Value,Month-to-month,42
2003-CKLOR,0.2525176725091298,High Risk,99.5,High Value,High Risk / High Value,Month-to-month,66
1587-FKLZB,0.3494482370519066,High Risk,99.5,High Value,High Risk / High Value,Month-to-month,66
0897-FEGMU,0.7647449648782734,High Risk,99.5,High Value,High Risk / High Value,Month-to-month,11
2568-OIADY,0.6197962071819718,High Risk,99.5,High Value,High Risk / High Value,Month-to-month,37
4009-ALQFH,0.5855050112454266,High Risk,99.5,High Value,High Risk / High Value,Month-to-month,25
8818-XYFCQ,0.4225868199934378,High Risk,99.55,High Value,High Risk / High Value,Month-to-month,32
4803-AXVYP,0.5779994105154316,High Risk,99.55,High Value,High Risk / High Value,Month-to-month,38
2012-NWRPA,0.8046975042007175,High Risk,99.55,High Value,High Risk / High Value,Month-to-month,11
2265-CYWIV,0.7740814318407331,High Risk,99.6,High Value,High Risk / High Value,Month-to-month,4
9305-CDSKC,0.7827560216842364,High Risk,99.65,High Value,High Risk / High Value,Month-to-month,8
0447-RXSGD,0.5937520019518204,High Risk,99.65,High Value,High Risk / High Value,Month-to-month,24
8468-EHYJA,0.3771967000106891,High Risk,99.65,High Value,High Risk / High Value,Month-to-month,57
2674-MLXMN,0.30590402426346336,High Risk,99.65,High Value,High Risk / High Value,Month-to-month,71
7783-YKGDV,0.5243641556961884,High Risk,99.7,High Value,High Risk / High Value,Month-to-month,12
6543-XRMYR,0.6786141454973729,High Risk,99.7,High Value,High Risk / High Value,Month-to-month,30
4128-ETESU,0.5191614961663967,High Risk,99.7,High Value,High Risk / High Value,Month-to-month,47
6215-NQCPY,0.6736838107660974,High Risk,99.7,High Value,High Risk / High Value,Month-to-month,15
0107-YHINA,0.784805441854127,High Risk,99.75,High Value,High Risk / High Value,Month-to-month,1
0420-HLGXF,0.6614680959162665,High Risk,99.75,High Value,High Risk / High Value,Month-to-month,39
7240-FQLHE,0.5606477131818458,High Risk,99.75,High Value,High Risk / High Value,Month-to-month,18
3811-VBYBZ,0.7590748522323542,High Risk,99.8,High Value,High Risk / High Value,Month-to-month,7
5419-CONWX,0.689288541378811,High Risk,99.8,High Value,High Risk / High Value,Month-to-month,4
8785-CJSHH,0.42553792609046903,High Risk,99.8,High Value,High Risk / High Value,Month-to-month,60
6651-AZVTJ,0.4873370588499227,High Risk,99.8,High Value,High Risk / High Value,Month-to-month,49
2845-AFFTX,0.644424417707248,High Risk,99.8,High Value,High Risk / High Value,Month-to-month,41
8631-WUXGY,0.39714575243153555,High Risk,99.8,High Value,High Risk / High Value,Month-to-month,46
0320-JDNQG,0.42813220880789343,High Risk,99.85,High Value,High Risk / High Value,Month-to-month,23
8443-WVPSS,0.6085290975301144,High Risk,99.85,High Value,High Risk / High Value,Month-to-month,10
4686-UXDML,0.5895971019576493,High Risk,99.85,High Value,High Risk / High Value,Month-to-month,21
8784-CGILN,0.5875788567004013,High Risk,99.85,High Value,High Risk / High Value,Month-to-month,18
1571-SAVHK,0.6057337966881889,High Risk,99.95,High Value,High Risk / High Value,Month-to-month,12
1254-IZEYF,0.679483321425816,High Risk,99.95,High Value,High Risk / High Value,Month-to-month,31
3440-JPSCL,0.5803799609888755,High Risk,99.95,High Value,High Risk / High Value,Month-to-month,6
0089-IIQKO,0.3765154789305135,High Risk,99.95,High Value,High Risk / High Value,Month-to-month,39
5883-GTGVD,0.6962708807103574,High Risk,99.95,High Value,High Risk / High Value,Month-to-month,19
3473-XIIIT,0.7115150820103816,High Risk,100.0,High Value,High Risk / High Value,Month-to-month,16
8709-KRDVL,0.6129308028691588,High Risk,100.0,High Value,High Risk / High Value,Month-to-month,33
8397-MVTAZ,0.6330752033365545,High Risk,100.05,High Value,High Risk / High Value,Month-to-month,34
1666-JXLKU,0.6218058798765798,High Risk,100.05,High Value,High Risk / High Value,Month-to-month,37
2669-OIDSD,0.29874258705995366,High Risk,100.05,High Value,High Risk / High Value,Month-to-month,48
2632-UCGVD,0.3122156365593419,High Risk,100.05,High Value,High Risk / High Value,Month-to-month,66
9647-ERGBE,0.6266096524700646,High Risk,100.05,High Value,High Risk / High Value,Month-to-month,30
8634-MPHTR,0.6052681654052835,High Risk,100.05,High Value,High Risk / High Value,Month-to-month,47
5515-AKOAJ,0.4201516447443836,High Risk,100.1,High Value,High Risk / High Value,Month-to-month,54
9094-AZPHK,0.7160826684121415,High Risk,100.15,High Value,High Risk / High Value,Month-to-month,15
2754-SDJRD,0.6890007816900456,High Risk,100.15,High Value,High Risk / High Value,Month-to-month,8
0596-BQCEQ,0.31377926501853004,High Risk,100.15,High Value,High Risk / High Value,Month-to-month,62
2612-RANWT,0.6979276469426132,High Risk,100.15,High Value,High Risk / High Value,Month-to-month,12
2656-TABEH,0.7747630046839271,High Risk,100.2,High Value,High Risk / High Value,Month-to-month,4
4817-VYYWS,0.6291485359286662,High Risk,100.2,High Value,High Risk / High Value,Month-to-month,30
0324-BRPCJ,0.4271704772842914,High Risk,100.2,High Value,High Risk / High Value,Month-to-month,68
7379-FNIUJ,0.5728370748615507,High Risk,100.2,High Value,High Risk / High Value,Month-to-month,2
3621-CEOVK,0.7651379984463164,High Risk,100.2,High Value,High Risk / High Value,Month-to-month,14
5299-RULOA,0.6731319578500148,High Risk,100.25,High Value,High Risk / High Value,Month-to-month,10
0939-YAPAF,0.6281993833123826,High Risk,100.25,High Value,High Risk / High Value,Month-to-month,35
3178-FESZO,0.7197656162107681,High Risk,100.25,High Value,High Risk / High Value,Month-to-month,1
3393-FMZPV,0.6542248838266084,High Risk,100.25,High Value,High Risk / High Value,Month-to-month,25
9889-TMAHG,0.4386153555941751,High Risk,100.3,High Value,High Risk / High Value,Month-to-month,8
2800-QQUSO,0.4948520727378714,High Risk,100.3,High Value,High Risk / High Value,Month-to-month,42
5816-QVHRX,0.342957741571767,High Risk,100.3,High Value,High Risk / High Value,Month-to-month,37
9330-IJWIO,0.6878721360769748,High Risk,100.35,High Value,High Risk / High Value,Month-to-month,13
1641-RQDAY,0.6320417221530406,High Risk,100.4,High Value,High Risk / High Value,Month-to-month,32
0722-SVSFK,0.6616967980187433,High Risk,100.4,High Value,High Risk / High Value,Month-to-month,7
1482-OXZSY,0.48738644192280106,High Risk,100.4,High Value,High Risk / High Value,Month-to-month,30
6847-KJLTS,0.3632778678566633,High Risk,100.4,High Value,High Risk / High Value,Month-to-month,58
7029-RPUAV,0.6866462784960968,High Risk,100.45,High Value,High Risk / High Value,Month-to-month,17
6116-RFVHN,0.6322906018861534,High Risk,100.45,High Value,High Risk / High Value,Month-to-month,34
4998-IKFSE,0.5838638279941133,High Risk,100.45,High Value,High Risk / High Value,Month-to-month,30
0434-CSFON,0.5444009131046157,High Risk,100.5,High Value,High Risk / High Value,Month-to-month,47
0781-LKXBR,0.807230903893393,High Risk,100.5,High Value,High Risk / High Value,Month-to-month,9
8840-DQLGN,0.3441785400360739,High Risk,100.5,High Value,High Risk / High Value,Month-to-month,35
7714-YXSMB,0.611529497218073,High Risk,100.5,High Value,High Risk / High Value,Month-to-month,26
9681-OXGVC,0.7939833973659668,High Risk,100.5,High Value,High Risk / High Value,Month-to-month,5
7549-MYGPK,0.2266026551638225,High Risk,100.55,High Value,High Risk / High Value,Month-to-month,63
6481-ESCNL,0.5052692475608566,High Risk,100.55,High Value,High Risk / High Value,Month-to-month,29
6615-NGGZJ,0.721845997183193,High Risk,100.55,High Value,High Risk / High Value,Month-to-month,14
8761-NSOBC,0.29916626659489826,High Risk,100.55,High Value,High Risk / High Value,Month-to-month,44
4822-RVYBB,0.8112982888277039,High Risk,100.6,High Value,High Risk / High Value,Month-to-month,8
8384-FZBJK,0.4004162828175802,High Risk,100.6,High Value,High Risk / High Value,Month-to-month,57
2968-SSGAA,0.7725111141913504,High Risk,100.6,High Value,High Risk / High Value,Month-to-month,10
1932-UEDCX,0.5783755901443901,High Risk,100.6,High Value,High Risk / High Value,Month-to-month,33
3768-NLUBH,0.44054322459747175,High Risk,100.6,High Value,High Risk / High Value,Month-to-month,57
7392-YYPYJ,0.6878659346310592,High Risk,100.65,High Value,High Risk / High Value,Month-to-month,22
3791-LGQCY,0.4644289489062473,High Risk,100.65,High Value,High Risk / High Value,Month-to-month,56
7641-EUYET,0.3640809361293509,High Risk,100.7,High Value,High Risk / High Value,Month-to-month,46
0265-PSUAE,0.3908759336467313,High Risk,100.7,High Value,High Risk / High Value,Month-to-month,16
9079-LWTFD,0.15865820082152404,Low Risk,100.75,High Value,Low Risk / High Value,Month-to-month,47
7587-AOVVU,0.29553347565816207,High Risk,100.75,High Value,High Risk / High Value,Month-to-month,27
5590-BYNII,0.6133947437792618,High Risk,100.75,High Value,High Risk / High Value,Month-to-month,22
7315-WYOAW,0.6063367319620964,High Risk,100.75,High Value,High Risk / High Value,Month-to-month,13
4078-SAYYN,0.7655143971601679,High Risk,100.75,High Value,High Risk / High Value,Month-to-month,11
6851-WEFYX,0.6632907506873548,High Risk,100.8,High Value,High Risk / High Value,Month-to-month,35
7216-EWTRS,0.8407423763100362,High Risk,100.8,High Value,High Risk / High Value,Month-to-month,1
1013-QCWAM,0.44126635841038114,High Risk,100.8,High Value,High Risk / High Value,Month-to-month,66
8510-AWCXC,0.7277128841855943,High Risk,100.8,High Value,High Risk / High Value,Month-to-month,13
2040-VZIKE,0.3508184805788453,High Risk,100.85,High Value,High Risk / High Value,Month-to-month,49
6326-MTTXK,0.684443421885034,High Risk,100.85,High Value,High Risk / High Value,Month-to-month,8
4132-KALRO,0.6636319499056598,High Risk,100.85,High Value,High Risk / High Value,Month-to-month,4
0899-LIIBW,0.5508910507538799,High Risk,100.85,High Value,High Risk / High Value,Month-to-month,34
7881-INRLC,0.44057025958870244,High Risk,100.85,High Value,High Risk / High Value,Month-to-month,45
6023-YEBUP,0.7988508064178208,High Risk,100.95,High Value,High Risk / High Value,Month-to-month,3
4433-JCGCG,0.6016131783403234,High Risk,101.0,High Value,High Risk / High Value,Month-to-month,46
8374-XGEJJ,0.592809558833014,High Risk,101.0,High Value,High Risk / High Value,Month-to-month,43
7901-TBKJX,0.5276957308989488,High Risk,101.05,High Value,High Risk / High Value,Month-to-month,56
2430-USGXP,0.6856847506606579,High Risk,101.05,High Value,High Risk / High Value,Month-to-month,24
0680-DFNNY,0.7374440504716127,High Risk,101.1,High Value,High Risk / High Value,Month-to-month,15
6029-WTIPC,0.657590188580498,High Risk,101.1,High Value,High Risk / High Value,Month-to-month,37
4523-WXCEF,0.35672686774432194,High Risk,101.1,High Value,High Risk / High Value,Month-to-month,59
3167-SNQPL,0.4935498588592294,High Risk,101.15,High Value,High Risk / High Value,Month-to-month,38
0880-TKATG,0.6980763657776525,High Risk,101.15,High Value,High Risk / High Value,Month-to-month,4
8378-LKJAF,0.47337293179461776,High Risk,101.15,High Value,High Risk / High Value,Month-to-month,38
0302-JOIVN,0.6218020533609152,High Risk,101.15,High Value,High Risk / High Value,Month-to-month,8
3663-MITLP,0.6503716918222273,High Risk,101.25,High Value,High Risk / High Value,Month-to-month,15
4597-NUCQV,0.7083581152762193,High Risk,101.25,High Value,High Risk / High Value,Month-to-month,24
0147-ESWWR,0.5720697622679323,High Risk,101.25,High Value,High Risk / High Value,Month-to-month,39
0886-QGENL,0.5741749308715592,High Risk,101.25,High Value,High Risk / High Value,Month-to-month,27
4289-DTDKW,0.5611448287795149,High Risk,101.3,High Value,High Risk / High Value,Month-to-month,40
7748-UMTRK,0.5910763004835643,High Risk,101.3,High Value,High Risk / High Value,Month-to-month,30
5569-OUICF,0.5471806185878838,High Risk,101.3,High Value,High Risk / High Value,Month-to-month,28
6693-FRIRW,0.44727338212144974,High Risk,101.3,High Value,High Risk / High Value,Month-to-month,18
0125-LZQXK,0.6039492714884923,High Risk,101.35,High Value,High Risk / High Value,Month-to-month,15
8429-XIBUM,0.5523893710157922,High Risk,101.35,High Value,High Risk / High Value,Month-to-month,22
3902-FOIGH,0.7701919083276749,High Risk,101.35,High Value,High Risk / High Value,Month-to-month,12
4553-DVPZG,0.43410845944392507,High Risk,101.35,High Value,High Risk / High Value,Month-to-month,62
2809-ZMYOQ,0.6506506869757357,High Risk,101.35,High Value,High Risk / High Value,Month-to-month,32
7234-FECYN,0.753075919154647,High Risk,101.35,High Value,High Risk / High Value,Month-to-month,8
2452-KDRRH,0.3657544304542634,High Risk,101.4,High Value,High Risk / High Value,Month-to-month,67
2603-HVKCG,0.5441685746821069,High Risk,101.4,High Value,High Risk / High Value,Month-to-month,31
4958-XCBDQ,0.6656972503601489,High Risk,101.4,High Value,High Risk / High Value,Month-to-month,35
9600-NAXZN,0.5494475763625865,High Risk,101.4,High Value,High Risk / High Value,Month-to-month,43
2692-BUCFV,0.5351176569159166,High Risk,101.45,High Value,High Risk / High Value,Month-to-month,29
5419-JPRRN,0.8049981297363953,High Risk,101.45,High Value,High Risk / High Value,Month-to-month,1
8118-TJAFG,0.5732203001968311,High Risk,101.5,High Value,High Risk / High Value,Month-to-month,9
1028-FFNJK,0.6162375322428261,High Risk,101.5,High Value,High Risk / High Value,Month-to-month,30
5628-RKIFK,0.32815607911085665,High Risk,101.55,High Value,High Risk / High Value,Month-to-month,49
5299-SJCZT,0.7410755436416542,High Risk,101.55,High Value,High Risk / High Value,Month-to-month,3
0702-PGIBZ,0.739903660088418,High Risk,101.7,High Value,High Risk / High Value,Month-to-month,4
8903-WMRNW,0.5251338836467083,High Risk,101.75,High Value,High Risk / High Value,Month-to-month,15
1723-HKXJQ,0.5433790987170524,High Risk,101.75,High Value,High Risk / High Value,Month-to-month,42
3629-ZNKXA,0.6851142263219437,High Risk,101.8,High Value,High Risk / High Value,Month-to-month,17
2474-BRUCM,0.46795273351988803,High Risk,101.85,High Value,High Risk / High Value,Month-to-month,40
7056-IMHCC,0.5328404067714092,High Risk,101.9,High Value,High Risk / High Value,Month-to-month,53
0402-CQAJN,0.49679658856338565,High Risk,101.9,High Value,High Risk / High Value,Month-to-month,37
8884-ADFVN,0.810823538578508,High Risk,101.95,High Value,High Risk / High Value,Month-to-month,7
6688-UZPWD,0.7392013457461037,High Risk,102.0,High Value,High Risk / High Value,Month-to-month,11
4238-JSSWH,0.5086049902376859,High Risk,102.05,High Value,High Risk / High Value,Month-to-month,35
0348-SDKOL,0.3058736564327686,High Risk,102.1,High Value,High Risk / High Value,Month-to-month,58
1465-VINDH,0.6364209387187472,High Risk,102.1,High Value,High Risk / High Value,Month-to-month,10
0871-URUWO,0.6662678797114713,High Risk,102.25,High Value,High Risk / High Value,Month-to-month,13
7233-DRTRF,0.40836134738374236,High Risk,102.4,High Value,High Risk / High Value,Month-to-month,63
7181-BQYBV,0.7207162056124014,High Risk,102.45,High Value,High Risk / High Value,Month-to-month,1
0365-BZUWY,0.7054186381102294,High Risk,102.55,High Value,High Risk / High Value,Month-to-month,17
2439-LYPMQ,0.6353194996001638,High Risk,102.6,High Value,High Risk / High Value,Month-to-month,38
9547-ITEFG,0.6306774321238356,High Risk,102.6,High Value,High Risk / High Value,Month-to-month,9
3352-ALMCK,0.47361946689303025,High Risk,102.65,High Value,High Risk / High Value,Month-to-month,40
4983-CLMLV,0.3037508919588967,High Risk,102.7,High Value,High Risk / High Value,Month-to-month,52
4658-HCOHW,0.4987688189420926,High Risk,102.8,High Value,High Risk / High Value,Month-to-month,21
6402-ZFPPI,0.5522066707139552,High Risk,102.8,High Value,High Risk / High Value,Month-to-month,25
4550-VBOFE,0.4082045605308037,High Risk,102.95,High Value,High Risk / High Value,Month-to-month,70
2034-CGRHZ,0.6254434484366708,High Risk,102.95,High Value,High Risk / High Value,Month-to-month,24
0639-TSIQW,0.1770102579456475,Low Risk,102.95,High Value,Low Risk / High Value,Month-to-month,67
7142-HVGBG,0.5941549960486743,High Risk,103.0,High Value,High Risk / High Value,Month-to-month,43
4188-FRABG,0.23591092166524583,High Risk,103.05,High Value,High Risk / High Value,Month-to-month,57
4062-HBMOS,0.48329412207032,High Risk,103.05,High Value,High Risk / High Value,Month-to-month,52
2018-PZKMU,0.516977876279967,High Risk,103.1,High Value,High Risk / High Value,Month-to-month,9
3086-RUCRN,0.14609235635433118,Low Risk,103.1,High Value,Low Risk / High Value,Month-to-month,66
2357-COQEK,0.6475122265293657,High Risk,103.3,High Value,High Risk / High Value,Month-to-month,28
5449-FIBXJ,0.532333526178686,High Risk,103.3,High Value,High Risk / High Value,Month-to-month,19
7089-IVVAZ,0.5678241590785615,High Risk,103.35,High Value,High Risk / High Value,Month-to-month,8
1343-EHPYB,0.4159444471081477,High Risk,103.4,High Value,High Risk / High Value,Month-to-month,63
4298-OYIFC,0.6703611152523625,High Risk,103.45,High Value,High Risk / High Value,Month-to-month,15
9801-GDWGV,0.5717905669197216,High Risk,103.45,High Value,High Risk / High Value,Month-to-month,39
7426-GSWPO,0.29782735745874245,High Risk,103.5,High Value,High Risk / High Value,Month-to-month,64
1035-IPQPU,0.46509580011602913,High Risk,103.5,High Value,High Risk / High Value,Month-to-month,63
9129-UXERG,0.5838485431342678,High Risk,103.6,High Value,High Risk / High Value,Month-to-month,18
3005-TYFRD,0.3702720021330346,High Risk,103.65,High Value,High Risk / High Value,Month-to-month,55
3932-IJWDZ,0.40880906748925844,High Risk,103.65,High Value,High Risk / High Value,Month-to-month,45
2832-KJCRD,0.5346000296305784,High Risk,103.65,High Value,High Risk / High Value,Month-to-month,38
0280-XJGEX,0.4228657393051861,High Risk,103.7,High Value,High Risk / High Value,Month-to-month,49
1842-EZJMK,0.29471789883586097,High Risk,103.7,High Value,High Risk / High Value,Month-to-month,50
3413-DHLPB,0.24096696507549428,High Risk,103.75,High Value,High Risk / High Value,Month-to-month,60
9919-YLNNG,0.32677919315308435,High Risk,103.8,High Value,High Risk / High Value,Month-to-month,42
3804-RVTGV,0.3702048325247886,High Risk,103.85,High Value,High Risk / High Value,Month-to-month,50
2038-LLMLM,0.46131535531559953,High Risk,103.85,High Value,High Risk / High Value,Month-to-month,48
7181-OQCUT,0.457976983846962,High Risk,103.85,High Value,High Risk / High Value,Month-to-month,21
6646-VRFOL,0.5277091310024309,High Risk,103.85,High Value,High Risk / High Value,Month-to-month,53
5519-YLDGW,0.637836153403105,High Risk,103.9,High Value,High Risk / High Value,Month-to-month,21
5502-RLUYV,0.3611586368323227,High Risk,103.95,High Value,High Risk / High Value,Month-to-month,69
3001-UNBTL,0.6636055878116082,High Risk,103.95,High Value,High Risk / High Value,Month-to-month,29
5293-WXJAK,0.6768577329835653,High Risk,104.05,High Value,High Risk / High Value,Month-to-month,11
4391-RESHN,0.5395581218672674,High Risk,104.05,High Value,High Risk / High Value,Month-to-month,23
6353-BRMMA,0.2874307490091504,High Risk,104.1,High Value,High Risk / High Value,Month-to-month,54
2107-FBPTK,0.6795795221514485,High Risk,104.1,High Value,High Risk / High Value,Month-to-month,30
2369-UAPKZ,0.6177420685095578,High Risk,104.1,High Value,High Risk / High Value,Month-to-month,5
3384-CTMSF,0.5331800144539918,High Risk,104.1,High Value,High Risk / High Value,Month-to-month,47
8313-NDOIA,0.6668745859917325,High Risk,104.15,High Value,High Risk / High Value,Month-to-month,24
9168-INPSZ,0.45170982670345067,High Risk,104.15,High Value,High Risk / High Value,Month-to-month,44
9874-QLCLH,0.6194753757241851,High Risk,104.2,High Value,High Risk / High Value,Month-to-month,17
5385-SUIRI,0.48938153304349075,High Risk,104.2,High Value,High Risk / High Value,Month-to-month,52
4077-CROMM,0.5388829143145144,High Risk,104.2,High Value,High Risk / High Value,Month-to-month,31
2360-RDGRO,0.34606195951636115,High Risk,104.25,High Value,High Risk / High Value,Month-to-month,65
6892-XPFPU,0.7034592522535275,High Risk,104.25,High Value,High Risk / High Value,Month-to-month,24
0895-DQHEW,0.4422107050685438,High Risk,104.3,High Value,High Risk / High Value,Month-to-month,54
3096-JRDSO,0.49465170992505714,High Risk,104.3,High Value,High Risk / High Value,Month-to-month,27
1550-EENBN,0.4513479248812625,High Risk,104.35,High Value,High Risk / High Value,Month-to-month,31
5956-YHHRX,0.7290779533153885,High Risk,104.35,High Value,High Risk / High Value,Month-to-month,21
2378-VTKDH,0.43472841872336826,High Risk,104.35,High Value,High Risk / High Value,Month-to-month,65
1875-QIVME,0.7462688372477035,High Risk,104.4,High Value,High Risk / High Value,Month-to-month,2
4423-YLHDV,0.5580748873805078,High Risk,104.4,High Value,High Risk / High Value,Month-to-month,21
5219-YIPTK,0.6086395804564139,High Risk,104.4,High Value,High Risk / High Value,Month-to-month,33
5923-GXUOC,0.5986822223825014,High Risk,104.4,High Value,High Risk / High Value,Month-to-month,10
2080-CAZNM,0.6023625258917906,High Risk,104.4,High Value,High Risk / High Value,Month-to-month,41
0654-HMSHN,0.5603703663922561,High Risk,104.4,High Value,High Risk / High Value,Month-to-month,21
8818-DOPVL,0.5853609368943476,High Risk,104.45,High Value,High Risk / High Value,Month-to-month,46
5995-SNNEW,0.6991951839487867,High Risk,104.45,High Value,High Risk / High Value,Month-to-month,23
8552-OBVRU,0.3274341680714548,High Risk,104.5,High Value,High Risk / High Value,Month-to-month,48
8123-QBNAZ,0.39482810102809346,High Risk,104.5,High Value,High Risk / High Value,Month-to-month,36
6771-XWBDM,0.3572885794736727,High Risk,104.5,High Value,High Risk / High Value,Month-to-month,57
0093-XWZFY,0.45250351679718787,High Risk,104.5,High Value,High Risk / High Value,Month-to-month,40
9927-DSWDF,0.42666453804823173,High Risk,104.6,High Value,High Risk / High Value,Month-to-month,22
8625-AZYZY,0.6624707706338542,High Risk,104.65,High Value,High Risk / High Value,Month-to-month,24
9851-QXEEQ,0.558687450101053,High Risk,104.7,High Value,High Risk / High Value,Month-to-month,41
4840-ORQXB,0.4288150427542149,High Risk,104.75,High Value,High Risk / High Value,Month-to-month,56
6661-HBGWL,0.5251126135163577,High Risk,104.75,High Value,High Risk / High Value,Month-to-month,42
7892-POOKP,0.6014598246877785,High Risk,104.8,High Value,High Risk / High Value,Month-to-month,28
9412-GHEEC,0.348396467707195,High Risk,104.8,High Value,High Risk / High Value,Month-to-month,40
9221-OTIVJ,0.7661567148270071,High Risk,104.85,High Value,High Risk / High Value,Month-to-month,14
3001-CBHLQ,0.613752631444769,High Risk,104.9,High Value,High Risk / High Value,Month-to-month,32
2883-ILGWO,0.3453186505160417,High Risk,104.9,High Value,High Risk / High Value,Month-to-month,57
9601-BRXPO,0.5325060491254446,High Risk,104.95,High Value,High Risk / High Value,Month-to-month,25
3170-GWYKC,0.1917003596249929,Low Risk,104.95,High Value,Low Risk / High Value,Month-to-month,60
2786-GCDPI,0.5024425881033663,High Risk,104.95,High Value,High Risk / High Value,Month-to-month,50
3197-ARFOY,0.4253794041738123,High Risk,105.0,High Value,High Risk / High Value,Month-to-month,19
3838-OZURD,0.3155427407587227,High Risk,105.0,High Value,High Risk / High Value,Month-to-month,66
6496-SLWHQ,0.8062110113222688,High Risk,105.0,High Value,High Risk / High Value,Month-to-month,3
6518-LGAOV,0.5311439117823388,High Risk,105.0,High Value,High Risk / High Value,Month-to-month,38
4484-GLZOU,0.49955409498172404,High Risk,105.05,High Value,High Risk / High Value,Month-to-month,52
5055-MGMGF,0.3552483152285725,High Risk,105.05,High Value,High Risk / High Value,Month-to-month,65
0207-MDKNV,0.4322746260005875,High Risk,105.1,High Value,High Risk / High Value,Month-to-month,15
2874-YXVVA,0.4546940107738015,High Risk,105.1,High Value,High Risk / High Value,Month-to-month,34
5118-MUEYH,0.3420498158813709,High Risk,105.1,High Value,High Risk / High Value,Month-to-month,48
5287-QWLKY,0.2263377945172814,High Risk,105.1,High Value,High Risk / High Value,Month-to-month,71
9408-HRXRK,0.4081329646925267,High Risk,105.15,High Value,High Risk / High Value,Month-to-month,45
1469-LBJQJ,0.39666796227253426,High Risk,105.2,High Value,High Risk / High Value,Month-to-month,66
9661-ACXBS,0.4946438933853822,High Risk,105.2,High Value,High Risk / High Value,Month-to-month,42
3419-SNJJD,0.2548696340029593,High Risk,105.25,High Value,High Risk / High Value,Month-to-month,65
6891-JPYFF,0.2971073800381443,High Risk,105.25,High Value,High Risk / High Value,Month-to-month,48
6734-GMPVK,0.6951398421433911,High Risk,105.3,High Value,High Risk / High Value,Month-to-month,5
7145-FEJWU,0.7007889211900572,High Risk,105.3,High Value,High Risk / High Value,Month-to-month,12
4587-VVTOX,0.7552578973959466,High Risk,105.3,High Value,High Risk / High Value,Month-to-month,6
9090-SGQXL,0.44153965245017635,High Risk,105.3,High Value,High Risk / High Value,Month-to-month,68
5947-SGKCL,0.6108405108432587,High Risk,105.35,High Value,High Risk / High Value,Month-to-month,15
8059-UDZFY,0.5502108073627539,High Risk,105.35,High Value,High Risk / High Value,Month-to-month,33
5052-PNLOS,0.7119262034363832,High Risk,105.35,High Value,High Risk / High Value,Month-to-month,3
2697-NQBPF,0.5154871448616652,High Risk,105.35,High Value,High Risk / High Value,Month-to-month,34
0899-WZRSD,0.2451865095257233,High Risk,105.35,High Value,High Risk / High Value,Month-to-month,56
2133-TSRRM,0.3415444511114853,High Risk,105.35,High Value,High Risk / High Value,Month-to-month,34
4191-XOVOM,0.2681267066896203,High Risk,105.4,High Value,High Risk / High Value,Month-to-month,63
8677-HDZEE,0.31373998765435757,High Risk,105.45,High Value,High Risk / High Value,Month-to-month,56
5129-JLPIS,0.44858097400572805,High Risk,105.5,High Value,High Risk / High Value,Month-to-month,25
7207-RMRDB,0.3767695417155921,High Risk,105.5,High Value,High Risk / High Value,Month-to-month,65
5339-TJFEK,0.2983144719080399,High Risk,105.5,High Value,High Risk / High Value,Month-to-month,62
3389-YGYAI,0.7878395025021908,High Risk,105.5,High Value,High Risk / High Value,Month-to-month,8
4446-BZKHU,0.41194298622510644,High Risk,105.55,High Value,High Risk / High Value,Month-to-month,61
8111-SLLHI,0.6294445406648961,High Risk,105.65,High Value,High Risk / High Value,Month-to-month,39
8868-WOZGU,0.6364786308953984,High Risk,105.7,High Value,High Risk / High Value,Month-to-month,28
1421-HCERK,0.36002829429627725,High Risk,105.7,High Value,High Risk / High Value,Month-to-month,30
6900-PXRMS,0.577583586023578,High Risk,105.75,High Value,High Risk / High Value,Month-to-month,26
1104-TNLZA,0.610849763856282,High Risk,105.8,High Value,High Risk / High Value,Month-to-month,28
2249-YPRNG,0.5885660245677327,High Risk,105.85,High Value,High Risk / High Value,Month-to-month,20
7752-XUSCI,0.4394439728258233,High Risk,105.9,High Value,High Risk / High Value,Month-to-month,60
5647-FXOTP,0.4926395522872508,High Risk,105.9,High Value,High Risk / High Value,Month-to-month,60
1400-MMYXY,0.805307987069918,High Risk,105.9,High Value,High Risk / High Value,Month-to-month,3
1228-FZFRV,0.2446307987653195,High Risk,105.95,High Value,High Risk / High Value,Month-to-month,50
5130-IEKQT,0.5359059209398875,High Risk,105.95,High Value,High Risk / High Value,Month-to-month,25
5804-HYIEZ,0.26771339749248296,High Risk,106.05,High Value,High Risk / High Value,Month-to-month,70
1309-BXVOQ,0.6301037190315155,High Risk,106.1,High Value,High Risk / High Value,Month-to-month,21
7599-FKVXZ,0.42302682626795396,High Risk,106.15,High Value,High Risk / High Value,Month-to-month,42
6377-WHAOX,0.4387826985974204,High Risk,106.15,High Value,High Risk / High Value,Month-to-month,60
3957-LXOLK,0.6991229834784363,High Risk,106.15,High Value,High Risk / High Value,Month-to-month,28
1548-FEHVL,0.33375229635401993,High Risk,106.2,High Value,High Risk / High Value,Month-to-month,61
0337-CNPZE,0.5650045234374411,High Risk,106.3,High Value,High Risk / High Value,Month-to-month,41
5380-WJKOV,0.5923600821656745,High Risk,106.35,High Value,High Risk / High Value,Month-to-month,34
4220-TINQT,0.3993324027083152,High Risk,106.35,High Value,High Risk / High Value,Month-to-month,61
3757-NJYBX,0.5107493947417587,High Risk,106.35,High Value,High Risk / High Value,Month-to-month,32
5630-IXDXV,0.5089164498583852,High Risk,106.35,High Value,High Risk / High Value,Month-to-month,47
1552-AAGRX,0.33609160175213604,High Risk,106.4,High Value,High Risk / High Value,Month-to-month,30
8118-LSUEL,0.711794281847865,High Risk,106.4,High Value,High Risk / High Value,Month-to-month,23
8938-UMKPI,0.5296385262352379,High Risk,106.4,High Value,High Risk / High Value,Month-to-month,47
7048-GXDAY,0.4697184460565362,High Risk,106.4,High Value,High Risk / High Value,Month-to-month,39
8535-SFUTN,0.3560498414882676,High Risk,106.45,High Value,High Risk / High Value,Month-to-month,61
9822-WMWVG,0.31537206223671177,High Risk,106.5,High Value,High Risk / High Value,Month-to-month,41
7825-ECJRF,0.47983590406742826,High Risk,106.6,High Value,High Risk / High Value,Month-to-month,19
4010-YLMVT,0.28455408845614016,High Risk,106.6,High Value,High Risk / High Value,Month-to-month,56
6591-QGOYB,0.37622287433391244,High Risk,106.65,High Value,High Risk / High Value,Month-to-month,17
2027-FECZV,0.7211191787915292,High Risk,106.7,High Value,High Risk / High Value,Month-to-month,12
9710-ZUSHQ,0.48093598121579695,High Risk,106.75,High Value,High Risk / High Value,Month-to-month,37
9572-MTILT,0.2220856077541783,High Risk,106.75,High Value,High Risk / High Value,Month-to-month,59
3606-TWKGI,0.7572442641345396,High Risk,106.9,High Value,High Risk / High Value,Month-to-month,13
9137-UIYPG,0.3503397712765043,High Risk,106.9,High Value,High Risk / High Value,Month-to-month,35
4716-HHKQH,0.5750195633367893,High Risk,107.05,High Value,High Risk / High Value,Month-to-month,20
4566-GOLUK,0.35698379049773377,High Risk,107.35,High Value,High Risk / High Value,Month-to-month,47
6394-MFYNG,0.43393995837158883,High Risk,107.4,High Value,High Risk / High Value,Month-to-month,48
8800-ZKRFW,0.5168293395681586,High Risk,107.5,High Value,High Risk / High Value,Month-to-month,30
2615-YVMYX,0.3447380351249007,High Risk,107.5,High Value,High Risk / High Value,Month-to-month,71
0114-PEGZZ,0.530311010694681,High Risk,107.55,High Value,High Risk / High Value,Month-to-month,33
7821-DPRQE,0.24391354585559108,High Risk,107.7,High Value,High Risk / High Value,Month-to-month,68
1833-TCXKK,0.4512363047096838,High Risk,107.75,High Value,High Risk / High Value,Month-to-month,45
5760-IFJOZ,0.613838755881182,High Risk,107.95,High Value,High Risk / High Value,Month-to-month,3
2081-VEYEH,0.6327334234192152,High Risk,107.95,High Value,High Risk / High Value,Month-to-month,3
3657-COGMW,0.3041310734999372,High Risk,108.1,High Value,High Risk / High Value,Month-to-month,52
6179-GJPSO,0.2701699561311678,High Risk,108.15,High Value,High Risk / High Value,Month-to-month,43
0363-QJVFX,0.35036906709773363,High Risk,108.15,High Value,High Risk / High Value,Month-to-month,32
4329-YPDDQ,0.37598923137160695,High Risk,108.2,High Value,High Risk / High Value,Month-to-month,20
1074-AMIOH,0.2491011731596987,High Risk,108.25,High Value,High Risk / High Value,Month-to-month,53
1110-KYLGQ,0.19798160814232757,High Risk,108.25,High Value,High Risk / High Value,Month-to-month,63
1216-BGTSP,0.3119192300773015,High Risk,108.45,High Value,High Risk / High Value,Month-to-month,45
2027-WKXMW,0.35002699554391087,High Risk,108.75,High Value,High Risk / High Value,Month-to-month,63
2144-BFDSO,0.31821361474648624,High Risk,108.75,High Value,High Risk / High Value,Month-to-month,50
3761-FLYZI,0.3846726936021536,High Risk,108.8,High Value,High Risk / High Value,Month-to-month,65
9971-ZWPBF,0.5301319466283464,High Risk,108.9,High Value,High Risk / High Value,Month-to-month,34
8495-LJDFO,0.2833285402786982,High Risk,108.95,High Value,High Risk / High Value,Month-to-month,64
9278-VZKCD,0.45807020697267037,High Risk,109.1,High Value,High Risk / High Value,Month-to-month,52
3571-RFHAR,0.3229730382037429,High Risk,109.15,High Value,High Risk / High Value,Month-to-month,65
9052-VKDUW,0.3006185573784288,High Risk,109.4,High Value,High Risk / High Value,Month-to-month,65
7537-CBQUZ,0.32712742737456096,High Risk,109.4,High Value,High Risk / High Value,Month-to-month,63
2522-AHJXR,0.24819289298394978,High Risk,109.45,High Value,High Risk / High Value,Month-to-month,60
6599-RCLCJ,0.43657678964661084,High Risk,109.55,High Value,High Risk / High Value,Month-to-month,47
4176-FXYBO,0.32515682873895324,High Risk,109.55,High Value,High Risk / High Value,Month-to-month,54
1061-PNTHC,0.22309644393477562,High Risk,109.6,High Value,High Risk / High Value,Month-to-month,56
0237-YFUTL,0.2721550015859532,High Risk,109.65,High Value,High Risk / High Value,Month-to-month,50
3331-HQDTW,0.417667508423503,High Risk,109.8,High Value,High Risk / High Value,Month-to-month,34
1656-DRSMG,0.2711025719894382,High Risk,109.85,High Value,High Risk / High Value,Month-to-month,63
0177-PXBAT,0.44913034841435523,High Risk,109.9,High Value,High Risk / High Value,Month-to-month,33
3992-YWPKO,0.5991696890335464,High Risk,109.9,High Value,High Risk / High Value,Month-to-month,6
3174-RKMOW,0.4693508037105907,High Risk,109.95,High Value,High Risk / High Value,Month-to-month,35
9851-KIELU,0.4998967692241069,High Risk,110.1,High Value,High Risk / High Value,Month-to-month,10
2931-SVLTV,0.2778549732254431,High Risk,110.1,High Value,High Risk / High Value,Month-to-month,40
7576-JMYWV,0.3729352089510147,High Risk,110.2,High Value,High Risk / High Value,Month-to-month,46
3336-JORSO,0.5840410128908019,High Risk,110.45,High Value,High Risk / High Value,Month-to-month,33
5099-BAILX,0.3967732656867313,High Risk,110.75,High Value,High Risk / High Value,Month-to-month,43
1320-REHCS,0.4668655646649651,High Risk,110.75,High Value,High Risk / High Value,Month-to-month,52
6030-REHUX,0.6185261446595788,High Risk,110.85,High Value,High Risk / High Value,Month-to-month,28
6067-NGCEU,0.24595140156328366,High Risk,111.05,High Value,High Risk / High Value,Month-to-month,65
9079-YEXQJ,0.32430856639581007,High Risk,111.1,High Value,High Risk / High Value,Month-to-month,54
2067-QYTCF,0.33363846196477304,High Risk,111.15,High Value,High Risk / High Value,Month-to-month,64
0115-TFERT,0.5931765070262425,High Risk,111.2,High Value,High Risk / High Value,Month-to-month,21
6168-YBYNP,0.36443160725839535,High Risk,111.35,High Value,High Risk / High Value,Month-to-month,59
3292-PBZEJ,0.6962842776629744,High Risk,111.4,High Value,High Risk / High Value,Month-to-month,11
7130-YXBRO,0.34927613019290144,High Risk,111.45,High Value,High Risk / High Value,Month-to-month,48
2587-EKXTS,0.4499637749434315,High Risk,111.5,High Value,High Risk / High Value,Month-to-month,44
9481-IEBZY,0.2019951949639896,High Risk,112.9,High Value,High Risk / High Value,Month-to-month,72
0771-WLCLA,0.5368659231737017,High Risk,112.95,High Value,High Risk / High Value,Month-to-month,16
1583-IHQZE,0.5572257370698946,High Risk,112.95,High Value,High Risk / High Value,Month-to-month,12
7279-BUYWN,0.5287666151221052,High Risk,113.2,High Value,High Risk / High Value,Month-to-month,41
9158-VCTQB,0.3226888409949167,High Risk,113.6,High Value,High Risk / High Value,Month-to-month,41
6710-HSJRD,0.3691019781810981,High Risk,114.1,High Value,High Risk / High Value,Month-to-month,61
4361-BKAXE,0.31570640441626957,High Risk,114.5,High Value,High Risk / High Value,Month-to-month,41
9659-QEQSY,0.36914803936664686,High Risk,115.65,High Value,High Risk / High Value,Month-to-month,45
8016-NCFVO,0.36411732327866164,High Risk,116.5,High Value,High Risk / High Value,Month-to-month,55
2302-ANTDP,0.3155120826804289,High Risk,117.45,High Value,High Risk / High Value,Month-to-month,48
6823-SIDFQ,0.029774818345642832,Low Risk,18.25,Low Value,Low Risk / Low Value,One year,28
2967-MXRAV,0.09902074942270717,Low Risk,18.8,Low Value,Low Risk / Low Value,One year,1
7369-TRPFD,0.04669437293170293,Low Risk,18.8,Low Value,Low Risk / Low Value,One year,19
6508-NJYRO,0.05823512154992282,Low Risk,18.8,Low Value,Low Risk / Low Value,One year,15
3572-UUHRS,0.013511942849519345,Low Risk,18.85,Low Value,Low Risk / Low Value,One year,45
9732-OUYRN,0.010197730918670917,Low Risk,19.0,Low Value,Low Risk / Low Value,One year,49
0661-KQHNK,0.07694183332930253,Low Risk,19.0,Low Value,Low Risk / Low Value,One year,6
9451-WLYRI,0.008277436326311454,Low Risk,19.05,Low Value,Low Risk / Low Value,One year,53
0307-BCOPK,0.056796611263176165,Low Risk,19.05,Low Value,Low Risk / Low Value,One year,16
4530-NDRKU,0.025746961113434247,Low Risk,19.05,Low Value,Low Risk / Low Value,One year,42
1697-LYYYX,0.004703501983303532,Low Risk,19.1,Low Value,Low Risk / Low Value,One year,61
7009-PCARS,0.006799266347332289,Low Risk,19.1,Low Value,Low Risk / Low Value,One year,55
8873-TMKGR,0.028628748417454233,Low Risk,19.1,Low Value,Low Risk / Low Value,One year,29
4163-HFTUK,0.01350267977333185,Low Risk,19.1,Low Value,Low Risk / Low Value,One year,51
6016-NXBNJ,0.029389428327813293,Low Risk,19.15,Low Value,Low Risk / Low Value,One year,35
1998-VHJHK,0.03245039761228737,Low Risk,19.15,Low Value,Low Risk / Low Value,One year,27
6051-PTVNS,0.006353415426231895,Low Risk,19.15,Low Value,Low Risk / Low Value,One year,55
2862-JVEOY,0.08973764289347783,Low Risk,19.15,Low Value,Low Risk / Low Value,One year,6
9498-FIMXL,0.1133492909499983,Low Risk,19.2,Low Value,Low Risk / Low Value,One year,8
1439-LCGVL,0.033777021376138326,Low Risk,19.2,Low Value,Low Risk / Low Value,One year,26
3653-NCRDJ,0.016730247455794555,Low Risk,19.2,Low Value,Low Risk / Low Value,One year,43
9531-NSBMR,0.03023580352723315,Low Risk,19.25,Low Value,Low Risk / Low Value,One year,36
9617-UDPEU,0.057754296085009316,Low Risk,19.25,Low Value,Low Risk / Low Value,One year,22
3523-BRGUW,0.03995776536681089,Low Risk,19.3,Low Value,Low Risk / Low Value,One year,26
1915-OAKWD,0.07177242103575793,Low Risk,19.3,Low Value,Low Risk / Low Value,One year,16
7190-XHTWJ,0.01875728949881739,Low Risk,19.3,Low Value,Low Risk / Low Value,One year,38
6598-RFFVI,0.10434275297810199,Low Risk,19.3,Low Value,Low Risk / Low Value,One year,2
2592-HODOV,0.06201012788447079,Low Risk,19.3,Low Value,Low Risk / Low Value,One year,13
5914-GXMDA,0.025036360486795164,Low Risk,19.3,Low Value,Low Risk / Low Value,One year,32
4815-TUMEQ,0.10272604626068939,Low Risk,19.3,Low Value,Low Risk / Low Value,One year,10
5602-BVFMK,0.06836710241287772,Low Risk,19.3,Low Value,Low Risk / Low Value,One year,12
9347-AERRL,0.038065767307507034,Low Risk,19.3,Low Value,Low Risk / Low Value,One year,23
5961-VUSRV,0.0979502878137239,Low Risk,19.35,Low Value,Low Risk / Low Value,One year,12
4425-OWHWB,0.06269856941207631,Low Risk,19.35,Low Value,Low Risk / Low Value,One year,20
5986-WWXDV,0.015831338588420504,Low Risk,19.35,Low Value,Low Risk / Low Value,One year,39
1345-ZUKID,0.06165733883112037,Low Risk,19.35,Low Value,Low Risk / Low Value,One year,14
4893-GYUJU,0.014394737036493048,Low Risk,19.35,Low Value,Low Risk / Low Value,One year,50
9766-HGEDE,0.053075500565472986,Low Risk,19.35,Low Value,Low Risk / Low Value,One year,17
4311-QTTAI,0.054316042837357414,Low Risk,19.35,Low Value,Low Risk / Low Value,One year,16
5016-LIPDW,0.005806415216177657,Low Risk,19.4,Low Value,Low Risk / Low Value,One year,57
3985-HOYPM,0.03366851500998565,Low Risk,19.4,Low Value,Low Risk / Low Value,One year,26
8249-THVEC,0.008040526500803905,Low Risk,19.4,Low Value,Low Risk / Low Value,One year,51
2788-CJQAQ,0.0639983229452356,Low Risk,19.45,Low Value,Low Risk / Low Value,One year,13
1179-INLAT,0.13911047445087016,Low Risk,19.45,Low Value,Low Risk / Low Value,One year,3
1015-JPFYW,0.073961069016516,Low Risk,19.45,Low Value,Low Risk / Low Value,One year,7
0895-LNKRC,0.07730431627203128,Low Risk,19.45,Low Value,Low Risk / Low Value,One year,6
2650-GYRYL,0.02933759639489018,Low Risk,19.45,Low Value,Low Risk / Low Value,One year,33
6729-FZWSY,0.005568597262366207,Low Risk,19.45,Low Value,Low Risk / Low Value,One year,67
2821-WARNZ,0.00874543245735373,Low Risk,19.45,Low Value,Low Risk / Low Value,One year,49
8241-JUIQO,0.006294014212322692,Low Risk,19.45,Low Value,Low Risk / Low Value,One year,61
2550-QHZGP,0.08477391275326561,Low Risk,19.5,Low Value,Low Risk / Low Value,One year,7
8076-FEZKJ,0.07423182576007074,Low Risk,19.5,Low Value,Low Risk / Low Value,One year,10
7649-PHJVR,0.07037290307160558,Low Risk,19.5,Low Value,Low Risk / Low Value,One year,11
2122-SZZZD,0.012877443243665363,Low Risk,19.5,Low Value,Low Risk / Low Value,One year,44
8395-ETZKQ,0.004184282763943016,Low Risk,19.5,Low Value,Low Risk / Low Value,One year,68
0428-AXXLJ,0.05175676406366933,Low Risk,19.5,Low Value,Low Risk / Low Value,One year,25
3423-HHXAO,0.07376146155173628,Low Risk,19.5,Low Value,Low Risk / Low Value,One year,14
4644-OBGFZ,0.006434936558875972,Low Risk,19.5,Low Value,Low Risk / Low Value,One year,55
7216-KAOID,0.014129804928348097,Low Risk,19.5,Low Value,Low Risk / Low Value,One year,41
2320-TZRRH,0.046285062164532396,Low Risk,19.5,Low Value,Low Risk / Low Value,One year,20
4451-RWASJ,0.06781831626254836,Low Risk,19.5,Low Value,Low Risk / Low Value,One year,15
3486-NPGST,0.020110064592683195,Low Risk,19.55,Low Value,Low Risk / Low Value,One year,36
8717-VCTXJ,0.020874343022594406,Low Risk,19.55,Low Value,Low Risk / Low Value,One year,42
3131-NWVFJ,0.05383254635270019,Low Risk,19.55,Low Value,Low Risk / Low Value,One year,14
7061-OVMIM,0.02547874402671826,Low Risk,19.55,Low Value,Low Risk / Low Value,One year,30
7311-MQJCH,0.13138913223016205,Low Risk,19.55,Low Value,Low Risk / Low Value,One year,5
0788-DXBFY,0.011146398624398883,Low Risk,19.55,Low Value,Low Risk / Low Value,One year,58
7872-BAAZR,0.00773606975603313,Low Risk,19.55,Low Value,Low Risk / Low Value,One year,53
7609-NRNCA,0.05266732342802639,Low Risk,19.55,Low Value,Low Risk / Low Value,One year,17
6837-BJYDQ,0.10250146386449585,Low Risk,19.6,Low Value,Low Risk / Low Value,One year,3
3280-NMUVX,0.018628364671589466,Low Risk,19.6,Low Value,Low Risk / Low Value,One year,34
9170-ARBTB,0.007524617152574532,Low Risk,19.6,Low Value,Low Risk / Low Value,One year,52
8022-BECSI,0.04070259130812408,Low Risk,19.6,Low Value,Low Risk / Low Value,One year,22
7319-ZNRTR,0.041893451918783985,Low Risk,19.6,Low Value,Low Risk / Low Value,One year,25
3146-JTQHR,0.07686429694281592,Low Risk,19.6,Low Value,Low Risk / Low Value,One year,10
4750-UKWJK,0.024123403382147617,Low Risk,19.6,Low Value,Low Risk / Low Value,One year,37
4487-ZYJZK,0.015560070411797319,Low Risk,19.6,Low Value,Low Risk / Low Value,One year,38
0042-JVWOJ,0.04829618051733432,Low Risk,19.6,Low Value,Low Risk / Low Value,One year,26
0956-SYCWG,0.0903506541946033,Low Risk,19.65,Low Value,Low Risk / Low Value,One year,13
3082-WQRVY,0.07284061836471264,Low Risk,19.65,Low Value,Low Risk / Low Value,One year,14
5562-BETPV,0.0977993633027504,Low Risk,19.65,Low Value,Low Risk / Low Value,One year,1
5312-TSZVC,0.05068087574567062,Low Risk,19.65,Low Value,Low Risk / Low Value,One year,15
6082-OQFBA,0.033287634450076764,Low Risk,19.65,Low Value,Low Risk / Low Value,One year,23
8573-JGCZW,0.07603858536166261,Low Risk,19.65,Low Value,Low Risk / Low Value,One year,17
8008-OTEZX,0.01874244740349037,Low Risk,19.65,Low Value,Low Risk / Low Value,One year,35
3178-CIFOT,0.053668361027040784,Low Risk,19.65,Low Value,Low Risk / Low Value,One year,23
9503-XJUME,0.007189152939515772,Low Risk,19.65,Low Value,Low Risk / Low Value,One year,52
8969-PRHFK,0.05055590572216879,Low Risk,19.65,Low Value,Low Risk / Low Value,One year,18
1272-ILHFG,0.05033435583580589,Low Risk,19.65,Low Value,Low Risk / Low Value,One year,15
1964-SVLEA,0.06263803748944212,Low Risk,19.7,Low Value,Low Risk / Low Value,One year,20
6974-DAFLI,0.011285777975078957,Low Risk,19.7,Low Value,Low Risk / Low Value,One year,55
7706-YLMQA,0.0037401290443693403,Low Risk,19.7,Low Value,Low Risk / Low Value,One year,70
7026-YMSBE,0.02756399982904502,Low Risk,19.7,Low Value,Low Risk / Low Value,One year,30
1429-UYJSV,0.06856282822713743,Low Risk,19.7,Low Value,Low Risk / Low Value,One year,12
6746-WAUWT,0.06358445699133117,Low Risk,19.7,Low Value,Low Risk / Low Value,One year,19
2466-FCCPT,0.04179465572163265,Low Risk,19.7,Low Value,Low Risk / Low Value,One year,20
7762-ONLJY,0.07823816504308248,Low Risk,19.7,Low Value,Low Risk / Low Value,One year,6
2923-ARZLG,0.13910878801779958,Low Risk,19.7,Low Value,Low Risk / Low Value,One year,0
6260-XLACS,0.09865671621513737,Low Risk,19.7,Low Value,Low Risk / Low Value,One year,4
2277-AXSDC,0.026496870011837093,Low Risk,19.75,Low Value,Low Risk / Low Value,One year,32
2667-WYLWJ,0.09747263305264907,Low Risk,19.75,Low Value,Low Risk / Low Value,One year,8
8510-BBWMU,0.022302680211058003,Low Risk,19.75,Low Value,Low Risk / Low Value,One year,41
2589-AYCRP,0.010612098235346364,Low Risk,19.75,Low Value,Low Risk / Low Value,One year,50
9845-QOMAD,0.0527375809221207,Low Risk,19.75,Low Value,Low Risk / Low Value,One year,14
1680-VDCWW,0.06908404796455837,Low Risk,19.8,Low Value,Low Risk / Low Value,One year,12
1038-ZAGBI,0.06173286985014232,Low Risk,19.8,Low Value,Low Risk / Low Value,One year,12
4795-UXVCJ,0.031766909120714386,Low Risk,19.8,Low Value,Low Risk / Low Value,One year,26
2829-HYVZP,0.03989398268869362,Low Risk,19.8,Low Value,Low Risk / Low Value,One year,29
1813-JLKWR,0.004516475707508557,Low Risk,19.8,Low Value,Low Risk / Low Value,One year,64
0219-QAERP,0.026198861019025663,Low Risk,19.8,Low Value,Low Risk / Low Value,One year,30
1226-JZNKR,0.09951279077357546,Low Risk,19.8,Low Value,Low Risk / Low Value,One year,8
0969-RGKCU,0.015648910512114894,Low Risk,19.8,Low Value,Low Risk / Low Value,One year,37
4318-RAJVY,0.10232817519083731,Low Risk,19.8,Low Value,Low Risk / Low Value,One year,10
1686-STUHN,0.015704320057610428,Low Risk,19.8,Low Value,Low Risk / Low Value,One year,42
5917-RYRMG,0.029049491589860824,Low Risk,19.8,Low Value,Low Risk / Low Value,One year,32
4685-TFLLS,0.044908384115531566,Low Risk,19.8,Low Value,Low Risk / Low Value,One year,18
5871-DGTXZ,0.02446314122286728,Low Risk,19.8,Low Value,Low Risk / Low Value,One year,32
1561-BWHIN,0.040401292353040096,Low Risk,19.8,Low Value,Low Risk / Low Value,One year,19
8779-YIQQA,0.03620680759784982,Low Risk,19.8,Low Value,Low Risk / Low Value,One year,21
5995-WWKKG,0.03833945804820152,Low Risk,19.8,Low Value,Low Risk / Low Value,One year,37
3721-CNZHX,0.05765740570817856,Low Risk,19.8,Low Value,Low Risk / Low Value,One year,15
9801-NOSHQ,0.03358241546520745,Low Risk,19.8,Low Value,Low Risk / Low Value,One year,23
4464-JCOLN,0.09294781067869247,Low Risk,19.85,Low Value,Low Risk / Low Value,One year,2
5642-MHDQT,0.010907140541623046,Low Risk,19.85,Low Value,Low Risk / Low Value,One year,53
7297-DVYGA,0.014063499478304481,Low Risk,19.85,Low Value,Low Risk / Low Value,One year,51
7446-SFAOA,0.02854179213007039,Low Risk,19.85,Low Value,Low Risk / Low Value,One year,37
4962-CHQPW,0.024447640349887275,Low Risk,19.85,Low Value,Low Risk / Low Value,One year,29
9447-YPTBX,0.014609259681224472,Low Risk,19.85,Low Value,Low Risk / Low Value,One year,50
1064-FBXNK,0.09464954332245826,Low Risk,19.85,Low Value,Low Risk / Low Value,One year,1
8075-GXIUB,0.0907373029764136,Low Risk,19.85,Low Value,Low Risk / Low Value,One year,9
6479-OAUSD,0.03406651115867838,Low Risk,19.9,Low Value,Low Risk / Low Value,One year,25
7677-SJJJK,0.06764419110989123,Low Risk,19.9,Low Value,Low Risk / Low Value,One year,8
7279-NMVJC,0.05575559690107604,Low Risk,19.9,Low Value,Low Risk / Low Value,One year,17
8884-MRNSU,0.04721057315446928,Low Risk,19.9,Low Value,Low Risk / Low Value,One year,17
1069-QJOEE,0.04284309512464335,Low Risk,19.9,Low Value,Low Risk / Low Value,One year,25
6061-PQHMK,0.0349964228192097,Low Risk,19.9,Low Value,Low Risk / Low Value,One year,25
8194-PEEBY,0.03296623943591681,Low Risk,19.9,Low Value,Low Risk / Low Value,One year,24
1755-FZQEC,0.017342203023876415,Low Risk,19.9,Low Value,Low Risk / Low Value,One year,39
3079-BCHLN,0.01208272926315115,Low Risk,19.9,Low Value,Low Risk / Low Value,One year,47
2819-GWENI,0.0264108896678795,Low Risk,19.9,Low Value,Low Risk / Low Value,One year,28
8748-HFWBO,0.04049131511811019,Low Risk,19.9,Low Value,Low Risk / Low Value,One year,19
2878-DHMIN,0.02566950775543801,Low Risk,19.9,Low Value,Low Risk / Low Value,One year,35
2673-ZALNP,0.08710447679710089,Low Risk,19.9,Low Value,Low Risk / Low Value,One year,7
6202-JVYEU,0.1434450602434504,Low Risk,19.9,Low Value,Low Risk / Low Value,One year,9
5173-ZXXXL,0.10699763779214341,Low Risk,19.95,Low Value,Low Risk / Low Value,One year,2
7560-QRBXH,0.009534634366272476,Low Risk,19.95,Low Value,Low Risk / Low Value,One year,48
4636-TVXVG,0.004807292860626968,Low Risk,19.95,Low Value,Low Risk / Low Value,One year,62
9522-ZSINC,0.1200148672074186,Low Risk,19.95,Low Value,Low Risk / Low Value,One year,13
0621-TSSMU,0.006990871206793219,Low Risk,19.95,Low Value,Low Risk / Low Value,One year,56
9847-HNVGP,0.051652592914929525,Low Risk,19.95,Low Value,Low Risk / Low Value,One year,17
0221-NAUXK,0.09205945835341252,Low Risk,19.95,Low Value,Low Risk / Low Value,One year,10
4632-PAOYU,0.034997429280115816,Low Risk,19.95,Low Value,Low Risk / Low Value,One year,22
8859-YSTWS,0.011647385236257605,Low Risk,19.95,Low Value,Low Risk / Low Value,One year,48
5619-XZZKR,0.0969766394320969,Low Risk,19.95,Low Value,Low Risk / Low Value,One year,4
5546-QUERU,0.0868441969084116,Low Risk,19.95,Low Value,Low Risk / Low Value,One year,13
4709-LKHYG,0.03536197124479173,Low Risk,20.0,Low Value,Low Risk / Low Value,One year,29
9824-QCJPK,0.019729860751868198,Low Risk,20.0,Low Value,Low Risk / Low Value,One year,36
4716-MRVEN,0.029446749562620694,Low Risk,20.0,Low Value,Low Risk / Low Value,One year,29
8084-OIVBS,0.07104043679541004,Low Risk,20.0,Low Value,Low Risk / Low Value,One year,11
4323-ELYYB,0.05407226248450374,Low Risk,20.0,Low Value,Low Risk / Low Value,One year,13
0967-BMLBD,0.08410768663686516,Low Risk,20.0,Low Value,Low Risk / Low Value,One year,11
1269-FOYWN,0.012031317560281798,Low Risk,20.0,Low Value,Low Risk / Low Value,One year,44
3556-BVQGL,0.06352919542414706,Low Risk,20.0,Low Value,Low Risk / Low Value,One year,20
1401-FTHFQ,0.0446698079738176,Low Risk,20.0,Low Value,Low Risk / Low Value,One year,23
4955-VCWBI,0.012204906689468827,Low Risk,20.0,Low Value,Low Risk / Low Value,One year,43
5876-QMYLD,0.03360181239434825,Low Risk,20.05,Low Value,Low Risk / Low Value,One year,23
9442-JTWDL,0.06933942221562593,Low Risk,20.05,Low Value,Low Risk / Low Value,One year,11
2682-KEVRP,0.06988974507692507,Low Risk,20.05,Low Value,Low Risk / Low Value,One year,22
5993-BQHEA,0.06484131001341857,Low Risk,20.05,Low Value,Low Risk / Low Value,One year,12
6100-FJZDG,0.04178371820584108,Low Risk,20.05,Low Value,Low Risk / Low Value,One year,26
2812-REYAT,0.015324402402212483,Low Risk,20.05,Low Value,Low Risk / Low Value,One year,49
5380-XPJNZ,0.018112880044404023,Low Risk,20.05,Low Value,Low Risk / Low Value,One year,38
5849-ASHZJ,0.026552369889898765,Low Risk,20.05,Low Value,Low Risk / Low Value,One year,27
4359-INNWN,0.0514789165899664,Low Risk,20.05,Low Value,Low Risk / Low Value,One year,17
8902-ZEOVF,0.009868576595701664,Low Risk,20.05,Low Value,Low Risk / Low Value,One year,47
4291-YZODP,0.07402700211065012,Low Risk,20.05,Low Value,Low Risk / Low Value,One year,7
7632-YUTXB,0.03097580538362537,Low Risk,20.05,Low Value,Low Risk / Low Value,One year,25
1757-TCATG,0.019401710442908796,Low Risk,20.05,Low Value,Low Risk / Low Value,One year,35
0859-YGKFW,0.04477810902554286,Low Risk,20.05,Low Value,Low Risk / Low Value,One year,18
8752-IMQOS,0.08010053941610704,Low Risk,20.1,Low Value,Low Risk / Low Value,One year,5
1934-MKPXS,0.019223724061437353,Low Risk,20.1,Low Value,Low Risk / Low Value,One year,33
2387-KDZQY,0.07044853326055925,Low Risk,20.1,Low Value,Low Risk / Low Value,One year,17
7328-OWMOM,0.021879834626682804,Low Risk,20.1,Low Value,Low Risk / Low Value,One year,31
0829-DDVLK,0.056809965727166935,Low Risk,20.1,Low Value,Low Risk / Low Value,One year,15
8499-BRXTD,0.05006617819184009,Low Risk,20.1,Low Value,Low Risk / Low Value,One year,18
1133-KXCGE,0.051241214604073805,Low Risk,20.1,Low Value,Low Risk / Low Value,One year,18
1776-SPBWV,0.028743555730168128,Low Risk,20.1,Low Value,Low Risk / Low Value,One year,34
2150-OEGBV,0.03350834300345734,Low Risk,20.1,Low Value,Low Risk / Low Value,One year,27
1403-LKLIK,0.020060914412495492,Low Risk,20.1,Low Value,Low Risk / Low Value,One year,33
4616-EWBNJ,0.05862145547270672,Low Risk,20.1,Low Value,Low Risk / Low Value,One year,16
3243-ZHOHY,0.055393964909504316,Low Risk,20.1,Low Value,Low Risk / Low Value,One year,16
9483-GCPWE,0.06675286763690436,Low Risk,20.1,Low Value,Low Risk / Low Value,One year,9
5627-TVBPP,0.02478094360159624,Low Risk,20.1,Low Value,Low Risk / Low Value,One year,35
0902-RFHOF,0.01796953572571964,Low Risk,20.1,Low Value,Low Risk / Low Value,One year,38
1952-DVVSW,0.07406020853059925,Low Risk,20.1,Low Value,Low Risk / Low Value,One year,10
5474-LAMUQ,0.0372073643100858,Low Risk,20.1,Low Value,Low Risk / Low Value,One year,24
2749-CTKAJ,0.03474875093246858,Low Risk,20.15,Low Value,Low Risk / Low Value,One year,22
0516-VRYBW,0.046420841285384554,Low Risk,20.15,Low Value,Low Risk / Low Value,One year,18
5777-ZPQNC,0.09491922754810024,Low Risk,20.15,Low Value,Low Risk / Low Value,One year,12
3778-FOAQW,0.03716724003971702,Low Risk,20.15,Low Value,Low Risk / Low Value,One year,24
8631-XVRZL,0.10406756326274127,Low Risk,20.15,Low Value,Low Risk / Low Value,One year,9
5505-OVWQW,0.05326891011912297,Low Risk,20.15,Low Value,Low Risk / Low Value,One year,17
9602-WCXPI,0.009463090763421987,Low Risk,20.15,Low Value,Low Risk / Low Value,One year,50
7137-NAXML,0.03997934589666132,Low Risk,20.15,Low Value,Low Risk / Low Value,One year,23
8327-WKMIE,0.018703045420617223,Low Risk,20.15,Low Value,Low Risk / Low Value,One year,37
5519-TEEUH,0.02829628895544997,Low Risk,20.15,Low Value,Low Risk / Low Value,One year,33
6469-MRVET,0.1784072609980513,Low Risk,20.2,Low Value,Low Risk / Low Value,One year,1
4697-LUPSU,0.09243317532438926,Low Risk,20.2,Low Value,Low Risk / Low Value,One year,2
9805-FILKB,0.014927706177049154,Low Risk,20.2,Low Value,Low Risk / Low Value,One year,46
5039-LZRQT,0.06468568578174001,Low Risk,20.2,Low Value,Low Risk / Low Value,One year,13
9621-OUPYD,0.05204158436665971,Low Risk,20.2,Low Value,Low Risk / Low Value,One year,25
2926-JEJJC,0.1164500427348063,Low Risk,20.2,Low Value,Low Risk / Low Value,One year,8
1722-LDZJS,0.0069927861111595685,Low Risk,20.2,Low Value,Low Risk / Low Value,One year,53
5924-SNGKP,0.018784892404459016,Low Risk,20.25,Low Value,Low Risk / Low Value,One year,41
1178-PZGAB,0.04657778172095455,Low Risk,20.25,Low Value,Low Risk / Low Value,One year,19
6188-UXBBR,0.025359875223548673,Low Risk,20.25,Low Value,Low Risk / Low Value,One year,38
4518-FZBSX,0.012721066862578513,Low Risk,20.25,Low Value,Low Risk / Low Value,One year,42
1834-WULEG,0.031201644473711012,Low Risk,20.25,Low Value,Low Risk / Low Value,One year,24
4393-OBCRR,0.10390006689036045,Low Risk,20.25,Low Value,Low Risk / Low Value,One year,3
4537-CIBHB,0.06750461910672953,Low Risk,20.25,Low Value,Low Risk / Low Value,One year,9
6072-NUQCB,0.03725365775846725,Low Risk,20.25,Low Value,Low Risk / Low Value,One year,22
7353-YOWFP,0.08560512868334369,Low Risk,20.25,Low Value,Low Risk / Low Value,One year,7
8610-ZIKJJ,0.0941559068827745,Low Risk,20.3,Low Value,Low Risk / Low Value,One year,2
8590-OHDIW,0.015827325009701083,Low Risk,20.3,Low Value,Low Risk / Low Value,One year,38
5214-CHIWJ,0.03202398816199645,Low Risk,20.3,Low Value,Low Risk / Low Value,One year,27
3125-RAHBV,0.039505294336863804,Low Risk,20.3,Low Value,Low Risk / Low Value,One year,22
5177-RVZNU,0.017738834536998347,Low Risk,20.3,Low Value,Low Risk / Low Value,One year,37
5847-MXBEO,0.040869615617181186,Low Risk,20.3,Low Value,Low Risk / Low Value,One year,22
7665-VIGUD,0.07226864153667624,Low Risk,20.35,Low Value,Low Risk / Low Value,One year,10
7073-QETQY,0.007495840223980442,Low Risk,20.35,Low Value,Low Risk / Low Value,One year,66
1872-EBWSC,0.02943685992431224,Low Risk,20.35,Low Value,Low Risk / Low Value,One year,29
8512-WIWYV,0.024177291176274616,Low Risk,20.35,Low Value,Low Risk / Low Value,One year,32
1085-LDWAM,0.004469743183898636,Low Risk,20.35,Low Value,Low Risk / Low Value,One year,69
3982-JGSFD,0.02684396049169837,Low Risk,20.35,Low Value,Low Risk / Low Value,One year,36
1930-BZLHI,0.05884480312578105,Low Risk,20.35,Low Value,Low Risk / Low Value,One year,21
7813-TKCVO,0.04540845217844301,Low Risk,20.35,Low Value,Low Risk / Low Value,One year,20
5774-QPLTF,0.011560618256142578,Low Risk,20.35,Low Value,Low Risk / Low Value,One year,50
5003-OKNNK,0.04935565951157317,Low Risk,20.35,Low Value,Low Risk / Low Value,One year,15
1763-KUAAW,0.06506134191907588,Low Risk,20.35,Low Value,Low Risk / Low Value,One year,18
1074-WVEVG,0.006443653169281856,Low Risk,20.35,Low Value,Low Risk / Low Value,One year,59
0731-EBJQB,0.01574974073189259,Low Risk,20.4,Low Value,Low Risk / Low Value,One year,52
7817-OMJNA,0.06289635323000298,Low Risk,20.4,Low Value,Low Risk / Low Value,One year,14
3594-BDSOA,0.03613267290065813,Low Risk,20.4,Low Value,Low Risk / Low Value,One year,24
2239-CFOUJ,0.09673284295631591,Low Risk,20.4,Low Value,Low Risk / Low Value,One year,1
6772-WFQRD,0.021041192845506557,Low Risk,20.4,Low Value,Low Risk / Low Value,One year,40
6248-BSHKG,0.004767210417311912,Low Risk,20.4,Low Value,Low Risk / Low Value,One year,61
3705-PSNGL,0.02541160983000163,Low Risk,20.4,Low Value,Low Risk / Low Value,One year,45
2495-TTHBQ,0.1171049999343063,Low Risk,20.4,Low Value,Low Risk / Low Value,One year,4
7244-KXYZN,0.03667929840662096,Low Risk,20.45,Low Value,Low Risk / Low Value,One year,24
3724-BSCVH,0.0636490222503942,Low Risk,20.45,Low Value,Low Risk / Low Value,One year,10
6870-ECSHE,0.1080287183824075,Low Risk,20.45,Low Value,Low Risk / Low Value,One year,2
1682-VCOIO,0.03863704815585052,Low Risk,20.45,Low Value,Low Risk / Low Value,One year,23
0048-PIHNL,0.010789578959026463,Low Risk,20.45,Low Value,Low Risk / Low Value,One year,49
9639-BUJXT,0.005099685491525083,Low Risk,20.5,Low Value,Low Risk / Low Value,One year,63
4378-BZYFP,0.07172635582769957,Low Risk,20.5,Low Value,Low Risk / Low Value,One year,17
0129-QMPDR,0.016742241697084576,Low Risk,20.5,Low Value,Low Risk / Low Value,One year,44
8189-DUKMV,0.10303713401618936,Low Risk,20.5,Low Value,Low Risk / Low Value,One year,4
8746-BFOAJ,0.054890480079390715,Low Risk,20.5,Low Value,Low Risk / Low Value,One year,21
5857-XRECV,0.09894593166765554,Low Risk,20.5,Low Value,Low Risk / Low Value,One year,2
5918-VUKWP,0.026392453510984303,Low Risk,20.55,Low Value,Low Risk / Low Value,One year,32
3712-PKXZA,0.00757473143429697,Low Risk,20.55,Low Value,Low Risk / Low Value,One year,61
9620-QJREV,0.009677669383579814,Low Risk,20.55,Low Value,Low Risk / Low Value,One year,47
0422-OHQHQ,0.05019070339243526,Low Risk,20.55,Low Value,Low Risk / Low Value,One year,15
8763-KIAFH,0.03894801644935696,Low Risk,20.55,Low Value,Low Risk / Low Value,One year,27
6924-TDGMT,0.09349364516354366,Low Risk,20.55,Low Value,Low Risk / Low Value,One year,11
5808-TOTXO,0.11857577873268889,Low Risk,20.55,Low Value,Low Risk / Low Value,One year,3
4302-ZYFEL,0.004303521516567125,Low Risk,20.55,Low Value,Low Risk / Low Value,One year,69
2690-DVRVK,0.11079694837257036,Low Risk,20.55,Low Value,Low Risk / Low Value,One year,5
0052-YNYOT,0.005960119911133311,Low Risk,20.55,Low Value,Low Risk / Low Value,One year,67
2907-ILJBN,0.06130701787022497,Low Risk,20.6,Low Value,Low Risk / Low Value,One year,11
6563-VRERX,0.020104430874534437,Low Risk,20.6,Low Value,Low Risk / Low Value,One year,33
9067-SQTNS,0.01214707554631097,Low Risk,20.6,Low Value,Low Risk / Low Value,One year,44
8884-FEEWR,0.02241809407661724,Low Risk,20.6,Low Value,Low Risk / Low Value,One year,35
7435-ZNUYY,0.08761520934864031,Low Risk,20.6,Low Value,Low Risk / Low Value,One year,6
8191-XWSZG,0.008935859584024892,Low Risk,20.65,Low Value,Low Risk / Low Value,One year,52
4933-IKULF,0.06432629230543462,Low Risk,20.65,Low Value,Low Risk / Low Value,One year,17
2351-RRBUE,0.0739100122216014,Low Risk,20.65,Low Value,Low Risk / Low Value,One year,7
6223-DHJGV,0.021716654871803773,Low Risk,20.65,Low Value,Low Risk / Low Value,One year,42
3750-YHRYO,0.07268221140413833,Low Risk,20.65,Low Value,Low Risk / Low Value,One year,7
9534-NSXEM,0.04533302683411175,Low Risk,20.65,Low Value,Low Risk / Low Value,One year,26
4092-OFQZS,0.044528103448061684,Low Risk,20.65,Low Value,Low Risk / Low Value,One year,20
8430-TWCBX,0.01025888144760386,Low Risk,20.7,Low Value,Low Risk / Low Value,One year,49
7305-ZWMAJ,0.02590190807877684,Low Risk,20.7,Low Value,Low Risk / Low Value,One year,30
9867-JCZSP,0.046414560258867095,Low Risk,20.75,Low Value,Low Risk / Low Value,One year,17
6419-ZTTLE,0.09098439538202424,Low Risk,20.75,Low Value,Low Risk / Low Value,One year,23
9509-MPYOD,0.02136886638071002,Low Risk,20.75,Low Value,Low Risk / Low Value,One year,35
8966-OIQHG,0.03739125593399425,Low Risk,20.75,Low Value,Low Risk / Low Value,One year,22
6532-YLWSI,0.008844583041038216,Low Risk,20.8,Low Value,Low Risk / Low Value,One year,53
6527-PZFPV,0.042028737449041745,Low Risk,20.8,Low Value,Low Risk / Low Value,One year,24
4980-URKXC,0.02082844133986472,Low Risk,20.85,Low Value,Low Risk / Low Value,One year,36
5266-PFRQK,0.010297256425240084,Low Risk,20.85,Low Value,Low Risk / Low Value,One year,52
5324-KTGCG,0.004869909092444045,Low Risk,20.85,Low Value,Low Risk / Low Value,One year,71
6980-CDGFC,0.00608737338373879,Low Risk,20.85,Low Value,Low Risk / Low Value,One year,67
9746-UGFAC,0.04327710014327549,Low Risk,20.85,Low Value,Low Risk / Low Value,One year,22
3452-FLHYD,0.05014711954588019,Low Risk,20.95,Low Value,Low Risk / Low Value,One year,25
6447-EGDIV,0.026561527195083284,Low Risk,20.95,Low Value,Low Risk / Low Value,One year,31
0835-DUUIQ,0.03415834716769438,Low Risk,21.05,Low Value,Low Risk / Low Value,One year,24
1293-HHSHJ,0.02150352614112728,Low Risk,21.1,Low Value,Low Risk / Low Value,One year,35
6922-NCEDI,0.008868024160375071,Low Risk,21.2,Low Value,Low Risk / Low Value,One year,56
8909-BOLNL,0.09984710694702224,Low Risk,21.2,Low Value,Low Risk / Low Value,One year,3
2560-QTSBS,0.005721655957204353,Low Risk,23.3,Low Value,Low Risk / Low Value,One year,72
0784-GTUUK,0.009975501205933603,Low Risk,23.75,Low Value,Low Risk / Low Value,One year,62
9229-RQABD,0.06496909242233324,Low Risk,23.75,Low Value,Low Risk / Low Value,One year,18
7356-AYNJP,0.1717162308359293,Low Risk,23.9,Low Value,Low Risk / Low Value,One year,4
1599-EAHXY,0.0069573730576393865,Low Risk,23.95,Low Value,Low Risk / Low Value,One year,60
6546-OPBBH,0.0154808778351531,Low Risk,23.95,Low Value,Low Risk / Low Value,One year,51
3251-YMVWZ,0.012388303231971848,Low Risk,24.05,Low Value,Low Risk / Low Value,One year,53
6158-DWPZT,0.2693236491622421,High Risk,24.1,Low Value,High Risk / Low Value,One year,9
4116-IQRFR,0.10377663242042491,Low Risk,24.1,Low Value,Low Risk / Low Value,One year,4
7471-WNSUF,0.008778205662924803,Low Risk,24.15,Low Value,Low Risk / Low Value,One year,60
8277-RVRSV,0.026796880320219717,Low Risk,24.15,Low Value,Low Risk / Low Value,One year,33
1897-RCFUM,0.02845473837534008,Low Risk,24.2,Low Value,Low Risk / Low Value,One year,39
8461-EFQYM,0.04937461630735424,Low Risk,24.25,Low Value,Low Risk / Low Value,One year,38
8958-JPTRR,0.014199939134743362,Low Risk,24.3,Low Value,Low Risk / Low Value,One year,56
1371-OJCEK,0.015952798107551014,Low Risk,24.35,Low Value,Low Risk / Low Value,One year,48
9795-VOWON,0.3406567886254422,High Risk,24.35,Low Value,High Risk / Low Value,One year,7
0269-XFESX,0.04369190093581956,Low Risk,24.35,Low Value,Low Risk / Low Value,One year,23
9361-YNQWJ,0.010298717430712452,Low Risk,24.4,Low Value,Low Risk / Low Value,One year,64
7089-RKVSZ,0.0894891137731449,Low Risk,24.4,Low Value,Low Risk / Low Value,One year,8
4163-NCJAK,0.024383438921000217,Low Risk,24.45,Low Value,Low Risk / Low Value,One year,46
5451-MHQOF,0.012306965691458886,Low Risk,24.45,Low Value,Low Risk / Low Value,One year,56
0804-YGEQV,0.024385100094144335,Low Risk,24.45,Low Value,Low Risk / Low Value,One year,43
4121-AGSIN,0.011075517317082912,Low Risk,24.5,Low Value,Low Risk / Low Value,One year,58
3372-CDXFJ,0.07478598446108235,Low Risk,24.5,Low Value,Low Risk / Low Value,One year,13
2324-AALNO,0.016235040763399444,Low Risk,24.55,Low Value,Low Risk / Low Value,One year,48
5313-FPXWG,0.019069011412252486,Low Risk,24.6,Low Value,Low Risk / Low Value,One year,51
5789-LDFXO,0.06813833471124574,Low Risk,24.6,Low Value,Low Risk / Low Value,One year,24
1131-ALZWV,0.05229489715239487,Low Risk,24.6,Low Value,Low Risk / Low Value,One year,24
8592-PLTMQ,0.007010384482812226,Low Risk,24.7,Low Value,Low Risk / Low Value,One year,64
4584-LBNMK,0.021067603424038732,Low Risk,24.7,Low Value,Low Risk / Low Value,One year,45
1333-PBMXB,0.014411212940290586,Low Risk,24.75,Low Value,Low Risk / Low Value,One year,54
6510-UPNKS,0.05088981820328936,Low Risk,24.8,Low Value,Low Risk / Low Value,One year,23
4403-BWPAY,0.10207521285716471,Low Risk,24.8,Low Value,Low Risk / Low Value,One year,14
2662-NNTDK,0.006173896807424702,Low Risk,24.8,Low Value,Low Risk / Low Value,One year,65
5201-CBWYG,0.006604130397081751,Low Risk,24.8,Low Value,Low Risk / Low Value,One year,62
1022-RKXDR,0.02965137795639161,Low Risk,24.85,Low Value,Low Risk / Low Value,One year,41
3378-AJRAO,0.021790010814052546,Low Risk,24.85,Low Value,Low Risk / Low Value,One year,44
3417-TSCIC,0.1523493740028342,Low Risk,24.85,Low Value,Low Risk / Low Value,One year,29
5512-IDZEI,0.020386489208790715,Low Risk,24.9,Low Value,Low Risk / Low Value,One year,46
6551-ZCOTS,0.05653105221598211,Low Risk,24.9,Low Value,Low Risk / Low Value,One year,33
6096-EGVTU,0.005909215629502593,Low Risk,24.9,Low Value,Low Risk / Low Value,One year,64
4597-ELFTS,0.014088124198625707,Low Risk,24.9,Low Value,Low Risk / Low Value,One year,56
4538-WNTMJ,0.014566205732939074,Low Risk,24.95,Low Value,Low Risk / Low Value,One year,46
3823-KYNQY,0.08197606705622075,Low Risk,24.95,Low Value,Low Risk / Low Value,One year,12
6814-ZPWFQ,0.016701835830366496,Low Risk,25.0,Low Value,Low Risk / Low Value,One year,51
1839-UMACK,0.027743979062723176,Low Risk,25.05,Low Value,Low Risk / Low Value,One year,42
2332-TODQS,0.014650731482571212,Low Risk,25.05,Low Value,Low Risk / Low Value,One year,48
9575-IWCAZ,0.111628432408684,Low Risk,25.1,Low Value,Low Risk / Low Value,One year,6
0023-UYUPN,0.02462335502291543,Low Risk,25.2,Low Value,Low Risk / Low Value,One year,50
6674-KVJHG,0.1239689779179511,Low Risk,25.2,Low Value,Low Risk / Low Value,One year,11
1696-MZVAU,0.08012617228254044,Low Risk,25.25,Low Value,Low Risk / Low Value,One year,39
0203-HHYIJ,0.04889193994648862,Low Risk,25.3,Low Value,Low Risk / Low Value,One year,25
6754-WKSHP,0.03244135267819357,Low Risk,25.35,Low Value,Low Risk / Low Value,One year,30
8042-RNLKO,0.006470752512384074,Low Risk,25.45,Low Value,Low Risk / Low Value,One year,66
7452-FOLON,0.020902676628900756,Low Risk,25.45,Low Value,Low Risk / Low Value,One year,39
9891-NQDBD,0.03991315365103959,Low Risk,25.55,Low Value,Low Risk / Low Value,One year,28
4707-YNOQA,0.0356834078923703,Low Risk,25.6,Low Value,Low Risk / Low Value,One year,34
8595-SIZNC,0.06898264133184699,Low Risk,25.6,Low Value,Low Risk / Low Value,One year,22
3935-TBRZZ,0.01551027423214615,Low Risk,25.7,Low Value,Low Risk / Low Value,One year,44
3727-OVPRY,0.007160112363623391,Low Risk,25.7,Low Value,Low Risk / Low Value,One year,66
3069-SSVSN,0.3402791807129784,High Risk,25.85,Low Value,High Risk / Low Value,One year,1
3887-PBQAO,0.020881885743622288,Low Risk,25.9,Low Value,Low Risk / Low Value,One year,45
6765-MBQNU,0.0444247082403991,Low Risk,26.0,Low Value,Low Risk / Low Value,One year,26
9067-YGSCA,0.005009897206117715,Low Risk,26.05,Low Value,Low Risk / Low Value,One year,70
3506-OVLKD,0.029962050342265498,Low Risk,26.2,Low Value,Low Risk / Low Value,One year,35
9066-QRSDU,0.010645573844959715,Low Risk,26.3,Low Value,Low Risk / Low Value,One year,69
8332-OSJDW,0.07237114264554571,Low Risk,26.4,Low Value,Low Risk / Low Value,One year,12
2809-ILCYT,0.06496025058105336,Low Risk,26.8,Low Value,Low Risk / Low Value,One year,25
3547-LQRIK,0.022623165641376994,Low Risk,26.9,Low Value,Low Risk / Low Value,One year,47
4999-IEZLT,0.014166784754249229,Low Risk,29.45,Low Value,Low Risk / Low Value,One year,66
9309-BZGNT,0.029425963247203424,Low Risk,29.8,Low Value,Low Risk / Low Value,One year,69
9758-MFWGD,0.046783932153120794,Low Risk,29.9,Low Value,Low Risk / Low Value,One year,48
0946-FKYTX,0.03503987194438483,Low Risk,30.1,Low Value,Low Risk / Low Value,One year,52
9750-BOOHV,0.07066237419835529,Low Risk,30.15,Low Value,Low Risk / Low Value,One year,32
4776-XSKYQ,0.1480496525614667,Low Risk,30.25,Low Value,Low Risk / Low Value,One year,12
3551-GAEGL,0.05640780477445359,Low Risk,30.4,Low Value,Low Risk / Low Value,One year,34
6174-NRBTZ,0.054445262191325894,Low Risk,30.75,Low Value,Low Risk / Low Value,One year,46
2316-ESMLS,0.10938809391337383,Low Risk,33.15,Low Value,Low Risk / Low Value,One year,12
1623-NLDOT,0.0421767270851811,Low Risk,33.55,Low Value,Low Risk / Low Value,One year,42
4198-VFOEA,0.17113908909182352,Low Risk,33.6,Low Value,Low Risk / Low Value,One year,12
0756-MPZRL,0.03699724451480867,Low Risk,33.7,Low Value,Low Risk / Low Value,One year,46
5199-FPUSP,0.04129187590596165,Low Risk,34.05,Low Value,Low Risk / Low Value,One year,33
0723-VSOBE,0.12708308683605588,Low Risk,34.2,Low Value,Low Risk / Low Value,One year,45
3034-ZBEQN,0.04248449465901723,Low Risk,34.7,Low Value,Low Risk / Low Value,One year,48
9581-GVBXT,0.017213067750630754,Low Risk,34.8,Low Value,Low Risk / Low Value,One year,59
2144-ESWKO,0.056375401475683456,Low Risk,35.2,Low Value,Low Risk / Low Value,One year,43
1397-XKKWR,0.1966808865972871,High Risk,35.3,Low Value,High Risk / Low Value,One year,7
3739-YBWAB,0.0588893424624348,Low Risk,35.35,Low Value,Low Risk / Low Value,One year,36
0121-SNYRK,0.03128789883062211,Low Risk,35.4,Low Value,Low Risk / Low Value,One year,50
4032-RMHCI,0.03937113742901042,Low Risk,35.4,Low Value,Low Risk / Low Value,One year,41
5701-GUXDC,0.09062099194755452,Low Risk,35.4,Low Value,Low Risk / Low Value,One year,26
2073-QBVBI,0.04259704817347907,Low Risk,35.45,Low Value,Low Risk / Low Value,One year,41
5245-VDBUR,0.029808111712340615,Low Risk,35.45,Low Value,Low Risk / Low Value,One year,52
2259-OUUSZ,0.253746102482725,High Risk,35.5,Low Value,High Risk / Low Value,One year,7
8898-KASCD,0.05113943781130519,Low Risk,35.55,Low Value,Low Risk / Low Value,One year,39
1430-SFQSA,0.059125324231443926,Low Risk,35.6,Low Value,Low Risk / Low Value,One year,29
4115-UMJFQ,0.024023972822661194,Low Risk,35.75,Low Value,Low Risk / Low Value,One year,69
5170-PTRKA,0.028301169785264476,Low Risk,35.8,Low Value,Low Risk / Low Value,One year,49
2361-FJWNO,0.04232389359084752,Low Risk,36.0,Low Value,Low Risk / Low Value,One year,40
0305-SQECB,0.15167696779255901,Low Risk,36.05,Low Value,Low Risk / Low Value,One year,11
6481-LXPWL,0.03370830763660303,Low Risk,36.1,Low Value,Low Risk / Low Value,One year,56
0230-UBYPQ,0.01618990587008706,Low Risk,36.1,Low Value,Low Risk / Low Value,One year,63
3648-GZPHF,0.084148075097673,Low Risk,36.25,Low Value,Low Risk / Low Value,One year,32
7089-XXAYG,0.2145164302827523,High Risk,38.1,Low Value,High Risk / Low Value,One year,25
1153-GNOLC,0.19778939930912484,High Risk,39.1,Low Value,High Risk / Low Value,One year,33
4291-HYEBC,0.2537007332992245,High Risk,39.1,Low Value,High Risk / Low Value,One year,28
6114-TCFID,0.05068288493648726,Low Risk,39.5,Low Value,Low Risk / Low Value,One year,29
0373-AIVNJ,0.16083698856842607,Low Risk,39.55,Low Value,Low Risk / Low Value,One year,9
6810-VCAEX,0.022791712388900428,Low Risk,39.65,Low Value,Low Risk / Low Value,One year,47
8319-QBEHW,0.17439640630669181,Low Risk,39.95,Low Value,Low Risk / Low Value,One year,26
4654-GGUII,0.11487351002176975,Low Risk,40.2,Low Value,Low Risk / Low Value,One year,18
6967-PEJLL,0.06981185060416095,Low Risk,40.2,Low Value,Low Risk / Low Value,One year,37
2606-PKWJB,0.027244207486696113,Low Risk,40.25,Low Value,Low Risk / Low Value,One year,40
1729-VLAZJ,0.10302111472847736,Low Risk,40.25,Low Value,Low Risk / Low Value,One year,10
7325-ENZFI,0.05076232469070707,Low Risk,40.3,Low Value,Low Risk / Low Value,One year,39
1929-ZCBHE,0.03134973590241448,Low Risk,40.3,Low Value,Low Risk / Low Value,One year,47
5640-CAXOA,0.1362439914232395,Low Risk,40.35,Low Value,Low Risk / Low Value,One year,30
0308-IVGOK,0.19661512808899617,High Risk,40.4,Low Value,High Risk / Low Value,One year,11
5125-CNDSP,0.014665455736369286,Low Risk,40.6,Low Value,Low Risk / Low Value,One year,63
8328-SKJNO,0.061174409466526976,Low Risk,40.65,Low Value,Low Risk / Low Value,One year,23
9495-REDIY,0.13691149063494037,Low Risk,40.65,Low Value,Low Risk / Low Value,One year,25
2877-VDUER,0.07164914560545656,Low Risk,40.9,Low Value,Low Risk / Low Value,One year,35
8745-PVESG,0.022804139199110337,Low Risk,41.1,Low Value,Low Risk / Low Value,One year,57
8292-FRFZQ,0.036844297169481816,Low Risk,41.15,Low Value,Low Risk / Low Value,One year,39
4905-JEFDW,0.42583673127370963,High Risk,41.6,Low Value,High Risk / Low Value,One year,11
7795-CFOCW,0.029658661510043947,Low Risk,42.3,Low Value,Low Risk / Low Value,One year,45
8035-BUYVG,0.08422128312404986,Low Risk,42.35,Low Value,Low Risk / Low Value,One year,40
6598-KELSS,0.04927814441599765,Low Risk,43.05,Low Value,Low Risk / Low Value,One year,50
4544-RXFMG,0.19971566846721156,High Risk,43.45,Low Value,High Risk / Low Value,One year,8
4825-XJGDM,0.012945737343788935,Low Risk,43.7,Low Value,Low Risk / Low Value,One year,61
8205-OTCHB,0.22652340676224134,High Risk,43.75,Low Value,High Risk / Low Value,One year,22
3638-DIMPH,0.19543711016278997,High Risk,43.8,Low Value,High Risk / Low Value,One year,13
1282-IHQAC,0.03705183795353888,Low Risk,44.05,Low Value,Low Risk / Low Value,One year,70
7029-IJEJK,0.02877866497079845,Low Risk,44.1,Low Value,Low Risk / Low Value,One year,54
7636-PEPNS,0.025438492963349636,Low Risk,44.1,Low Value,Low Risk / Low Value,One year,58
9388-ZEYVT,0.08491558251417904,Low Risk,44.15,Low Value,Low Risk / Low Value,One year,43
9746-YKGXB,0.03606988094738449,Low Risk,44.25,Low Value,Low Risk / Low Value,One year,52
7244-QWYHG,0.045496717434118414,Low Risk,44.45,Low Value,Low Risk / Low Value,One year,50
5872-OEQNH,0.05873919670010335,Low Risk,44.45,Low Value,Low Risk / Low Value,One year,60
2233-TXSIU,0.14072417540621698,Low Risk,44.45,Low Value,Low Risk / Low Value,One year,17
5160-UXJED,0.10287453264783415,Low Risk,44.6,Low Value,Low Risk / Low Value,One year,17
2599-CZABP,0.18327027401798918,Low Risk,44.6,Low Value,Low Risk / Low Value,One year,14
9702-AIUJO,0.03845738949251342,Low Risk,44.8,Low Value,Low Risk / Low Value,One year,50
2137-DQMEV,0.014849453526468442,Low Risk,44.8,Low Value,Low Risk / Low Value,One year,68
4081-DYXAV,0.3268880820108807,High Risk,44.85,Low Value,High Risk / Low Value,One year,19
0234-TEVTT,0.04093314910825817,Low Risk,45.0,Low Value,Low Risk / Low Value,One year,48
6968-MHOMU,0.07827366865157181,Low Risk,45.0,Low Value,Low Risk / Low Value,One year,58
7338-ERIVA,0.046194702730412776,Low Risk,45.05,Low Value,Low Risk / Low Value,One year,39
7269-JISCY,0.026405830265590492,Low Risk,45.05,Low Value,Low Risk / Low Value,One year,55
3941-XTSKM,0.09085385094971422,Low Risk,45.1,Low Value,Low Risk / Low Value,One year,42
7136-RVDTZ,0.08485088604224764,Low Risk,45.25,Low Value,Low Risk / Low Value,One year,70
8224-UAXBZ,0.05310163443998927,Low Risk,45.35,Low Value,Low Risk / Low Value,One year,58
5386-THSLQ,0.03617802288730801,Low Risk,45.55,Low Value,Low Risk / Low Value,One year,66
2212-LYASK,0.15583803005793626,Low Risk,45.85,Low Value,Low Risk / Low Value,One year,27
2834-JKOOW,0.0928430452886005,Low Risk,45.9,Low Value,Low Risk / Low Value,One year,15
1337-BOZWO,0.15938687312318625,Low Risk,46.4,Low Value,Low Risk / Low Value,One year,18
8672-OAUPW,0.017816978576697153,Low Risk,47.85,Low Value,Low Risk / Low Value,One year,51
2483-XSSMZ,0.07088063179251229,Low Risk,47.85,Low Value,Low Risk / Low Value,One year,39
9139-TWBAS,0.10938416019414805,Low Risk,47.85,Low Value,Low Risk / Low Value,One year,26
1208-DNHLN,0.13912669834385955,Low Risk,48.35,Low Value,Low Risk / Low Value,One year,23
7102-JJVTX,0.1044164589337081,Low Risk,48.6,Low Value,Low Risk / Low Value,One year,9
7801-CEDNV,0.05756587945477066,Low Risk,48.7,Low Value,Low Risk / Low Value,One year,27
6937-GCDGQ,0.09973380403716038,Low Risk,48.95,Low Value,Low Risk / Low Value,One year,19
6281-FKEWS,0.19786154357080804,High Risk,49.05,Low Value,High Risk / Low Value,One year,44
8124-NZVGJ,0.3782878393751742,High Risk,49.25,Low Value,High Risk / Low Value,One year,6
4702-HDRKD,0.023361116400834755,Low Risk,49.35,Low Value,Low Risk / Low Value,One year,67
5498-IBWPI,0.013769339678370641,Low Risk,49.4,Low Value,Low Risk / Low Value,One year,66
8050-WYBND,0.2590515791391401,High Risk,49.45,Low Value,High Risk / Low Value,One year,22
0489-WMEMG,0.1161555261565427,Low Risk,49.45,Low Value,Low Risk / Low Value,One year,23
8865-TNMNX,0.11930735888037863,Low Risk,49.55,Low Value,Low Risk / Low Value,One year,10
1534-OULXE,0.017715956555384934,Low Risk,49.7,Low Value,Low Risk / Low Value,One year,61
8563-IIOXK,0.1979773955248518,High Risk,49.75,Low Value,High Risk / Low Value,One year,7
9830-ECLEN,0.024346627814598874,Low Risk,50.0,Low Value,Low Risk / Low Value,One year,58
4611-ANLQC,0.03690076216210236,Low Risk,50.05,Low Value,Low Risk / Low Value,One year,60
1925-LFCZZ,0.11670968638356999,Low Risk,50.05,Low Value,Low Risk / Low Value,One year,55
3606-SBKRY,0.286941203750154,High Risk,50.05,Low Value,High Risk / Low Value,One year,31
3926-YZVVX,0.035382076572842626,Low Risk,50.05,Low Value,Low Risk / Low Value,One year,41
5777-KJIRB,0.06672669635552485,Low Risk,50.25,Low Value,Low Risk / Low Value,One year,40
0104-PPXDV,0.021377255158885253,Low Risk,50.3,Low Value,Low Risk / Low Value,One year,58
0980-FEXWF,0.07099536324742395,Low Risk,50.35,Low Value,Low Risk / Low Value,One year,26
4023-RTIQM,0.13851393137524806,Low Risk,50.4,Low Value,Low Risk / Low Value,One year,31
0254-WWRKD,0.011738678582790287,Low Risk,50.55,Low Value,Low Risk / Low Value,One year,67
6778-JFCMK,0.21427245067505654,High Risk,50.6,Low Value,High Risk / Low Value,One year,24
2405-LBMUW,0.023653757594268566,Low Risk,50.7,Low Value,Low Risk / Low Value,One year,61
6537-OTKMY,0.35666249409769496,High Risk,50.75,Low Value,High Risk / Low Value,One year,15
8314-DPQHL,0.16169925650316197,Low Risk,50.8,Low Value,Low Risk / Low Value,One year,9
3315-IKYZQ,0.06702773025302954,Low Risk,50.8,Low Value,Low Risk / Low Value,One year,28
1834-ABKHQ,0.03667689644190796,Low Risk,50.95,Low Value,Low Risk / Low Value,One year,52
5315-CKEQK,0.18987478365553426,Low Risk,51.0,Low Value,Low Risk / Low Value,One year,28
1094-BKOSX,0.04577304499813388,Low Risk,51.0,Low Value,Low Risk / Low Value,One year,45
3181-VTHOE,0.026574945554525078,Low Risk,51.05,Low Value,Low Risk / Low Value,One year,70
6682-VCIXC,0.048236419137725424,Low Risk,51.25,Low Value,Low Risk / Low Value,One year,43
8190-ZTQFB,0.2068302382907537,High Risk,51.35,Low Value,High Risk / Low Value,One year,41
0983-TATYJ,0.06529350733069228,Low Risk,51.45,Low Value,Low Risk / Low Value,One year,33
0080-EMYVY,0.11491631011556842,Low Risk,51.45,Low Value,Low Risk / Low Value,One year,14
4189-NAKJS,0.13874825993292528,Low Risk,51.55,Low Value,Low Risk / Low Value,One year,26
7614-QVWQL,0.09457014166548809,Low Risk,51.8,Low Value,Low Risk / Low Value,One year,49
6229-UOLQL,0.026544210873004164,Low Risk,52.0,Low Value,Low Risk / Low Value,One year,56
9150-HEPMB,0.01814012579262668,Low Risk,52.7,Low Value,Low Risk / Low Value,One year,56
8318-LCNBW,0.10603791238222535,Low Risk,53.15,Low Value,Low Risk / Low Value,One year,35
2550-AEVRU,0.019001603969676466,Low Risk,53.45,Low Value,Low Risk / Low Value,One year,57
8996-ZROXE,0.04264779937842545,Low Risk,53.5,Low Value,Low Risk / Low Value,One year,57
4598-ZADCK,0.0527969335311103,Low Risk,53.6,Low Value,Low Risk / Low Value,One year,53
3863-IUBJR,0.15586388473589463,Low Risk,53.65,Low Value,Low Risk / Low Value,One year,12
2703-AMTUL,0.03070569919908122,Low Risk,53.65,Low Value,Low Risk / Low Value,One year,36
5062-CJJKH,0.06668431651191642,Low Risk,53.65,Low Value,Low Risk / Low Value,One year,25
1122-YJBCS,0.012881108400829526,Low Risk,53.65,Low Value,Low Risk / Low Value,One year,69
7841-FCRQD,0.05763369568785667,Low Risk,53.75,Low Value,Low Risk / Low Value,One year,33
8668-KNZTI,0.029749752695086847,Low Risk,53.75,Low Value,Low Risk / Low Value,One year,52
2450-ZKEED,0.11754246922323738,Low Risk,53.8,Low Value,Low Risk / Low Value,One year,11
8259-DZLIZ,0.02750903336106445,Low Risk,53.85,Low Value,Low Risk / Low Value,One year,64
8627-EHGIP,0.12749458206646794,Low Risk,53.95,Low Value,Low Risk / Low Value,One year,44
8883-GRDWQ,0.06713732517780352,Low Risk,54.0,Low Value,Low Risk / Low Value,One year,20
6738-ISCBM,0.14510072814922298,Low Risk,54.0,Low Value,Low Risk / Low Value,One year,44
9200-NLNPD,0.06938539128468602,Low Risk,54.05,Low Value,Low Risk / Low Value,One year,56
3340-QBBFM,0.0492699394749148,Low Risk,54.1,Low Value,Low Risk / Low Value,One year,36
9705-ZJBCG,0.06724924876843834,Low Risk,54.15,Low Value,Low Risk / Low Value,One year,13
5906-CVLHP,0.029106814039636643,Low Risk,54.15,Low Value,Low Risk / Low Value,One year,45
8409-WQJUX,0.21821226377184702,High Risk,54.2,Low Value,High Risk / Low Value,One year,25
3354-OADJP,0.09415578900542616,Low Risk,54.25,Low Value,Low Risk / Low Value,One year,8
6994-ORCWG,0.20276818230440183,High Risk,54.25,Low Value,High Risk / Low Value,One year,14
3482-ABPKK,0.04131579230998918,Low Risk,54.3,Low Value,Low Risk / Low Value,One year,28
6981-TDRFT,0.12532998416234417,Low Risk,54.3,Low Value,Low Risk / Low Value,One year,44
3422-WJOYD,0.03890076843860294,Low Risk,54.35,Low Value,Low Risk / Low Value,One year,28
0557-ASKVU,0.09644874519085361,Low Risk,54.4,Low Value,Low Risk / Low Value,One year,18
9931-DCEZH,0.057886781463857874,Low Risk,54.4,Low Value,Low Risk / Low Value,One year,28
1099-BTKWT,0.05939558948235826,Low Risk,54.4,Low Value,Low Risk / Low Value,One year,68
8570-KLJYJ,0.05313298333761485,Low Risk,54.45,Low Value,Low Risk / Low Value,One year,36
6094-ZIVKX,0.0149933028585229,Low Risk,54.45,Low Value,Low Risk / Low Value,One year,68
9411-TPQQV,0.09764885286897126,Low Risk,54.55,Low Value,Low Risk / Low Value,One year,40
2812-ENYMO,0.10640871665929255,Low Risk,54.55,Low Value,Low Risk / Low Value,One year,26
1877-HKBQX,0.10879125795467631,Low Risk,54.6,Low Value,Low Risk / Low Value,One year,11
7901-IIDQV,0.08889897331273468,Low Risk,54.6,Low Value,Low Risk / Low Value,One year,24
6576-FBXOJ,0.27035922438596255,High Risk,54.6,Low Value,High Risk / Low Value,One year,17
6195-MELTI,0.021884998912895828,Low Risk,54.65,Low Value,Low Risk / Low Value,One year,57
1708-PBBOA,0.08184685998898787,Low Risk,54.75,Low Value,Low Risk / Low Value,One year,42
1042-HFUCW,0.06450723949003292,Low Risk,54.75,Low Value,Low Risk / Low Value,One year,25
8050-XGRVL,0.011953163335580505,Low Risk,54.75,Low Value,Low Risk / Low Value,One year,62
2430-RRYUW,0.014058639007467335,Low Risk,54.8,Low Value,Low Risk / Low Value,One year,66
2724-FJDYW,0.08723575515674656,Low Risk,54.85,Low Value,Low Risk / Low Value,One year,39
2511-MORQY,0.03725564027758675,Low Risk,54.9,Low Value,Low Risk / Low Value,One year,50
5944-UGLLK,0.05539295237725679,Low Risk,54.9,Low Value,Low Risk / Low Value,One year,53
6461-PPAXN,0.03887792017091619,Low Risk,54.95,Low Value,Low Risk / Low Value,One year,35
2188-SXWVT,0.039253354585115724,Low Risk,55.0,Low Value,Low Risk / Low Value,One year,34
2519-TWKFS,0.10051484468268224,Low Risk,55.1,Low Value,Low Risk / Low Value,One year,25
9987-LUTYD,0.0736133329513573,Low Risk,55.15,Low Value,Low Risk / Low Value,One year,13
4576-CSAJH,0.08310804445574059,Low Risk,55.15,Low Value,Low Risk / Low Value,One year,22
6586-PSJOX,0.07821105721563215,Low Risk,55.2,Low Value,Low Risk / Low Value,One year,15
6303-KFWSL,0.16289042143097524,Low Risk,55.25,Low Value,Low Risk / Low Value,One year,29
5724-BIDBU,0.060279964417270744,Low Risk,55.35,Low Value,Low Risk / Low Value,One year,49
1301-LOPVR,0.07861138481385724,Low Risk,55.35,Low Value,Low Risk / Low Value,One year,29
2039-JONDJ,0.05253103459110293,Low Risk,55.45,Low Value,Low Risk / Low Value,One year,27
9619-GSATL,0.040354278200863514,Low Risk,55.45,Low Value,Low Risk / Low Value,One year,43
6008-NAIXK,0.14536118541272908,Low Risk,55.45,Low Value,Low Risk / Low Value,One year,54
6693-DJWTY,0.0319728470034087,Low Risk,55.6,Low Value,Low Risk / Low Value,One year,35
6416-JNVRK,0.051560706347573364,Low Risk,55.65,Low Value,Low Risk / Low Value,One year,46
3800-LYTRK,0.07019765301350725,Low Risk,55.7,Low Value,Low Risk / Low Value,One year,14
9894-QMIMJ,0.08816702749417886,Low Risk,55.8,Low Value,Low Risk / Low Value,One year,23
6784-XYJAE,0.10211500173349379,Low Risk,55.8,Low Value,Low Risk / Low Value,One year,36
1371-WEPDS,0.10857379162734997,Low Risk,55.8,Low Value,Low Risk / Low Value,One year,40
5306-BVTKJ,0.035382877233360935,Low Risk,55.8,Low Value,Low Risk / Low Value,One year,48
7746-QYVCO,0.0899014012452268,Low Risk,55.85,Low Value,Low Risk / Low Value,One year,16
2858-MOFSQ,0.17528281538636103,Low Risk,55.85,Low Value,Low Risk / Low Value,One year,17
3067-SVMTC,0.008652016146264466,Low Risk,55.9,Low Value,Low Risk / Low Value,One year,68
2898-LSJGD,0.2703020595625296,High Risk,55.95,Low Value,High Risk / Low Value,One year,21
6933-FHBZC,0.10366107409533595,Low Risk,56.05,Low Value,Low Risk / Low Value,One year,26
7995-ZHHNZ,0.04050121686507261,Low Risk,56.1,Low Value,Low Risk / Low Value,One year,42
8109-YUOHE,0.07325767393618111,Low Risk,56.1,Low Value,Low Risk / Low Value,One year,17
6388-TABGU,0.011262245495208777,Low Risk,56.15,Low Value,Low Risk / Low Value,One year,62
0743-HRVFF,0.10152506103297683,Low Risk,56.15,Low Value,Low Risk / Low Value,One year,51
6728-CZFEI,0.16316356692895542,Low Risk,56.15,Low Value,Low Risk / Low Value,One year,15
6584-VQMYT,0.043834850647715896,Low Risk,56.2,Low Value,Low Risk / Low Value,One year,27
0661-WCQNQ,0.06769860834159667,Low Risk,56.25,Low Value,Low Risk / Low Value,One year,22
7508-KBIMB,0.07479110351839326,Low Risk,56.25,Low Value,Low Risk / Low Value,One year,24
2746-DIJLO,0.07454040115134712,Low Risk,56.3,Low Value,Low Risk / Low Value,One year,41
1264-FUHCX,0.07812038945046694,Low Risk,56.3,Low Value,Low Risk / Low Value,One year,49
6968-URWQU,0.07569534563397876,Low Risk,56.35,Low Value,Low Risk / Low Value,One year,43
9060-HJJRW,0.09864983355605492,Low Risk,56.4,Low Value,Low Risk / Low Value,One year,51
2639-UGMAZ,0.05637897020332253,Low Risk,56.45,Low Value,Low Risk / Low Value,One year,71
2725-IWWBA,0.01679268969976058,Low Risk,56.9,Low Value,Low Risk / Low Value,One year,46
5575-GNVDE,0.04192619637564487,Low Risk,56.95,Low Value,Low Risk / Low Value,One year,34
6064-PUPMC,0.04107898060904849,Low Risk,57.2,Low Value,Low Risk / Low Value,One year,23
5989-OMNJE,0.17303898488540928,Low Risk,57.6,Low Value,Low Risk / Low Value,One year,24
6543-JXSOO,0.05239130927807427,Low Risk,57.75,Low Value,Low Risk / Low Value,One year,23
4549-ZDQYY,0.015598983922453392,Low Risk,57.95,Low Value,Low Risk / Low Value,One year,52
2282-YGNOR,0.038836124518041415,Low Risk,58.0,Low Value,Low Risk / Low Value,One year,29
6296-DDOOR,0.16853075094268707,Low Risk,58.2,Low Value,Low Risk / Low Value,One year,19
2680-XKKNJ,0.08209460598481164,Low Risk,58.2,Low Value,Low Risk / Low Value,One year,8
6152-ONASV,0.011984285594065138,Low Risk,58.25,Low Value,Low Risk / Low Value,One year,68
9357-UJRUN,0.11586142334995578,Low Risk,58.35,Low Value,Low Risk / Low Value,One year,24
6872-HXFNF,0.019926679914260427,Low Risk,58.35,Low Value,Low Risk / Low Value,One year,64
8821-KVZKQ,0.033864074821552015,Low Risk,58.4,Low Value,Low Risk / Low Value,One year,70
5844-QVTAT,0.049399919202656795,Low Risk,58.45,Low Value,Low Risk / Low Value,One year,33
3055-VTCGS,0.02490986748509144,Low Risk,58.55,Low Value,Low Risk / Low Value,One year,63
1898-JSNDC,0.07893237695327711,Low Risk,58.6,Low Value,Low Risk / Low Value,One year,39
8680-CGLTP,0.06652641963798994,Low Risk,58.75,Low Value,Low Risk / Low Value,One year,29
2027-DNKIV,0.034056490007755014,Low Risk,58.75,Low Value,Low Risk / Low Value,One year,37
5837-LXSDN,0.13261631226334678,Low Risk,58.85,Low Value,Low Risk / Low Value,One year,21
4565-EVZMJ,0.02442333791892661,Low Risk,58.9,Low Value,Low Risk / Low Value,One year,47
6941-KXRRV,0.07568750165572803,Low Risk,58.95,Low Value,Low Risk / Low Value,One year,48
9473-CBZOP,0.07351709674563699,Low Risk,59.0,Low Value,Low Risk / Low Value,One year,28
7228-PAQPD,0.12031727806217846,Low Risk,59.1,Low Value,Low Risk / Low Value,One year,14
7629-WIXZF,0.269637148229469,High Risk,59.1,Low Value,High Risk / Low Value,One year,7
5795-BKOYE,0.009412946651265252,Low Risk,59.1,Low Value,Low Risk / Low Value,One year,69
4328-VUFWD,0.06836082602682164,Low Risk,59.3,Low Value,Low Risk / Low Value,One year,39
7153-CHRBV,0.01528068135544711,Low Risk,59.3,Low Value,Low Risk / Low Value,One year,57
5294-CDGWY,0.06408258181600182,Low Risk,59.3,Low Value,Low Risk / Low Value,One year,51
8383-SGHJU,0.06273052656159586,Low Risk,59.4,Low Value,Low Risk / Low Value,One year,33
4547-FZJWE,0.02075881450520866,Low Risk,59.45,Low Value,Low Risk / Low Value,One year,55
3205-MXZRA,0.07562990267570627,Low Risk,59.45,Low Value,Low Risk / Low Value,One year,26
3950-VPYJB,0.010075827639909789,Low Risk,59.6,Low Value,Low Risk / Low Value,One year,57
1353-GHZOS,0.12803622574230153,Low Risk,59.75,Low Value,Low Risk / Low Value,One year,22
6047-SUHPR,0.03867252748204515,Low Risk,59.8,Low Value,Low Risk / Low Value,One year,39
1752-OZXFY,0.028957375530647096,Low Risk,59.8,Low Value,Low Risk / Low Value,One year,60
1699-HPSBG,0.23199488038553626,High Risk,59.8,Low Value,High Risk / Low Value,One year,12
9127-QRZMH,0.027514889432904047,Low Risk,59.85,Low Value,Low Risk / Low Value,One year,44
3401-URHDA,0.020987163410281593,Low Risk,59.9,Low Value,Low Risk / Low Value,One year,51
5753-QQWPW,0.06965116910132511,Low Risk,59.9,Low Value,Low Risk / Low Value,One year,28
4785-QRJHC,0.11573201486166991,Low Risk,59.9,Low Value,Low Risk / Low Value,One year,46
6933-VLYFX,0.11013912385256319,Low Risk,59.95,Low Value,Low Risk / Low Value,One year,31
3275-RHRNE,0.14323746597996334,Low Risk,60.0,Low Value,Low Risk / Low Value,One year,28
1183-CANVH,0.0927287652560933,Low Risk,60.0,Low Value,Low Risk / Low Value,One year,23
3605-JISKB,0.027176440031798955,Low Risk,60.0,Low Value,Low Risk / Low Value,One year,55
2634-HCZGT,0.04946973690235183,Low Risk,60.05,Low Value,Low Risk / Low Value,One year,53
5196-WPYOW,0.006512608239008616,Low Risk,60.05,Low Value,Low Risk / Low Value,One year,67
7876-AEHIG,0.040613784741411176,Low Risk,60.15,Low Value,Low Risk / Low Value,One year,51
4445-KWOKW,0.054233645417906096,Low Risk,60.15,Low Value,Low Risk / Low Value,One year,42
8220-OCUFY,0.10066913286476611,Low Risk,60.25,Low Value,Low Risk / Low Value,One year,21
3489-VSFRD,0.017993541286098404,Low Risk,60.25,Low Value,Low Risk / Low Value,One year,56
9720-JJJOR,0.037229365740642416,Low Risk,60.3,Low Value,Low Risk / Low Value,One year,41
2292-XQWSV,0.07133884646585072,Low Risk,60.3,Low Value,Low Risk / Low Value,One year,40
0378-XSZPU,0.014827254701027932,Low Risk,60.3,Low Value,Low Risk / Low Value,One year,58
8869-TORSS,0.025215256499375612,Low Risk,60.35,Low Value,Low Risk / Low Value,One year,48
7781-EWARA,0.031300141485857406,Low Risk,60.35,Low Value,Low Risk / Low Value,One year,70
3441-CGZJH,0.07030474902057073,Low Risk,60.4,Low Value,Low Risk / Low Value,One year,43
2794-XIMMO,0.09584987940805871,Low Risk,60.45,Low Value,Low Risk / Low Value,One year,53
2239-CGBUZ,0.021987421399168042,Low Risk,60.5,Low Value,Low Risk / Low Value,One year,51
2969-VAPYH,0.007190091086907866,Low Risk,60.5,Low Value,Low Risk / Low Value,One year,67
9640-ZSLDC,0.03424543138165444,Low Risk,60.6,Low Value,Low Risk / Low Value,One year,53
0657-DOGUM,0.03733037459974238,Low Risk,60.6,Low Value,Low Risk / Low Value,One year,48
0993-OSGPT,0.01866064604134108,Low Risk,60.65,Low Value,Low Risk / Low Value,One year,68
7750-EYXWZ,0.28358214150621064,High Risk,60.65,Low Value,High Risk / Low Value,One year,12
4730-AWNAU,0.06480955512959005,Low Risk,60.7,Low Value,Low Risk / Low Value,One year,36
7105-MXJLL,0.13116934888086015,Low Risk,60.7,Low Value,Low Risk / Low Value,One year,26
4086-ATNFV,0.0461906994198743,Low Risk,60.8,Low Value,Low Risk / Low Value,One year,34
9955-QOPOY,0.037499054244840714,Low Risk,60.8,Low Value,Low Risk / Low Value,One year,69
3740-RLMVT,0.014173107472921314,Low Risk,60.95,Low Value,Low Risk / Low Value,One year,67
4636-OLWOE,0.03089726834182392,Low Risk,61.0,Low Value,Low Risk / Low Value,One year,54
7670-ZBPOQ,0.024429427149654275,Low Risk,61.05,Low Value,Low Risk / Low Value,One year,58
6402-SSEJG,0.18654067471511243,Low Risk,61.05,Low Value,Low Risk / Low Value,One year,25
7470-DYNOE,0.07863418403730858,Low Risk,61.1,Low Value,Low Risk / Low Value,One year,53
3727-OWVYD,0.03526502416492738,Low Risk,61.2,Low Value,Low Risk / Low Value,One year,35
9314-QDMDW,0.2770296938278464,High Risk,61.25,Low Value,High Risk / Low Value,One year,11
0020-JDNXP,0.07047428140390678,Low Risk,61.25,Low Value,Low Risk / Low Value,One year,34
8788-DOXSU,0.04592043645120362,Low Risk,61.35,Low Value,Low Risk / Low Value,One year,59
2580-ATZSQ,0.010277297458190258,Low Risk,61.35,Low Value,Low Risk / Low Value,One year,65
2348-KCJLT,0.036914196706078914,Low Risk,61.5,Low Value,Low Risk / Low Value,One year,44
1402-PTHGN,0.061418042220109846,Low Risk,61.5,Low Value,Low Risk / Low Value,One year,18
9052-DHNKM,0.0939881677984113,Low Risk,61.55,Low Value,Low Risk / Low Value,One year,26
0074-HDKDG,0.06788782784561288,Low Risk,61.6,Low Value,Low Risk / Low Value,One year,25
9798-DRYDS,0.12930522923417334,Low Risk,61.95,Low Value,Low Risk / Low Value,One year,17
0384-LPITE,0.07714156802962621,Low Risk,62.05,Low Value,Low Risk / Low Value,One year,40
1536-YHDOE,0.09300776790357461,Low Risk,62.1,Low Value,Low Risk / Low Value,One year,17
4808-YNLEU,0.08061432411482877,Low Risk,62.15,Low Value,Low Risk / Low Value,One year,35
7931-PXHFC,0.07100345717654992,Low Risk,62.3,Low Value,Low Risk / Low Value,One year,38
9670-BPNXF,0.024843186325380212,Low Risk,62.55,Low Value,Low Risk / Low Value,One year,45
0022-TCJCI,0.04572887020677634,Low Risk,62.7,Low Value,Low Risk / Low Value,One year,45
4632-XJMEX,0.011353783886910069,Low Risk,62.85,Low Value,Low Risk / Low Value,One year,53
2541-YGPKE,0.026978017411629876,Low Risk,63.7,Low Value,Low Risk / Low Value,One year,42
5975-BAICR,0.06046052817457278,Low Risk,63.7,Low Value,Low Risk / Low Value,One year,36
5387-ASZNZ,0.01896072499954439,Low Risk,63.85,Low Value,Low Risk / Low Value,One year,66
2150-WLKUW,0.08257223970890276,Low Risk,63.9,Low Value,Low Risk / Low Value,One year,40
4003-OCTMP,0.09115620937091623,Low Risk,64.0,Low Value,Low Risk / Low Value,One year,31
5756-OZRIO,0.04569493135231588,Low Risk,64.05,Low Value,Low Risk / Low Value,One year,61
5815-HGGHV,0.09607558907642799,Low Risk,64.15,Low Value,Low Risk / Low Value,One year,20
1177-XZBJL,0.017065012260647668,Low Risk,64.15,Low Value,Low Risk / Low Value,One year,53
7753-USQYQ,0.04907317264836813,Low Risk,64.2,Low Value,Low Risk / Low Value,One year,55
2522-WLNSF,0.07505028438074764,Low Risk,64.2,Low Value,Low Risk / Low Value,One year,34
8777-PVYGU,0.04246209775181863,Low Risk,64.3,Low Value,Low Risk / Low Value,One year,52
5203-XEHAX,0.07096439763046927,Low Risk,64.35,Low Value,Low Risk / Low Value,One year,34
0866-QLSIR,0.051444269194169695,Low Risk,64.4,Low Value,Low Risk / Low Value,One year,34
5825-XJOCM,0.03787718969270277,Low Risk,64.4,Low Value,Low Risk / Low Value,One year,48
6440-DKQGE,0.06861791789482953,Low Risk,64.5,Low Value,Low Risk / Low Value,One year,30
8845-LWKGE,0.11523964277565096,Low Risk,64.5,Low Value,Low Risk / Low Value,One year,30
7032-LMBHI,0.07172326857130729,Low Risk,64.65,Low Value,Low Risk / Low Value,One year,37
4872-VXRIL,0.024452591455977942,Low Risk,64.65,Low Value,Low Risk / Low Value,One year,56
7945-HLKEA,0.024232050277887385,Low Risk,64.75,Low Value,Low Risk / Low Value,One year,60
6253-WRFHY,0.31363185381868913,High Risk,64.75,Low Value,High Risk / Low Value,One year,13
3137-NYQQI,0.09556768431463869,Low Risk,64.8,Low Value,Low Risk / Low Value,One year,17
6718-BDGHG,0.08502077325298756,Low Risk,64.85,Low Value,Low Risk / Low Value,One year,43
4223-BKEOR,0.08059131112976572,Low Risk,64.85,Low Value,Low Risk / Low Value,One year,21
0484-FFVBJ,0.1549322773399534,Low Risk,64.85,Low Value,Low Risk / Low Value,One year,32
7105-BENQF,0.09741214094013786,Low Risk,64.85,Low Value,Low Risk / Low Value,One year,15
0895-LMRSF,0.2095771837596921,High Risk,64.9,Low Value,High Risk / Low Value,One year,23
5756-JYOJT,0.129705213302977,Low Risk,64.9,Low Value,Low Risk / Low Value,One year,11
5081-NWSUP,0.1257946573815917,Low Risk,64.9,Low Value,Low Risk / Low Value,One year,10
8597-CTXVJ,0.008765840184105806,Low Risk,64.95,Low Value,Low Risk / Low Value,One year,70
0303-UNCIP,0.07916840316385787,Low Risk,65.0,Low Value,Low Risk / Low Value,One year,41
3957-HHLMR,0.018699782685967548,Low Risk,65.2,Low Value,Low Risk / Low Value,One year,70
5127-BZENZ,0.030097863131022706,Low Risk,65.2,Low Value,Low Risk / Low Value,One year,56
5446-DKWYW,0.08263859768521509,Low Risk,65.2,Low Value,Low Risk / Low Value,One year,61
7184-LRUUR,0.1146596567677896,Low Risk,65.25,Low Value,Low Risk / Low Value,One year,22
7994-XIRTR,0.03678092147811561,Low Risk,65.25,Low Value,Low Risk / Low Value,One year,54
0297-RBCSG,0.12678682280787051,Low Risk,65.35,Low Value,Low Risk / Low Value,One year,19
7541-YLXCL,0.07004057317022898,Low Risk,65.4,Low Value,Low Risk / Low Value,One year,36
9209-NWPGU,0.03959045203736519,Low Risk,65.4,Low Value,Low Risk / Low Value,One year,44
2581-VKIRT,0.012616511078908604,Low Risk,65.5,Low Value,Low Risk / Low Value,One year,59
4957-TIALW,0.04808630902776936,Low Risk,65.6,Low Value,Low Risk / Low Value,One year,15
0002-ORFBO,0.14875564875541933,Low Risk,65.6,Low Value,Low Risk / Low Value,One year,9
9114-AAFQH,0.083335671706299,Low Risk,65.65,Low Value,Low Risk / Low Value,One year,48
9055-MOJJJ,0.011474239333401016,Low Risk,65.8,Low Value,Low Risk / Low Value,One year,64
3161-ONRWK,0.013231316622742764,Low Risk,65.85,Low Value,Low Risk / Low Value,One year,60
7919-ZODZZ,0.1900862163886479,Low Risk,65.9,Low Value,Low Risk / Low Value,One year,10
5499-ECUTN,0.047179389275055994,Low Risk,66.05,Low Value,Low Risk / Low Value,One year,47
0334-ZFJSR,0.022332491865925227,Low Risk,66.05,Low Value,Low Risk / Low Value,One year,55
6827-IEAUQ,0.032339143415826416,Low Risk,66.15,Low Value,Low Risk / Low Value,One year,27
4942-VZZOM,0.03550818191756727,Low Risk,66.15,Low Value,Low Risk / Low Value,One year,64
3850-OKINF,0.03310924930879441,Low Risk,66.2,Low Value,Low Risk / Low Value,One year,71
9330-DHBFL,0.05072992295640124,Low Risk,66.25,Low Value,Low Risk / Low Value,One year,23
1265-HVPZB,0.02022905631602381,Low Risk,66.4,Low Value,Low Risk / Low Value,One year,59
4174-LPGTI,0.05203266392054242,Low Risk,66.5,Low Value,Low Risk / Low Value,One year,41
1866-DIOQZ,0.020097169427355545,Low Risk,66.8,Low Value,Low Risk / Low Value,One year,71
9803-FTJCG,0.0109319457900676,Low Risk,66.85,Low Value,Low Risk / Low Value,One year,71
9253-VIFJQ,0.01539060827454934,Low Risk,67.05,Low Value,Low Risk / Low Value,One year,65
9207-ZPANB,0.04722531521283285,Low Risk,67.45,Low Value,Low Risk / Low Value,One year,37
0628-CNQRM,0.08235046743407229,Low Risk,67.5,Low Value,Low Risk / Low Value,One year,22
8738-JOKAR,0.04090633874150459,Low Risk,67.7,Low Value,Low Risk / Low Value,One year,42
6252-DFGTK,0.03600822837897056,Low Risk,68.1,Low Value,Low Risk / Low Value,One year,37
1474-JUWSM,0.04815702214729595,Low Risk,68.4,Low Value,Low Risk / Low Value,One year,58
5820-PTRYM,0.03034610860415654,Low Risk,68.45,Low Value,Low Risk / Low Value,One year,56
1338-CECEE,0.06763830482319559,Low Risk,68.5,Low Value,Low Risk / Low Value,One year,41
1921-KYSAY,0.12157069944960047,Low Risk,68.6,Low Value,Low Risk / Low Value,One year,41
4560-WQAQW,0.024980289904052853,Low Risk,68.7,Low Value,Low Risk / Low Value,One year,59
1840-BIUOG,0.20401758354451294,High Risk,68.7,Low Value,High Risk / Low Value,One year,20
5791-KAJFD,0.04489929752160484,Low Risk,68.75,Low Value,Low Risk / Low Value,One year,56
5829-NVSQN,0.09455551224004284,Low Risk,68.75,Low Value,Low Risk / Low Value,One year,23
4578-PHJYZ,0.04544223231419119,Low Risk,68.75,Low Value,Low Risk / Low Value,One year,52
4114-QMKVN,0.028755533588914927,Low Risk,68.75,Low Value,Low Risk / Low Value,One year,56
9968-FFVVH,0.012908356750200026,Low Risk,68.8,Low Value,Low Risk / Low Value,One year,63
2925-MXLSX,0.14154514884099537,Low Risk,68.95,Low Value,Low Risk / Low Value,One year,30
6992-TKNYO,0.06687654957913525,Low Risk,69.0,Low Value,Low Risk / Low Value,One year,38
9609-BENEA,0.12692558693549433,Low Risk,69.0,Low Value,Low Risk / Low Value,One year,35
8690-UPCZI,0.05953601361932778,Low Risk,69.05,Low Value,Low Risk / Low Value,One year,29
4501-UYKBC,0.08784876423671338,Low Risk,69.1,Low Value,Low Risk / Low Value,One year,46
0872-CASZJ,0.0322903026988309,Low Risk,69.1,Low Value,Low Risk / Low Value,One year,59
8760-ZRHKE,0.028416507717331486,Low Risk,69.2,Low Value,Low Risk / Low Value,One year,71
1544-JJMYL,0.052687561271811505,Low Risk,69.35,Low Value,Low Risk / Low Value,One year,27
6332-FBZRI,0.013217417769622316,Low Risk,69.35,Low Value,Low Risk / Low Value,One year,67
2969-WGHQO,0.15390960082716268,Low Risk,69.45,Low Value,Low Risk / Low Value,One year,7
3523-QRQLL,0.1718980258627564,Low Risk,69.5,Low Value,Low Risk / Low Value,One year,22
0667-NSRGI,0.06948397143485012,Low Risk,69.55,Low Value,Low Risk / Low Value,One year,48
2391-IPLOP,0.07345147811722694,Low Risk,69.65,Low Value,Low Risk / Low Value,One year,50
4342-HFXWS,0.021350236554065635,Low Risk,69.7,Low Value,Low Risk / Low Value,One year,48
0743-HNPFG,0.024318287148315316,Low Risk,69.75,Low Value,Low Risk / Low Value,One year,51
2988-PLAHS,0.4304378341604149,High Risk,69.95,Low Value,High Risk / Low Value,One year,3
3164-AALRN,0.3224111498212515,High Risk,70.0,Low Value,High Risk / Low Value,One year,5
2325-ZUSFD,0.04268122929860949,Low Risk,70.1,Low Value,Low Risk / Low Value,One year,57
7657-DYEPJ,0.07049979405210165,Low Risk,70.15,Low Value,Low Risk / Low Value,One year,38
9378-FXTIZ,0.09277857071059288,Low Risk,70.15,Low Value,Low Risk / Low Value,One year,54
7581-EBBOU,0.028621315154209986,Low Risk,70.15,Low Value,Low Risk / Low Value,One year,60
9289-LBQVU,0.03354228909476934,Low Risk,70.15,Low Value,Low Risk / Low Value,One year,64
6061-GWWAV,0.03431511670542377,Low Risk,70.2,Low Value,Low Risk / Low Value,One year,41
1137-DGOWI,0.06614993023344252,Low Risk,70.25,Low Value,Low Risk / Low Value,One year,30
3468-DRVQJ,0.17756880940694292,Low Risk,70.3,Low Value,Low Risk / Low Value,One year,10
4644-PIZRT,0.16151716533842728,Low Risk,70.35,High Value,Low Risk / High Value,One year,17
0369-ZGOVK,0.2216889672602262,High Risk,70.4,High Value,High Risk / High Value,One year,28
2364-UFROM,0.05881797987569944,Low Risk,70.4,High Value,Low Risk / High Value,One year,30
9565-JSNFM,0.17926608334325825,Low Risk,70.45,High Value,Low Risk / High Value,One year,38
6478-HRRCZ,0.03934354190165918,Low Risk,70.5,High Value,Low Risk / High Value,One year,32
8550-XSXUQ,0.07811379848944804,Low Risk,70.55,High Value,Low Risk / High Value,One year,48
1154-HYWWO,0.03227681959503883,Low Risk,70.6,High Value,Low Risk / High Value,One year,38
2361-UPSND,0.024742520938188663,Low Risk,70.6,High Value,Low Risk / High Value,One year,46
4906-ZHGPK,0.05693141896406544,Low Risk,70.7,High Value,Low Risk / High Value,One year,54
4186-ZBUEW,0.0897435872997483,Low Risk,70.7,High Value,Low Risk / High Value,One year,36
0654-PQKDW,0.019132192233408327,Low Risk,70.75,High Value,Low Risk / High Value,One year,62
0635-WKOLD,0.05526714939882684,Low Risk,70.75,High Value,Low Risk / High Value,One year,40
6685-GBWJZ,0.012589119849973693,Low Risk,70.8,High Value,Low Risk / High Value,One year,63
3021-VLNRJ,0.027562792293114615,Low Risk,70.8,High Value,Low Risk / High Value,One year,50
8016-ZMGMO,0.05705439689825518,Low Risk,70.85,High Value,Low Risk / High Value,One year,66
4903-CNOZC,0.10412452805055804,Low Risk,70.9,High Value,Low Risk / High Value,One year,29
1661-CZBAU,0.053207844663171334,Low Risk,70.95,High Value,Low Risk / High Value,One year,48
5397-TUPSH,0.09196986443982053,Low Risk,70.95,High Value,Low Risk / High Value,One year,65
4682-BLBUC,0.07331360714456278,Low Risk,70.95,High Value,Low Risk / High Value,One year,44
2065-MMKGR,0.20796588611941463,High Risk,71.0,High Value,High Risk / High Value,One year,29
9470-YFUYI,0.017726709998464825,Low Risk,71.0,High Value,Low Risk / High Value,One year,71
0533-UCAAU,0.07057727121776367,Low Risk,71.1,High Value,Low Risk / High Value,One year,57
8331-ZXFOE,0.022967957977666317,Low Risk,71.1,High Value,Low Risk / High Value,One year,58
8184-WMOFI,0.01312735819128242,Low Risk,71.4,High Value,Low Risk / High Value,One year,62
4890-VMUAV,0.019200002029552337,Low Risk,71.5,High Value,Low Risk / High Value,One year,63
7108-DGVUU,0.17921569647626426,Low Risk,71.7,High Value,Low Risk / High Value,One year,21
3915-ODIYG,0.06692431411692903,Low Risk,71.75,High Value,Low Risk / High Value,One year,60
5915-DGNVC,0.058520139589127426,Low Risk,71.8,High Value,Low Risk / High Value,One year,49
7100-FQPRV,0.04818916141592166,Low Risk,71.9,High Value,Low Risk / High Value,One year,43
4826-DXMUP,0.087577242583297,Low Risk,72.1,High Value,Low Risk / High Value,One year,35
9938-ZREHM,0.06304092150578385,Low Risk,72.1,High Value,Low Risk / High Value,One year,37
2453-SAFNS,0.04285039981617173,Low Risk,72.1,High Value,Low Risk / High Value,One year,54
9359-UGBTK,0.020487727796472094,Low Risk,72.35,High Value,Low Risk / High Value,One year,67
0687-ZVTHB,0.019312260470344702,Low Risk,72.45,High Value,Low Risk / High Value,One year,65
9730-DRTMJ,0.07762006488765325,Low Risk,72.8,High Value,Low Risk / High Value,One year,32
7471-MQPOS,0.03033329545692826,Low Risk,72.9,High Value,Low Risk / High Value,One year,71
0471-LVHGK,0.19974802966037192,High Risk,73.0,High Value,High Risk / High Value,One year,41
4227-OJHAL,0.026496241880293488,Low Risk,73.0,High Value,Low Risk / High Value,One year,68
2851-STERV,0.16709483163173483,Low Risk,73.0,High Value,Low Risk / High Value,One year,35
7690-KPNCU,0.032012743941662765,Low Risk,73.05,High Value,Low Risk / High Value,One year,64
5269-NRGDP,0.07307914193247751,Low Risk,73.15,High Value,Low Risk / High Value,One year,42
2577-GVSIL,0.12610093391965024,Low Risk,73.45,High Value,Low Risk / High Value,One year,35
3898-BSJYF,0.10590045350892205,Low Risk,73.55,High Value,Low Risk / High Value,One year,10
7103-ZGVNT,0.011838698778277095,Low Risk,73.7,High Value,Low Risk / High Value,One year,69
8970-ANWXO,0.19864304264776125,High Risk,73.75,High Value,High Risk / High Value,One year,23
7445-WMRBW,0.0648268273284155,Low Risk,73.85,High Value,Low Risk / High Value,One year,48
6289-CPNLD,0.09475268948122169,Low Risk,73.9,High Value,Low Risk / High Value,One year,33
6261-RCVNS,0.02881320145216348,Low Risk,73.9,High Value,Low Risk / High Value,One year,42
0810-DHDBD,0.03010205150446735,Low Risk,74.0,High Value,Low Risk / High Value,One year,52
9033-EOXWV,0.2023613733732401,High Risk,74.05,High Value,High Risk / High Value,One year,12
8608-OZTLB,0.039488778309007974,Low Risk,74.05,High Value,Low Risk / High Value,One year,38
3487-EARAT,0.0092416478464017,Low Risk,74.1,High Value,Low Risk / High Value,One year,70
8985-OOPOS,0.21275554499891158,High Risk,74.1,High Value,High Risk / High Value,One year,1
7619-PLRLP,0.03744624537207498,Low Risk,74.1,High Value,Low Risk / High Value,One year,53
1096-ADRUX,0.08907198955862984,Low Risk,74.25,High Value,Low Risk / High Value,One year,66
3658-QQJYD,0.036294158173695544,Low Risk,74.3,High Value,Low Risk / High Value,One year,62
4404-HIBDJ,0.05165681990397426,Low Risk,74.3,High Value,Low Risk / High Value,One year,25
0496-AHOOK,0.07994849560575604,Low Risk,74.4,High Value,Low Risk / High Value,One year,24
3585-YNADK,0.0352215297744983,Low Risk,74.6,High Value,Low Risk / High Value,One year,57
6599-GZWCM,0.31920280682844304,High Risk,74.65,High Value,High Risk / High Value,One year,13
4973-RLZVI,0.042932184516665625,Low Risk,74.65,High Value,Low Risk / High Value,One year,30
7576-ASEJU,0.05414858509200597,Low Risk,74.7,High Value,Low Risk / High Value,One year,41
5524-KHNJP,0.06545236783654404,Low Risk,74.75,High Value,Low Risk / High Value,One year,33
5985-TBABQ,0.10500606507549588,Low Risk,74.75,High Value,Low Risk / High Value,One year,32
6778-EICRF,0.11949909410054468,Low Risk,74.8,High Value,Low Risk / High Value,One year,24
4667-QONEA,0.02228272069243806,Low Risk,74.85,High Value,Low Risk / High Value,One year,60
0134-XWXCE,0.0727476565308216,Low Risk,74.85,High Value,Low Risk / High Value,One year,44
5049-MUBWG,0.07538124852891151,Low Risk,75.0,High Value,Low Risk / High Value,One year,26
5906-DVAPM,0.02942165467891511,Low Risk,75.0,High Value,Low Risk / High Value,One year,55
9251-WNSOD,0.022840864049150974,Low Risk,75.1,High Value,Low Risk / High Value,One year,67
3569-VLDHH,0.02143462046724547,Low Risk,75.1,High Value,Low Risk / High Value,One year,66
3026-ATZYV,0.05482234953811404,Low Risk,75.1,High Value,Low Risk / High Value,One year,37
5176-LDKUH,0.12712819465068567,Low Risk,75.15,High Value,Low Risk / High Value,One year,48
6848-YLDFR,0.035247802631826176,Low Risk,75.2,High Value,Low Risk / High Value,One year,58
6663-JOCQO,0.06919705097381346,Low Risk,75.25,High Value,Low Risk / High Value,One year,31
2157-MXBJS,0.31584033070730216,High Risk,75.3,High Value,High Risk / High Value,One year,13
5832-TRLPB,0.13122041381064425,Low Risk,75.35,High Value,Low Risk / High Value,One year,29
2546-KZAAT,0.0502417844653367,Low Risk,75.4,High Value,Low Risk / High Value,One year,52
0679-TDGAK,0.04258777160291601,Low Risk,75.5,High Value,Low Risk / High Value,One year,50
9040-KZVWO,0.17964975813783846,Low Risk,75.5,High Value,Low Risk / High Value,One year,26
4508-OEBEY,0.05662644154823222,Low Risk,75.5,High Value,Low Risk / High Value,One year,31
1866-NXPSP,0.04892953594960177,Low Risk,75.55,High Value,Low Risk / High Value,One year,36
5120-ZBLAI,0.0897045218080299,Low Risk,75.7,High Value,Low Risk / High Value,One year,50
4877-TSOFF,0.0324480591051592,Low Risk,75.75,High Value,Low Risk / High Value,One year,55
4369-NYSCF,0.04894051573875386,Low Risk,75.75,High Value,Low Risk / High Value,One year,56
4322-RCYMT,0.02907979377317752,Low Risk,75.8,High Value,Low Risk / High Value,One year,68
4123-FCVCB,0.2564353061449057,High Risk,75.85,High Value,High Risk / High Value,One year,12
4700-UBQMV,0.17829057070739027,Low Risk,75.9,High Value,Low Risk / High Value,One year,21
6202-DYYFX,0.33939325443311313,High Risk,76.0,High Value,High Risk / High Value,One year,22
1389-WNUIB,0.1443798520972456,Low Risk,76.0,High Value,Low Risk / High Value,One year,20
4135-FRWKJ,0.04131120659770455,Low Risk,76.25,High Value,Low Risk / High Value,One year,55
0930-EHUZA,0.04677177187247491,Low Risk,76.35,High Value,Low Risk / High Value,One year,36
7833-PKIHD,0.04034333755747255,Low Risk,76.4,High Value,Low Risk / High Value,One year,51
8932-CZHRQ,0.020974828646066278,Low Risk,76.75,High Value,Low Risk / High Value,One year,68
8097-OMULG,0.02578659443786815,Low Risk,76.75,High Value,Low Risk / High Value,One year,59
3442-ZHHCC,0.027471699044891492,Low Risk,76.9,High Value,Low Risk / High Value,One year,68
9086-YJYXS,0.1269108650931619,Low Risk,77.2,High Value,Low Risk / High Value,One year,34
7247-XOZPB,0.030995430117104053,Low Risk,77.4,High Value,Low Risk / High Value,One year,53
8559-CIZFV,0.06406050582745938,Low Risk,77.5,High Value,Low Risk / High Value,One year,21
1121-QSIVB,0.10865418257908947,Low Risk,77.55,High Value,Low Risk / High Value,One year,44
7696-AMHOD,0.04870051051014377,Low Risk,78.0,High Value,Low Risk / High Value,One year,49
0068-FIGTF,0.08823397388278677,Low Risk,78.2,High Value,Low Risk / High Value,One year,27
9917-KWRBE,0.06194067667796301,Low Risk,78.35,High Value,Low Risk / High Value,One year,41
1492-KGETH,0.013594298346195308,Low Risk,78.35,High Value,Low Risk / High Value,One year,70
0810-BDHAW,0.14673088175020385,Low Risk,78.4,High Value,Low Risk / High Value,One year,24
1032-MAELW,0.028441723110856316,Low Risk,78.45,High Value,Low Risk / High Value,One year,68
7673-LPRNY,0.25296563323757076,High Risk,78.55,High Value,High Risk / High Value,One year,23
0565-IYCGT,0.020892706400299516,Low Risk,78.6,High Value,Low Risk / High Value,One year,69
4626-OZDTJ,0.07157948405084082,Low Risk,78.65,High Value,Low Risk / High Value,One year,51
7163-OCEQI,0.1690620041685868,Low Risk,78.65,High Value,Low Risk / High Value,One year,22
4091-TVOCN,0.07258786651108931,Low Risk,78.75,High Value,Low Risk / High Value,One year,48
0607-MVMGC,0.0749168017544714,Low Risk,78.75,High Value,Low Risk / High Value,One year,45
0661-KBKPA,0.06288613346978507,Low Risk,78.75,High Value,Low Risk / High Value,One year,53
7838-LAZFO,0.05072346886636678,Low Risk,78.8,High Value,Low Risk / High Value,One year,45
7285-KLOTR,0.2521017065845854,High Risk,78.85,High Value,High Risk / High Value,One year,12
8627-ZYGSZ,0.21059939301502195,High Risk,78.9,High Value,High Risk / High Value,One year,47
7129-AZJDE,0.23115561331342369,High Risk,78.95,High Value,High Risk / High Value,One year,34
9138-EFSMO,0.22000208206513738,High Risk,78.95,High Value,High Risk / High Value,One year,26
4000-VGMQP,0.08835107362420418,Low Risk,78.95,High Value,Low Risk / High Value,One year,38
8782-NUUOL,0.024322805734809383,Low Risk,79.0,High Value,Low Risk / High Value,One year,60
8231-BSWXX,0.07370089944639101,Low Risk,79.05,High Value,Low Risk / High Value,One year,71
6574-MCOEH,0.16918214137199664,Low Risk,79.15,High Value,Low Risk / High Value,One year,33
0233-FTHAV,0.12979494404894984,Low Risk,79.2,High Value,Low Risk / High Value,One year,60
4692-NNQRU,0.228293837038551,High Risk,79.2,High Value,High Risk / High Value,One year,21
4415-WNGVR,0.24232555059436636,High Risk,79.2,High Value,High Risk / High Value,One year,12
9592-ERDKV,0.09011817654971982,Low Risk,79.25,High Value,Low Risk / High Value,One year,37
1422-DGUBX,0.27428388359435946,High Risk,79.25,High Value,High Risk / High Value,One year,32
2486-WYVVE,0.15118094463536882,Low Risk,79.3,High Value,Low Risk / High Value,One year,31
8080-POTJR,0.15201724118292162,Low Risk,79.3,High Value,Low Risk / High Value,One year,30
9500-IWPXQ,0.03570519361890901,Low Risk,79.4,High Value,Low Risk / High Value,One year,61
8469-SNFFH,0.01571491245547465,Low Risk,79.4,High Value,Low Risk / High Value,One year,70
6302-JGYRJ,0.12265645311542492,Low Risk,79.45,High Value,Low Risk / High Value,One year,31
8652-YHIYU,0.2730313823599499,High Risk,79.5,High Value,High Risk / High Value,One year,16
0549-CYCQN,0.17418382361831528,Low Risk,79.6,High Value,Low Risk / High Value,One year,51
6869-FGJJC,0.045855167708924685,Low Risk,79.6,High Value,Low Risk / High Value,One year,68
9199-PWQVC,0.045221494126743346,Low Risk,79.7,High Value,Low Risk / High Value,One year,63
9107-UKCKY,0.10221548813983301,Low Risk,79.8,High Value,Low Risk / High Value,One year,61
8879-ZKJOF,0.06699834289247118,Low Risk,79.85,High Value,Low Risk / High Value,One year,41
7049-GKVZY,0.08486237748830351,Low Risk,79.85,High Value,Low Risk / High Value,One year,17
2890-WFBHU,0.02230524341913022,Low Risk,79.85,High Value,Low Risk / High Value,One year,59
7674-YTAFD,0.1510634874789203,Low Risk,79.95,High Value,Low Risk / High Value,One year,33
3229-USWAR,0.08248706020099791,Low Risk,79.95,High Value,Low Risk / High Value,One year,34
1088-CNNKB,0.01863966755490489,Low Risk,80.0,High Value,Low Risk / High Value,One year,63
4106-HADHQ,0.04039504982046097,Low Risk,80.0,High Value,Low Risk / High Value,One year,39
2402-TAIRZ,0.17263019345318242,Low Risk,80.05,High Value,Low Risk / High Value,One year,37
5073-RZGBK,0.038683163408220124,Low Risk,80.05,High Value,Low Risk / High Value,One year,50
2242-MFOTG,0.15134779334160733,Low Risk,80.1,High Value,Low Risk / High Value,One year,33
4759-PXTAN,0.08079686955987847,Low Risk,80.1,High Value,Low Risk / High Value,One year,59
7868-BGSZA,0.1455685549104985,Low Risk,80.2,High Value,Low Risk / High Value,One year,43
5343-SGUBI,0.14518614648280612,Low Risk,80.2,High Value,Low Risk / High Value,One year,52
2321-OMBXY,0.037261234267546635,Low Risk,80.3,High Value,Low Risk / High Value,One year,38
8348-JLBUG,0.04894590586286826,Low Risk,80.3,High Value,Low Risk / High Value,One year,64
4522-XRWWI,0.055187943127866027,Low Risk,80.45,High Value,Low Risk / High Value,One year,42
2054-PJOCK,0.044711142015346185,Low Risk,80.55,High Value,Low Risk / High Value,One year,60
0440-MOGPM,0.18255233395066955,Low Risk,80.55,High Value,Low Risk / High Value,One year,41
5566-SOEZD,0.1388985487238247,Low Risk,80.65,High Value,Low Risk / High Value,One year,27
7013-PSXHK,0.11650241247491408,Low Risk,80.75,High Value,Low Risk / High Value,One year,40
2896-TBNBE,0.14872046081490498,Low Risk,80.8,High Value,Low Risk / High Value,One year,40
7336-RLLRH,0.09123199051906553,Low Risk,80.85,High Value,Low Risk / High Value,One year,27
1309-XGFSN,0.13507896221775514,Low Risk,80.85,High Value,Low Risk / High Value,One year,52
3633-CDBUW,0.14136201516459465,Low Risk,80.85,High Value,Low Risk / High Value,One year,17
4869-EPIUS,0.18661166976992935,Low Risk,80.9,High Value,Low Risk / High Value,One year,56
8200-KLNYW,0.08503572453654798,Low Risk,80.9,High Value,Low Risk / High Value,One year,21
6341-JVQGF,0.07462632437233649,Low Risk,81.15,High Value,Low Risk / High Value,One year,31
6194-HBGQN,0.038042232372229014,Low Risk,81.15,High Value,Low Risk / High Value,One year,51
5297-MDOIR,0.062307113141049225,Low Risk,81.15,High Value,Low Risk / High Value,One year,63
7997-EASSD,0.07841679281546528,Low Risk,81.2,High Value,Low Risk / High Value,One year,63
3115-JPJDD,0.06552229480411915,Low Risk,81.25,High Value,Low Risk / High Value,One year,59
0083-PIVIK,0.02936780846523021,Low Risk,81.25,High Value,Low Risk / High Value,One year,64
0254-KCJGT,0.0386190171999742,Low Risk,81.4,High Value,Low Risk / High Value,One year,52
9762-YAQAA,0.14618752055680925,Low Risk,81.4,High Value,Low Risk / High Value,One year,39
1599-MMYRQ,0.04618555002575619,Low Risk,81.45,High Value,Low Risk / High Value,One year,62
1480-IVEVR,0.2904434056639474,High Risk,81.6,High Value,High Risk / High Value,One year,35
2040-OBMLJ,0.15311160079904843,Low Risk,81.7,High Value,Low Risk / High Value,One year,31
9513-DXHDA,0.09580214789963284,Low Risk,81.7,High Value,Low Risk / High Value,One year,27
6617-WLBQC,0.16371873654715033,Low Risk,81.85,High Value,Low Risk / High Value,One year,23
9738-QLWTP,0.13249267348084048,Low Risk,81.9,High Value,Low Risk / High Value,One year,39
3230-WYKIR,0.20320388659385477,High Risk,82.0,High Value,High Risk / High Value,One year,18
9470-RTWDV,0.14359350719838654,Low Risk,82.0,High Value,Low Risk / High Value,One year,26
7716-YTYHG,0.2062921322397359,High Risk,82.05,High Value,High Risk / High Value,One year,48
5020-ZSTTY,0.045731530845549005,Low Risk,82.45,High Value,Low Risk / High Value,One year,54
3696-XRIEN,0.06319025986059408,Low Risk,82.5,High Value,Low Risk / High Value,One year,50
6421-SZVEM,0.2114118580375878,High Risk,82.85,High Value,High Risk / High Value,One year,28
8406-LNMHF,0.0754882822642113,Low Risk,82.95,High Value,Low Risk / High Value,One year,59
1625-JAIIY,0.1581169743036586,Low Risk,83.0,High Value,Low Risk / High Value,One year,68
6121-TNHBO,0.025670483543168327,Low Risk,83.0,High Value,Low Risk / High Value,One year,63
5593-SUAOO,0.21487097381299566,High Risk,83.15,High Value,High Risk / High Value,One year,24
8822-KNBHV,0.07722673056816684,Low Risk,83.45,High Value,Low Risk / High Value,One year,48
2868-LLSKM,0.061838692808585595,Low Risk,83.65,High Value,Low Risk / High Value,One year,68
3282-ZISZV,0.0812019635151809,Low Risk,83.7,High Value,Low Risk / High Value,One year,32
2055-BFOCC,0.036531095207865655,Low Risk,84.0,High Value,Low Risk / High Value,One year,63
3707-LRWZD,0.33879883677332084,High Risk,84.05,High Value,High Risk / High Value,One year,32
5032-USPKF,0.08474877208151943,Low Risk,84.1,High Value,Low Risk / High Value,One year,38
1136-XGEQU,0.0658627620986115,Low Risk,84.15,High Value,Low Risk / High Value,One year,50
2330-PQGDQ,0.07299932975075346,Low Risk,84.2,High Value,Low Risk / High Value,One year,51
7654-YWJUF,0.08753531936876424,Low Risk,84.25,High Value,Low Risk / High Value,One year,43
8034-RYTVV,0.10359622901077228,Low Risk,84.25,High Value,Low Risk / High Value,One year,55
2636-SJDOU,0.0682298304544776,Low Risk,84.3,High Value,Low Risk / High Value,One year,64
0112-QWPNC,0.06424501776178905,Low Risk,84.35,High Value,Low Risk / High Value,One year,49
6250-CGGUN,0.06124741914530218,Low Risk,84.4,High Value,Low Risk / High Value,One year,54
0197-PNKNK,0.04730433755113441,Low Risk,84.45,High Value,Low Risk / High Value,One year,69
2957-JIRMN,0.1765487480305872,Low Risk,84.45,High Value,Low Risk / High Value,One year,62
9677-AVKED,0.0870894220999913,Low Risk,84.6,High Value,Low Risk / High Value,One year,53
0310-SUCIN,0.02353565859989558,Low Risk,84.8,High Value,Low Risk / High Value,One year,71
6736-DHUQI,0.0326264869435236,Low Risk,84.8,High Value,Low Risk / High Value,One year,67
6840-RESVB,0.1157651640404087,Low Risk,84.8,High Value,Low Risk / High Value,One year,24
7711-YIJWC,0.01983404210626576,Low Risk,84.9,High Value,Low Risk / High Value,One year,61
9978-HYCIN,0.1782270900368203,Low Risk,84.95,High Value,Low Risk / High Value,One year,47
4851-BQDNX,0.24798012250495644,High Risk,85.05,High Value,High Risk / High Value,One year,40
7156-MXBJE,0.06903483968425377,Low Risk,85.1,High Value,Low Risk / High Value,One year,43
7596-LDUXP,0.31511000368147424,High Risk,85.15,High Value,High Risk / High Value,One year,12
4628-WQCQQ,0.28564240225474224,High Risk,85.15,High Value,High Risk / High Value,One year,35
3709-OIJEA,0.2240131843612241,High Risk,85.2,High Value,High Risk / High Value,One year,26
0723-FDLAY,0.09589284393419904,Low Risk,85.25,High Value,Low Risk / High Value,One year,44
6635-MYYYZ,0.059536230237492604,Low Risk,85.35,High Value,Low Risk / High Value,One year,30
6161-ERDGD,0.030872804903480246,Low Risk,85.45,High Value,Low Risk / High Value,One year,71
2790-XUYMV,0.0489405059216519,Low Risk,85.45,High Value,Low Risk / High Value,One year,71
3301-VKTGC,0.05673438585794777,Low Risk,85.5,High Value,Low Risk / High Value,One year,68
3313-QKNKB,0.17132397061243868,Low Risk,85.55,High Value,Low Risk / High Value,One year,59
3733-UOCWF,0.10464803455466726,Low Risk,85.55,High Value,Low Risk / High Value,One year,61
7951-VRDVK,0.048672555046677383,Low Risk,85.85,High Value,Low Risk / High Value,One year,36
9711-FJTBX,0.06183663946155056,Low Risk,85.85,High Value,Low Risk / High Value,One year,56
6726-WEXXK,0.3330703162364029,High Risk,85.9,High Value,High Risk / High Value,One year,27
3594-UVONA,0.09910286918279608,Low Risk,85.95,High Value,Low Risk / High Value,One year,35
5651-CRHKQ,0.11229190389118927,Low Risk,86.2,High Value,Low Risk / High Value,One year,41
9134-WYRVP,0.08356490142670565,Low Risk,86.35,High Value,Low Risk / High Value,One year,51
8812-ZRHFP,0.24835775202310426,High Risk,86.45,High Value,High Risk / High Value,One year,30
1334-PDUKM,0.06250139924764515,Low Risk,86.45,High Value,Low Risk / High Value,One year,68
7472-EQOAV,0.05008991254596878,Low Risk,86.7,High Value,Low Risk / High Value,One year,71
5686-CMAWK,0.28881038010178445,High Risk,86.75,High Value,High Risk / High Value,One year,17
2294-SALNE,0.11642030179307582,Low Risk,86.8,High Value,Low Risk / High Value,One year,23
4685-ERGHK,0.23265406497333793,High Risk,86.9,High Value,High Risk / High Value,One year,57
0840-DCNZE,0.048971193701219454,Low Risk,86.95,High Value,Low Risk / High Value,One year,47
6156-UZDLF,0.1359128961694129,Low Risk,87.15,High Value,Low Risk / High Value,One year,26
5204-HMGYF,0.038827188020307365,Low Risk,87.2,High Value,Low Risk / High Value,One year,49
8707-RMEZH,0.05781634057595365,Low Risk,87.3,High Value,Low Risk / High Value,One year,69
3092-IGHWF,0.08325662894354209,Low Risk,87.4,High Value,Low Risk / High Value,One year,67
1142-IHLOO,0.15815766550352472,Low Risk,87.55,High Value,Low Risk / High Value,One year,51
7661-CPURM,0.27241632974292923,High Risk,87.7,High Value,High Risk / High Value,One year,19
6345-ULYRW,0.20657327727137537,High Risk,88.4,High Value,High Risk / High Value,One year,44
7964-ZRKKG,0.1255487921355647,Low Risk,88.4,High Value,Low Risk / High Value,One year,67
6352-GIGGQ,0.03580683967610515,Low Risk,88.8,High Value,Low Risk / High Value,One year,67
4355-CVPVS,0.12969657696215126,Low Risk,88.9,High Value,Low Risk / High Value,One year,56
4274-DRSQT,0.14127307725943153,Low Risk,88.9,High Value,Low Risk / High Value,One year,66
3224-DFQNQ,0.05484293746779008,Low Risk,89.0,High Value,Low Risk / High Value,One year,66
6946-LMSQS,0.4240313299462901,High Risk,89.05,High Value,High Risk / High Value,One year,25
1024-KPRBB,0.28667955122383415,High Risk,89.1,High Value,High Risk / High Value,One year,38
9391-DXGGG,0.16236084565586814,Low Risk,89.15,High Value,Low Risk / High Value,One year,44
2758-RNWXS,0.1976063881187038,High Risk,89.2,High Value,High Risk / High Value,One year,35
6668-CNMFP,0.32367858581542136,High Risk,89.35,High Value,High Risk / High Value,One year,19
8226-BXGES,0.05700452915320577,Low Risk,89.45,High Value,Low Risk / High Value,One year,64
9742-XOKTS,0.0453887168729891,Low Risk,89.55,High Value,Low Risk / High Value,One year,67
9831-BPFRI,0.18543369111918098,Low Risk,89.55,High Value,Low Risk / High Value,One year,39
7025-IWFHT,0.19912228094960782,High Risk,89.55,High Value,High Risk / High Value,One year,41
2432-TFSMK,0.4157151701803882,High Risk,89.6,High Value,High Risk / High Value,One year,18
6906-MPARY,0.14308512548936106,Low Risk,89.6,High Value,Low Risk / High Value,One year,40
0725-CXOTM,0.09495917658591196,Low Risk,89.65,High Value,Low Risk / High Value,One year,36
5968-XQIVE,0.13504592102281396,Low Risk,89.7,High Value,Low Risk / High Value,One year,72
5198-HQAEN,0.20239365266359077,High Risk,89.7,High Value,High Risk / High Value,One year,35
8079-XRJRS,0.07327688118479189,Low Risk,89.75,High Value,Low Risk / High Value,One year,65
4908-XAXAY,0.19405860971602493,Low Risk,89.85,High Value,Low Risk / High Value,One year,49
6266-QHOJZ,0.07769437066970941,Low Risk,89.85,High Value,Low Risk / High Value,One year,65
2205-LPVGL,0.07206290811824861,Low Risk,89.85,High Value,Low Risk / High Value,One year,58
8405-IGQFX,0.09163299599147816,Low Risk,90.05,High Value,Low Risk / High Value,One year,63
7016-NVRIC,0.20421992464589112,High Risk,90.1,High Value,High Risk / High Value,One year,29
0431-APWVY,0.337518869272667,High Risk,90.1,High Value,High Risk / High Value,One year,28
0975-UYDTX,0.11010573677783787,Low Risk,90.1,High Value,Low Risk / High Value,One year,26
6893-ODYYE,0.0620042060875937,Low Risk,90.1,High Value,Low Risk / High Value,One year,50
5913-INRQV,0.1302107566168329,Low Risk,90.15,High Value,Low Risk / High Value,One year,34
9419-IPPBE,0.2489067289747702,High Risk,90.15,High Value,High Risk / High Value,One year,51
9691-HKOVS,0.06978586549879208,Low Risk,90.15,High Value,Low Risk / High Value,One year,55
5504-WSIUR,0.07159470417893744,Low Risk,90.25,High Value,Low Risk / High Value,One year,70
4423-JWZJN,0.09159094709950494,Low Risk,90.25,High Value,Low Risk / High Value,One year,64
1710-RCXUS,0.1857235059295715,Low Risk,90.35,High Value,Low Risk / High Value,One year,51
2252-ISRNH,0.5368196692222541,High Risk,90.35,High Value,High Risk / High Value,One year,9
4607-CHPCA,0.414125358601995,High Risk,90.4,High Value,High Risk / High Value,One year,25
8496-DMZUK,0.1523919452228609,Low Risk,90.4,High Value,Low Risk / High Value,One year,30
1174-FGIFN,0.3273751026369117,High Risk,90.45,High Value,High Risk / High Value,One year,28
7820-ZYGNY,0.10445264785537438,Low Risk,90.45,High Value,Low Risk / High Value,One year,63
8646-JCOMS,0.08197847955124475,Low Risk,90.55,High Value,Low Risk / High Value,One year,66
6481-OGDOO,0.06749921410207647,Low Risk,90.6,High Value,Low Risk / High Value,One year,67
2911-IJORQ,0.08682283848787398,Low Risk,90.6,High Value,Low Risk / High Value,One year,37
5198-EFNBM,0.20505797475872142,High Risk,90.65,High Value,High Risk / High Value,One year,57
9386-LDCZR,0.0743705640276716,Low Risk,90.65,High Value,Low Risk / High Value,One year,43
8679-LZBMD,0.2560477711530668,High Risk,90.65,High Value,High Risk / High Value,One year,44
6486-LHTMA,0.4703127566636403,High Risk,90.7,High Value,High Risk / High Value,One year,31
4377-VDHYI,0.2186042114473502,High Risk,90.8,High Value,High Risk / High Value,One year,32
3104-OWCGK,0.10281243634093669,Low Risk,90.95,High Value,Low Risk / High Value,One year,60
7432-FFVAR,0.09982125026238814,Low Risk,90.95,High Value,Low Risk / High Value,One year,46
4619-EVPHY,0.47953333475434134,High Risk,91.0,High Value,High Risk / High Value,One year,20
7402-PWYJJ,0.21110097098172625,High Risk,91.15,High Value,High Risk / High Value,One year,53
0048-LUMLS,0.1870488560699958,Low Risk,91.2,High Value,Low Risk / High Value,One year,37
0750-EBAIU,0.11924367225626256,Low Risk,91.25,High Value,Low Risk / High Value,One year,52
3736-BLEPA,0.20572356705700193,High Risk,91.25,High Value,High Risk / High Value,One year,28
5681-LLOEI,0.09754003435581847,Low Risk,91.25,High Value,Low Risk / High Value,One year,43
1707-HABPF,0.2083951817444836,High Risk,91.3,High Value,High Risk / High Value,One year,46
4184-VODJZ,0.16802674457246128,Low Risk,91.35,High Value,Low Risk / High Value,One year,63
8752-GHJFU,0.0821549276726558,Low Risk,92.0,High Value,Low Risk / High Value,One year,71
0516-UXRMT,0.11527670441425664,Low Risk,92.05,High Value,Low Risk / High Value,One year,62
9644-KVCNC,0.15201326071219856,Low Risk,92.15,High Value,Low Risk / High Value,One year,66
8417-GSODA,0.32004728503427793,High Risk,92.2,High Value,High Risk / High Value,One year,28
9480-BQJEI,0.11474053092161049,Low Risk,92.3,High Value,Low Risk / High Value,One year,62
5312-IRCFR,0.17312596690197105,Low Risk,92.85,High Value,Low Risk / High Value,One year,64
5149-CUZUJ,0.14699136486370842,Low Risk,92.9,High Value,Low Risk / High Value,One year,28
8268-YDIXR,0.13171356711775808,Low Risk,93.15,High Value,Low Risk / High Value,One year,56
0887-WBJVH,0.20964094174824843,High Risk,93.45,High Value,High Risk / High Value,One year,53
4075-JFPGR,0.1487842728624225,Low Risk,93.5,High Value,Low Risk / High Value,One year,51
8166-ORCHU,0.21494442711662365,High Risk,93.55,High Value,High Risk / High Value,One year,33
0623-EJQEG,0.08525108076828276,Low Risk,93.55,High Value,Low Risk / High Value,One year,65
1470-PSXNM,0.2344369565298962,High Risk,93.65,High Value,High Risk / High Value,One year,49
1591-MQJTP,0.2037965669388475,High Risk,93.65,High Value,High Risk / High Value,One year,51
3214-IYUUQ,0.05133892260251948,Low Risk,93.7,High Value,Low Risk / High Value,One year,61
1855-AGAWH,0.4160851390207472,High Risk,93.8,High Value,High Risk / High Value,One year,31
1644-IRKSF,0.3710805127816185,High Risk,93.8,High Value,High Risk / High Value,One year,33
9391-YZEJW,0.21908601456357393,High Risk,94.0,High Value,High Risk / High Value,One year,62
7921-LMDFQ,0.26948766175309763,High Risk,94.0,High Value,High Risk / High Value,One year,51
9972-VAFJJ,0.17513398798647276,Low Risk,94.0,High Value,Low Risk / High Value,One year,53
2931-VUVJN,0.11288952389822875,Low Risk,94.05,High Value,Low Risk / High Value,One year,59
9979-RGMZT,0.47338879939095235,High Risk,94.05,High Value,High Risk / High Value,One year,7
0956-ACVZC,0.19707671514953415,High Risk,94.1,High Value,High Risk / High Value,One year,54
1370-GGAWX,0.2968303578432852,High Risk,94.15,High Value,High Risk / High Value,One year,46
1150-FTQGN,0.08168434844230307,Low Risk,94.15,High Value,Low Risk / High Value,One year,60
3927-NLNRY,0.1870460505281308,Low Risk,94.25,High Value,Low Risk / High Value,One year,53
4332-MUOEZ,0.1552916498949216,Low Risk,94.3,High Value,Low Risk / High Value,One year,20
5443-SCMKX,0.23137925155992142,High Risk,94.3,High Value,High Risk / High Value,One year,58
8597-CWYHH,0.24077981290968492,High Risk,94.35,High Value,High Risk / High Value,One year,43
3351-NQLDI,0.06888623401428302,Low Risk,94.35,High Value,Low Risk / High Value,One year,67
6270-OMFIW,0.20665004629400005,High Risk,94.4,High Value,High Risk / High Value,One year,60
8294-UIMBA,0.27099067291779394,High Risk,94.4,High Value,High Risk / High Value,One year,30
3410-MHHUM,0.21728184829941463,High Risk,94.4,High Value,High Risk / High Value,One year,44
5197-PYEPU,0.15505448684372924,Low Risk,94.45,High Value,Low Risk / High Value,One year,42
0440-UEDAI,0.10904016909246149,Low Risk,94.45,High Value,Low Risk / High Value,One year,53
2927-QRRQV,0.28142577174763667,High Risk,94.65,High Value,High Risk / High Value,One year,46
3571-DPYUH,0.10269398616735641,Low Risk,94.7,High Value,Low Risk / High Value,One year,58
2972-YDYUW,0.13509825279669113,Low Risk,94.7,High Value,Low Risk / High Value,One year,57
1732-FEKLD,0.1914475927701451,Low Risk,94.75,High Value,Low Risk / High Value,One year,54
3807-BPOMJ,0.2026417039066088,High Risk,94.75,High Value,High Risk / High Value,One year,55
1004-NOZNR,0.1067392636993442,Low Risk,94.8,High Value,Low Risk / High Value,One year,56
8947-YRTDV,0.121288138278144,Low Risk,94.8,High Value,Low Risk / High Value,One year,32
8945-MUQUF,0.19451889454517352,High Risk,94.8,High Value,High Risk / High Value,One year,51
2558-BUOZZ,0.1266761128274596,Low Risk,94.8,High Value,Low Risk / High Value,One year,47
0691-JVSYA,0.21514510843698614,High Risk,94.85,High Value,High Risk / High Value,One year,53
2379-GYFLQ,0.21420738054177274,High Risk,94.9,High Value,High Risk / High Value,One year,46
6732-FZUGP,0.1359353278220185,Low Risk,94.9,High Value,Low Risk / High Value,One year,47
6242-SGYTS,0.08935746379202124,Low Risk,94.95,High Value,Low Risk / High Value,One year,62
7123-WQUHX,0.17599635971435476,Low Risk,95.0,High Value,Low Risk / High Value,One year,38
7607-QKKTJ,0.19744557926734688,High Risk,95.0,High Value,High Risk / High Value,One year,45
4083-BFNYK,0.17705357686401338,Low Risk,95.0,High Value,Low Risk / High Value,One year,38
7080-TNUWP,0.1244937282041352,Low Risk,95.0,High Value,Low Risk / High Value,One year,70
8961-QDZZJ,0.20872485320063514,High Risk,95.0,High Value,High Risk / High Value,One year,57
5149-QYTTU,0.04116434481517242,Low Risk,95.15,High Value,Low Risk / High Value,One year,71
4531-AUZNK,0.11163098212571601,Low Risk,95.15,High Value,Low Risk / High Value,One year,51
3946-JEWRQ,0.29016083428091116,High Risk,95.2,High Value,High Risk / High Value,One year,47
4187-CINZD,0.19758077742470662,High Risk,95.25,High Value,High Risk / High Value,One year,46
9494-BDNNC,0.13642567958399734,Low Risk,95.3,High Value,Low Risk / High Value,One year,66
4742-DRORA,0.1193570524364212,Low Risk,95.4,High Value,Low Risk / High Value,One year,60
7188-CBBBA,0.18684746678789385,Low Risk,95.5,High Value,Low Risk / High Value,One year,65
5649-VUKMC,0.3788186066513421,High Risk,95.5,High Value,High Risk / High Value,One year,12
2237-ZFSMY,0.17322418800998715,Low Risk,95.55,High Value,Low Risk / High Value,One year,39
8905-IAZPF,0.1282042570162013,Low Risk,95.65,High Value,Low Risk / High Value,One year,69
7629-WFGLW,0.09446439519920376,Low Risk,95.65,High Value,Low Risk / High Value,One year,56
8910-ICHIU,0.13371605332421246,Low Risk,95.65,High Value,Low Risk / High Value,One year,46
1696-HXOWK,0.0648812082659115,Low Risk,95.65,High Value,Low Risk / High Value,One year,71
8272-ONJLV,0.4654125702621121,High Risk,95.7,High Value,High Risk / High Value,One year,12
5473-KHBPS,0.16449039638324434,Low Risk,95.7,High Value,Low Risk / High Value,One year,52
6265-SXWBU,0.07498033006749484,Low Risk,95.75,High Value,Low Risk / High Value,One year,69
2037-XJFUP,0.3873737200589709,High Risk,95.8,High Value,High Risk / High Value,One year,33
2858-EIMXH,0.2936752239654254,High Risk,95.85,High Value,High Risk / High Value,One year,53
9909-DFRJA,0.18567191427029847,Low Risk,95.85,High Value,Low Risk / High Value,One year,26
9391-LMANN,0.09310597463580153,Low Risk,95.95,High Value,Low Risk / High Value,One year,53
6728-VOIFY,0.2022884769204708,High Risk,96.0,High Value,High Risk / High Value,One year,63
5014-WUQMG,0.14347917226181356,Low Risk,96.1,High Value,Low Risk / High Value,One year,47
9114-VEPUF,0.11287133515142857,Low Risk,96.1,High Value,Low Risk / High Value,One year,62
1810-BOHSY,0.14055395505101292,Low Risk,96.4,High Value,Low Risk / High Value,One year,51
0898-XCGTF,0.21325720423720038,High Risk,96.5,High Value,High Risk / High Value,One year,61
1265-XTECC,0.11350267307060247,Low Risk,96.55,High Value,Low Risk / High Value,One year,68
2085-BOJKI,0.42780241654072343,High Risk,96.65,High Value,High Risk / High Value,One year,17
3009-JWMPU,0.29119660713291995,High Risk,96.75,High Value,High Risk / High Value,One year,62
0824-VWDPO,0.1370131366854228,Low Risk,96.75,High Value,Low Risk / High Value,One year,45
5195-KPUNQ,0.100332519383216,Low Risk,96.75,High Value,Low Risk / High Value,One year,53
3327-YBAKM,0.093641511857933,Low Risk,96.9,High Value,Low Risk / High Value,One year,64
4654-DLAMQ,0.08077534205522009,Low Risk,97.0,High Value,Low Risk / High Value,One year,64
6874-SGLHU,0.3236915521282498,High Risk,97.0,High Value,High Risk / High Value,One year,30
6821-JPCDC,0.2855359236131395,High Risk,97.05,High Value,High Risk / High Value,One year,48
9833-TGFHX,0.22753735543597806,High Risk,97.1,High Value,High Risk / High Value,One year,42
3339-EAQNV,0.18581659750538257,Low Risk,97.25,High Value,Low Risk / High Value,One year,72
1573-LGXBA,0.14899196037645757,Low Risk,97.55,High Value,Low Risk / High Value,One year,57
0326-VDYXE,0.25171619723890576,High Risk,97.65,High Value,High Risk / High Value,One year,70
0670-ANMUU,0.04760235474339307,Low Risk,97.65,High Value,Low Risk / High Value,One year,71
5294-IMHHT,0.10548884556108075,Low Risk,97.75,High Value,Low Risk / High Value,One year,53
2480-EJWYP,0.25518031786857615,High Risk,97.8,High Value,High Risk / High Value,One year,58
5268-DSMNQ,0.17011574149219208,Low Risk,97.95,High Value,Low Risk / High Value,One year,62
6559-RAKOZ,0.26877922045371877,High Risk,97.95,High Value,High Risk / High Value,One year,49
0575-CUQOV,0.2534545856442362,High Risk,97.95,High Value,High Risk / High Value,One year,60
6284-KMNUF,0.2399083281261822,High Risk,98.0,High Value,High Risk / High Value,One year,56
5150-LJNSR,0.17825319440378204,Low Risk,98.05,High Value,Low Risk / High Value,One year,31
5996-NRVXR,0.13793047498626734,Low Risk,98.15,High Value,Low Risk / High Value,One year,40
2929-QNSRW,0.29829778266849166,High Risk,98.25,High Value,High Risk / High Value,One year,56
1357-BIJKI,0.32592918227800083,High Risk,98.25,High Value,High Risk / High Value,One year,50
1543-LLLFT,0.14449569550414215,Low Risk,98.3,High Value,Low Risk / High Value,One year,61
1131-SUEKT,0.11269107243475913,Low Risk,98.45,High Value,Low Risk / High Value,One year,61
9254-RBFON,0.25853932828967646,High Risk,98.6,High Value,High Risk / High Value,One year,17
9770-KXGQU,0.1084523073388001,Low Risk,98.6,High Value,Low Risk / High Value,One year,53
9571-EDEBV,0.16980157337473814,Low Risk,98.65,High Value,Low Risk / High Value,One year,71
7856-GANIL,0.21929983815710177,High Risk,98.7,High Value,High Risk / High Value,One year,45
0422-UXFAP,0.34923541961522,High Risk,98.85,High Value,High Risk / High Value,One year,51
9402-CXWPL,0.16590426301889358,Low Risk,98.9,High Value,Low Risk / High Value,One year,70
3587-PMCOY,0.4771859801900266,High Risk,98.9,High Value,High Risk / High Value,One year,10
0959-WHOKV,0.251791120779726,High Risk,99.0,High Value,High Risk / High Value,One year,42
9705-IOVQQ,0.21093140133376895,High Risk,99.0,High Value,High Risk / High Value,One year,61
7064-FRRSW,0.39193224897097934,High Risk,99.0,High Value,High Risk / High Value,One year,48
1360-JYXKQ,0.2569392474136446,High Risk,99.1,High Value,High Risk / High Value,One year,54
6383-ZTSIW,0.17998108915745367,Low Risk,99.1,High Value,Low Risk / High Value,One year,39
2371-KFUOG,0.09586875430522829,Low Risk,99.15,High Value,Low Risk / High Value,One year,58
2153-MREFK,0.24045571544923872,High Risk,99.2,High Value,High Risk / High Value,One year,37
2995-UPRYS,0.23429251028301873,High Risk,99.2,High Value,High Risk / High Value,One year,40
0080-OROZO,0.3205978815640587,High Risk,99.25,High Value,High Risk / High Value,One year,35
5578-NKCXI,0.08123081613142762,Low Risk,99.25,High Value,Low Risk / High Value,One year,58
2284-VFLKH,0.17316318572470732,Low Risk,99.25,High Value,Low Risk / High Value,One year,49
7103-IPXPJ,0.22606975570104476,High Risk,99.4,High Value,High Risk / High Value,One year,50
4791-QRGMF,0.24563488294829325,High Risk,99.5,High Value,High Risk / High Value,One year,59
6227-FBDXH,0.14457481934210853,Low Risk,99.5,High Value,Low Risk / High Value,One year,69
3349-ANQNH,0.3557585272041701,High Risk,99.5,High Value,High Risk / High Value,One year,59
8769-KKTPH,0.13964696396352558,Low Risk,99.65,High Value,Low Risk / High Value,One year,63
8065-QBYTO,0.08288958902041065,Low Risk,99.65,High Value,Low Risk / High Value,One year,71
1545-ACTAS,0.1728677596719616,Low Risk,99.7,High Value,Low Risk / High Value,One year,48
2805-EDJPQ,0.11752110855796029,Low Risk,99.75,High Value,Low Risk / High Value,One year,56
1091-SOZGA,0.21376549901827463,High Risk,99.8,High Value,High Risk / High Value,One year,56
0380-NEAVX,0.4100089197482343,High Risk,99.85,High Value,High Risk / High Value,One year,34
2748-MYRVK,0.14858386328799947,Low Risk,99.9,High Value,Low Risk / High Value,One year,63
4937-QPZPO,0.26828772161627207,High Risk,99.9,High Value,High Risk / High Value,One year,61
3511-APPBJ,0.2920009628550847,High Risk,99.95,High Value,High Risk / High Value,One year,23
0727-BMPLR,0.38101944227626694,High Risk,100.0,High Value,High Risk / High Value,One year,55
6849-OYAMU,0.21714949205877235,High Risk,100.0,High Value,High Risk / High Value,One year,19
7486-KSRVI,0.32178599182451467,High Risk,100.0,High Value,High Risk / High Value,One year,43
0327-WFZSY,0.31038664841702646,High Risk,100.0,High Value,High Risk / High Value,One year,39
9518-RWHZL,0.199005538394953,High Risk,100.05,High Value,High Risk / High Value,One year,64
0931-MHTEM,0.13291479188965905,Low Risk,100.05,High Value,Low Risk / High Value,One year,54
1956-YIFGE,0.31399798125051515,High Risk,100.05,High Value,High Risk / High Value,One year,22
2382-BCKQJ,0.27138873675003594,High Risk,100.15,High Value,High Risk / High Value,One year,62
4837-QUSFT,0.08635675494282773,Low Risk,100.15,High Value,Low Risk / High Value,One year,65
9233-PSYHO,0.3697854625999422,High Risk,100.15,High Value,High Risk / High Value,One year,45
3162-KKZXO,0.3734061320298169,High Risk,100.15,High Value,High Risk / High Value,One year,55
7272-QDCKA,0.38264936691893064,High Risk,100.2,High Value,High Risk / High Value,One year,28
6199-IWKGC,0.2958984202108176,High Risk,100.25,High Value,High Risk / High Value,One year,46
9402-ROUMJ,0.07729505204238442,Low Risk,100.25,High Value,Low Risk / High Value,One year,67
4710-FDUIZ,0.165641645381856,Low Risk,100.3,High Value,Low Risk / High Value,One year,56
5223-UZAVK,0.11021213819237903,Low Risk,100.3,High Value,Low Risk / High Value,One year,64
3253-HKOKL,0.1467502419672612,Low Risk,100.3,High Value,Low Risk / High Value,One year,52
5447-WZAFP,0.1876012897375792,Low Risk,100.3,High Value,Low Risk / High Value,One year,53
0853-NWIFK,0.22971663986812216,High Risk,100.3,High Value,High Risk / High Value,One year,45
8375-KVTHK,0.13516153700550088,Low Risk,100.3,High Value,Low Risk / High Value,One year,68
8091-TTVAX,0.16925897514112706,Low Risk,100.35,High Value,Low Risk / High Value,One year,58
0516-OOHAR,0.22984425488141394,High Risk,100.35,High Value,High Risk / High Value,One year,28
9139-WQQDY,0.180586924224311,Low Risk,100.45,High Value,Low Risk / High Value,One year,49
8982-NHAVY,0.43204061423854234,High Risk,100.5,High Value,High Risk / High Value,One year,27
0512-FLFDW,0.2642861147554276,High Risk,100.5,High Value,High Risk / High Value,One year,60
7663-ZTEGJ,0.15905668935697473,Low Risk,100.55,High Value,Low Risk / High Value,One year,29
2924-KHUVI,0.24146852413843903,High Risk,100.55,High Value,High Risk / High Value,One year,56
1217-VASWC,0.2853254040908406,High Risk,100.55,High Value,High Risk / High Value,One year,43
0218-QNVAS,0.10882838533970537,Low Risk,100.55,High Value,Low Risk / High Value,One year,71
3190-XFANI,0.21348256044210498,High Risk,100.6,High Value,High Risk / High Value,One year,49
5671-UUNXD,0.34715558726198775,High Risk,100.65,High Value,High Risk / High Value,One year,50
3096-WPXBT,0.0975544555770662,Low Risk,100.7,High Value,Low Risk / High Value,One year,61
2293-IJWPS,0.25289783404637267,High Risk,100.75,High Value,High Risk / High Value,One year,57
3756-VNWDH,0.24896178783209277,High Risk,100.75,High Value,High Risk / High Value,One year,65
8402-EIVQS,0.09655694195225573,Low Risk,100.9,High Value,Low Risk / High Value,One year,67
7879-CGSFV,0.1345545066584477,Low Risk,100.9,High Value,Low Risk / High Value,One year,55
2696-ECXKC,0.1251228742780242,Low Risk,100.9,High Value,Low Risk / High Value,One year,55
5828-AVIPD,0.4426958171837908,High Risk,100.95,High Value,High Risk / High Value,One year,19
2898-MRKPI,0.14370720217658373,Low Risk,101.05,High Value,Low Risk / High Value,One year,68
2014-MKGMH,0.38948178668656064,High Risk,101.1,High Value,High Risk / High Value,One year,46
9825-YCXWZ,0.25434979989581724,High Risk,101.1,High Value,High Risk / High Value,One year,41
4455-BFSPD,0.14396245115895318,Low Risk,101.15,High Value,Low Risk / High Value,One year,61
5811-IWXYM,0.19539476435890812,High Risk,101.25,High Value,High Risk / High Value,One year,52
1335-HQMKX,0.22177452319136753,High Risk,101.35,High Value,High Risk / High Value,One year,72
6500-JVEGC,0.07957648120474073,Low Risk,101.35,High Value,Low Risk / High Value,One year,68
5298-GSTLM,0.22135840644566118,High Risk,101.4,High Value,High Risk / High Value,One year,60
0406-BPDVR,0.26640454371986316,High Risk,101.5,High Value,High Risk / High Value,One year,54
0580-PIQHM,0.1645801124136704,Low Risk,101.6,High Value,Low Risk / High Value,One year,41
2623-DRYAM,0.24397408269991758,High Risk,101.75,High Value,High Risk / High Value,One year,70
9323-HGFWY,0.20780716693666634,High Risk,101.9,High Value,High Risk / High Value,One year,27
4676-MQUEA,0.19522900920369843,High Risk,101.9,High Value,High Risk / High Value,One year,50
6967-QIQRV,0.25517693067317704,High Risk,101.9,High Value,High Risk / High Value,One year,15
5445-PZWGX,0.09176750490388523,Low Risk,102.0,High Value,Low Risk / High Value,One year,62
8979-CAMGB,0.2065532463209067,High Risk,102.1,High Value,High Risk / High Value,One year,64
0481-SUMCB,0.38147950378026324,High Risk,102.15,High Value,High Risk / High Value,One year,45
0520-FDVVT,0.2887173392408346,High Risk,102.35,High Value,High Risk / High Value,One year,35
1347-KTTTA,0.1136459019071155,Low Risk,102.45,High Value,Low Risk / High Value,One year,64
6097-EQISJ,0.15639121221257174,Low Risk,102.45,High Value,Low Risk / High Value,One year,66
0330-BGYZE,0.16741496929620284,Low Risk,102.5,High Value,Low Risk / High Value,One year,60
3058-HJCUY,0.3108893991062659,High Risk,102.6,High Value,High Risk / High Value,One year,41
7134-MJPDY,0.19521832420377555,High Risk,102.85,High Value,High Risk / High Value,One year,66
8133-ANHHJ,0.1185980459263129,Low Risk,103.0,High Value,Low Risk / High Value,One year,49
2931-XIQBR,0.11387899203696468,Low Risk,103.05,High Value,Low Risk / High Value,One year,50
7975-TZMLR,0.3565941077542749,High Risk,103.1,High Value,High Risk / High Value,One year,47
1442-OKRJE,0.10338952032094514,Low Risk,103.15,High Value,Low Risk / High Value,One year,66
4832-VRBMR,0.23952102602510528,High Risk,103.15,High Value,High Risk / High Value,One year,65
7047-FWEYA,0.2834154283373272,High Risk,103.15,High Value,High Risk / High Value,One year,46
2234-XADUH,0.13945347790365764,Low Risk,103.2,High Value,Low Risk / High Value,One year,72
2239-JALAW,0.2318924700051644,High Risk,103.25,High Value,High Risk / High Value,One year,58
4800-CZMPC,0.18471099527043408,Low Risk,103.25,High Value,Low Risk / High Value,One year,48
8715-KKTFG,0.19705040199900145,High Risk,103.3,High Value,High Risk / High Value,One year,61
4816-OKWNX,0.14785081259450567,Low Risk,103.4,High Value,Low Risk / High Value,One year,50
7774-OJSXI,0.44551952977910314,High Risk,103.45,High Value,High Risk / High Value,One year,31
0036-IHMOT,0.1305178769073378,Low Risk,103.7,High Value,Low Risk / High Value,One year,55
5136-KCKGI,0.2805766874870151,High Risk,103.7,High Value,High Risk / High Value,One year,33
2750-BJLSB,0.18542863205358226,Low Risk,103.7,High Value,Low Risk / High Value,One year,47
7251-LJBQN,0.3173108296145865,High Risk,103.75,High Value,High Risk / High Value,One year,40
6646-QVXLR,0.3086225041212683,High Risk,103.75,High Value,High Risk / High Value,One year,62
8267-ZNYVZ,0.25236795542158563,High Risk,103.75,High Value,High Risk / High Value,One year,33
4097-YODCF,0.31416271153180564,High Risk,103.8,High Value,High Risk / High Value,One year,34
8433-WPJTV,0.18135719955170554,Low Risk,103.9,High Value,Low Risk / High Value,One year,65
2830-LEWOA,0.07872906475997266,Low Risk,103.9,High Value,Low Risk / High Value,One year,61
4488-KQFDT,0.28297079136987324,High Risk,103.95,High Value,High Risk / High Value,One year,61
0877-SDMBN,0.21429084533350573,High Risk,103.95,High Value,High Risk / High Value,One year,54
8033-VCZGH,0.28735550510716334,High Risk,103.95,High Value,High Risk / High Value,One year,50
2252-JHJGE,0.17595995162464342,Low Risk,104.0,High Value,Low Risk / High Value,One year,61
3763-GCZHZ,0.19283323413759898,Low Risk,104.05,High Value,Low Risk / High Value,One year,66
6305-YLBMM,0.10934154067860805,Low Risk,104.05,High Value,Low Risk / High Value,One year,69
2325-WINES,0.36523143801109403,High Risk,104.05,High Value,High Risk / High Value,One year,32
5678-VFNEQ,0.1369397399480349,Low Risk,104.1,High Value,Low Risk / High Value,One year,71
7694-VLBWQ,0.18823582607389544,Low Risk,104.1,High Value,Low Risk / High Value,One year,67
6728-DKUCO,0.14041484206979996,Low Risk,104.15,High Value,Low Risk / High Value,One year,72
4088-YLDSU,0.2650833319791967,High Risk,104.15,High Value,High Risk / High Value,One year,55
5716-LIBJC,0.43933231307204096,High Risk,104.15,High Value,High Risk / High Value,One year,13
9821-BESNZ,0.19141638771192557,Low Risk,104.25,High Value,Low Risk / High Value,One year,66
9154-QDGTH,0.22056115409582513,High Risk,104.3,High Value,High Risk / High Value,One year,43
6341-AEVKX,0.1425671589098283,Low Risk,104.3,High Value,Low Risk / High Value,One year,62
2519-LBNQL,0.3287144534024337,High Risk,104.35,High Value,High Risk / High Value,One year,60
7940-UQQUG,0.11510616113994736,Low Risk,104.4,High Value,Low Risk / High Value,One year,64
5802-ADBRC,0.22204377160973437,High Risk,104.4,High Value,High Risk / High Value,One year,50
7124-UGSUR,0.24517314935053167,High Risk,104.4,High Value,High Risk / High Value,One year,61
8952-WCVCD,0.19399843071519896,Low Risk,104.45,High Value,Low Risk / High Value,One year,41
5732-IKGQH,0.15785161888554597,Low Risk,104.45,High Value,Low Risk / High Value,One year,52
5376-PCKNB,0.13771106803774394,Low Risk,104.45,High Value,Low Risk / High Value,One year,72
5370-IIVVL,0.2517591983735529,High Risk,104.5,High Value,High Risk / High Value,One year,37
0565-JUPYD,0.060174242580235196,Low Risk,104.5,High Value,Low Risk / High Value,One year,63
4913-EHYUI,0.2075375655684689,High Risk,104.55,High Value,High Risk / High Value,One year,56
5149-TGWDZ,0.29513245148049366,High Risk,104.55,High Value,High Risk / High Value,One year,21
6408-OTUBZ,0.08204995066425119,Low Risk,104.55,High Value,Low Risk / High Value,One year,66
6797-UCJHZ,0.16320975516350858,Low Risk,104.6,High Value,Low Risk / High Value,One year,66
8329-UTMVM,0.38784908771657206,High Risk,104.65,High Value,High Risk / High Value,One year,27
3324-OIRTO,0.08342439739955289,Low Risk,104.65,High Value,Low Risk / High Value,One year,71
5074-FBGHB,0.16867512336814428,Low Risk,104.65,High Value,Low Risk / High Value,One year,64
3685-YLCMQ,0.25823850178840024,High Risk,104.65,High Value,High Risk / High Value,One year,58
2359-QWQUL,0.16652696357707059,Low Risk,104.7,High Value,Low Risk / High Value,One year,39
8634-CILSZ,0.13922602887540964,Low Risk,104.7,High Value,Low Risk / High Value,One year,69
4612-THJBS,0.2648762217496131,High Risk,104.75,High Value,High Risk / High Value,One year,56
0100-DUVFC,0.26733108806215405,High Risk,104.8,High Value,High Risk / High Value,One year,70
4480-MBMLB,0.36148369072582115,High Risk,104.8,High Value,High Risk / High Value,One year,36
6807-SIWJI,0.3202383235207578,High Risk,104.85,High Value,High Risk / High Value,One year,38
0471-ARVMX,0.25856825694723157,High Risk,104.85,High Value,High Risk / High Value,One year,62
4815-YOSUK,0.057803395130482715,Low Risk,104.9,High Value,Low Risk / High Value,One year,72
5553-AOINX,0.2625663791864857,High Risk,104.9,High Value,High Risk / High Value,One year,66
7203-OYKCT,0.21958200917943024,High Risk,104.95,High Value,High Risk / High Value,One year,72
6769-DCQLI,0.15684884281709321,Low Risk,105.0,High Value,Low Risk / High Value,One year,52
5985-BEHZK,0.14678915354868116,Low Risk,105.0,High Value,Low Risk / High Value,One year,72
2560-PPCHE,0.15232583337874242,Low Risk,105.05,High Value,Low Risk / High Value,One year,65
7544-ZVIKX,0.16953042115747557,Low Risk,105.05,High Value,Low Risk / High Value,One year,58
2806-MLNTI,0.29702987163815,High Risk,105.1,High Value,High Risk / High Value,One year,52
1090-PYKCI,0.06290833089116236,Low Risk,105.1,High Value,Low Risk / High Value,One year,69
7722-CVFXN,0.21675157113590718,High Risk,105.2,High Value,High Risk / High Value,One year,54
7789-HKSBS,0.32605728588864763,High Risk,105.2,High Value,High Risk / High Value,One year,42
5440-VHLUL,0.14428383676580375,Low Risk,105.2,High Value,Low Risk / High Value,One year,69
2165-VOEGB,0.11907804573831526,Low Risk,105.2,High Value,Low Risk / High Value,One year,46
1448-CYWKC,0.20016754137268267,High Risk,105.2,High Value,High Risk / High Value,One year,58
3567-PQTSO,0.2848502435246507,High Risk,105.25,High Value,High Risk / High Value,One year,53
5174-ITUMV,0.21287235530405257,High Risk,105.4,High Value,High Risk / High Value,One year,67
1060-ENTOF,0.09352815492346976,Low Risk,105.4,High Value,Low Risk / High Value,One year,67
7055-VKGDA,0.10173595359966597,Low Risk,105.4,High Value,Low Risk / High Value,One year,54
0193-ESZXP,0.11850870771803838,Low Risk,105.5,High Value,Low Risk / High Value,One year,58
4323-OHFOW,0.15899860086690046,Low Risk,105.55,High Value,Low Risk / High Value,One year,70
5285-MVEHD,0.13899780433204792,Low Risk,105.6,High Value,Low Risk / High Value,One year,56
5897-ZYEKH,0.22495725373981834,High Risk,105.6,High Value,High Risk / High Value,One year,67
3932-CMDTD,0.4789991296199577,High Risk,105.65,High Value,High Risk / High Value,One year,4
2722-VOJQL,0.1505959294973186,Low Risk,105.65,High Value,Low Risk / High Value,One year,64
5569-IDSEY,0.17429135166662788,Low Risk,105.7,High Value,Low Risk / High Value,One year,71
4753-PADAS,0.18267390542215134,Low Risk,105.7,High Value,Low Risk / High Value,One year,67
0308-GIQJT,0.11583312485860071,Low Risk,105.75,High Value,Low Risk / High Value,One year,71
8999-XXGNS,0.19550656629894683,High Risk,105.75,High Value,High Risk / High Value,One year,72
3858-XHYJO,0.2160811378753261,High Risk,105.75,High Value,High Risk / High Value,One year,40
2056-EVGZL,0.06707842348195213,Low Risk,105.75,High Value,Low Risk / High Value,One year,68
4525-VZCZG,0.13153809906336705,Low Risk,105.85,High Value,Low Risk / High Value,One year,54
2172-EJXVF,0.27007341904454524,High Risk,105.9,High Value,High Risk / High Value,One year,71
6425-YQLLO,0.18678269871040154,Low Risk,105.95,High Value,Low Risk / High Value,One year,66
0691-NIKRI,0.2741137458537642,High Risk,105.95,High Value,High Risk / High Value,One year,40
1113-IUJYX,0.1892905182698453,Low Risk,105.95,High Value,Low Risk / High Value,One year,14
5469-CTCWN,0.1890434225966224,Low Risk,106.0,High Value,Low Risk / High Value,One year,61
5056-FIMPT,0.11768386236689576,Low Risk,106.0,High Value,Low Risk / High Value,One year,43
8564-LDKFL,0.3190661510809011,High Risk,106.0,High Value,High Risk / High Value,One year,40
8651-ENBZX,0.29153005858143727,High Risk,106.0,High Value,High Risk / High Value,One year,60
1017-FBQMM,0.14033628054241523,Low Risk,106.05,High Value,Low Risk / High Value,One year,62
4393-RYCRE,0.2260147901236701,High Risk,106.05,High Value,High Risk / High Value,One year,44
3865-YIOTT,0.13139905005153674,Low Risk,106.1,High Value,Low Risk / High Value,One year,72
9651-GTSAQ,0.15949518160532739,Low Risk,106.1,High Value,Low Risk / High Value,One year,53
1899-VXWXM,0.26235612420543514,High Risk,106.1,High Value,High Risk / High Value,One year,48
3325-FUYCG,0.26808887404642084,High Risk,106.1,High Value,High Risk / High Value,One year,28
6994-FGRHH,0.12215302029169664,Low Risk,106.15,High Value,Low Risk / High Value,One year,70
9912-OMZDS,0.25825833101120116,High Risk,106.15,High Value,High Risk / High Value,One year,59
7067-KSAZT,0.30595985935406234,High Risk,106.25,High Value,High Risk / High Value,One year,65
7718-UPSKJ,0.0718573652285499,Low Risk,106.4,High Value,Low Risk / High Value,One year,69
1502-XFCVR,0.1776064235808083,Low Risk,106.45,High Value,Low Risk / High Value,One year,58
3692-JHONH,0.38231429880777434,High Risk,106.5,High Value,High Risk / High Value,One year,52
6050-IJRHS,0.20523136877944229,High Risk,106.5,High Value,High Risk / High Value,One year,70
8849-GYOKR,0.14524775880544155,Low Risk,106.55,High Value,Low Risk / High Value,One year,54
6465-GSRCL,0.13485572574436652,Low Risk,106.6,High Value,Low Risk / High Value,One year,67
1169-SAOCL,0.21175168436616904,High Risk,106.65,High Value,High Risk / High Value,One year,49
5035-PGZXH,0.3014148791694341,High Risk,106.8,High Value,High Risk / High Value,One year,56
8152-UOBNY,0.3156044193425383,High Risk,106.8,High Value,High Risk / High Value,One year,50
1784-EZDKJ,0.26689513896280354,High Risk,106.8,High Value,High Risk / High Value,One year,51
3786-WOVKF,0.15643817161414159,Low Risk,106.85,High Value,Low Risk / High Value,One year,72
6777-TGHTM,0.20863726145904862,High Risk,106.95,High Value,High Risk / High Value,One year,53
3758-CKOQL,0.08979041461735703,Low Risk,107.0,High Value,Low Risk / High Value,One year,59
5481-NTDOH,0.1788943978816637,Low Risk,107.05,High Value,Low Risk / High Value,One year,67
1297-VQDRP,0.15986883841571892,Low Risk,107.15,High Value,Low Risk / High Value,One year,68
8565-HBFNN,0.07106653330903724,Low Risk,107.2,High Value,Low Risk / High Value,One year,69
6815-ABQFQ,0.23797821028926874,High Risk,107.25,High Value,High Risk / High Value,One year,56
9659-ZTWSM,0.18253263829647498,Low Risk,107.35,High Value,Low Risk / High Value,One year,66
9036-CSKBW,0.1673240464598537,Low Risk,107.45,High Value,Low Risk / High Value,One year,51
5336-UFNZP,0.2748837344798504,High Risk,107.45,High Value,High Risk / High Value,One year,65
2886-KEFUM,0.2745881235320616,High Risk,107.5,High Value,High Risk / High Value,One year,63
8327-LZKAS,0.37589528507700326,High Risk,107.55,High Value,High Risk / High Value,One year,43
1698-XFZCI,0.21288836560889177,High Risk,107.75,High Value,High Risk / High Value,One year,61
2000-MPKCA,0.23719574866680576,High Risk,107.75,High Value,High Risk / High Value,One year,58
9844-FELAJ,0.192686698837844,Low Risk,107.9,High Value,Low Risk / High Value,One year,70
2692-AQCPF,0.15292737755586733,Low Risk,108.05,High Value,Low Risk / High Value,One year,65
0786-IVLAW,0.1858898865570931,Low Risk,108.1,High Value,Low Risk / High Value,One year,66
6723-WSNTY,0.17712093773417278,Low Risk,108.1,High Value,Low Risk / High Value,One year,66
1679-JRFBR,0.12596091395422165,Low Risk,108.15,High Value,Low Risk / High Value,One year,70
7550-WIQVA,0.23828459334256133,High Risk,108.25,High Value,High Risk / High Value,One year,50
6362-QHAFM,0.3353125580128455,High Risk,108.3,High Value,High Risk / High Value,One year,42
5981-ZVXOT,0.3974339974605645,High Risk,108.35,High Value,High Risk / High Value,One year,35
5067-XJQFU,0.20531526753616214,High Risk,108.45,High Value,High Risk / High Value,One year,66
4250-ZBWLV,0.1367938890062337,Low Risk,108.45,High Value,Low Risk / High Value,One year,68
5168-MQQCA,0.14533260224976924,Low Risk,108.5,High Value,Low Risk / High Value,One year,72
5966-EMAZU,0.12419555187849919,Low Risk,108.5,High Value,Low Risk / High Value,One year,64
9101-BWFSS,0.16705307588469998,Low Risk,108.55,High Value,Low Risk / High Value,One year,50
8213-TAZPM,0.12927656521077813,Low Risk,108.75,High Value,Low Risk / High Value,One year,69
3424-NMNBO,0.26692431002782274,High Risk,108.85,High Value,High Risk / High Value,One year,58
4350-ZTLPI,0.2030069146123796,High Risk,108.95,High Value,High Risk / High Value,One year,53
4567-AKPIA,0.23011683609809247,High Risk,109.1,High Value,High Risk / High Value,One year,41
2266-SJNAT,0.09319016989262788,Low Risk,109.15,High Value,Low Risk / High Value,One year,72
5140-FOMCQ,0.17095953677303563,Low Risk,109.15,High Value,Low Risk / High Value,One year,59
0961-ZWLVI,0.17454287252980732,Low Risk,109.2,High Value,Low Risk / High Value,One year,49
3886-CERTZ,0.19092291781475548,Low Risk,109.25,High Value,Low Risk / High Value,One year,72
8849-PRIQJ,0.14328713290296052,Low Risk,109.4,High Value,Low Risk / High Value,One year,67
0103-CSITQ,0.19067526425733586,Low Risk,109.4,High Value,Low Risk / High Value,One year,57
0748-RDGGM,0.07668563028677033,Low Risk,109.5,High Value,Low Risk / High Value,One year,70
1984-FCOWB,0.18795314081473652,Low Risk,109.5,High Value,Low Risk / High Value,One year,70
2731-GJRDG,0.2640574632873942,High Risk,109.55,High Value,High Risk / High Value,One year,32
9360-AHGNL,0.24335682325588157,High Risk,109.55,High Value,High Risk / High Value,One year,43
5945-AZYHT,0.17963358461879728,Low Risk,109.6,High Value,Low Risk / High Value,One year,71
1360-XFJMR,0.143455630384892,Low Risk,109.7,High Value,Low Risk / High Value,One year,67
6689-VRRTK,0.26620603266155907,High Risk,109.8,High Value,High Risk / High Value,One year,44
6198-PNNSZ,0.14103540124066088,Low Risk,109.8,High Value,Low Risk / High Value,One year,56
0795-GMVQO,0.10101646494554506,Low Risk,109.9,High Value,Low Risk / High Value,One year,67
0691-IFBQW,0.32429014250782845,High Risk,110.0,High Value,High Risk / High Value,One year,46
6333-YDVLT,0.12043548798733217,Low Risk,110.0,High Value,Low Risk / High Value,One year,65
5027-YOCXN,0.09662860429098748,Low Risk,110.05,High Value,Low Risk / High Value,One year,51
2408-TZMJL,0.22153386287299134,High Risk,110.15,High Value,High Risk / High Value,One year,59
3870-MQAMG,0.19310658801085653,Low Risk,110.35,High Value,Low Risk / High Value,One year,54
6647-ZEDXT,0.2302811669114242,High Risk,110.45,High Value,High Risk / High Value,One year,30
2673-CXQEU,0.2171126086902766,High Risk,110.5,High Value,High Risk / High Value,One year,56
1258-YMZNM,0.36393539474539344,High Risk,110.5,High Value,High Risk / High Value,One year,27
8008-ESFLK,0.11468873343172294,Low Risk,110.5,High Value,Low Risk / High Value,One year,53
4476-OSWTN,0.13688241464793774,Low Risk,110.55,High Value,Low Risk / High Value,One year,69
4827-LTQRJ,0.11177002567991054,Low Risk,110.6,High Value,Low Risk / High Value,One year,66
0409-WTMPL,0.17434978310657306,Low Risk,110.65,High Value,Low Risk / High Value,One year,58
9356-AXGMP,0.296940694166885,High Risk,110.7,High Value,High Risk / High Value,One year,38
8920-NAVAY,0.21071577563757413,High Risk,110.75,High Value,High Risk / High Value,One year,62
2272-JKMSI,0.19398867806495534,Low Risk,110.8,High Value,Low Risk / High Value,One year,62
4118-CEVPF,0.2637602840873927,High Risk,110.8,High Value,High Risk / High Value,One year,35
9835-ZIITK,0.24664036067315107,High Risk,110.85,High Value,High Risk / High Value,One year,66
4789-KWMXN,0.17879212297620833,Low Risk,110.85,High Value,Low Risk / High Value,One year,47
7632-MNYOY,0.13365630729796638,Low Risk,110.9,High Value,Low Risk / High Value,One year,66
3199-NPKCN,0.16824373084173813,Low Risk,111.25,High Value,Low Risk / High Value,One year,67
9249-FXSCK,0.15133488429097755,Low Risk,111.25,High Value,Low Risk / High Value,One year,52
2659-VXMWZ,0.17095162615043855,Low Risk,111.3,High Value,Low Risk / High Value,One year,67
1135-HIORI,0.19425667115108156,Low Risk,111.45,High Value,Low Risk / High Value,One year,64
7245-JMTTQ,0.2714390815791149,High Risk,111.5,High Value,High Risk / High Value,One year,51
3584-WKTTW,0.22455792851521109,High Risk,111.55,High Value,High Risk / High Value,One year,51
7409-JURKQ,0.1998725380908328,High Risk,111.8,High Value,High Risk / High Value,One year,53
2403-BCASL,0.32528633281681923,High Risk,111.95,High Value,High Risk / High Value,One year,41
6664-FPDAC,0.2987677884228478,High Risk,111.95,High Value,High Risk / High Value,One year,56
6480-YAGIY,0.09405648882407475,Low Risk,112.2,High Value,Low Risk / High Value,One year,45
8561-NMTBD,0.1225141875173301,Low Risk,112.35,High Value,Low Risk / High Value,One year,67
9475-NNDGC,0.1384007544390521,Low Risk,113.15,High Value,Low Risk / High Value,One year,71
1950-KSVVJ,0.13005374487271398,Low Risk,113.3,High Value,Low Risk / High Value,One year,45
0864-FVJNJ,0.10608072749083253,Low Risk,113.35,High Value,Low Risk / High Value,One year,64
9746-MDMBK,0.15295522380078708,Low Risk,113.45,High Value,Low Risk / High Value,One year,47
9896-UYMIE,0.11418215044153186,Low Risk,114.3,High Value,Low Risk / High Value,One year,66
6655-LHBYW,0.11592302943639529,Low Risk,114.35,High Value,Low Risk / High Value,One year,50
0206-TBWLC,0.1424417401618245,Low Risk,114.65,High Value,Low Risk / High Value,One year,54
1229-RCALF,0.16619511718077404,Low Risk,115.0,High Value,Low Risk / High Value,One year,64
8894-JVDCV,0.12255766642281711,Low Risk,115.05,High Value,Low Risk / High Value,One year,62
3642-GKTCT,0.12780824837497634,Low Risk,115.1,High Value,Low Risk / High Value,One year,61
0201-OAMXR,0.07708917239681772,Low Risk,115.55,High Value,Low Risk / High Value,One year,70
0442-ZXKVS,0.19352713341245273,Low Risk,115.6,High Value,Low Risk / High Value,One year,54
1444-VVSGW,0.07190166205918289,Low Risk,115.65,High Value,Low Risk / High Value,One year,70
0052-DCKON,0.09528601015560394,Low Risk,115.8,High Value,Low Risk / High Value,One year,66
4374-YMUSQ,0.15360425615456308,Low Risk,116.25,High Value,Low Risk / High Value,One year,34
4868-AADLV,0.17253553052755125,Low Risk,116.25,High Value,Low Risk / High Value,One year,66
0186-CAERR,0.1098317131523393,Low Risk,116.3,High Value,Low Risk / High Value,One year,71
3680-CTHUH,0.12714356059011056,Low Risk,116.6,High Value,Low Risk / High Value,One year,60
4282-MSACW,0.10886642306272362,Low Risk,117.2,High Value,Low Risk / High Value,One year,68
2889-FPWRM,0.11252438133066663,Low Risk,117.8,High Value,Low Risk / High Value,One year,72
8199-ZLLSA,0.11436308998298848,Low Risk,118.35,High Value,Low Risk / High Value,One year,67
5734-EJKXG,0.18169917717083198,Low Risk,118.6,High Value,Low Risk / High Value,One year,61
9764-REAFF,0.003261561076957577,Low Risk,18.4,Low Value,Low Risk / Low Value,Two year,59
0827-ITJPH,0.013795285084790932,Low Risk,18.55,Low Value,Low Risk / Low Value,Two year,36
0621-CXBKL,0.004294043122977206,Low Risk,18.7,Low Value,Low Risk / Low Value,Two year,53
9945-PSVIP,0.021324925988021423,Low Risk,18.7,Low Value,Low Risk / Low Value,Two year,25
7473-ZBDSN,0.027317027986990643,Low Risk,18.8,Low Value,Low Risk / Low Value,Two year,14
8464-EETCQ,0.0033070302099877727,Low Risk,18.8,Low Value,Low Risk / Low Value,Two year,57
7469-LKBCI,0.027367957451821134,Low Risk,18.95,Low Value,Low Risk / Low Value,Two year,16
4635-EJYPD,0.010654441342020201,Low Risk,18.95,Low Value,Low Risk / Low Value,Two year,32
3719-TDVQB,0.007062832462156002,Low Risk,18.95,Low Value,Low Risk / Low Value,Two year,54
4774-HHGGS,0.01394638492050492,Low Risk,19.05,Low Value,Low Risk / Low Value,Two year,30
2005-DWQZJ,0.037475066265274505,Low Risk,19.05,Low Value,Low Risk / Low Value,Two year,8
1407-DIGZV,0.047309783268496296,Low Risk,19.1,Low Value,Low Risk / Low Value,Two year,3
0825-CPPQH,0.0016268572211005122,Low Risk,19.1,Low Value,Low Risk / Low Value,Two year,71
9500-WBGRP,0.0025233019704388703,Low Risk,19.1,Low Value,Low Risk / Low Value,Two year,69
4933-BSAIP,0.008393414917347162,Low Risk,19.1,Low Value,Low Risk / Low Value,Two year,40
5859-HZYLF,0.019690917910306128,Low Risk,19.15,Low Value,Low Risk / Low Value,Two year,26
3498-LZGQZ,0.002971864262935877,Low Risk,19.15,Low Value,Low Risk / Low Value,Two year,63
1231-YNDEK,0.0046732343527081995,Low Risk,19.15,Low Value,Low Risk / Low Value,Two year,58
3266-FTKHB,0.026758696915323347,Low Risk,19.15,Low Value,Low Risk / Low Value,Two year,17
3764-MNMOI,0.0058534727657320595,Low Risk,19.2,Low Value,Low Risk / Low Value,Two year,46
9565-AXSMR,0.003836902483259122,Low Risk,19.2,Low Value,Low Risk / Low Value,Two year,52
3970-XGJDU,0.003574777727577909,Low Risk,19.2,Low Value,Low Risk / Low Value,Two year,62
4475-NVTLU,0.007857552522245076,Low Risk,19.2,Low Value,Low Risk / Low Value,Two year,45
0613-WUXUM,0.0021699230939759514,Low Risk,19.2,Low Value,Low Risk / Low Value,Two year,70
7293-LSCDV,0.0034153613491844062,Low Risk,19.25,Low Value,Low Risk / Low Value,Two year,60
6425-JWTDV,0.005286416683828509,Low Risk,19.25,Low Value,Low Risk / Low Value,Two year,48
9972-EWRJS,0.002695443032925681,Low Risk,19.25,Low Value,Low Risk / Low Value,Two year,67
8857-CUPFQ,0.0024980735764491492,Low Risk,19.25,Low Value,Low Risk / Low Value,Two year,63
0206-OYVOC,0.007352552039567072,Low Risk,19.25,Low Value,Low Risk / Low Value,Two year,46
9631-RXVJM,0.010604711060891584,Low Risk,19.25,Low Value,Low Risk / Low Value,Two year,35
2146-EGVDT,0.002580449660704658,Low Risk,19.3,Low Value,Low Risk / Low Value,Two year,59
5787-KXGIY,0.0014658972148476272,Low Risk,19.3,Low Value,Low Risk / Low Value,Two year,72
3976-HXHCE,0.0016564047541233703,Low Risk,19.3,Low Value,Low Risk / Low Value,Two year,72
5465-BUBFA,0.007149831111055368,Low Risk,19.3,Low Value,Low Risk / Low Value,Two year,41
4742-TXUEX,0.005246366997245785,Low Risk,19.3,Low Value,Low Risk / Low Value,Two year,47
4641-FROLU,0.0121089154902364,Low Risk,19.3,Low Value,Low Risk / Low Value,Two year,30
3308-DGHKL,0.002798642396242114,Low Risk,19.3,Low Value,Low Risk / Low Value,Two year,69
6323-AYBRX,0.0030227428256530487,Low Risk,19.35,Low Value,Low Risk / Low Value,Two year,59
2075-PUEPR,0.0034971989267944532,Low Risk,19.35,Low Value,Low Risk / Low Value,Two year,55
7643-RCHXS,0.0031706626904177866,Low Risk,19.35,Low Value,Low Risk / Low Value,Two year,63
2007-QVGAW,0.0024797766409071866,Low Risk,19.35,Low Value,Low Risk / Low Value,Two year,68
2266-FUBDZ,0.025201745749096973,Low Risk,19.35,Low Value,Low Risk / Low Value,Two year,15
8922-NPKBJ,0.006433484075349213,Low Risk,19.35,Low Value,Low Risk / Low Value,Two year,42
4573-JKNAE,0.030902592897237,Low Risk,19.35,Low Value,Low Risk / Low Value,Two year,12
3620-EHIMZ,0.0038887220661190415,Low Risk,19.35,Low Value,Low Risk / Low Value,Two year,52
8747-UDCOI,0.002457569037443042,Low Risk,19.35,Low Value,Low Risk / Low Value,Two year,65
2892-GESUL,0.02195000012832905,Low Risk,19.35,Low Value,Low Risk / Low Value,Two year,18
2428-HYUNX,0.011148296807220116,Low Risk,19.35,Low Value,Low Risk / Low Value,Two year,44
1302-TPUBN,0.002220913249083768,Low Risk,19.35,Low Value,Low Risk / Low Value,Two year,66
2848-YXSMW,0.001280319504895399,Low Risk,19.4,Low Value,Low Risk / Low Value,Two year,72
3910-MRQOY,0.0017286496703692515,Low Risk,19.4,Low Value,Low Risk / Low Value,Two year,72
6518-PPLMZ,0.005160902570781648,Low Risk,19.4,Low Value,Low Risk / Low Value,Two year,53
0386-CWRGM,0.005384550651296302,Low Risk,19.4,Low Value,Low Risk / Low Value,Two year,46
0839-QNXME,0.013531389959018703,Low Risk,19.4,Low Value,Low Risk / Low Value,Two year,30
1098-KFQEC,0.003211979189643694,Low Risk,19.4,Low Value,Low Risk / Low Value,Two year,55
5346-BZCHP,0.0016016060473109366,Low Risk,19.4,Low Value,Low Risk / Low Value,Two year,69
2626-VEEWG,0.002348101122867578,Low Risk,19.4,Low Value,Low Risk / Low Value,Two year,67
2817-LVCPP,0.004908941757652789,Low Risk,19.4,Low Value,Low Risk / Low Value,Two year,50
3525-DVKFN,0.027367935259642998,Low Risk,19.4,Low Value,Low Risk / Low Value,Two year,17
1627-AFWVJ,0.014692769388077691,Low Risk,19.4,Low Value,Low Risk / Low Value,Two year,29
6762-NSODU,0.005195661242254779,Low Risk,19.4,Low Value,Low Risk / Low Value,Two year,46
8966-SNIZF,0.0018295241254613513,Low Risk,19.45,Low Value,Low Risk / Low Value,Two year,70
3279-DYZQM,0.0014071151177993152,Low Risk,19.45,Low Value,Low Risk / Low Value,Two year,71
3546-GHEAE,0.04419363362220546,Low Risk,19.45,Low Value,Low Risk / Low Value,Two year,7
6479-SZPLM,0.008481455385770024,Low Risk,19.45,Low Value,Low Risk / Low Value,Two year,36
8347-GDTMP,0.0023183412492873224,Low Risk,19.45,Low Value,Low Risk / Low Value,Two year,64
5696-EXCYS,0.025982483443233673,Low Risk,19.45,Low Value,Low Risk / Low Value,Two year,17
6848-HJTXY,0.0023065132684233465,Low Risk,19.45,Low Value,Low Risk / Low Value,Two year,64
8755-OGKNA,0.003194145213562689,Low Risk,19.5,Low Value,Low Risk / Low Value,Two year,57
5799-JRCZO,0.0021094679326266524,Low Risk,19.5,Low Value,Low Risk / Low Value,Two year,63
9814-AOUDH,0.004062828608989794,Low Risk,19.5,Low Value,Low Risk / Low Value,Two year,53
8514-VZHEB,0.0026224771028959515,Low Risk,19.5,Low Value,Low Risk / Low Value,Two year,59
7337-CINUD,0.038689112864399695,Low Risk,19.5,Low Value,Low Risk / Low Value,Two year,8
7328-ZJAJO,0.002655062099079229,Low Risk,19.5,Low Value,Low Risk / Low Value,Two year,59
6368-TZZDT,0.04272237138593918,Low Risk,19.5,Low Value,Low Risk / Low Value,Two year,4
2229-DPMBI,0.036784527722328264,Low Risk,19.5,Low Value,Low Risk / Low Value,Two year,8
2616-FLVQC,0.002355250502967384,Low Risk,19.55,Low Value,Low Risk / Low Value,Two year,64
7552-KEYGT,0.016706211116963937,Low Risk,19.55,Low Value,Low Risk / Low Value,Two year,27
7941-RCJOW,0.003006878121202088,Low Risk,19.55,Low Value,Low Risk / Low Value,Two year,65
0854-UYHZD,0.02863261769582727,Low Risk,19.55,Low Value,Low Risk / Low Value,Two year,13
2230-XTUWL,0.004667908108819396,Low Risk,19.55,Low Value,Low Risk / Low Value,Two year,48
8043-PNYSD,0.0021422327435808575,Low Risk,19.55,Low Value,Low Risk / Low Value,Two year,63
4299-OPXEJ,0.0054010878214138785,Low Risk,19.55,Low Value,Low Risk / Low Value,Two year,56
2900-PHPLN,0.0030657321059631253,Low Risk,19.55,Low Value,Low Risk / Low Value,Two year,70
1093-YSWCA,0.03480573065975282,Low Risk,19.55,Low Value,Low Risk / Low Value,Two year,11
1166-PQLGG,0.0014677563785657768,Low Risk,19.55,Low Value,Low Risk / Low Value,Two year,72
0559-CKHUS,0.020259689660134972,Low Risk,19.55,Low Value,Low Risk / Low Value,Two year,29
6582-PLFUU,0.003948158211199877,Low Risk,19.55,Low Value,Low Risk / Low Value,Two year,51
1354-YZFNB,0.04234529292059468,Low Risk,19.55,Low Value,Low Risk / Low Value,Two year,4
3777-XROBG,0.0026924097326759696,Low Risk,19.55,Low Value,Low Risk / Low Value,Two year,58
7196-LIWRH,0.047100763844372284,Low Risk,19.55,Low Value,Low Risk / Low Value,Two year,6
0164-XAIRP,0.027957698914854008,Low Risk,19.55,Low Value,Low Risk / Low Value,Two year,24
1047-RNXZV,0.007077217383380741,Low Risk,19.55,Low Value,Low Risk / Low Value,Two year,43
7242-EDTYC,0.0059602274021367955,Low Risk,19.55,Low Value,Low Risk / Low Value,Two year,44
6217-KDYWC,0.004172843842791276,Low Risk,19.6,Low Value,Low Risk / Low Value,Two year,57
7601-GNDYK,0.00907308259163471,Low Risk,19.6,Low Value,Low Risk / Low Value,Two year,35
1106-HRLKZ,0.0070630218511867635,Low Risk,19.6,Low Value,Low Risk / Low Value,Two year,40
0354-VXMJC,0.01613302813940986,Low Risk,19.6,Low Value,Low Risk / Low Value,Two year,23
7416-CKTEP,0.005161989203374343,Low Risk,19.6,Low Value,Low Risk / Low Value,Two year,57
4703-MQYKT,0.021490946672179885,Low Risk,19.6,Low Value,Low Risk / Low Value,Two year,21
4452-ROHMO,0.030288623814964114,Low Risk,19.6,Low Value,Low Risk / Low Value,Two year,15
9424-CMPOG,0.03432502570740826,Low Risk,19.6,Low Value,Low Risk / Low Value,Two year,9
3721-WKIIL,0.023000377431452033,Low Risk,19.6,Low Value,Low Risk / Low Value,Two year,27
3274-NSDWE,0.001964765296813067,Low Risk,19.6,Low Value,Low Risk / Low Value,Two year,68
7602-DBTOU,0.001689728316054421,Low Risk,19.6,Low Value,Low Risk / Low Value,Two year,71
2718-YSKCS,0.002088778506423064,Low Risk,19.6,Low Value,Low Risk / Low Value,Two year,71
4698-KVLLG,0.005628789925738193,Low Risk,19.6,Low Value,Low Risk / Low Value,Two year,51
7977-HXJKU,0.018562347111584644,Low Risk,19.6,Low Value,Low Risk / Low Value,Two year,21
8148-WOCMK,0.034427153772266454,Low Risk,19.6,Low Value,Low Risk / Low Value,Two year,8
0486-LGCCH,0.03092093312654753,Low Risk,19.65,Low Value,Low Risk / Low Value,Two year,11
9646-NMHXE,0.005762522840704301,Low Risk,19.65,Low Value,Low Risk / Low Value,Two year,47
7427-AUFPY,0.0037783657518502232,Low Risk,19.65,Low Value,Low Risk / Low Value,Two year,54
8917-SZTTJ,0.00239943912265113,Low Risk,19.65,Low Value,Low Risk / Low Value,Two year,60
0362-RAOQO,0.008196286993166728,Low Risk,19.65,Low Value,Low Risk / Low Value,Two year,40
1985-MBRYP,0.010392773187659441,Low Risk,19.65,Low Value,Low Risk / Low Value,Two year,43
7850-THJMU,0.014181387426935765,Low Risk,19.65,Low Value,Low Risk / Low Value,Two year,26
3865-ZFZIB,0.02381676890164721,Low Risk,19.65,Low Value,Low Risk / Low Value,Two year,19
8143-ETQTI,0.023988094331764916,Low Risk,19.65,Low Value,Low Risk / Low Value,Two year,23
1945-XISKS,0.0020755581498346797,Low Risk,19.65,Low Value,Low Risk / Low Value,Two year,67
9150-KPBJQ,0.0454712306788459,Low Risk,19.65,Low Value,Low Risk / Low Value,Two year,6
5093-FEGLU,0.006120776487508256,Low Risk,19.65,Low Value,Low Risk / Low Value,Two year,47
2675-IJRGJ,0.004321619049496898,Low Risk,19.65,Low Value,Low Risk / Low Value,Two year,53
1241-FPMOF,0.004402727249900268,Low Risk,19.65,Low Value,Low Risk / Low Value,Two year,52
5495-GPSRW,0.031943831974042665,Low Risk,19.7,Low Value,Low Risk / Low Value,Two year,20
5148-HKFIR,0.023330911020307044,Low Risk,19.7,Low Value,Low Risk / Low Value,Two year,20
5730-DBDSI,0.0022167851680831834,Low Risk,19.7,Low Value,Low Risk / Low Value,Two year,66
0042-RLHYP,0.0017065951570682289,Low Risk,19.7,Low Value,Low Risk / Low Value,Two year,69
0404-AHASP,0.001508382324070234,Low Risk,19.7,Low Value,Low Risk / Low Value,Two year,72
5442-PPTJY,0.029490156489608295,Low Risk,19.7,Low Value,Low Risk / Low Value,Two year,12
3173-WSSUE,0.0014029220134905275,Low Risk,19.7,Low Value,Low Risk / Low Value,Two year,71
9938-PRCVK,0.007171006957843166,Low Risk,19.7,Low Value,Low Risk / Low Value,Two year,41
8173-RXAYP,0.016199256778922422,Low Risk,19.7,Low Value,Low Risk / Low Value,Two year,24
9625-RZFUK,0.0021564340878813468,Low Risk,19.7,Low Value,Low Risk / Low Value,Two year,63
9135-HSWOC,0.0030183472715740235,Low Risk,19.7,Low Value,Low Risk / Low Value,Two year,64
3646-ITDGM,0.0037997417793128674,Low Risk,19.7,Low Value,Low Risk / Low Value,Two year,56
1699-TLDLZ,0.024382081159166395,Low Risk,19.7,Low Value,Low Risk / Low Value,Two year,16
6928-ONTRW,0.001309938620009113,Low Risk,19.7,Low Value,Low Risk / Low Value,Two year,72
1270-XKUCC,0.012017199097266286,Low Risk,19.7,Low Value,Low Risk / Low Value,Two year,30
1089-XZWHH,0.022937163933039354,Low Risk,19.7,Low Value,Low Risk / Low Value,Two year,24
2138-VFAPZ,0.0375874836866758,Low Risk,19.7,Low Value,Low Risk / Low Value,Two year,14
3451-VAWLI,0.009084823306176588,Low Risk,19.7,Low Value,Low Risk / Low Value,Two year,35
5647-URDKA,0.03553814080247018,Low Risk,19.7,Low Value,Low Risk / Low Value,Two year,8
4086-WITJG,0.0013247956455644228,Low Risk,19.7,Low Value,Low Risk / Low Value,Two year,71
2595-KIWPV,0.013180765096485497,Low Risk,19.7,Low Value,Low Risk / Low Value,Two year,27
2984-RGEYA,0.0016942207907197555,Low Risk,19.75,Low Value,Low Risk / Low Value,Two year,69
7157-SMCFK,0.0023176196087173395,Low Risk,19.75,Low Value,Low Risk / Low Value,Two year,61
9227-UAQFT,0.027555492838754084,Low Risk,19.75,Low Value,Low Risk / Low Value,Two year,16
6048-NJXHX,0.01592572209743738,Low Risk,19.75,Low Value,Low Risk / Low Value,Two year,41
4335-UPJSI,0.016454335841665262,Low Risk,19.75,Low Value,Low Risk / Low Value,Two year,24
5804-JMYIO,0.007518054966354603,Low Risk,19.75,Low Value,Low Risk / Low Value,Two year,39
3352-RICWQ,0.03514246552058158,Low Risk,19.75,Low Value,Low Risk / Low Value,Two year,9
9975-GPKZU,0.004898411165683893,Low Risk,19.75,Low Value,Low Risk / Low Value,Two year,46
7729-XBTWX,0.002602631847232107,Low Risk,19.75,Low Value,Low Risk / Low Value,Two year,66
0607-DAAHE,0.0037939107270767514,Low Risk,19.75,Low Value,Low Risk / Low Value,Two year,53
1399-OUPJN,0.003282202296008593,Low Risk,19.75,Low Value,Low Risk / Low Value,Two year,57
5063-IUOKK,0.032429683639964166,Low Risk,19.75,Low Value,Low Risk / Low Value,Two year,13
1709-EJDOX,0.005025840250340857,Low Risk,19.75,Low Value,Low Risk / Low Value,Two year,47
1830-IPXVJ,0.0024197557221252958,Low Risk,19.75,Low Value,Low Risk / Low Value,Two year,61
9548-LERKT,0.01853319784277871,Low Risk,19.75,Low Value,Low Risk / Low Value,Two year,24
5893-KCLGT,0.0020196323945370514,Low Risk,19.75,Low Value,Low Risk / Low Value,Two year,72
3078-ZKNTS,0.04158419925504735,Low Risk,19.75,Low Value,Low Risk / Low Value,Two year,13
7606-BPHHN,0.002155505478018763,Low Risk,19.8,Low Value,Low Risk / Low Value,Two year,72
0505-SPOOW,0.001871145669189027,Low Risk,19.8,Low Value,Low Risk / Low Value,Two year,70
0831-JNISG,0.0014065233040268664,Low Risk,19.8,Low Value,Low Risk / Low Value,Two year,71
7876-DNYAP,0.0015820680669754268,Low Risk,19.8,Low Value,Low Risk / Low Value,Two year,69
2418-TPEUN,0.004283053105337318,Low Risk,19.8,Low Value,Low Risk / Low Value,Two year,56
7696-CFTAT,0.008601212566849172,Low Risk,19.8,Low Value,Low Risk / Low Value,Two year,37
9624-EGDEQ,0.009981977547682236,Low Risk,19.8,Low Value,Low Risk / Low Value,Two year,37
2607-DHDAK,0.0018177788444022893,Low Risk,19.8,Low Value,Low Risk / Low Value,Two year,72
0608-JDVEC,0.007012361384097431,Low Risk,19.8,Low Value,Low Risk / Low Value,Two year,50
3996-ZNWYK,0.0016838074238111486,Low Risk,19.8,Low Value,Low Risk / Low Value,Two year,71
8750-QWZAJ,0.0015994668054121342,Low Risk,19.8,Low Value,Low Risk / Low Value,Two year,70
7167-PCEYD,0.0028352576995489473,Low Risk,19.8,Low Value,Low Risk / Low Value,Two year,67
2805-AUFQN,0.017333490915168854,Low Risk,19.8,Low Value,Low Risk / Low Value,Two year,25
2729-VNVAP,0.009904717577766913,Low Risk,19.8,Low Value,Low Risk / Low Value,Two year,33
9385-EHGDO,0.013168950493754534,Low Risk,19.85,Low Value,Low Risk / Low Value,Two year,35
5726-CVNYA,0.05052396560249731,Low Risk,19.85,Low Value,Low Risk / Low Value,Two year,8
8917-FAEMR,0.009887944029297033,Low Risk,19.85,Low Value,Low Risk / Low Value,Two year,37
8711-LOBKY,0.0026392029885199423,Low Risk,19.85,Low Value,Low Risk / Low Value,Two year,59
1839-FBNFR,0.011430882301891404,Low Risk,19.85,Low Value,Low Risk / Low Value,Two year,39
2429-AYKKO,0.0016510070122839956,Low Risk,19.85,Low Value,Low Risk / Low Value,Two year,72
7114-AEOZE,0.0030795212985445567,Low Risk,19.85,Low Value,Low Risk / Low Value,Two year,60
9371-BITHB,0.0039019879862378184,Low Risk,19.85,Low Value,Low Risk / Low Value,Two year,52
6734-JDTTV,0.0026023944953646977,Low Risk,19.85,Low Value,Low Risk / Low Value,Two year,65
7644-OMVMY,0.05345417959253219,Low Risk,19.85,Low Value,Low Risk / Low Value,Two year,0
6060-QBMGV,0.001694884970241377,Low Risk,19.85,Low Value,Low Risk / Low Value,Two year,70
5171-EPLKN,0.015089518908708166,Low Risk,19.85,Low Value,Low Risk / Low Value,Two year,27
1591-XWLGB,0.0016103387103264819,Low Risk,19.85,Low Value,Low Risk / Low Value,Two year,71
8285-ABVLB,0.0016800007325289577,Low Risk,19.85,Low Value,Low Risk / Low Value,Two year,70
3359-DSRKA,0.003987534547862306,Low Risk,19.85,Low Value,Low Risk / Low Value,Two year,58
5231-FIQPA,0.01112077645277686,Low Risk,19.85,Low Value,Low Risk / Low Value,Two year,41
8314-HTWVE,0.03847337171321052,Low Risk,19.85,Low Value,Low Risk / Low Value,Two year,7
4817-KEQSP,0.0014849392200119603,Low Risk,19.85,Low Value,Low Risk / Low Value,Two year,71
6349-JDHQP,0.004131493047817584,Low Risk,19.85,Low Value,Low Risk / Low Value,Two year,53
5656-JAMLX,0.002785114196186147,Low Risk,19.85,Low Value,Low Risk / Low Value,Two year,62
9916-AYHTC,0.005174258553472078,Low Risk,19.85,Low Value,Low Risk / Low Value,Two year,48
6345-FZOQH,0.0018154414237699485,Low Risk,19.9,Low Value,Low Risk / Low Value,Two year,69
3973-SKMLN,0.0022033608773736335,Low Risk,19.9,Low Value,Low Risk / Low Value,Two year,71
8896-RAZCR,0.005832886491915524,Low Risk,19.9,Low Value,Low Risk / Low Value,Two year,44
7969-FFOWG,0.0019246912037318693,Low Risk,19.9,Low Value,Low Risk / Low Value,Two year,65
0754-EEBDC,0.043560779099343735,Low Risk,19.9,Low Value,Low Risk / Low Value,Two year,4
1657-DYMBM,0.004096538362780142,Low Risk,19.9,Low Value,Low Risk / Low Value,Two year,53
0784-ZQJZX,0.0013389016281356476,Low Risk,19.9,Low Value,Low Risk / Low Value,Two year,72
3642-BYHDO,0.0015120488737616136,Low Risk,19.9,Low Value,Low Risk / Low Value,Two year,71
9537-JALFH,0.0016426398265958113,Low Risk,19.9,Low Value,Low Risk / Low Value,Two year,69
5821-MMEIL,0.003633200950486653,Low Risk,19.9,Low Value,Low Risk / Low Value,Two year,57
1052-QJIBV,0.0013905405157136877,Low Risk,19.9,Low Value,Low Risk / Low Value,Two year,71
4609-KNNWG,0.014009450509905501,Low Risk,19.9,Low Value,Low Risk / Low Value,Two year,27
9588-YRFHY,0.007080636358603068,Low Risk,19.9,Low Value,Low Risk / Low Value,Two year,49
2796-NNUFI,0.007406511274095462,Low Risk,19.95,Low Value,Low Risk / Low Value,Two year,46
1764-VUUMT,0.0017493566689116783,Low Risk,19.95,Low Value,Low Risk / Low Value,Two year,66
5469-NUJUR,0.03320112156731185,Low Risk,19.95,Low Value,Low Risk / Low Value,Two year,19
5014-GSOUQ,0.032119090486792616,Low Risk,19.95,Low Value,Low Risk / Low Value,Two year,13
8232-UTFOZ,0.0017795539567378926,Low Risk,19.95,Low Value,Low Risk / Low Value,Two year,69
5970-GHJAW,0.004890982722006736,Low Risk,19.95,Low Value,Low Risk / Low Value,Two year,46
4277-BWBML,0.001366274921932041,Low Risk,19.95,Low Value,Low Risk / Low Value,Two year,72
2181-TIDSV,0.0024076661881050495,Low Risk,19.95,Low Value,Low Risk / Low Value,Two year,68
5310-NOOVA,0.008551116903844838,Low Risk,19.95,Low Value,Low Risk / Low Value,Two year,46
3678-MNGZX,0.0017498271756987381,Low Risk,19.95,Low Value,Low Risk / Low Value,Two year,68
1574-DYCWE,0.00407527666367949,Low Risk,19.95,Low Value,Low Risk / Low Value,Two year,51
3507-GASNP,0.0024958973527747625,Low Risk,19.95,Low Value,Low Risk / Low Value,Two year,60
1460-UZPRJ,0.002954028230682314,Low Risk,19.95,Low Value,Low Risk / Low Value,Two year,60
0281-CNTZX,0.00365991199064571,Low Risk,19.95,Low Value,Low Risk / Low Value,Two year,63
9418-RUKPH,0.011132959078510475,Low Risk,19.95,Low Value,Low Risk / Low Value,Two year,38
5146-YYFRZ,0.0021204445061231074,Low Risk,19.95,Low Value,Low Risk / Low Value,Two year,67
7277-KAMWT,0.03130993652897621,Low Risk,20.0,Low Value,Low Risk / Low Value,Two year,13
6621-NRZAK,0.0020822411364964572,Low Risk,20.0,Low Value,Low Risk / Low Value,Two year,63
2017-CCBLH,0.042081828839565,Low Risk,20.0,Low Value,Low Risk / Low Value,Two year,8
2208-MPXIO,0.008163441063676004,Low Risk,20.0,Low Value,Low Risk / Low Value,Two year,45
3097-FQTVJ,0.007903902611232578,Low Risk,20.0,Low Value,Low Risk / Low Value,Two year,41
2520-SGTTA,0.05449803905731863,Low Risk,20.0,Low Value,Low Risk / Low Value,Two year,0
9507-HSMMZ,0.004049573658279506,Low Risk,20.0,Low Value,Low Risk / Low Value,Two year,54
0847-HGRML,0.002386140965356379,Low Risk,20.0,Low Value,Low Risk / Low Value,Two year,62
8215-NGSPE,0.00644629216717673,Low Risk,20.0,Low Value,Low Risk / Low Value,Two year,42
9585-KKMFD,0.009501753151325265,Low Risk,20.0,Low Value,Low Risk / Low Value,Two year,41
9251-AWQGT,0.0047069963857961595,Low Risk,20.0,Low Value,Low Risk / Low Value,Two year,48
9800-OUIGR,0.0017985230526005019,Low Risk,20.0,Low Value,Low Risk / Low Value,Two year,66
3454-JFUBC,0.003282428609652882,Low Risk,20.0,Low Value,Low Risk / Low Value,Two year,68
1403-GYAFU,0.0014204942009178494,Low Risk,20.05,Low Value,Low Risk / Low Value,Two year,70
0301-KOBTQ,0.01800224595476298,Low Risk,20.05,Low Value,Low Risk / Low Value,Two year,32
8540-ZQGEA,0.0039375935676483256,Low Risk,20.05,Low Value,Low Risk / Low Value,Two year,54
5848-FHRFC,0.002091006143153466,Low Risk,20.05,Low Value,Low Risk / Low Value,Two year,68
7064-JHXCE,0.0021900017132599208,Low Risk,20.05,Low Value,Low Risk / Low Value,Two year,62
2333-KWEWW,0.024462296726752132,Low Risk,20.05,Low Value,Low Risk / Low Value,Two year,18
8129-GMVGI,0.003106692099354735,Low Risk,20.05,Low Value,Low Risk / Low Value,Two year,56
1167-OYZJF,0.003711099147027931,Low Risk,20.05,Low Value,Low Risk / Low Value,Two year,67
3635-QQRQD,0.0035272219912419692,Low Risk,20.05,Low Value,Low Risk / Low Value,Two year,62
7463-IFMQU,0.0016732755117743105,Low Risk,20.05,Low Value,Low Risk / Low Value,Two year,72
6139-ZZRBQ,0.004241340123793545,Low Risk,20.05,Low Value,Low Risk / Low Value,Two year,64
1223-UNPKS,0.019462991698190817,Low Risk,20.05,Low Value,Low Risk / Low Value,Two year,20
3239-TPHPZ,0.06788243103134568,Low Risk,20.05,Low Value,Low Risk / Low Value,Two year,12
2300-RQGOI,0.009189281309771547,Low Risk,20.05,Low Value,Low Risk / Low Value,Two year,38
6551-VLJMV,0.01069923728363118,Low Risk,20.05,Low Value,Low Risk / Low Value,Two year,34
0442-TDYUO,0.007737348428289815,Low Risk,20.05,Low Value,Low Risk / Low Value,Two year,48
7634-HLQJR,0.004938863124466432,Low Risk,20.05,Low Value,Low Risk / Low Value,Two year,47
6725-TPKJO,0.006566790751571169,Low Risk,20.05,Low Value,Low Risk / Low Value,Two year,44
2068-WWXQZ,0.006277818479439411,Low Risk,20.05,Low Value,Low Risk / Low Value,Two year,46
5845-BZZIB,0.008914746894645732,Low Risk,20.1,Low Value,Low Risk / Low Value,Two year,35
4821-WQOYN,0.0018021375181625752,Low Risk,20.1,Low Value,Low Risk / Low Value,Two year,72
2587-YNLES,0.04000128856499179,Low Risk,20.1,Low Value,Low Risk / Low Value,Two year,6
5296-BFCYD,0.007243528479563256,Low Risk,20.1,Low Value,Low Risk / Low Value,Two year,46
3769-MHZNV,0.010271723735750374,Low Risk,20.1,Low Value,Low Risk / Low Value,Two year,33
0464-WJTKO,0.0014533841339436355,Low Risk,20.1,Low Value,Low Risk / Low Value,Two year,72
9257-AZMTZ,0.0041080077197712325,Low Risk,20.1,Low Value,Low Risk / Low Value,Two year,52
2228-BZDEE,0.0040500346697670804,Low Risk,20.1,Low Value,Low Risk / Low Value,Two year,54
0264-CNITK,0.001507189157997755,Low Risk,20.1,Low Value,Low Risk / Low Value,Two year,71
1328-EUZHC,0.02559877693076869,Low Risk,20.1,Low Value,Low Risk / Low Value,Two year,18
7267-FRMJW,0.015355405096261689,Low Risk,20.1,Low Value,Low Risk / Low Value,Two year,25
0508-SQWPL,0.004342414642235718,Low Risk,20.1,Low Value,Low Risk / Low Value,Two year,57
3170-NMYVV,0.004406216391245706,Low Risk,20.15,Low Value,Low Risk / Low Value,Two year,50
0318-ZOPWS,0.007720910263680277,Low Risk,20.15,Low Value,Low Risk / Low Value,Two year,49
5529-GIBVH,0.0059940001749258206,Low Risk,20.15,Low Value,Low Risk / Low Value,Two year,47
4735-BJKOU,0.00833644937641802,Low Risk,20.15,Low Value,Low Risk / Low Value,Two year,40
8957-THMOA,0.004104393921398558,Low Risk,20.15,Low Value,Low Risk / Low Value,Two year,50
4361-FEBGN,0.005253001020034724,Low Risk,20.15,Low Value,Low Risk / Low Value,Two year,48
1494-EJZDW,0.03311969388009111,Low Risk,20.15,Low Value,Low Risk / Low Value,Two year,10
9068-FHQHD,0.007478664991864334,Low Risk,20.15,Low Value,Low Risk / Low Value,Two year,40
5902-WBLSE,0.0020731747032652166,Low Risk,20.15,Low Value,Low Risk / Low Value,Two year,70
7673-BQGKU,0.0016640567098281155,Low Risk,20.15,Low Value,Low Risk / Low Value,Two year,69
0224-NIJLP,0.03564716756911067,Low Risk,20.15,Low Value,Low Risk / Low Value,Two year,8
8999-EXMNO,0.020954368903889294,Low Risk,20.15,Low Value,Low Risk / Low Value,Two year,19
6000-UKLWI,0.007689343040825356,Low Risk,20.15,Low Value,Low Risk / Low Value,Two year,41
9710-NJERN,0.008884201494726976,Low Risk,20.15,Low Value,Low Risk / Low Value,Two year,39
3774-VBNXY,0.0020666146953970655,Low Risk,20.2,Low Value,Low Risk / Low Value,Two year,64
6980-IMXXE,0.0017006221160498147,Low Risk,20.2,Low Value,Low Risk / Low Value,Two year,69
1955-IBMMB,0.004544775705029943,Low Risk,20.2,Low Value,Low Risk / Low Value,Two year,59
4804-NCPET,0.020471879985646268,Low Risk,20.2,Low Value,Low Risk / Low Value,Two year,19
0902-XKXPN,0.0016442886664499916,Low Risk,20.2,Low Value,Low Risk / Low Value,Two year,69
2384-OVPSA,0.011327819667271333,Low Risk,20.2,Low Value,Low Risk / Low Value,Two year,38
0506-YLVKJ,0.00718991524684637,Low Risk,20.2,Low Value,Low Risk / Low Value,Two year,46
8577-QSOCG,0.011053576862901605,Low Risk,20.2,Low Value,Low Risk / Low Value,Two year,38
0625-AFOHS,0.012469675473695478,Low Risk,20.2,Low Value,Low Risk / Low Value,Two year,29
7033-CLAMM,0.005084223068188363,Low Risk,20.2,Low Value,Low Risk / Low Value,Two year,48
7815-PDTHL,0.014667780127938866,Low Risk,20.2,Low Value,Low Risk / Low Value,Two year,35
7083-MIOPC,0.0016021642903065315,Low Risk,20.25,Low Value,Low Risk / Low Value,Two year,72
3115-CZMZD,0.05327903292629761,Low Risk,20.25,Low Value,Low Risk / Low Value,Two year,0
7596-IIWYC,0.02381592135581715,Low Risk,20.25,Low Value,Low Risk / Low Value,Two year,27
8388-DMKAE,0.042316818359606156,Low Risk,20.25,Low Value,Low Risk / Low Value,Two year,8
9081-WWXKP,0.004716044552619027,Low Risk,20.25,Low Value,Low Risk / Low Value,Two year,47
9504-YAZWB,0.0042400233439625025,Low Risk,20.25,Low Value,Low Risk / Low Value,Two year,53
2642-MAWLJ,0.009226694370856296,Low Risk,20.25,Low Value,Low Risk / Low Value,Two year,36
4825-FUREZ,0.010443676660266271,Low Risk,20.25,Low Value,Low Risk / Low Value,Two year,42
0704-VCUMB,0.0027640037936111895,Low Risk,20.25,Low Value,Low Risk / Low Value,Two year,61
0932-YIXYU,0.005762822849681015,Low Risk,20.25,Low Value,Low Risk / Low Value,Two year,47
3190-ITQXP,0.005470794629042349,Low Risk,20.25,Low Value,Low Risk / Low Value,Two year,46
0794-YVSGE,0.0013907375454903076,Low Risk,20.3,Low Value,Low Risk / Low Value,Two year,72
0962-CQPWQ,0.002455590750072376,Low Risk,20.3,Low Value,Low Risk / Low Value,Two year,62
3457-PQBYH,0.002724863387741929,Low Risk,20.3,Low Value,Low Risk / Low Value,Two year,58
8380-MQINP,0.0032667034376813535,Low Risk,20.3,Low Value,Low Risk / Low Value,Two year,55
0582-AVCLN,0.009156036104227334,Low Risk,20.3,Low Value,Low Risk / Low Value,Two year,38
9950-MTGYX,0.017112252211409974,Low Risk,20.3,Low Value,Low Risk / Low Value,Two year,28
7515-LODFU,0.0021658223182148047,Low Risk,20.3,Low Value,Low Risk / Low Value,Two year,69
5567-GZKQY,0.0030798323506356145,Low Risk,20.3,Low Value,Low Risk / Low Value,Two year,58
0064-SUDOG,0.03113881067131007,Low Risk,20.3,Low Value,Low Risk / Low Value,Two year,12
5242-UOWHD,0.0054257535244007,Low Risk,20.35,Low Value,Low Risk / Low Value,Two year,45
6585-WCEWR,0.0018638414130881195,Low Risk,20.35,Low Value,Low Risk / Low Value,Two year,72
7647-GYYKX,0.005146858794142666,Low Risk,20.35,Low Value,Low Risk / Low Value,Two year,54
5057-RKGLH,0.034611439987595,Low Risk,20.35,Low Value,Low Risk / Low Value,Two year,9
1099-GODLO,0.05131714503692648,Low Risk,20.35,Low Value,Low Risk / Low Value,Two year,1
8859-DZTGQ,0.011719435979554332,Low Risk,20.35,Low Value,Low Risk / Low Value,Two year,33
4957-SREEC,0.001455637171142336,Low Risk,20.35,Low Value,Low Risk / Low Value,Two year,70
2346-CZYIL,0.015242983181874037,Low Risk,20.35,Low Value,Low Risk / Low Value,Two year,27
0374-FIUCA,0.0031349616349208784,Low Risk,20.4,Low Value,Low Risk / Low Value,Two year,65
4625-LAMOB,0.0064336009145118415,Low Risk,20.4,Low Value,Low Risk / Low Value,Two year,44
0040-HALCW,0.003279092231989849,Low Risk,20.4,Low Value,Low Risk / Low Value,Two year,54
6265-FRMTQ,0.013508554166507357,Low Risk,20.4,Low Value,Low Risk / Low Value,Two year,31
3070-FNFZQ,0.018003971359198182,Low Risk,20.4,Low Value,Low Risk / Low Value,Two year,23
1087-GRUYI,0.00939405620391741,Low Risk,20.4,Low Value,Low Risk / Low Value,Two year,38
1790-NESIO,0.045533026823390194,Low Risk,20.4,Low Value,Low Risk / Low Value,Two year,13
1245-HARPS,0.031177296774467424,Low Risk,20.4,Low Value,Low Risk / Low Value,Two year,14
6698-OXETB,0.035533811064664605,Low Risk,20.4,Low Value,Low Risk / Low Value,Two year,11
2030-BTZRO,0.05242820162621406,Low Risk,20.4,Low Value,Low Risk / Low Value,Two year,6
6961-MJKBO,0.005961018122072906,Low Risk,20.45,Low Value,Low Risk / Low Value,Two year,47
1306-RPWXZ,0.0043965635042011115,Low Risk,20.45,Low Value,Low Risk / Low Value,Two year,49
4884-LEVMQ,0.012608125776596178,Low Risk,20.45,Low Value,Low Risk / Low Value,Two year,39
8559-WNQZS,0.05802739229479043,Low Risk,20.45,Low Value,Low Risk / Low Value,Two year,1
3717-FDJFU,0.041334062077129446,Low Risk,20.45,Low Value,Low Risk / Low Value,Two year,5
8701-DGLVH,0.00462707174867264,Low Risk,20.45,Low Value,Low Risk / Low Value,Two year,51
5124-EOGYE,0.012918361972875686,Low Risk,20.45,Low Value,Low Risk / Low Value,Two year,31
7268-WNTCP,0.0023951402170981177,Low Risk,20.45,Low Value,Low Risk / Low Value,Two year,62
7695-PKLCZ,0.0019261600479294134,Low Risk,20.5,Low Value,Low Risk / Low Value,Two year,68
6169-PPETC,0.009630883239375523,Low Risk,20.5,Low Value,Low Risk / Low Value,Two year,35
1927-QEWMY,0.0015602130423114963,Low Risk,20.5,Low Value,Low Risk / Low Value,Two year,72
7321-KKSDU,0.010679291435237328,Low Risk,20.5,Low Value,Low Risk / Low Value,Two year,32
8229-BUJHX,0.001548194172978131,Low Risk,20.5,Low Value,Low Risk / Low Value,Two year,71
0397-ZXWQF,0.0021778498609384377,Low Risk,20.5,Low Value,Low Risk / Low Value,Two year,67
6696-YDAYZ,0.023462731779517416,Low Risk,20.5,Low Value,Low Risk / Low Value,Two year,16
3154-HMWUU,0.004264922313431062,Low Risk,20.5,Low Value,Low Risk / Low Value,Two year,60
2346-LOCWC,0.0027409900272698465,Low Risk,20.5,Low Value,Low Risk / Low Value,Two year,58
2400-FEQME,0.003278337651305346,Low Risk,20.5,Low Value,Low Risk / Low Value,Two year,55
1635-HDGFT,0.020964630587251676,Low Risk,20.5,Low Value,Low Risk / Low Value,Two year,19
3662-FXJFO,0.0055823990198122135,Low Risk,20.5,Low Value,Low Risk / Low Value,Two year,54
5176-LMJXE,0.008117232389679032,Low Risk,20.55,Low Value,Low Risk / Low Value,Two year,47
2804-ETQDK,0.0018380510554845048,Low Risk,20.55,Low Value,Low Risk / Low Value,Two year,66
8434-VGEQQ,0.00233027878603231,Low Risk,20.55,Low Value,Low Risk / Low Value,Two year,61
7717-BICXI,0.002475186634036315,Low Risk,20.55,Low Value,Low Risk / Low Value,Two year,60
6855-VLGOS,0.0019018015390532632,Low Risk,20.55,Low Value,Low Risk / Low Value,Two year,72
1215-EXRMO,0.004915145541538132,Low Risk,20.55,Low Value,Low Risk / Low Value,Two year,50
7493-GVFIO,0.003369551742597515,Low Risk,20.55,Low Value,Low Risk / Low Value,Two year,57
6340-DACFT,0.004188126036483543,Low Risk,20.55,Low Value,Low Risk / Low Value,Two year,50
7205-BAIAD,0.012322489066663113,Low Risk,20.6,Low Value,Low Risk / Low Value,Two year,40
9392-XBGTD,0.013710657904520702,Low Risk,20.6,Low Value,Low Risk / Low Value,Two year,27
2525-GVKQU,0.0028541431451558357,Low Risk,20.6,Low Value,Low Risk / Low Value,Two year,60
8838-GPHZP,0.0035915406369704337,Low Risk,20.6,Low Value,Low Risk / Low Value,Two year,63
8164-OCKUJ,0.002746323091127112,Low Risk,20.6,Low Value,Low Risk / Low Value,Two year,59
1862-QRWPE,0.005091929835276391,Low Risk,20.65,Low Value,Low Risk / Low Value,Two year,48
8402-OOOHJ,0.007878457177870314,Low Risk,20.65,Low Value,Low Risk / Low Value,Two year,41
0936-NQLJU,0.007694236178244353,Low Risk,20.65,Low Value,Low Risk / Low Value,Two year,41
2236-HILPA,0.0021391085218947095,Low Risk,20.65,Low Value,Low Risk / Low Value,Two year,62
0780-XNZFN,0.003528921056619623,Low Risk,20.65,Low Value,Low Risk / Low Value,Two year,57
4807-IZYOZ,0.0049426295734300045,Low Risk,20.65,Low Value,Low Risk / Low Value,Two year,51
2545-LXYVJ,0.0016516787106886162,Low Risk,20.7,Low Value,Low Risk / Low Value,Two year,72
4878-BUNFV,0.006220802552849795,Low Risk,20.7,Low Value,Low Risk / Low Value,Two year,42
5006-MXVRN,0.008361491293549989,Low Risk,20.7,Low Value,Low Risk / Low Value,Two year,39
1293-BSEUN,0.001932571618155086,Low Risk,20.7,Low Value,Low Risk / Low Value,Two year,72
5542-NKVRU,0.01102059367576475,Low Risk,20.75,Low Value,Low Risk / Low Value,Two year,42
6625-FLENO,0.0032016760907203645,Low Risk,20.75,Low Value,Low Risk / Low Value,Two year,58
1395-WSWXR,0.018310565338030788,Low Risk,20.75,Low Value,Low Risk / Low Value,Two year,24
8727-JQFHV,0.0028619181663930232,Low Risk,20.75,Low Value,Low Risk / Low Value,Two year,57
3458-IDMFK,0.024275172300367114,Low Risk,20.75,Low Value,Low Risk / Low Value,Two year,25
4990-ALDGW,0.003334061521499889,Low Risk,20.75,Low Value,Low Risk / Low Value,Two year,57
9084-OAYKL,0.0032340543949561686,Low Risk,20.8,Low Value,Low Risk / Low Value,Two year,58
8544-JNBOX,0.002226015148118317,Low Risk,20.8,Low Value,Low Risk / Low Value,Two year,72
7558-IMLMT,0.0024639803396362516,Low Risk,20.8,Low Value,Low Risk / Low Value,Two year,67
9030-QGZNL,0.041760810854916126,Low Risk,20.85,Low Value,Low Risk / Low Value,Two year,8
6619-RPLQZ,0.005444586059493378,Low Risk,20.85,Low Value,Low Risk / Low Value,Two year,45
8908-SLFCJ,0.029499001769608815,Low Risk,20.85,Low Value,Low Risk / Low Value,Two year,21
1843-TLSGD,0.02810000442717204,Low Risk,20.85,Low Value,Low Risk / Low Value,Two year,13
3978-YNKDD,0.020141466170802366,Low Risk,20.85,Low Value,Low Risk / Low Value,Two year,19
5158-RIVOP,0.02980865138242617,Low Risk,20.9,Low Value,Low Risk / Low Value,Two year,11
6923-AQONU,0.016449727286083855,Low Risk,20.9,Low Value,Low Risk / Low Value,Two year,23
6892-BOGQE,0.0025114280940095593,Low Risk,20.9,Low Value,Low Risk / Low Value,Two year,71
8174-LNWMW,0.012889594539141874,Low Risk,20.9,Low Value,Low Risk / Low Value,Two year,31
9173-IVZVP,0.0037034026879510544,Low Risk,20.9,Low Value,Low Risk / Low Value,Two year,53
6685-XSHHU,0.003719738179841419,Low Risk,20.95,Low Value,Low Risk / Low Value,Two year,60
3212-KXOCR,0.004653903517886891,Low Risk,21.0,Low Value,Low Risk / Low Value,Two year,52
0640-YJTPY,0.0014135558056336574,Low Risk,21.0,Low Value,Low Risk / Low Value,Two year,72
5793-YOLJN,0.003358880387457647,Low Risk,21.0,Low Value,Low Risk / Low Value,Two year,55
5480-XTFFL,0.011441530868291852,Low Risk,21.0,Low Value,Low Risk / Low Value,Two year,31
6828-HMKWP,0.030424209978226632,Low Risk,21.05,Low Value,Low Risk / Low Value,Two year,12
8067-NIOYM,0.021691757482200123,Low Risk,21.1,Low Value,Low Risk / Low Value,Two year,24
9798-OPFEM,0.012152652118008764,Low Risk,21.1,Low Value,Low Risk / Low Value,Two year,46
2569-WGERO,0.0023161659407702527,Low Risk,21.15,Low Value,Low Risk / Low Value,Two year,72
3373-DIUUN,0.011845456403625505,Low Risk,21.25,Low Value,Low Risk / Low Value,Two year,30
2888-ADFAO,0.007463275217328272,Low Risk,21.3,Low Value,Low Risk / Low Value,Two year,47
7945-PRBVF,0.010873424125180213,Low Risk,21.45,Low Value,Low Risk / Low Value,Two year,35
8148-NLEGT,0.012857733143240204,Low Risk,22.95,Low Value,Low Risk / Low Value,Two year,42
1207-BLKSA,0.005432761128365444,Low Risk,23.05,Low Value,Low Risk / Low Value,Two year,52
1970-KKFWL,0.015355475417589278,Low Risk,23.3,Low Value,Low Risk / Low Value,Two year,35
6134-KWTBV,0.0038472664885378376,Low Risk,23.4,Low Value,Low Risk / Low Value,Two year,62
6734-PSBAW,0.0033029111913446246,Low Risk,23.55,Low Value,Low Risk / Low Value,Two year,72
4779-ZGICK,0.0064690082292767565,Low Risk,23.55,Low Value,Low Risk / Low Value,Two year,48
2632-TACXW,0.0038929821383365884,Low Risk,23.65,Low Value,Low Risk / Low Value,Two year,62
8165-ZJRNM,0.0020310554008165413,Low Risk,23.75,Low Value,Low Risk / Low Value,Two year,72
8859-AXJZP,0.013970180728371837,Low Risk,23.8,Low Value,Low Risk / Low Value,Two year,39
7161-DFHUF,0.00236415262273678,Low Risk,23.85,Low Value,Low Risk / Low Value,Two year,71
3389-KTRXV,0.02331065850717069,Low Risk,23.85,Low Value,Low Risk / Low Value,Two year,23
1555-HAPSU,0.0019600326829756934,Low Risk,23.9,Low Value,Low Risk / Low Value,Two year,71
0562-HKHML,0.0018945822624911602,Low Risk,23.9,Low Value,Low Risk / Low Value,Two year,71
1131-QQZEB,0.003093488731471781,Low Risk,23.95,Low Value,Low Risk / Low Value,Two year,71
4656-CAURT,0.0027726117613254687,Low Risk,23.95,Low Value,Low Risk / Low Value,Two year,69
5220-AGAAX,0.003487238631681591,Low Risk,24.0,Low Value,Low Risk / Low Value,Two year,68
7601-DHFWZ,0.00743289888677806,Low Risk,24.0,Low Value,Low Risk / Low Value,Two year,48
3549-ZTMNH,0.05540780893182811,Low Risk,24.0,Low Value,Low Risk / Low Value,Two year,12
7503-EPSZW,0.004124391270520734,Low Risk,24.05,Low Value,Low Risk / Low Value,Two year,64
6963-KQYQB,0.00220669951035842,Low Risk,24.05,Low Value,Low Risk / Low Value,Two year,70
3120-FAZKD,0.006849702125311709,Low Risk,24.05,Low Value,Low Risk / Low Value,Two year,54
1820-DJFPH,0.0028689447349909943,Low Risk,24.05,Low Value,Low Risk / Low Value,Two year,72
9178-JHUVJ,0.031186184988742656,Low Risk,24.1,Low Value,Low Risk / Low Value,Two year,24
4018-PPNDW,0.004886848308183451,Low Risk,24.1,Low Value,Low Risk / Low Value,Two year,61
7010-BRBUU,0.0018413014310358555,Low Risk,24.1,Low Value,Low Risk / Low Value,Two year,72
8450-LUGUK,0.016585700396847612,Low Risk,24.1,Low Value,Low Risk / Low Value,Two year,37
2560-WBWXF,0.0038612516102390845,Low Risk,24.15,Low Value,Low Risk / Low Value,Two year,68
4979-HPRFL,0.0045655088085362165,Low Risk,24.15,Low Value,Low Risk / Low Value,Two year,56
0626-QXNGV,0.003118852192374982,Low Risk,24.15,Low Value,Low Risk / Low Value,Two year,72
3580-GICBM,0.004725936945659141,Low Risk,24.2,Low Value,Low Risk / Low Value,Two year,61
3460-TJBWI,0.021316524552344274,Low Risk,24.2,Low Value,Low Risk / Low Value,Two year,24
1705-GUHPV,0.0036794774139092957,Low Risk,24.2,Low Value,Low Risk / Low Value,Two year,63
8028-PNXHQ,0.0045667699242616135,Low Risk,24.25,Low Value,Low Risk / Low Value,Two year,62
7014-ZZXAW,0.0032557671671302212,Low Risk,24.25,Low Value,Low Risk / Low Value,Two year,71
0971-QIFJK,0.002754623976011591,Low Risk,24.25,Low Value,Low Risk / Low Value,Two year,69
2208-NKVVH,0.008282234744714474,Low Risk,24.25,Low Value,Low Risk / Low Value,Two year,43
4589-IUAJB,0.002605150163541544,Low Risk,24.25,Low Value,Low Risk / Low Value,Two year,70
0480-KYJVA,0.001907501152509471,Low Risk,24.25,Low Value,Low Risk / Low Value,Two year,72
7684-XSZIY,0.0019461833207605852,Low Risk,24.3,Low Value,Low Risk / Low Value,Two year,72
8735-SDUFN,0.002990490380492006,Low Risk,24.3,Low Value,Low Risk / Low Value,Two year,72
2511-ALLCS,0.013068209514711836,Low Risk,24.3,Low Value,Low Risk / Low Value,Two year,35
8361-LBRDI,0.004469293999379139,Low Risk,24.35,Low Value,Low Risk / Low Value,Two year,58
9365-CSLBQ,0.0019659537537401158,Low Risk,24.35,Low Value,Low Risk / Low Value,Two year,71
4785-FCIFB,0.0038640127136950466,Low Risk,24.4,Low Value,Low Risk / Low Value,Two year,61
9964-WBQDJ,0.0032404062296483875,Low Risk,24.4,Low Value,Low Risk / Low Value,Two year,71
7608-RGIRO,0.004318044149993419,Low Risk,24.4,Low Value,Low Risk / Low Value,Two year,62
1468-DEFNC,0.005221879077544131,Low Risk,24.4,Low Value,Low Risk / Low Value,Two year,64
4652-ODEVH,0.0073828312953240745,Low Risk,24.45,Low Value,Low Risk / Low Value,Two year,45
5356-KZCKT,0.0062968204983108,Low Risk,24.45,Low Value,Low Risk / Low Value,Two year,58
4195-PNGZS,0.0023608160427591052,Low Risk,24.45,Low Value,Low Risk / Low Value,Two year,69
3612-YVGSJ,0.0031955158938985727,Low Risk,24.45,Low Value,Low Risk / Low Value,Two year,71
5075-JSDKI,0.006366900208958886,Low Risk,24.45,Low Value,Low Risk / Low Value,Two year,59
9593-CVZKR,0.006164452964793158,Low Risk,24.45,Low Value,Low Risk / Low Value,Two year,56
5846-ABOBJ,0.0024558312181147553,Low Risk,24.45,Low Value,Low Risk / Low Value,Two year,71
0402-OAMEN,0.002025849767917243,Low Risk,24.45,Low Value,Low Risk / Low Value,Two year,72
9668-PUGNU,0.004813128118265852,Low Risk,24.5,Low Value,Low Risk / Low Value,Two year,71
3812-LRZIR,0.027255868320069206,Low Risk,24.5,Low Value,Low Risk / Low Value,Two year,27
7951-QKZPL,0.01893513520044363,Low Risk,24.5,Low Value,Low Risk / Low Value,Two year,33
5406-KGRMX,0.003409095291115267,Low Risk,24.55,Low Value,Low Risk / Low Value,Two year,71
5968-HYJRZ,0.006714242224116433,Low Risk,24.55,Low Value,Low Risk / Low Value,Two year,47
6484-LATFU,0.0027121237817918577,Low Risk,24.55,Low Value,Low Risk / Low Value,Two year,68
5296-PSYVW,0.0032389956799174593,Low Risk,24.55,Low Value,Low Risk / Low Value,Two year,72
2207-RYYRL,0.005300501725934858,Low Risk,24.55,Low Value,Low Risk / Low Value,Two year,52
9397-TZSHA,0.0025480808501439083,Low Risk,24.6,Low Value,Low Risk / Low Value,Two year,69
4526-EXKKN,0.015485966790661752,Low Risk,24.6,Low Value,Low Risk / Low Value,Two year,40
3785-KTYSH,0.005740428984750281,Low Risk,24.6,Low Value,Low Risk / Low Value,Two year,53
8292-ITGYJ,0.011307406548130243,Low Risk,24.65,Low Value,Low Risk / Low Value,Two year,45
7115-IRDHS,0.002435417229347854,Low Risk,24.65,Low Value,Low Risk / Low Value,Two year,72
8780-IHCRN,0.002923055879453282,Low Risk,24.65,Low Value,Low Risk / Low Value,Two year,63
4565-NLZBV,0.0035008753171334645,Low Risk,24.65,Low Value,Low Risk / Low Value,Two year,71
5699-BNCAS,0.004103362704613241,Low Risk,24.65,Low Value,Low Risk / Low Value,Two year,71
6857-TKDJV,0.0025645195719564756,Low Risk,24.65,Low Value,Low Risk / Low Value,Two year,67
9648-BCHKM,0.039297719342075904,Low Risk,24.65,Low Value,Low Risk / Low Value,Two year,18
6813-GZQCG,0.010483247166403361,Low Risk,24.65,Low Value,Low Risk / Low Value,Two year,45
9661-JALZV,0.0064255843749662115,Low Risk,24.7,Low Value,Low Risk / Low Value,Two year,58
1299-AURJA,0.002248640771378966,Low Risk,24.7,Low Value,Low Risk / Low Value,Two year,70
3896-ZVNET,0.02138775355647822,Low Risk,24.7,Low Value,Low Risk / Low Value,Two year,24
7711-GQBZC,0.0022034464104913835,Low Risk,24.7,Low Value,Low Risk / Low Value,Two year,71
4443-EMBNA,0.002581091123651814,Low Risk,24.75,Low Value,Low Risk / Low Value,Two year,71
6181-AXXYF,0.0018910301136394875,Low Risk,24.75,Low Value,Low Risk / Low Value,Two year,72
4193-IBKSW,0.0020064745283751378,Low Risk,24.75,Low Value,Low Risk / Low Value,Two year,72
8515-OCTJS,0.02356177768622421,Low Risk,24.75,Low Value,Low Risk / Low Value,Two year,25
8092-NLTGF,0.0023464998163859477,Low Risk,24.75,Low Value,Low Risk / Low Value,Two year,72
0485-ZBSLN,0.0027123320824749323,Low Risk,24.75,Low Value,Low Risk / Low Value,Two year,65
6080-LNESI,0.006339286936741313,Low Risk,24.75,Low Value,Low Risk / Low Value,Two year,51
1248-DYXUB,0.0051202482743979445,Low Risk,24.8,Low Value,Low Risk / Low Value,Two year,52
5249-QYHEX,0.013763702956036126,Low Risk,24.8,Low Value,Low Risk / Low Value,Two year,40
1852-QSWCD,0.003929643018507443,Low Risk,24.8,Low Value,Low Risk / Low Value,Two year,64
8749-TZYEC,0.0022078508971707335,Low Risk,24.8,Low Value,Low Risk / Low Value,Two year,72
8626-XHBIE,0.00607864786449516,Low Risk,24.8,Low Value,Low Risk / Low Value,Two year,56
3768-VHXQO,0.0026977337993484493,Low Risk,24.85,Low Value,Low Risk / Low Value,Two year,67
8237-ULIXL,0.002255300335972638,Low Risk,24.85,Low Value,Low Risk / Low Value,Two year,72
3836-FZSDJ,0.003183252486406055,Low Risk,24.85,Low Value,Low Risk / Low Value,Two year,71
6292-TOSSS,0.0069792918688293725,Low Risk,24.9,Low Value,Low Risk / Low Value,Two year,50
7980-MHFLQ,0.001994571757427823,Low Risk,24.9,Low Value,Low Risk / Low Value,Two year,72
3967-VQOGC,0.003548054006987238,Low Risk,24.9,Low Value,Low Risk / Low Value,Two year,67
2995-YWTCD,0.04018432066958812,Low Risk,24.9,Low Value,Low Risk / Low Value,Two year,19
3957-SQXML,0.012846734779618917,Low Risk,24.95,Low Value,Low Risk / Low Value,Two year,34
2908-WGAXL,0.006065641404584023,Low Risk,24.95,Low Value,Low Risk / Low Value,Two year,56
3148-AOIQT,0.003595953816967568,Low Risk,24.95,Low Value,Low Risk / Low Value,Two year,69
2263-SFSQZ,0.007585243935942638,Low Risk,24.95,Low Value,Low Risk / Low Value,Two year,51
1619-YWUBB,0.0036929852400797514,Low Risk,24.95,Low Value,Low Risk / Low Value,Two year,68
5549-ZGHFB,0.00578603116474021,Low Risk,24.95,Low Value,Low Risk / Low Value,Two year,50
6407-GSJNL,0.006924802031152775,Low Risk,24.95,Low Value,Low Risk / Low Value,Two year,51
9087-EYCPR,0.004172625203592486,Low Risk,25.0,Low Value,Low Risk / Low Value,Two year,60
4836-WNFNO,0.002234503088495841,Low Risk,25.0,Low Value,Low Risk / Low Value,Two year,72
5605-XNWEN,0.004092964075195759,Low Risk,25.0,Low Value,Low Risk / Low Value,Two year,72
6614-YWYSC,0.0050120300803292725,Low Risk,25.0,Low Value,Low Risk / Low Value,Two year,61
7996-BPXHY,0.0537284148530894,Low Risk,25.0,Low Value,Low Risk / Low Value,Two year,13
9153-BTBVV,0.002506618571070064,Low Risk,25.0,Low Value,Low Risk / Low Value,Two year,71
3027-YNWZU,0.0032743289887499703,Low Risk,25.0,Low Value,Low Risk / Low Value,Two year,64
8219-VYBVI,0.010095711333831954,Low Risk,25.0,Low Value,Low Risk / Low Value,Two year,39
1734-ZMNTZ,0.040778051812014104,Low Risk,25.0,Low Value,Low Risk / Low Value,Two year,11
8224-KDLKN,0.0019799082823294054,Low Risk,25.0,Low Value,Low Risk / Low Value,Two year,72
2481-SBOYW,0.0045997671168017664,Low Risk,25.0,Low Value,Low Risk / Low Value,Two year,61
4458-KVRBJ,0.004327482932821422,Low Risk,25.0,Low Value,Low Risk / Low Value,Two year,59
0732-OCQOC,0.00782319779980511,Low Risk,25.05,Low Value,Low Risk / Low Value,Two year,52
9650-VBUOG,0.01018467098785044,Low Risk,25.05,Low Value,Low Risk / Low Value,Two year,38
8007-YYPWD,0.04062988599766838,Low Risk,25.05,Low Value,Low Risk / Low Value,Two year,15
2696-RZVZW,0.002573197838584906,Low Risk,25.05,Low Value,Low Risk / Low Value,Two year,68
1987-AUELQ,0.00238271963289988,Low Risk,25.05,Low Value,Low Risk / Low Value,Two year,71
1767-CJKBA,0.0030529106038035022,Low Risk,25.1,Low Value,Low Risk / Low Value,Two year,66
2808-CHTDM,0.022750656203537115,Low Risk,25.1,Low Value,Low Risk / Low Value,Two year,23
8966-KZXXA,0.011298502330413261,Low Risk,25.1,Low Value,Low Risk / Low Value,Two year,36
5334-AFQJB,0.0037467526645122767,Low Risk,25.1,Low Value,Low Risk / Low Value,Two year,72
4176-RELJR,0.0034306969058921356,Low Risk,25.1,Low Value,Low Risk / Low Value,Two year,67
6609-MXJHJ,0.022549874943555755,Low Risk,25.1,Low Value,Low Risk / Low Value,Two year,30
9430-NKQLY,0.0025916513072212744,Low Risk,25.1,Low Value,Low Risk / Low Value,Two year,72
5884-FBCTL,0.00209577822737751,Low Risk,25.1,Low Value,Low Risk / Low Value,Two year,72
6925-BAYGL,0.006955011103145537,Low Risk,25.1,Low Value,Low Risk / Low Value,Two year,53
5666-MBJPT,0.004834773879250972,Low Risk,25.1,Low Value,Low Risk / Low Value,Two year,65
0057-QBUQH,0.016755049583289293,Low Risk,25.1,Low Value,Low Risk / Low Value,Two year,43
1092-WPIVQ,0.028580751760964137,Low Risk,25.1,Low Value,Low Risk / Low Value,Two year,18
7996-MHXLW,0.004228836262894418,Low Risk,25.15,Low Value,Low Risk / Low Value,Two year,66
7527-QNRUS,0.04091545683906128,Low Risk,25.15,Low Value,Low Risk / Low Value,Two year,17
1043-YCUTE,0.0065849851489737385,Low Risk,25.15,Low Value,Low Risk / Low Value,Two year,56
0394-YONDK,0.002065300830472967,Low Risk,25.15,Low Value,Low Risk / Low Value,Two year,70
6010-DDPPW,0.0027392106826794674,Low Risk,25.15,Low Value,Low Risk / Low Value,Two year,70
1535-VTJOQ,0.02377912949337384,Low Risk,25.15,Low Value,Low Risk / Low Value,Two year,24
4534-WGCIR,0.0038807117964514723,Low Risk,25.15,Low Value,Low Risk / Low Value,Two year,58
6024-RUGGH,0.0028267588763378035,Low Risk,25.2,Low Value,Low Risk / Low Value,Two year,72
2706-QZIHY,0.03860855736307906,Low Risk,25.2,Low Value,Low Risk / Low Value,Two year,15
8874-EJNSR,0.009983980127415382,Low Risk,25.2,Low Value,Low Risk / Low Value,Two year,39
6976-BWGLQ,0.002048532690300686,Low Risk,25.2,Low Value,Low Risk / Low Value,Two year,72
8098-TDCBU,0.014787285326690472,Low Risk,25.25,Low Value,Low Risk / Low Value,Two year,42
4883-KCPZJ,0.022873675426340195,Low Risk,25.25,Low Value,Low Risk / Low Value,Two year,22
6518-KZXCB,0.026943495388649534,Low Risk,25.25,Low Value,Low Risk / Low Value,Two year,22
5197-YPYBZ,0.03694309654462162,Low Risk,25.25,Low Value,Low Risk / Low Value,Two year,12
6770-UAYGJ,0.006146380381820327,Low Risk,25.25,Low Value,Low Risk / Low Value,Two year,49
2143-LJULT,0.004033086564187942,Low Risk,25.25,Low Value,Low Risk / Low Value,Two year,67
1926-QUZNN,0.003403448082786063,Low Risk,25.25,Low Value,Low Risk / Low Value,Two year,72
9953-ZMKSM,0.003473189827705435,Low Risk,25.25,Low Value,Low Risk / Low Value,Two year,63
2072-ZVJJX,0.002879443619500615,Low Risk,25.25,Low Value,Low Risk / Low Value,Two year,68
8946-BFWSG,0.002989816853811657,Low Risk,25.25,Low Value,Low Risk / Low Value,Two year,63
3472-QPRCH,0.009169332904596627,Low Risk,25.25,Low Value,Low Risk / Low Value,Two year,40
9337-SRRNI,0.0035355166174668097,Low Risk,25.3,Low Value,Low Risk / Low Value,Two year,66
9350-ZXYJC,0.08709079672736951,Low Risk,25.3,Low Value,Low Risk / Low Value,Two year,4
7008-LZVOZ,0.0035233929291347403,Low Risk,25.3,Low Value,Low Risk / Low Value,Two year,66
8606-OEGQZ,0.027884120146716616,Low Risk,25.3,Low Value,Low Risk / Low Value,Two year,18
2799-TSLAG,0.004257101939740526,Low Risk,25.3,Low Value,Low Risk / Low Value,Two year,65
6370-ZVHDV,0.004183033293839421,Low Risk,25.3,Low Value,Low Risk / Low Value,Two year,61
5995-LFTLE,0.006137279007931047,Low Risk,25.3,Low Value,Low Risk / Low Value,Two year,58
0174-QRVVY,0.001976831146812519,Low Risk,25.35,Low Value,Low Risk / Low Value,Two year,71
3213-VVOLG,0.06702639289339071,Low Risk,25.35,Low Value,Low Risk / Low Value,Two year,0
3810-PJUHR,0.0020800522041924878,Low Risk,25.35,Low Value,Low Risk / Low Value,Two year,70
9574-BOSMD,0.0023908954790975052,Low Risk,25.4,Low Value,Low Risk / Low Value,Two year,68
4312-KFRXN,0.002151205725677189,Low Risk,25.4,Low Value,Low Risk / Low Value,Two year,72
3283-WCWXT,0.050086393759847865,Low Risk,25.4,Low Value,Low Risk / Low Value,Two year,6
8612-GXIDD,0.05488367106292054,Low Risk,25.4,Low Value,Low Risk / Low Value,Two year,12
5622-UEJFI,0.017155811055986337,Low Risk,25.4,Low Value,Low Risk / Low Value,Two year,35
5854-KSRBJ,0.0021204834191543755,Low Risk,25.4,Low Value,Low Risk / Low Value,Two year,70
8774-GSBUN,0.0022075687800828876,Low Risk,25.4,Low Value,Low Risk / Low Value,Two year,72
0795-XCCTE,0.002905865907741623,Low Risk,25.4,Low Value,Low Risk / Low Value,Two year,72
3261-CQXOL,0.002178241389533979,Low Risk,25.45,Low Value,Low Risk / Low Value,Two year,71
5598-IKHQQ,0.0022362314305386967,Low Risk,25.45,Low Value,Low Risk / Low Value,Two year,72
0603-TPMIB,0.003794570008880229,Low Risk,25.45,Low Value,Low Risk / Low Value,Two year,59
1241-EZFMJ,0.004058903918215754,Low Risk,25.45,Low Value,Low Risk / Low Value,Two year,61
1635-NZATJ,0.0027972184143235292,Low Risk,25.45,Low Value,Low Risk / Low Value,Two year,71
4896-CPRPF,0.012493494172005994,Low Risk,25.45,Low Value,Low Risk / Low Value,Two year,35
5044-XDPYX,0.00647627302855347,Low Risk,25.5,Low Value,Low Risk / Low Value,Two year,51
3696-DFHHB,0.003026341498224102,Low Risk,25.5,Low Value,Low Risk / Low Value,Two year,68
3284-SVCRO,0.008711999979394048,Low Risk,25.5,Low Value,Low Risk / Low Value,Two year,45
0071-NDAFP,0.01921798302030533,Low Risk,25.5,Low Value,Low Risk / Low Value,Two year,25
3088-FVYWK,0.004770938432712793,Low Risk,25.55,Low Value,Low Risk / Low Value,Two year,53
3913-RDSJZ,0.0034866643446368603,Low Risk,25.55,Low Value,Low Risk / Low Value,Two year,64
6285-FTQBF,0.0018711080576160792,Low Risk,25.55,Low Value,Low Risk / Low Value,Two year,72
5743-KHMNA,0.002543634480734262,Low Risk,25.55,Low Value,Low Risk / Low Value,Two year,71
1982-FEBTD,0.02964785224307828,Low Risk,25.6,Low Value,Low Risk / Low Value,Two year,23
3129-AAQOU,0.02725651436737171,Low Risk,25.6,Low Value,Low Risk / Low Value,Two year,19
3873-WOSBC,0.0028305374800602114,Low Risk,25.6,Low Value,Low Risk / Low Value,Two year,67
0463-TXOAK,0.0050621216007975724,Low Risk,25.6,Low Value,Low Risk / Low Value,Two year,52
2169-RRLFW,0.002371578986521808,Low Risk,25.6,Low Value,Low Risk / Low Value,Two year,71
5115-SQAAU,0.0032893631055190293,Low Risk,25.6,Low Value,Low Risk / Low Value,Two year,69
8441-SHIPE,0.004458566014896558,Low Risk,25.6,Low Value,Low Risk / Low Value,Two year,67
4231-LZUYM,0.002436944547816596,Low Risk,25.65,Low Value,Low Risk / Low Value,Two year,72
1080-BWSYE,0.004112895837621404,Low Risk,25.65,Low Value,Low Risk / Low Value,Two year,64
8807-OPMBM,0.006199460726199939,Low Risk,25.65,Low Value,Low Risk / Low Value,Two year,55
7799-LGRDP,0.013525822521725399,Low Risk,25.7,Low Value,Low Risk / Low Value,Two year,43
7554-NEWDD,0.05013743092633463,Low Risk,25.7,Low Value,Low Risk / Low Value,Two year,10
4213-HKBJO,0.015332878592549217,Low Risk,25.7,Low Value,Low Risk / Low Value,Two year,33
1073-XXCZD,0.005549569675725156,Low Risk,25.7,Low Value,Low Risk / Low Value,Two year,55
2452-MRMZF,0.003955063068011524,Low Risk,25.7,Low Value,Low Risk / Low Value,Two year,72
4367-NUYAO,0.06662242411727572,Low Risk,25.75,Low Value,Low Risk / Low Value,Two year,0
8532-UEFWH,0.0052202077853972,Low Risk,25.75,Low Value,Low Risk / Low Value,Two year,52
7225-IILWY,0.00229909366518188,Low Risk,25.75,Low Value,Low Risk / Low Value,Two year,68
5322-ZSMZY,0.014585447849604168,Low Risk,25.75,Low Value,Low Risk / Low Value,Two year,31
2097-YVPKN,0.0031587678807795277,Low Risk,25.75,Low Value,Low Risk / Low Value,Two year,65
2509-TFPJU,0.002167018506603666,Low Risk,25.75,Low Value,Low Risk / Low Value,Two year,72
4335-BSMJS,0.005081921467457218,Low Risk,25.8,Low Value,Low Risk / Low Value,Two year,62
3118-UHVVQ,0.0028300046693550147,Low Risk,25.8,Low Value,Low Risk / Low Value,Two year,68
9717-IOAAF,0.025056531391127162,Low Risk,25.85,Low Value,Low Risk / Low Value,Two year,27
4707-MAXGU,0.002168653720025977,Low Risk,25.85,Low Value,Low Risk / Low Value,Two year,72
4521-WFJAI,0.007354175134069512,Low Risk,25.95,Low Value,Low Risk / Low Value,Two year,56
2961-VNFKL,0.0032321294866133866,Low Risk,25.95,Low Value,Low Risk / Low Value,Two year,71
6485-QXWWE,0.0034526163367733136,Low Risk,26.0,Low Value,Low Risk / Low Value,Two year,62
2050-ONYDQ,0.0026697564341456466,Low Risk,26.0,Low Value,Low Risk / Low Value,Two year,65
8207-VVMYB,0.003964398178187498,Low Risk,26.0,Low Value,Low Risk / Low Value,Two year,70
6917-FIJHC,0.0031261052136885336,Low Risk,26.0,Low Value,Low Risk / Low Value,Two year,72
7480-SPLEF,0.0033142402642265777,Low Risk,26.0,Low Value,Low Risk / Low Value,Two year,69
9108-EQPNQ,0.04016079945125743,Low Risk,26.1,Low Value,Low Risk / Low Value,Two year,10
3521-HTQTV,0.016033083764488646,Low Risk,26.1,Low Value,Low Risk / Low Value,Two year,34
9838-BFCQT,0.0019069762752318721,Low Risk,26.1,Low Value,Low Risk / Low Value,Two year,72
6199-IPCAO,0.016314727023806635,Low Risk,26.1,Low Value,Low Risk / Low Value,Two year,29
1240-HCBOH,0.004155033527428422,Low Risk,26.1,Low Value,Low Risk / Low Value,Two year,67
4950-HKQTE,0.027425422518197837,Low Risk,26.25,Low Value,Low Risk / Low Value,Two year,22
4625-XMOYM,0.0030083047126091057,Low Risk,26.25,Low Value,Low Risk / Low Value,Two year,72
5939-SXWHM,0.00666138163379463,Low Risk,26.3,Low Value,Low Risk / Low Value,Two year,48
6651-RLGGM,0.002415683405431323,Low Risk,26.3,Low Value,Low Risk / Low Value,Two year,67
0323-XWWTN,0.07943365323212784,Low Risk,26.4,Low Value,Low Risk / Low Value,Two year,3
8234-GSZYK,0.009910683454511819,Low Risk,26.45,Low Value,Low Risk / Low Value,Two year,43
7096-ZNBZI,0.0022249722787289227,Low Risk,26.45,Low Value,Low Risk / Low Value,Two year,72
5982-XMDEX,0.00341064845918275,Low Risk,26.5,Low Value,Low Risk / Low Value,Two year,65
0621-JFHOL,0.13924169849738743,Low Risk,29.6,Low Value,Low Risk / Low Value,Two year,10
9560-BBZXK,0.031788620287012605,Low Risk,31.05,Low Value,Low Risk / Low Value,Two year,36
7340-KEFQE,0.010070959763494335,Low Risk,34.2,Low Value,Low Risk / Low Value,Two year,51
3298-QEICA,0.03489565144292662,Low Risk,34.6,Low Value,Low Risk / Low Value,Two year,23
0191-EQUUH,0.0330117601015101,Low Risk,35.05,Low Value,Low Risk / Low Value,Two year,25
9236-NDUCW,0.04432258464151759,Low Risk,35.1,Low Value,Low Risk / Low Value,Two year,21
0458-HEUZG,0.08653741372993203,Low Risk,35.4,Low Value,Low Risk / Low Value,Two year,13
8069-RHUXK,0.004520296308212164,Low Risk,35.7,Low Value,Low Risk / Low Value,Two year,67
6122-EFVKN,0.03194358761736571,Low Risk,35.75,Low Value,Low Risk / Low Value,Two year,24
8727-XDPUD,0.05086551758944544,Low Risk,35.8,Low Value,Low Risk / Low Value,Two year,37
3884-UEBXB,0.00578918968947983,Low Risk,36.15,Low Value,Low Risk / Low Value,Two year,67
4940-KHCWD,0.007005959975829538,Low Risk,37.7,Low Value,Low Risk / Low Value,Two year,60
6119-SPUDB,0.013863124543107034,Low Risk,38.25,Low Value,Low Risk / Low Value,Two year,46
3511-BFTJW,0.004263225519402514,Low Risk,38.5,Low Value,Low Risk / Low Value,Two year,72
7492-TAFJD,0.08249128257797843,Low Risk,38.55,Low Value,Low Risk / Low Value,Two year,7
8046-DNVTL,0.007889148323422933,Low Risk,38.6,Low Value,Low Risk / Low Value,Two year,62
3635-JBPSG,0.16800299516529585,Low Risk,38.8,Low Value,Low Risk / Low Value,Two year,15
5472-CVMDX,0.005299393174046473,Low Risk,38.9,Low Value,Low Risk / Low Value,Two year,68
0979-MOZQI,0.018209030754794214,Low Risk,39.0,Low Value,Low Risk / Low Value,Two year,62
7963-SHNDT,0.009406517929196839,Low Risk,39.1,Low Value,Low Risk / Low Value,Two year,52
8882-TLVRW,0.004255831242347866,Low Risk,39.1,Low Value,Low Risk / Low Value,Two year,69
8242-PDSGJ,0.006185965078235654,Low Risk,39.15,Low Value,Low Risk / Low Value,Two year,70
2162-FRZAA,0.007073899532300107,Low Risk,39.35,Low Value,Low Risk / Low Value,Two year,63
0056-EPFBG,0.05191384515762293,Low Risk,39.4,Low Value,Low Risk / Low Value,Two year,20
1116-FRYVH,0.010090209074832076,Low Risk,39.4,Low Value,Low Risk / Low Value,Two year,48
0343-QLUZP,0.00957801226739296,Low Risk,39.6,Low Value,Low Risk / Low Value,Two year,60
3933-DQPWX,0.014116828986824629,Low Risk,39.7,Low Value,Low Risk / Low Value,Two year,50
9796-MVYXX,0.07452702349786525,Low Risk,39.7,Low Value,Low Risk / Low Value,Two year,14
2996-XAUVF,0.01253368530151656,Low Risk,40.05,Low Value,Low Risk / Low Value,Two year,70
2335-GSODA,0.032724409720819046,Low Risk,40.1,Low Value,Low Risk / Low Value,Two year,23
9674-EHPPG,0.013258647677150825,Low Risk,40.4,Low Value,Low Risk / Low Value,Two year,46
7758-UJWYS,0.07301457432736258,Low Risk,40.55,Low Value,Low Risk / Low Value,Two year,34
3891-NLXJB,0.024798974255419753,Low Risk,40.55,Low Value,Low Risk / Low Value,Two year,37
7816-VGHTO,0.08683289786448146,Low Risk,40.55,Low Value,Low Risk / Low Value,Two year,6
7321-ZNSLA,0.046473119058862075,Low Risk,40.55,Low Value,Low Risk / Low Value,Two year,13
7665-NKLAV,0.0188356505412321,Low Risk,40.65,Low Value,Low Risk / Low Value,Two year,36
4837-PZTIC,0.013077767737126985,Low Risk,41.9,Low Value,Low Risk / Low Value,Two year,47
3908-MKIMJ,0.01607259528074244,Low Risk,41.95,Low Value,Low Risk / Low Value,Two year,68
0526-SXDJP,0.005403717680229794,Low Risk,42.1,Low Value,Low Risk / Low Value,Two year,72
3249-VHRIP,0.02288678171008422,Low Risk,43.6,Low Value,Low Risk / Low Value,Two year,62
7274-CGTOD,0.008868117891563037,Low Risk,43.7,Low Value,Low Risk / Low Value,Two year,62
9610-WCESF,0.011184114547130485,Low Risk,43.9,Low Value,Low Risk / Low Value,Two year,67
0567-XRHCU,0.011140773895471731,Low Risk,43.95,Low Value,Low Risk / Low Value,Two year,69
0895-UADGO,0.11228932156677651,Low Risk,44.55,Low Value,Low Risk / Low Value,Two year,8
0562-KBDVM,0.006440172803053287,Low Risk,44.6,Low Value,Low Risk / Low Value,Two year,70
0019-GFNTW,0.008762360135892417,Low Risk,45.05,Low Value,Low Risk / Low Value,Two year,56
0017-DINOC,0.012899901900199217,Low Risk,45.2,Low Value,Low Risk / Low Value,Two year,54
9286-BHDQG,0.003184104083717307,Low Risk,45.25,Low Value,Low Risk / Low Value,Two year,72
6723-CEGQI,0.009036794073383892,Low Risk,45.25,Low Value,Low Risk / Low Value,Two year,65
2580-ASVVY,0.03900538565337553,Low Risk,45.4,Low Value,Low Risk / Low Value,Two year,37
5126-RCXYW,0.015497860918669793,Low Risk,46.0,Low Value,Low Risk / Low Value,Two year,54
4676-WLUHT,0.01693816853975695,Low Risk,46.2,Low Value,Low Risk / Low Value,Two year,54
2253-KPMNB,0.004128204407469293,Low Risk,46.25,Low Value,Low Risk / Low Value,Two year,69
9885-MFVSU,0.03601024769266359,Low Risk,46.35,Low Value,Low Risk / Low Value,Two year,35
5227-JSCFE,0.005089515827598787,Low Risk,46.35,Low Value,Low Risk / Low Value,Two year,71
7110-BDTWG,0.01819149426088234,Low Risk,47.05,Low Value,Low Risk / Low Value,Two year,71
8780-YRMTT,0.0076066458124444515,Low Risk,47.4,Low Value,Low Risk / Low Value,Two year,66
4872-JCVCA,0.0063498659026607705,Low Risk,47.6,Low Value,Low Risk / Low Value,Two year,71
0617-AQNWT,0.013440695606005224,Low Risk,47.85,Low Value,Low Risk / Low Value,Two year,64
5656-MJEFC,0.018988943649691857,Low Risk,48.15,Low Value,Low Risk / Low Value,Two year,42
0848-SOMKO,0.007456257718552495,Low Risk,48.4,Low Value,Low Risk / Low Value,Two year,70
7599-NTMDP,0.007922599446794484,Low Risk,48.7,Low Value,Low Risk / Low Value,Two year,62
1814-WFGVS,0.0054343318334166635,Low Risk,48.9,Low Value,Low Risk / Low Value,Two year,72
2192-CKRLV,0.01622181698902902,Low Risk,49.2,Low Value,Low Risk / Low Value,Two year,72
6559-ILWKJ,0.022155610902283993,Low Risk,49.35,Low Value,Low Risk / Low Value,Two year,71
9000-PLFUZ,0.04111668988625537,Low Risk,49.45,Low Value,Low Risk / Low Value,Two year,60
7021-XSNYE,0.07924399502742327,Low Risk,49.65,Low Value,Low Risk / Low Value,Two year,7
1936-CZAKF,0.03744324639612524,Low Risk,49.65,Low Value,Low Risk / Low Value,Two year,49
4835-YSJMR,0.02684391465822482,Low Risk,49.8,Low Value,Low Risk / Low Value,Two year,39
4039-PIMHX,0.01763615068482066,Low Risk,49.8,Low Value,Low Risk / Low Value,Two year,49
7605-BDWDC,0.04764128629760466,Low Risk,49.85,Low Value,Low Risk / Low Value,Two year,31
4312-GVYNH,0.010201981696930738,Low Risk,49.85,Low Value,Low Risk / Low Value,Two year,70
3566-CAAYU,0.014328111180481171,Low Risk,49.85,Low Value,Low Risk / Low Value,Two year,64
9928-BZVLZ,0.07866392433711612,Low Risk,49.85,Low Value,Low Risk / Low Value,Two year,12
0298-XACET,0.01572598974699831,Low Risk,50.2,Low Value,Low Risk / Low Value,Two year,52
8587-XYZSF,0.005614761371992468,Low Risk,50.55,Low Value,Low Risk / Low Value,Two year,67
0277-ORXQS,0.014398458788272426,Low Risk,50.55,Low Value,Low Risk / Low Value,Two year,66
5135-RDDQL,0.008365176865611822,Low Risk,50.65,Low Value,Low Risk / Low Value,Two year,63
5397-NSKQG,0.011796726086745812,Low Risk,50.9,Low Value,Low Risk / Low Value,Two year,67
3813-DHBBB,0.010779365076685128,Low Risk,50.95,Low Value,Low Risk / Low Value,Two year,67
6701-DHKWQ,0.01122257595038493,Low Risk,51.35,Low Value,Low Risk / Low Value,Two year,61
6867-ACCZI,0.05190941395074651,Low Risk,52.5,Low Value,Low Risk / Low Value,Two year,24
4472-LVYGI,0.15028056549365906,Low Risk,52.55,Low Value,Low Risk / Low Value,Two year,0
6064-ZATLR,0.028554246108293973,Low Risk,52.85,Low Value,Low Risk / Low Value,Two year,27
2197-OMWGI,0.040245899020075145,Low Risk,53.0,Low Value,Low Risk / Low Value,Two year,68
2773-MADBQ,0.03747391052844133,Low Risk,53.1,Low Value,Low Risk / Low Value,Two year,36
9867-XOBQA,0.04307263407802561,Low Risk,53.15,Low Value,Low Risk / Low Value,Two year,21
7284-ZZLOH,0.01305700610869458,Low Risk,53.3,Low Value,Low Risk / Low Value,Two year,45
1139-WUOAH,0.02330711017845674,Low Risk,53.35,Low Value,Low Risk / Low Value,Two year,57
9906-NHHVC,0.039101472706101856,Low Risk,53.5,Low Value,Low Risk / Low Value,Two year,65
5110-CHOPY,0.02992655889109976,Low Risk,53.6,Low Value,Low Risk / Low Value,Two year,60
3704-IEAXF,0.009441570887703669,Low Risk,53.65,Low Value,Low Risk / Low Value,Two year,72
6434-TTGJP,0.061815703138810615,Low Risk,53.7,Low Value,Low Risk / Low Value,Two year,10
0739-UUAJR,0.015254488121850205,Low Risk,53.8,Low Value,Low Risk / Low Value,Two year,72
1271-UODNO,0.03406596441696032,Low Risk,53.85,Low Value,Low Risk / Low Value,Two year,39
6164-HAQTX,0.006625863506094643,Low Risk,53.95,Low Value,Low Risk / Low Value,Two year,71
5583-EJXRD,0.022052061306273796,Low Risk,54.05,Low Value,Low Risk / Low Value,Two year,44
8819-WFGGJ,0.022450182746059175,Low Risk,54.1,Low Value,Low Risk / Low Value,Two year,68
9102-OXKFY,0.014097074757566322,Low Risk,54.15,Low Value,Low Risk / Low Value,Two year,59
5067-WJEUN,0.006731994800263619,Low Risk,54.2,Low Value,Low Risk / Low Value,Two year,67
5010-IPEAQ,0.006178895665128511,Low Risk,54.2,Low Value,Low Risk / Low Value,Two year,67
6034-ZRYCV,0.03222358197908198,Low Risk,54.2,Low Value,Low Risk / Low Value,Two year,72
7191-ADRGF,0.05102312031018506,Low Risk,54.3,Low Value,Low Risk / Low Value,Two year,44
7253-UVNDW,0.013411349556964703,Low Risk,54.35,Low Value,Low Risk / Low Value,Two year,46
7688-AWMDX,0.0035317031240105555,Low Risk,54.5,Low Value,Low Risk / Low Value,Two year,71
5256-SKJGO,0.027174013686126156,Low Risk,54.6,Low Value,Low Risk / Low Value,Two year,64
3745-HRPHI,0.01502999370155168,Low Risk,54.65,Low Value,Low Risk / Low Value,Two year,66
1716-LSAMB,0.009368404091023155,Low Risk,54.65,Low Value,Low Risk / Low Value,Two year,45
8208-EUMTE,0.057788713016798166,Low Risk,54.85,Low Value,Low Risk / Low Value,Two year,16
6522-OIQSX,0.02110942259183578,Low Risk,54.95,Low Value,Low Risk / Low Value,Two year,69
1335-MXCSE,0.011314933252170789,Low Risk,55.25,Low Value,Low Risk / Low Value,Two year,55
3057-VJJQE,0.027758406332269538,Low Risk,55.25,Low Value,Low Risk / Low Value,Two year,35
4992-LTJNE,0.005604856683638396,Low Risk,55.3,Low Value,Low Risk / Low Value,Two year,72
6348-SNFUS,0.007450956816537928,Low Risk,55.45,Low Value,Low Risk / Low Value,Two year,72
4859-ZSRDZ,0.026726138532207816,Low Risk,55.5,Low Value,Low Risk / Low Value,Two year,58
6177-PEVRA,0.010644429683461075,Low Risk,55.5,Low Value,Low Risk / Low Value,Two year,48
1821-BUCWY,0.035175805481067884,Low Risk,55.65,Low Value,Low Risk / Low Value,Two year,30
2314-TNDJQ,0.004944612202637975,Low Risk,55.65,Low Value,Low Risk / Low Value,Two year,72
1371-DWPAZ,0.0903664366655957,Low Risk,56.05,Low Value,Low Risk / Low Value,Two year,0
1209-VFFOC,0.008900679956185015,Low Risk,56.4,Low Value,Low Risk / Low Value,Two year,68
8169-SAEJD,0.015371307378374074,Low Risk,56.55,Low Value,Low Risk / Low Value,Two year,69
0230-WEQUW,0.011482076838635395,Low Risk,56.6,Low Value,Low Risk / Low Value,Two year,66
7771-ZONAT,0.09814898962475571,Low Risk,56.75,Low Value,Low Risk / Low Value,Two year,22
8165-CBKXO,0.023315387262947927,Low Risk,56.75,Low Value,Low Risk / Low Value,Two year,66
5095-ETBRJ,0.006197175429875997,Low Risk,56.8,Low Value,Low Risk / Low Value,Two year,55
3474-BAFSJ,0.03176436389362623,Low Risk,57.5,Low Value,Low Risk / Low Value,Two year,57
3400-ESFUW,0.005321851876930159,Low Risk,57.55,Low Value,Low Risk / Low Value,Two year,55
0214-JHPFW,0.01391682464086393,Low Risk,57.8,Low Value,Low Risk / Low Value,Two year,70
9795-SHUHB,0.004637986425634377,Low Risk,58.2,Low Value,Low Risk / Low Value,Two year,66
0114-IGABW,0.013468501959741577,Low Risk,58.25,Low Value,Low Risk / Low Value,Two year,71
1837-YQUCE,0.016265494494442374,Low Risk,58.35,Low Value,Low Risk / Low Value,Two year,70
6504-VBLFL,0.011476170058480542,Low Risk,58.6,Low Value,Low Risk / Low Value,Two year,55
6614-YOLAC,0.007704638820232151,Low Risk,58.65,Low Value,Low Risk / Low Value,Two year,71
5762-TJXGK,0.038486046622959305,Low Risk,58.75,Low Value,Low Risk / Low Value,Two year,52
9359-JANWS,0.004600648969651369,Low Risk,58.9,Low Value,Low Risk / Low Value,Two year,65
9995-HOTOH,0.020458883220754388,Low Risk,59.0,Low Value,Low Risk / Low Value,Two year,63
0412-UCCNP,0.013497375225495765,Low Risk,59.2,Low Value,Low Risk / Low Value,Two year,55
1459-QNFQT,0.009361873709757057,Low Risk,59.5,Low Value,Low Risk / Low Value,Two year,70
4854-SSLTN,0.0419722153503993,Low Risk,59.5,Low Value,Low Risk / Low Value,Two year,2
6681-ZSEXG,0.015144507734192953,Low Risk,59.5,Low Value,Low Risk / Low Value,Two year,56
4111-BNXIF,0.02665617073262245,Low Risk,59.55,Low Value,Low Risk / Low Value,Two year,67
4664-NJCMS,0.047948017664839214,Low Risk,59.55,Low Value,Low Risk / Low Value,Two year,33
7025-WCBNE,0.020474563245221986,Low Risk,59.6,Low Value,Low Risk / Low Value,Two year,47
7596-ZYWBB,0.005663824444240337,Low Risk,59.6,Low Value,Low Risk / Low Value,Two year,65
4500-HKANN,0.035304256645997456,Low Risk,59.7,Low Value,Low Risk / Low Value,Two year,23
0774-RMNUW,0.007931007282488587,Low Risk,59.7,Low Value,Low Risk / Low Value,Two year,71
7633-MVPUY,0.011437818881125226,Low Risk,59.75,Low Value,Low Risk / Low Value,Two year,57
7306-YDSOI,0.00605443982523449,Low Risk,59.75,Low Value,Low Risk / Low Value,Two year,69
6762-QVYJO,0.015385977676955325,Low Risk,59.75,Low Value,Low Risk / Low Value,Two year,58
8232-CTLKO,0.014752163160046464,Low Risk,59.75,Low Value,Low Risk / Low Value,Two year,66
7921-BEPCI,0.006171940659126204,Low Risk,59.75,Low Value,Low Risk / Low Value,Two year,72
1972-XMUWV,0.01192563871691477,Low Risk,59.8,Low Value,Low Risk / Low Value,Two year,65
8510-TMWYB,0.021727493730410562,Low Risk,59.8,Low Value,Low Risk / Low Value,Two year,54
7018-FPXHH,0.010622674735884026,Low Risk,59.8,Low Value,Low Risk / Low Value,Two year,56
7131-ZQZNK,0.0131336803502863,Low Risk,59.85,Low Value,Low Risk / Low Value,Two year,60
9372-TXXPS,0.005210120898465585,Low Risk,59.85,Low Value,Low Risk / Low Value,Two year,60
5792-JALQC,0.019114728547815277,Low Risk,59.85,Low Value,Low Risk / Low Value,Two year,52
3638-WEABW,0.014444483421991849,Low Risk,59.9,Low Value,Low Risk / Low Value,Two year,58
8316-BBQAY,0.012664913569913835,Low Risk,59.95,Low Value,Low Risk / Low Value,Two year,65
9880-TDQAC,0.020915058373317624,Low Risk,60.0,Low Value,Low Risk / Low Value,Two year,72
8106-GWQOK,0.04587123334466123,Low Risk,60.0,Low Value,Low Risk / Low Value,Two year,38
4194-FJARJ,0.009008849989153812,Low Risk,60.0,Low Value,Low Risk / Low Value,Two year,54
3397-AVTKU,0.05035311945166372,Low Risk,60.0,Low Value,Low Risk / Low Value,Two year,43
8571-ZCMCX,0.036558200378234255,Low Risk,60.0,Low Value,Low Risk / Low Value,Two year,47
8626-PTQGE,0.014356686259005302,Low Risk,60.05,Low Value,Low Risk / Low Value,Two year,69
9888-ZCUMM,0.016763884085612746,Low Risk,60.05,Low Value,Low Risk / Low Value,Two year,64
0440-EKDCF,0.00896336990008011,Low Risk,60.15,Low Value,Low Risk / Low Value,Two year,62
8039-EQPIM,0.011078285815554182,Low Risk,60.25,Low Value,Low Risk / Low Value,Two year,69
8181-YHCMF,0.012092319136254408,Low Risk,60.3,Low Value,Low Risk / Low Value,Two year,68
6695-FRVEC,0.005302955147655543,Low Risk,60.4,Low Value,Low Risk / Low Value,Two year,67
3399-BMLVW,0.005989979444132938,Low Risk,60.5,Low Value,Low Risk / Low Value,Two year,51
7139-JZFVG,0.006381979169628149,Low Risk,60.5,Low Value,Low Risk / Low Value,Two year,60
5862-BRIXZ,0.04015503379910621,Low Risk,60.75,Low Value,Low Risk / Low Value,Two year,46
6549-BTYPG,0.018906300688310673,Low Risk,60.8,Low Value,Low Risk / Low Value,Two year,60
7722-VJRQD,0.009196186096229578,Low Risk,60.95,Low Value,Low Risk / Low Value,Two year,72
6603-YRDCJ,0.02013742170101865,Low Risk,61.05,Low Value,Low Risk / Low Value,Two year,33
5993-JSUWV,0.008252822384340889,Low Risk,61.15,Low Value,Low Risk / Low Value,Two year,66
0336-KXKFK,0.013109529411964206,Low Risk,61.2,Low Value,Low Risk / Low Value,Two year,72
5181-OABFK,0.009419459670205514,Low Risk,61.3,Low Value,Low Risk / Low Value,Two year,56
5317-FLPJF,0.019326780107692815,Low Risk,61.35,Low Value,Low Risk / Low Value,Two year,66
4012-YCFAI,0.00720578381784276,Low Risk,61.35,Low Value,Low Risk / Low Value,Two year,60
1699-UOTXU,0.009785908680834435,Low Risk,61.4,Low Value,Low Risk / Low Value,Two year,60
3911-RSNHI,0.017285451722184545,Low Risk,61.4,Low Value,Low Risk / Low Value,Two year,71
9220-CXRSC,0.004316377391127392,Low Risk,61.4,Low Value,Low Risk / Low Value,Two year,69
9715-SBVSU,0.06986218356085404,Low Risk,61.4,Low Value,Low Risk / Low Value,Two year,14
6023-GSSXW,0.012577084857429803,Low Risk,61.45,Low Value,Low Risk / Low Value,Two year,69
5338-YHWYT,0.010343523656998905,Low Risk,61.45,Low Value,Low Risk / Low Value,Two year,37
4891-NLUBA,0.024214047170079148,Low Risk,61.45,Low Value,Low Risk / Low Value,Two year,61
2775-SEFEE,0.0875320165097072,Low Risk,61.9,Low Value,Low Risk / Low Value,Two year,0
1194-BHJYC,0.02074203399431261,Low Risk,62.15,Low Value,Low Risk / Low Value,Two year,61
8404-VIOMB,0.01704898645624903,Low Risk,62.5,Low Value,Low Risk / Low Value,Two year,66
3563-SVYLG,0.00326156845118732,Low Risk,62.65,Low Value,Low Risk / Low Value,Two year,68
0513-RBGPE,0.021902309696023886,Low Risk,62.8,Low Value,Low Risk / Low Value,Two year,37
2274-XUATA,0.017013952102159436,Low Risk,63.1,Low Value,Low Risk / Low Value,Two year,72
4568-KNYWR,0.01797159387962356,Low Risk,63.25,Low Value,Low Risk / Low Value,Two year,52
1525-LNLOJ,0.020825633909491006,Low Risk,63.3,Low Value,Low Risk / Low Value,Two year,66
0757-WCUUZ,0.02169788712687505,Low Risk,63.35,Low Value,Low Risk / Low Value,Two year,54
6505-OZNPG,0.14286156784890158,Low Risk,63.4,Low Value,Low Risk / Low Value,Two year,6
9786-YWNHU,0.004066687011074475,Low Risk,63.55,Low Value,Low Risk / Low Value,Two year,63
4967-WPNCF,0.012800742519581298,Low Risk,63.7,Low Value,Low Risk / Low Value,Two year,72
7771-CFQRQ,0.015217806867258796,Low Risk,63.8,Low Value,Low Risk / Low Value,Two year,47
0301-FIDRB,0.011978108099669779,Low Risk,63.8,Low Value,Low Risk / Low Value,Two year,72
6203-HBZPA,0.018701402421101243,Low Risk,63.9,Low Value,Low Risk / Low Value,Two year,52
8619-IJNDK,0.002840924223294195,Low Risk,64.05,Low Value,Low Risk / Low Value,Two year,71
3308-JSGML,0.027779600199808418,Low Risk,64.05,Low Value,Low Risk / Low Value,Two year,59
9281-CEDRU,0.007742727381768184,Low Risk,64.1,Low Value,Low Risk / Low Value,Two year,68
2954-PIBKO,0.006336954407972128,Low Risk,64.15,Low Value,Low Risk / Low Value,Two year,69
3174-AKMAS,0.023599334040001033,Low Risk,64.2,Low Value,Low Risk / Low Value,Two year,46
6371-NZYEG,0.048619976959220906,Low Risk,64.25,Low Value,Low Risk / Low Value,Two year,16
0361-HJRDX,0.010901661732487343,Low Risk,64.35,Low Value,Low Risk / Low Value,Two year,68
1904-WAJAA,0.046935310262979583,Low Risk,64.35,Low Value,Low Risk / Low Value,Two year,24
7860-KSUGX,0.005193582286669583,Low Risk,64.45,Low Value,Low Risk / Low Value,Two year,72
4139-DETXS,0.008061737159262755,Low Risk,64.45,Low Value,Low Risk / Low Value,Two year,72
5456-ITGIC,0.015090535126740523,Low Risk,64.45,Low Value,Low Risk / Low Value,Two year,72
2535-PBCGC,0.010415420694689304,Low Risk,64.55,Low Value,Low Risk / Low Value,Two year,70
2451-YMUXS,0.009602371088853123,Low Risk,64.55,Low Value,Low Risk / Low Value,Two year,67
6166-YIPFO,0.018484880964168702,Low Risk,64.7,Low Value,Low Risk / Low Value,Two year,72
9018-PCIOK,0.024224924091298703,Low Risk,64.75,Low Value,Low Risk / Low Value,Two year,55
9499-XPZXM,0.0049686100844609365,Low Risk,64.75,Low Value,Low Risk / Low Value,Two year,72
8204-YJCLA,0.014457176640947277,Low Risk,64.8,Low Value,Low Risk / Low Value,Two year,72
5275-PMFUT,0.010690851085528138,Low Risk,64.8,Low Value,Low Risk / Low Value,Two year,72
5614-DNZCE,0.007875721737703806,Low Risk,64.9,Low Value,Low Risk / Low Value,Two year,58
8590-YFFQO,0.003401694008827167,Low Risk,64.95,Low Value,Low Risk / Low Value,Two year,70
4334-HOWRP,0.014552601158241823,Low Risk,64.95,Low Value,Low Risk / Low Value,Two year,72
4381-MHQDC,0.017592898686254695,Low Risk,65.0,Low Value,Low Risk / Low Value,Two year,47
9242-TKFSV,0.010748542639557565,Low Risk,65.1,Low Value,Low Risk / Low Value,Two year,72
1221-GHZEP,0.01001653448285919,Low Risk,65.1,Low Value,Low Risk / Low Value,Two year,62
2176-OSJUV,0.004926143709235231,Low Risk,65.15,Low Value,Low Risk / Low Value,Two year,71
7781-HVGMK,0.011075424163999007,Low Risk,65.2,Low Value,Low Risk / Low Value,Two year,72
9443-JUBUO,0.009878383431134058,Low Risk,65.25,Low Value,Low Risk / Low Value,Two year,72
3512-IZIKN,0.005649786844932106,Low Risk,65.3,Low Value,Low Risk / Low Value,Two year,70
7054-DMVAS,0.01776210514654568,Low Risk,65.3,Low Value,Low Risk / Low Value,Two year,54
6115-ZTBFQ,0.01034757836268116,Low Risk,65.5,Low Value,Low Risk / Low Value,Two year,72
8792-AOROI,0.05681708050301009,Low Risk,65.5,Low Value,Low Risk / Low Value,Two year,8
4079-WWQQQ,0.013750235615622075,Low Risk,65.55,Low Value,Low Risk / Low Value,Two year,72
6625-IUTTT,0.008824914355393879,Low Risk,65.55,Low Value,Low Risk / Low Value,Two year,67
8908-NMQTX,0.012791117614100072,Low Risk,65.6,Low Value,Low Risk / Low Value,Two year,72
7349-ALMUX,0.012648627507997204,Low Risk,65.6,Low Value,Low Risk / Low Value,Two year,37
4102-HLENU,0.007407223593658737,Low Risk,65.65,Low Value,Low Risk / Low Value,Two year,67
2160-GPFXD,0.010310230979770428,Low Risk,65.65,Low Value,Low Risk / Low Value,Two year,54
5360-XGYAZ,0.011295755106963826,Low Risk,65.65,Low Value,Low Risk / Low Value,Two year,72
6374-AFWOX,0.008884069180936332,Low Risk,65.65,Low Value,Low Risk / Low Value,Two year,46
0769-MURVM,0.008010860148781064,Low Risk,65.7,Low Value,Low Risk / Low Value,Two year,72
0531-XBKMM,0.005128977698111701,Low Risk,65.7,Low Value,Low Risk / Low Value,Two year,66
7113-HIPFI,0.0033009361623503376,Low Risk,65.85,Low Value,Low Risk / Low Value,Two year,66
9769-TSBZE,0.006568981238110368,Low Risk,66.0,Low Value,Low Risk / Low Value,Two year,70
0420-TXVSG,0.010672303081532126,Low Risk,66.1,Low Value,Low Risk / Low Value,Two year,66
2676-SSLTO,0.032814585975359224,Low Risk,66.15,Low Value,Low Risk / Low Value,Two year,49
4254-QPEDE,0.01833135358383722,Low Risk,66.25,Low Value,Low Risk / Low Value,Two year,52
8338-QIUNR,0.005925827463593641,Low Risk,66.5,Low Value,Low Risk / Low Value,Two year,72
4615-PIVVU,0.02170484692010302,Low Risk,66.5,Low Value,Low Risk / Low Value,Two year,42
7399-QHBJS,0.003744383177203404,Low Risk,66.75,Low Value,Low Risk / Low Value,Two year,72
1266-NZYUI,0.004599623496983971,Low Risk,66.85,Low Value,Low Risk / Low Value,Two year,72
5176-OLSKT,0.00821862477475229,Low Risk,66.9,Low Value,Low Risk / Low Value,Two year,66
8990-YOZLV,0.007118408695467696,Low Risk,66.9,Low Value,Low Risk / Low Value,Two year,69
5115-GZDEL,0.007240249962521716,Low Risk,67.2,Low Value,Low Risk / Low Value,Two year,72
3796-ENZGF,0.012393020169602306,Low Risk,67.25,Low Value,Low Risk / Low Value,Two year,63
9755-JHNMN,0.008495777899350613,Low Risk,67.4,Low Value,Low Risk / Low Value,Two year,49
9871-ELEYA,0.01838986960912267,Low Risk,67.65,Low Value,Low Risk / Low Value,Two year,34
5803-NQJZO,0.0066936339215849915,Low Risk,67.8,Low Value,Low Risk / Low Value,Two year,72
9993-LHIEB,0.00558587400760603,Low Risk,67.85,Low Value,Low Risk / Low Value,Two year,67
5208-FVQKB,0.004883491717745795,Low Risk,67.95,Low Value,Low Risk / Low Value,Two year,70
6897-RWMUB,0.006409826642409112,Low Risk,68.05,Low Value,Low Risk / Low Value,Two year,61
6087-YPWHO,0.004496600316862297,Low Risk,68.15,Low Value,Low Risk / Low Value,Two year,72
5840-NVDCG,0.03416886825536284,Low Risk,68.25,Low Value,Low Risk / Low Value,Two year,16
2845-KDHVX,0.012821273430508005,Low Risk,68.3,Low Value,Low Risk / Low Value,Two year,64
7169-YWAMK,0.004099685294449532,Low Risk,68.4,Low Value,Low Risk / Low Value,Two year,72
8039-ACLPL,0.005408320033690285,Low Risk,68.75,Low Value,Low Risk / Low Value,Two year,72
3948-KXDUF,0.005969369956624237,Low Risk,68.75,Low Value,Low Risk / Low Value,Two year,66
4915-BFSXL,0.008798243358628024,Low Risk,68.95,Low Value,Low Risk / Low Value,Two year,70
1303-SRDOK,0.04602116704168624,Low Risk,69.05,Low Value,Low Risk / Low Value,Two year,55
3280-MRDOF,0.07546177069971303,Low Risk,69.1,Low Value,Low Risk / Low Value,Two year,30
8221-HVAYI,0.021538243559566767,Low Risk,69.15,Low Value,Low Risk / Low Value,Two year,35
9489-DEDVP,0.01118738575563867,Low Risk,69.2,Low Value,Low Risk / Low Value,Two year,70
7197-VOJMM,0.007747014858890588,Low Risk,69.2,Low Value,Low Risk / Low Value,Two year,67
9091-WTUUY,0.00607432497865436,Low Risk,69.25,Low Value,Low Risk / Low Value,Two year,64
0885-HMGPY,0.0069800845456300005,Low Risk,69.4,Low Value,Low Risk / Low Value,Two year,62
7138-GIRSH,0.02342784868810282,Low Risk,69.5,Low Value,Low Risk / Low Value,Two year,50
9565-FLVCG,0.013380340671392509,Low Risk,69.55,Low Value,Low Risk / Low Value,Two year,65
0229-LFJAF,0.00478047414757348,Low Risk,69.65,Low Value,Low Risk / Low Value,Two year,72
5707-ZMDJP,0.011373474764205029,Low Risk,69.7,Low Value,Low Risk / Low Value,Two year,53
1172-VIYBP,0.015822657956620384,Low Risk,69.7,Low Value,Low Risk / Low Value,Two year,53
0602-DDUML,0.011433982581143498,Low Risk,69.75,Low Value,Low Risk / Low Value,Two year,57
6463-MVYRY,0.012246244040009653,Low Risk,69.85,Low Value,Low Risk / Low Value,Two year,57
0270-THENM,0.004330040591062785,Low Risk,69.85,Low Value,Low Risk / Low Value,Two year,72
0916-KNFAJ,0.02041245177487632,Low Risk,69.9,Low Value,Low Risk / Low Value,Two year,61
5996-EBTKM,0.015533321614242248,Low Risk,69.9,Low Value,Low Risk / Low Value,Two year,67
6288-CHQJB,0.009796805505419677,Low Risk,69.95,Low Value,Low Risk / Low Value,Two year,54
0556-FJEGU,0.011585275220054378,Low Risk,70.1,Low Value,Low Risk / Low Value,Two year,58
5696-JVVQY,0.017939627520127333,Low Risk,70.1,Low Value,Low Risk / Low Value,Two year,48
7359-SSBJK,0.010733897714961584,Low Risk,70.2,Low Value,Low Risk / Low Value,Two year,64
4188-PCPIG,0.011578868286775328,Low Risk,70.35,High Value,Low Risk / High Value,Two year,57
9174-IHETN,0.0393193711544866,Low Risk,70.35,High Value,Low Risk / High Value,Two year,50
3913-FCUUW,0.006282854091853917,Low Risk,70.45,High Value,Low Risk / High Value,Two year,72
0263-FJTQO,0.018174631562505275,Low Risk,70.5,High Value,Low Risk / High Value,Two year,50
0973-KYVNF,0.007550526937075557,Low Risk,70.65,High Value,Low Risk / High Value,Two year,72
3500-NSDOA,0.008817668053983301,Low Risk,70.8,High Value,Low Risk / High Value,Two year,68
5846-NEQVZ,0.006371347222241756,Low Risk,70.85,High Value,Low Risk / High Value,Two year,71
2077-DDHJK,0.005523442450396306,Low Risk,70.9,High Value,Low Risk / High Value,Two year,68
3200-MNQTF,0.005331932483389445,Low Risk,70.9,High Value,Low Risk / High Value,Two year,67
3533-UVMOM,0.007778294232493265,Low Risk,70.95,High Value,Low Risk / High Value,Two year,68
2296-DKZFP,0.008493763062395918,Low Risk,71.0,High Value,Low Risk / High Value,Two year,65
2999-AANRQ,0.02938308498646388,Low Risk,71.05,High Value,Low Risk / High Value,Two year,21
6253-GNHWH,0.004522338645712215,Low Risk,71.1,High Value,Low Risk / High Value,Two year,71
2710-WYVXG,0.056958127722824096,Low Risk,71.1,High Value,Low Risk / High Value,Two year,3
2824-DXNKN,0.012374561766715147,Low Risk,71.45,High Value,Low Risk / High Value,Two year,72
7162-WPHPM,0.00665567842165278,Low Risk,71.6,High Value,Low Risk / High Value,Two year,58
0674-GCDXG,0.015034019545399653,Low Risk,71.9,High Value,Low Risk / High Value,Two year,63
5130-YPIRV,0.0122530954764941,Low Risk,72.0,High Value,Low Risk / High Value,Two year,62
4737-AQCPU,0.0037322314412247793,Low Risk,72.1,High Value,Low Risk / High Value,Two year,72
2123-VSCOT,0.020606028718999945,Low Risk,72.1,High Value,Low Risk / High Value,Two year,59
4295-YURET,0.0195573309324349,Low Risk,72.6,High Value,Low Risk / High Value,Two year,56
6953-PBDIN,0.011044136707598325,Low Risk,72.95,High Value,Low Risk / High Value,Two year,70
2256-YLYLP,0.015482303799942566,Low Risk,72.95,High Value,Low Risk / High Value,Two year,68
6384-VMJHP,0.00689962811380405,Low Risk,73.0,High Value,Low Risk / High Value,Two year,72
4849-PYRLQ,0.017441335163193728,Low Risk,73.25,High Value,Low Risk / High Value,Two year,56
5676-CFLYY,0.011198596050062664,Low Risk,73.35,High Value,Low Risk / High Value,Two year,71
4075-WKNIU,0.10007350875473583,Low Risk,73.35,High Value,Low Risk / High Value,Two year,0
5327-XOKKY,0.033129530143560945,Low Risk,73.45,High Value,Low Risk / High Value,Two year,72
5781-RFZRP,0.006874724184374774,Low Risk,73.5,High Value,Low Risk / High Value,Two year,71
4922-CVPDX,0.08645505114419491,Low Risk,73.5,High Value,Low Risk / High Value,Two year,26
2192-OZITF,0.019612502591294934,Low Risk,73.55,High Value,Low Risk / High Value,Two year,45
8313-AFGBW,0.04486503899402898,Low Risk,73.6,High Value,Low Risk / High Value,Two year,47
2498-XLDZR,0.017700632581132403,Low Risk,73.6,High Value,Low Risk / High Value,Two year,32
7501-IWUNG,0.021037495843298223,Low Risk,73.8,High Value,Low Risk / High Value,Two year,61
1506-YJTYT,0.014427718210297686,Low Risk,73.85,High Value,Low Risk / High Value,Two year,45
4648-YPBTM,0.027565696163723737,Low Risk,73.9,High Value,Low Risk / High Value,Two year,53
3470-OBUET,0.006524307817211063,Low Risk,74.0,High Value,Low Risk / High Value,Two year,67
3557-HTYWR,0.01657676557453085,Low Risk,74.05,High Value,Low Risk / High Value,Two year,47
7524-VRLPL,0.009828719808071713,Low Risk,74.1,High Value,Low Risk / High Value,Two year,69
2753-JMMCV,0.016405180194521068,Low Risk,74.2,High Value,Low Risk / High Value,Two year,65
6169-PGNCD,0.011365349995219386,Low Risk,74.3,High Value,Low Risk / High Value,Two year,57
1023-BQXZE,0.026512524178334374,Low Risk,74.35,High Value,Low Risk / High Value,Two year,57
5148-ORICT,0.009461033870512383,Low Risk,74.35,High Value,Low Risk / High Value,Two year,64
8468-FZTOE,0.008492634170143232,Low Risk,74.35,High Value,Low Risk / High Value,Two year,72
0336-PIKEI,0.006419663130419761,Low Risk,74.4,High Value,Low Risk / High Value,Two year,72
5232-NXPAY,0.026216773312775842,Low Risk,74.45,High Value,Low Risk / High Value,Two year,47
0487-CRLZF,0.03656781297130543,Low Risk,74.45,High Value,Low Risk / High Value,Two year,49
7860-UXCRM,0.005581156392991733,Low Risk,74.5,High Value,Low Risk / High Value,Two year,63
0536-ESJEP,0.02669198857086883,Low Risk,74.55,High Value,Low Risk / High Value,Two year,54
0562-FGDCR,0.005929610632327107,Low Risk,74.55,High Value,Low Risk / High Value,Two year,72
0771-CHWSK,0.014959380325731771,Low Risk,74.6,High Value,Low Risk / High Value,Two year,66
5458-CQJTA,0.012100965568062897,Low Risk,74.8,High Value,Low Risk / High Value,Two year,65
4654-ULTTN,0.01128785093414017,Low Risk,74.8,High Value,Low Risk / High Value,Two year,70
4079-VTGLK,0.1344734409458387,Low Risk,74.85,High Value,Low Risk / High Value,Two year,30
1676-MQAOA,0.007166266310449474,Low Risk,75.1,High Value,Low Risk / High Value,Two year,72
4304-XUMGI,0.03176064256550243,Low Risk,75.15,High Value,Low Risk / High Value,Two year,50
7779-ORAEL,0.023863520461957024,Low Risk,75.15,High Value,Low Risk / High Value,Two year,45
2351-BKRZW,0.02656849345156407,Low Risk,75.2,High Value,Low Risk / High Value,Two year,43
8630-QSGXK,0.044263477679342626,Low Risk,75.2,High Value,Low Risk / High Value,Two year,51
9068-VPWQQ,0.0112083738014306,Low Risk,75.35,High Value,Low Risk / High Value,Two year,61
9481-WHGWY,0.007243297209820678,Low Risk,75.35,High Value,Low Risk / High Value,Two year,70
4751-ERMAN,0.01691585138093889,Low Risk,75.4,High Value,Low Risk / High Value,Two year,72
8311-UEUAB,0.030747260046722905,Low Risk,75.5,High Value,Low Risk / High Value,Two year,67
0707-HOVVN,0.01854004417401689,Low Risk,75.5,High Value,Low Risk / High Value,Two year,70
4115-BNPJY,0.03889836345823964,Low Risk,75.55,High Value,Low Risk / High Value,Two year,29
3795-GWTRD,0.005668209652335477,Low Risk,75.55,High Value,Low Risk / High Value,Two year,63
5671-RQRLP,0.05523471549806743,Low Risk,75.65,High Value,Low Risk / High Value,Two year,70
3902-MIVLE,0.00870116496530313,Low Risk,75.7,High Value,Low Risk / High Value,Two year,63
2882-WDTBA,0.007338060350553664,Low Risk,75.75,High Value,Low Risk / High Value,Two year,69
5320-BRKGK,0.010818378626199786,Low Risk,75.8,High Value,Low Risk / High Value,Two year,58
1088-AUUZZ,0.013770645421733986,Low Risk,75.85,High Value,Low Risk / High Value,Two year,56
0604-THJFP,0.018148866568266565,Low Risk,75.95,High Value,Low Risk / High Value,Two year,59
6556-DBKZF,0.029029286637898145,Low Risk,76.05,High Value,Low Risk / High Value,Two year,71
6870-ZWMNX,0.009628155851253966,Low Risk,76.1,High Value,Low Risk / High Value,Two year,70
2612-PHGOX,0.018130182184398637,Low Risk,76.1,High Value,Low Risk / High Value,Two year,64
4994-OBRSZ,0.033483509552966514,Low Risk,76.1,High Value,Low Risk / High Value,Two year,14
2649-HWLYB,0.010172524955626733,Low Risk,76.15,High Value,Low Risk / High Value,Two year,65
4526-RMTLL,0.06994167236057106,Low Risk,76.15,High Value,Low Risk / High Value,Two year,8
8295-KMENE,0.014617646339553649,Low Risk,76.45,High Value,Low Risk / High Value,Two year,59
9926-PJHDQ,0.025460814760983653,Low Risk,76.8,High Value,Low Risk / High Value,Two year,72
6283-GITPX,0.0061522761654308825,Low Risk,76.9,High Value,Low Risk / High Value,Two year,71
6586-MYGKD,0.01490959962883772,Low Risk,76.95,High Value,Low Risk / High Value,Two year,70
2661-GKBTK,0.012825003845589735,Low Risk,76.95,High Value,Low Risk / High Value,Two year,60
3082-YVEKW,0.05131423689952902,Low Risk,77.15,High Value,Low Risk / High Value,Two year,23
8205-VSLRB,0.008152404627225955,Low Risk,77.3,High Value,Low Risk / High Value,Two year,70
3429-IFLEM,0.005210835568280494,Low Risk,77.35,High Value,Low Risk / High Value,Two year,71
5329-KRDTM,0.010831196996833553,Low Risk,77.35,High Value,Low Risk / High Value,Two year,72
8722-PRFDV,0.009491859774015787,Low Risk,77.55,High Value,Low Risk / High Value,Two year,71
0813-TAXXS,0.05260394885644238,Low Risk,77.8,High Value,Low Risk / High Value,Two year,55
8336-TAVKX,0.009494953523336657,Low Risk,78.45,High Value,Low Risk / High Value,Two year,72
8434-PNQZX,0.05765979743508399,Low Risk,78.45,High Value,Low Risk / High Value,Two year,42
2516-XSJKX,0.02444373708155477,Low Risk,78.45,High Value,Low Risk / High Value,Two year,41
7173-TETGO,0.02867757554368321,Low Risk,78.5,High Value,Low Risk / High Value,Two year,72
6427-FEFIG,0.06075592093985318,Low Risk,78.6,High Value,Low Risk / High Value,Two year,24
9027-TMATR,0.04345371840825863,Low Risk,78.8,High Value,Low Risk / High Value,Two year,43
9065-ZCPQX,0.007628984529032361,Low Risk,78.85,High Value,Low Risk / High Value,Two year,72
6339-RZCBJ,0.021563534044204524,Low Risk,78.9,High Value,Low Risk / High Value,Two year,48
2091-GPPIQ,0.02387588916801063,Low Risk,78.95,High Value,Low Risk / High Value,Two year,72
7564-GHCVB,0.02063321252875195,Low Risk,79.05,High Value,Low Risk / High Value,Two year,72
8766-PAFNE,0.013790114067241944,Low Risk,79.1,High Value,Low Risk / High Value,Two year,71
5318-YKDPV,0.0257249670847795,Low Risk,79.15,High Value,Low Risk / High Value,Two year,43
5915-ANOEI,0.0074588666205465766,Low Risk,79.15,High Value,Low Risk / High Value,Two year,70
3410-YOQBQ,0.04053893206445318,Low Risk,79.2,High Value,Low Risk / High Value,Two year,31
9845-PEEKO,0.0693149730511692,Low Risk,79.2,High Value,Low Risk / High Value,Two year,59
2933-XEUJM,0.03531315511495194,Low Risk,79.2,High Value,Low Risk / High Value,Two year,46
6670-MFRPK,0.039301471911848324,Low Risk,79.2,High Value,Low Risk / High Value,Two year,69
2235-EZAIK,0.006318507199429477,Low Risk,79.2,High Value,Low Risk / High Value,Two year,72
1960-UOTYM,0.022648245913429125,Low Risk,79.2,High Value,Low Risk / High Value,Two year,52
7639-OPLNG,0.010053254071854555,Low Risk,79.25,High Value,Low Risk / High Value,Two year,70
6898-RBTLU,0.02695320536720143,Low Risk,79.3,High Value,Low Risk / High Value,Two year,49
2234-EOFPT,0.010542663933399681,Low Risk,79.35,High Value,Low Risk / High Value,Two year,72
4293-ETKAP,0.021469326688294484,Low Risk,79.4,High Value,Low Risk / High Value,Two year,65
8631-NBHFZ,0.008599507028985275,Low Risk,79.4,High Value,Low Risk / High Value,Two year,66
5736-YEJAX,0.009126115191766664,Low Risk,79.45,High Value,Low Risk / High Value,Two year,69
8414-OOEEL,0.014109390938278385,Low Risk,79.5,High Value,Low Risk / High Value,Two year,66
9488-FVZCC,0.00905106664767936,Low Risk,79.5,High Value,Low Risk / High Value,Two year,72
2251-PYLPB,0.007022305114937167,Low Risk,79.55,High Value,Low Risk / High Value,Two year,72
4717-GHADL,0.04034393225231204,Low Risk,79.6,High Value,Low Risk / High Value,Two year,50
9140-CZQZZ,0.012579128057315632,Low Risk,79.6,High Value,Low Risk / High Value,Two year,68
7560-QJAVJ,0.009254431916929613,Low Risk,79.6,High Value,Low Risk / High Value,Two year,70
0253-ZTEOB,0.03784126355821298,Low Risk,79.65,High Value,Low Risk / High Value,Two year,48
3486-HOOGQ,0.007296413589288542,Low Risk,79.7,High Value,Low Risk / High Value,Two year,70
4355-HBJHH,0.029515773004971838,Low Risk,79.7,High Value,Low Risk / High Value,Two year,67
7639-LIAYI,0.028879763049107957,Low Risk,79.75,High Value,Low Risk / High Value,Two year,52
3259-KNMRR,0.053136707311642654,Low Risk,79.75,High Value,Low Risk / High Value,Two year,57
4737-HOBAX,0.019855289979048573,Low Risk,79.8,High Value,Low Risk / High Value,Two year,63
4671-VJLCL,0.012548849958101797,Low Risk,79.85,High Value,Low Risk / High Value,Two year,63
5321-NTRKC,0.020331572568673104,Low Risk,79.85,High Value,Low Risk / High Value,Two year,66
6950-TWMYB,0.034877565954451295,Low Risk,79.95,High Value,Low Risk / High Value,Two year,54
6120-RJKLU,0.01835190605700071,Low Risk,79.95,High Value,Low Risk / High Value,Two year,62
7649-SIJJF,0.009996276045310996,Low Risk,80.1,High Value,Low Risk / High Value,Two year,71
9477-LGWQI,0.012159840625547771,Low Risk,80.15,High Value,Low Risk / High Value,Two year,70
4900-MSOMT,0.006395736193182496,Low Risk,80.2,High Value,Low Risk / High Value,Two year,72
9152-AMKAK,0.09541032832882504,Low Risk,80.25,High Value,Low Risk / High Value,Two year,6
1206-EHBDD,0.030212203264712457,Low Risk,80.3,High Value,Low Risk / High Value,Two year,56
6741-QRLUP,0.013116528746616436,Low Risk,80.3,High Value,Low Risk / High Value,Two year,63
9541-ZPSEA,0.015289275775671542,Low Risk,80.35,High Value,Low Risk / High Value,Two year,68
7898-PDWQE,0.007153378734633261,Low Risk,80.4,High Value,Low Risk / High Value,Two year,71
5816-JMLGY,0.014345951619679762,Low Risk,80.4,High Value,Low Risk / High Value,Two year,70
1265-BCFEO,0.02337691158271032,Low Risk,80.45,High Value,Low Risk / High Value,Two year,71
7666-WKRON,0.09954796930804535,Low Risk,80.45,High Value,Low Risk / High Value,Two year,39
1813-JYWTO,0.023440868997685327,Low Risk,80.45,High Value,Low Risk / High Value,Two year,72
1027-LKKQQ,0.01070899382975065,Low Risk,80.45,High Value,Low Risk / High Value,Two year,72
2245-ADZFJ,0.047595244402870086,Low Risk,80.55,High Value,Low Risk / High Value,Two year,31
8166-ZZTFS,0.041270988084727185,Low Risk,80.55,High Value,Low Risk / High Value,Two year,66
5394-MEITZ,0.02010027766592391,Low Risk,80.6,High Value,Low Risk / High Value,Two year,60
0454-OKRCT,0.05631236674974851,Low Risk,80.6,High Value,Low Risk / High Value,Two year,33
6248-TKCQV,0.014174815244672512,Low Risk,80.6,High Value,Low Risk / High Value,Two year,70
7998-WNZEM,0.007746847226739414,Low Risk,80.6,High Value,Low Risk / High Value,Two year,71
8144-DGHXP,0.020955951517439262,Low Risk,80.6,High Value,Low Risk / High Value,Two year,54
5457-COLHT,0.007056716387846985,Low Risk,80.65,High Value,Low Risk / High Value,Two year,69
2200-DSAAL,0.04118779108728572,Low Risk,80.65,High Value,Low Risk / High Value,Two year,68
4513-CXYIX,0.038312009886739655,Low Risk,80.7,High Value,Low Risk / High Value,Two year,71
9479-HYNYL,0.014325556238134841,Low Risk,80.7,High Value,Low Risk / High Value,Two year,71
6439-PKTRR,0.009386279561092059,Low Risk,80.7,High Value,Low Risk / High Value,Two year,70
0942-KOWSM,0.036533433137098066,Low Risk,80.8,High Value,Low Risk / High Value,Two year,30
9675-ICXCT,0.013466540320731656,Low Risk,80.8,High Value,Low Risk / High Value,Two year,72
0909-SELIE,0.014871747098468143,Low Risk,80.8,High Value,Low Risk / High Value,Two year,61
5709-LVOEQ,0.0905631798010518,Low Risk,80.85,High Value,Low Risk / High Value,Two year,0
9823-EALYC,0.008722128618887603,Low Risk,80.85,High Value,Low Risk / High Value,Two year,72
0988-AADSA,0.006618745642007191,Low Risk,80.85,High Value,Low Risk / High Value,Two year,72
6754-LZUKA,0.02812180727862417,Low Risk,80.9,High Value,Low Risk / High Value,Two year,61
9541-PWTWO,0.0444339848288178,Low Risk,80.95,High Value,Low Risk / High Value,Two year,52
6516-NKQBO,0.02058021550687356,Low Risk,81.0,High Value,Low Risk / High Value,Two year,38
3230-IUALN,0.02332845493158658,Low Risk,81.0,High Value,Low Risk / High Value,Two year,45
6418-PIQSP,0.01129979569075848,Low Risk,81.0,High Value,Low Risk / High Value,Two year,62
5751-USDBL,0.01690121784502933,Low Risk,81.0,High Value,Low Risk / High Value,Two year,46
6013-BHCAW,0.028092097499775603,Low Risk,81.0,High Value,Low Risk / High Value,Two year,61
9114-DPSIA,0.005792869424361337,Low Risk,81.0,High Value,Low Risk / High Value,Two year,72
9548-LIGTA,0.013528722069442604,Low Risk,81.05,High Value,Low Risk / High Value,Two year,61
3050-RLLXC,0.010426410987750913,Low Risk,81.25,High Value,Low Risk / High Value,Two year,56
1265-ZFOSD,0.013063869237976372,Low Risk,81.3,High Value,Low Risk / High Value,Two year,64
0379-DJQHR,0.009504133531540757,Low Risk,81.35,High Value,Low Risk / High Value,Two year,67
8050-DVOJX,0.01872709781760042,Low Risk,81.35,High Value,Low Risk / High Value,Two year,49
5930-GBIWP,0.010533870000700298,Low Risk,81.5,High Value,Low Risk / High Value,Two year,69
8345-MVDYC,0.02075461258484894,Low Risk,81.65,High Value,Low Risk / High Value,Two year,45
5893-PYOLZ,0.022891547908759833,Low Risk,81.8,High Value,Low Risk / High Value,Two year,56
8146-QQKZH,0.009279772893000733,Low Risk,81.85,High Value,Low Risk / High Value,Two year,71
6727-IOTLZ,0.06612510101322004,Low Risk,81.95,High Value,Low Risk / High Value,Two year,14
8645-KOMJQ,0.019346904658646788,Low Risk,81.95,High Value,Low Risk / High Value,Two year,69
5494-WOZRZ,0.010498692978030974,Low Risk,82.0,High Value,Low Risk / High Value,Two year,71
1431-AIDJQ,0.02913914812673919,Low Risk,82.1,High Value,Low Risk / High Value,Two year,33
2302-OUZXB,0.01901545710621422,Low Risk,82.15,High Value,Low Risk / High Value,Two year,72
3071-MVJCD,0.006225437074732342,Low Risk,82.3,High Value,Low Risk / High Value,Two year,72
4291-TPNFG,0.010798443519227357,Low Risk,82.3,High Value,Low Risk / High Value,Two year,72
5680-LQOGP,0.01185319644289696,Low Risk,82.45,High Value,Low Risk / High Value,Two year,68
9110-HSGTV,0.011927538535990358,Low Risk,82.45,High Value,Low Risk / High Value,Two year,69
9227-YBAXE,0.015527159929777018,Low Risk,82.5,High Value,Low Risk / High Value,Two year,65
4057-FKCZK,0.061597058379287896,Low Risk,82.5,High Value,Low Risk / High Value,Two year,58
5702-KVQRD,0.016589521498388292,Low Risk,82.55,High Value,Low Risk / High Value,Two year,71
9385-NXKDA,0.018813644019653648,Low Risk,82.65,High Value,Low Risk / High Value,Two year,72
4782-OSFXZ,0.013751538235460643,Low Risk,82.7,High Value,Low Risk / High Value,Two year,71
3889-VWBID,0.007730488506581022,Low Risk,82.85,High Value,Low Risk / High Value,Two year,68
8200-LGKSR,0.017685831666446335,Low Risk,83.2,High Value,Low Risk / High Value,Two year,71
6418-HNFED,0.018938667814431518,Low Risk,83.25,High Value,Low Risk / High Value,Two year,51
5197-LQXXH,0.020086315166881006,Low Risk,83.3,High Value,Low Risk / High Value,Two year,71
4827-DPADN,0.014828326061115475,Low Risk,83.3,High Value,Low Risk / High Value,Two year,72
0459-SPZHJ,0.016144470704071903,Low Risk,83.5,High Value,Low Risk / High Value,Two year,63
6656-GULJQ,0.013461834222473264,Low Risk,83.55,High Value,Low Risk / High Value,Two year,72
3544-FBCAS,0.016153896504779254,Low Risk,83.6,High Value,Low Risk / High Value,Two year,72
7101-HRBLJ,0.009873611032402878,Low Risk,83.7,High Value,Low Risk / High Value,Two year,72
3720-DBRWL,0.01999881329207868,Low Risk,83.85,High Value,Low Risk / High Value,Two year,51
7233-PAHHL,0.017364994996539318,Low Risk,84.0,High Value,Low Risk / High Value,Two year,66
2904-GGUAZ,0.030955767334912388,Low Risk,84.05,High Value,Low Risk / High Value,Two year,72
9919-FZDED,0.02260552849726119,Low Risk,84.1,High Value,Low Risk / High Value,Two year,72
6437-UDQJM,0.024143024677709006,Low Risk,84.1,High Value,Low Risk / High Value,Two year,72
9530-GRMJG,0.02667298499356398,Low Risk,84.1,High Value,Low Risk / High Value,Two year,70
2040-LDIWQ,0.02156791771227682,Low Risk,84.2,High Value,Low Risk / High Value,Two year,65
5003-XZWWO,0.01408328468273738,Low Risk,84.2,High Value,Low Risk / High Value,Two year,71
2725-TTRIQ,0.01437185957767211,Low Risk,84.2,High Value,Low Risk / High Value,Two year,72
5641-DMBFJ,0.036187165666660866,Low Risk,84.3,High Value,Low Risk / High Value,Two year,58
3938-YFPXD,0.01073611138229763,Low Risk,84.3,High Value,Low Risk / High Value,Two year,72
8999-YPYBV,0.02173914619234387,Low Risk,84.35,High Value,Low Risk / High Value,Two year,45
9194-GFVOI,0.029348001861616766,Low Risk,84.35,High Value,Low Risk / High Value,Two year,42
8883-ANODQ,0.039353174903359725,Low Risk,84.4,High Value,Low Risk / High Value,Two year,68
4973-MGTON,0.010614444318518417,Low Risk,84.4,High Value,Low Risk / High Value,Two year,71
8661-BOYNW,0.015780473267469272,Low Risk,84.4,High Value,Low Risk / High Value,Two year,72
3108-PCCGG,0.015684817704626958,Low Risk,84.45,High Value,Low Risk / High Value,Two year,72
5766-FTRTS,0.007344622519634602,Low Risk,84.45,High Value,Low Risk / High Value,Two year,72
7971-HLVXI,0.051830578107688964,Low Risk,84.5,High Value,Low Risk / High Value,Two year,72
8390-FESFV,0.02082578646137577,Low Risk,84.5,High Value,Low Risk / High Value,Two year,62
9297-FVVDH,0.03228044630908176,Low Risk,84.5,High Value,Low Risk / High Value,Two year,57
1414-YADCW,0.011763180077608786,Low Risk,84.6,High Value,Low Risk / High Value,Two year,70
0014-BMAQU,0.030816027147000175,Low Risk,84.65,High Value,Low Risk / High Value,Two year,63
9135-MGVPY,0.01164426022278371,Low Risk,84.7,High Value,Low Risk / High Value,Two year,69
2987-BJXIK,0.015413627721003301,Low Risk,84.7,High Value,Low Risk / High Value,Two year,70
3262-EIDHV,0.009079759363951173,Low Risk,84.7,High Value,Low Risk / High Value,Two year,72
7570-WELNY,0.034698300467169096,Low Risk,84.7,High Value,Low Risk / High Value,Two year,68
8398-TBIYD,0.02621700118781502,Low Risk,84.7,High Value,Low Risk / High Value,Two year,72
5788-YPOEG,0.021822903223008745,Low Risk,84.75,High Value,Low Risk / High Value,Two year,34
1298-PHBTI,0.038894168962246935,Low Risk,84.8,High Value,Low Risk / High Value,Two year,71
2126-GSEGL,0.022728973817755453,Low Risk,84.8,High Value,Low Risk / High Value,Two year,70
8565-WUXZU,0.018936872973949567,Low Risk,84.8,High Value,Low Risk / High Value,Two year,72
6916-HIJSE,0.013933896983748351,Low Risk,84.85,High Value,Low Risk / High Value,Two year,65
8125-QPFJD,0.01688326403403205,Low Risk,84.9,High Value,Low Risk / High Value,Two year,72
6901-GOGZG,0.027670613440751432,Low Risk,84.95,High Value,Low Risk / High Value,Two year,60
6691-CCIHA,0.027219642751157274,Low Risk,84.95,High Value,Low Risk / High Value,Two year,62
2378-YIZKA,0.009646551867265776,Low Risk,85.0,High Value,Low Risk / High Value,Two year,68
9795-NREXC,0.020545120160776437,Low Risk,85.0,High Value,Low Risk / High Value,Two year,64
9453-PATOS,0.0077100544222420235,Low Risk,85.1,High Value,Low Risk / High Value,Two year,72
2404-JIBFC,0.025105438565567996,Low Risk,85.1,High Value,Low Risk / High Value,Two year,55
0078-XZMHT,0.02219250450374916,Low Risk,85.15,High Value,Low Risk / High Value,Two year,72
2252-NKNSI,0.02317799887084874,Low Risk,85.15,High Value,Low Risk / High Value,Two year,52
0455-ENTCR,0.016940896212227878,Low Risk,85.25,High Value,Low Risk / High Value,Two year,66
9225-BZLNZ,0.027218648939581664,Low Risk,85.25,High Value,Low Risk / High Value,Two year,72
0436-TWFFZ,0.019135424763015645,Low Risk,85.25,High Value,Low Risk / High Value,Two year,67
0945-TSONX,0.027273884670661257,Low Risk,85.3,High Value,Low Risk / High Value,Two year,47
6479-VDGRK,0.006916980344979401,Low Risk,85.3,High Value,Low Risk / High Value,Two year,72
2211-RMNHO,0.013996109237689899,Low Risk,85.3,High Value,Low Risk / High Value,Two year,68
0383-CLDDA,0.017427944369344153,Low Risk,85.35,High Value,Low Risk / High Value,Two year,69
7037-MTYVW,0.0425666499168479,Low Risk,85.4,High Value,Low Risk / High Value,Two year,38
6997-UVGOX,0.006935029072090067,Low Risk,85.45,High Value,Low Risk / High Value,Two year,71
6631-HMANX,0.019773057339307697,Low Risk,85.45,High Value,Low Risk / High Value,Two year,72
1084-MNSMJ,0.012675242048749685,Low Risk,85.5,High Value,Low Risk / High Value,Two year,51
7622-FWGEW,0.02290269233404652,Low Risk,85.65,High Value,Low Risk / High Value,Two year,56
6885-PKOAM,0.011063052726636744,Low Risk,85.75,High Value,Low Risk / High Value,Two year,71
2226-ICFDO,0.013321178657491743,Low Risk,85.9,High Value,Low Risk / High Value,Two year,72
5485-ITNPC,0.01313167823457273,Low Risk,85.9,High Value,Low Risk / High Value,Two year,66
6732-VAILE,0.017353561347481696,Low Risk,85.95,High Value,Low Risk / High Value,Two year,70
9339-FIIJL,0.014915216343532963,Low Risk,85.95,High Value,Low Risk / High Value,Two year,72
8374-UULRV,0.010144511425100493,Low Risk,86.05,High Value,Low Risk / High Value,Two year,72
9073-ZZIAY,0.012233578886989309,Low Risk,86.1,High Value,Low Risk / High Value,Two year,62
3259-QMXUN,0.04151632995295416,Low Risk,86.1,High Value,Low Risk / High Value,Two year,58
9435-JMLSX,0.011245635504715057,Low Risk,86.1,High Value,Low Risk / High Value,Two year,71
2990-OGYTD,0.018665742806920776,Low Risk,86.15,High Value,Low Risk / High Value,Two year,67
6339-TBELP,0.034048930952205896,Low Risk,86.4,High Value,Low Risk / High Value,Two year,71
8218-FFJDS,0.014579525205769443,Low Risk,86.4,High Value,Low Risk / High Value,Two year,72
7508-DQAKK,0.01818508000431426,Low Risk,86.4,High Value,Low Risk / High Value,Two year,64
5129-HHMZC,0.023828986655898263,Low Risk,86.45,High Value,Low Risk / High Value,Two year,43
3166-PNEOF,0.015566856177373032,Low Risk,86.45,High Value,Low Risk / High Value,Two year,61
6695-AMZUF,0.007700152340311189,Low Risk,86.45,High Value,Low Risk / High Value,Two year,70
3638-VBZTA,0.014656692437996627,Low Risk,86.5,High Value,Low Risk / High Value,Two year,68
8060-HIWJJ,0.018396218248249295,Low Risk,86.55,High Value,Low Risk / High Value,Two year,64
7301-ABVAD,0.016056311629567235,Low Risk,86.6,High Value,Low Risk / High Value,Two year,72
4723-BEGSG,0.010603482995852832,Low Risk,86.65,High Value,Low Risk / High Value,Two year,72
0744-BIKKF,0.01099812353480424,Low Risk,86.65,High Value,Low Risk / High Value,Two year,72
4006-HKYHO,0.014172987854372219,Low Risk,86.7,High Value,Low Risk / High Value,Two year,63
1498-NHTLT,0.01993576767583171,Low Risk,86.75,High Value,Low Risk / High Value,Two year,59
0363-SVHYR,0.01007876686087463,Low Risk,86.85,High Value,Low Risk / High Value,Two year,71
2885-HIJDH,0.012108004273552093,Low Risk,86.9,High Value,Low Risk / High Value,Two year,69
5980-BDHPY,0.015282814145749397,Low Risk,87.1,High Value,Low Risk / High Value,Two year,72
7609-YBPXG,0.021420432081129797,Low Risk,87.1,High Value,Low Risk / High Value,Two year,54
6365-HITVU,0.0069126258479831355,Low Risk,87.25,High Value,Low Risk / High Value,Two year,71
4077-HWUYD,0.014002172222976833,Low Risk,87.55,High Value,Low Risk / High Value,Two year,72
6461-SZMCV,0.0121228956724765,Low Risk,87.95,High Value,Low Risk / High Value,Two year,71
4178-EGMON,0.02151857810811594,Low Risk,88.0,High Value,Low Risk / High Value,Two year,70
8690-ZVLCL,0.010700271958119281,Low Risk,88.0,High Value,Low Risk / High Value,Two year,68
3146-MSEGF,0.01595600289205949,Low Risk,88.05,High Value,Low Risk / High Value,Two year,72
5879-HMFFH,0.011971304936737705,Low Risk,88.05,High Value,Low Risk / High Value,Two year,72
0123-CRBRT,0.013632529593266005,Low Risk,88.1,High Value,Low Risk / High Value,Two year,61
2088-IEBAU,0.02552768359296886,Low Risk,88.15,High Value,Low Risk / High Value,Two year,68
7873-CVMAW,0.010198751134587203,Low Risk,88.55,High Value,Low Risk / High Value,Two year,72
6963-EZQEE,0.01942355446831151,Low Risk,88.55,High Value,Low Risk / High Value,Two year,70
3649-JPUGY,0.02035601655846937,Low Risk,88.6,High Value,Low Risk / High Value,Two year,72
3654-ARMGP,0.019667435199807695,Low Risk,88.65,High Value,Low Risk / High Value,Two year,61
6701-YVNQG,0.013969997140542855,Low Risk,88.7,High Value,Low Risk / High Value,Two year,72
2925-VDZHY,0.009099473196585623,Low Risk,88.7,High Value,Low Risk / High Value,Two year,72
9220-ZNKJI,0.049683114132688874,Low Risk,88.8,High Value,Low Risk / High Value,Two year,55
8100-PNJMH,0.014340602965229246,Low Risk,88.85,High Value,Low Risk / High Value,Two year,68
4622-YNKIJ,0.11230254734036182,Low Risk,88.95,High Value,Low Risk / High Value,Two year,33
9553-DLCLU,0.054051494068503646,Low Risk,88.95,High Value,Low Risk / High Value,Two year,13
9415-ZNBSX,0.01490661752224617,Low Risk,89.0,High Value,Low Risk / High Value,Two year,70
5997-OPVFA,0.014913377557073034,Low Risk,89.05,High Value,Low Risk / High Value,Two year,72
6369-MCAKO,0.01616848851504408,Low Risk,89.05,High Value,Low Risk / High Value,Two year,68
3219-JQRSL,0.012718478511294814,Low Risk,89.1,High Value,Low Risk / High Value,Two year,72
1832-PEUTS,0.0690360214613386,Low Risk,89.1,High Value,Low Risk / High Value,Two year,62
7109-CQYUZ,0.027406470537698676,Low Risk,89.25,High Value,Low Risk / High Value,Two year,52
2194-IIQOF,0.010965109880574675,Low Risk,89.3,High Value,Low Risk / High Value,Two year,71
1187-WILMM,0.016126635768989026,Low Risk,89.4,High Value,Low Risk / High Value,Two year,63
6408-WHTEF,0.01256368365595517,Low Risk,89.4,High Value,Low Risk / High Value,Two year,72
6900-RBKER,0.10780566347838101,Low Risk,89.45,High Value,Low Risk / High Value,Two year,52
6726-NNFWD,0.039858023549295095,Low Risk,89.45,High Value,Low Risk / High Value,Two year,71
3398-GCPMU,0.015679406704971657,Low Risk,89.55,High Value,Low Risk / High Value,Two year,72
3428-MMGUB,0.11934074748254446,Low Risk,89.55,High Value,Low Risk / High Value,Two year,60
7164-BPTUT,0.014081557591916804,Low Risk,89.55,High Value,Low Risk / High Value,Two year,57
2863-IMQDR,0.020698853892992978,Low Risk,89.65,High Value,Low Risk / High Value,Two year,61
4137-JOPHL,0.06917097075541512,Low Risk,89.7,High Value,Low Risk / High Value,Two year,50
0238-WHBIQ,0.008529815710072703,Low Risk,89.7,High Value,Low Risk / High Value,Two year,72
9489-JMTTN,0.009411048719061739,Low Risk,89.75,High Value,Low Risk / High Value,Two year,72
4701-LKOZD,0.011486349565518821,Low Risk,89.75,High Value,Low Risk / High Value,Two year,70
7408-OFWXJ,0.009167014182291268,Low Risk,89.8,High Value,Low Risk / High Value,Two year,72
1775-KWJKQ,0.009095301647005446,Low Risk,89.85,High Value,Low Risk / High Value,Two year,72
7503-MIOGA,0.021205212367543625,Low Risk,89.85,High Value,Low Risk / High Value,Two year,72
2176-LVPNX,0.013544028962413834,Low Risk,89.85,High Value,Low Risk / High Value,Two year,71
0839-JTCUD,0.01094933848884244,Low Risk,89.9,High Value,Low Risk / High Value,Two year,66
4674-HGNUA,0.009325314394237132,Low Risk,89.9,High Value,Low Risk / High Value,Two year,71
5117-ZSMHQ,0.01004176300942641,Low Risk,89.9,High Value,Low Risk / High Value,Two year,71
7691-XVTZH,0.07359181670883659,Low Risk,89.95,High Value,Low Risk / High Value,Two year,68
2977-CEBSX,0.017860557880885128,Low Risk,90.05,High Value,Low Risk / High Value,Two year,66
1568-BEKZM,0.013646977253065393,Low Risk,90.05,High Value,Low Risk / High Value,Two year,70
2400-XIWIO,0.01560954264080332,Low Risk,90.1,High Value,Low Risk / High Value,Two year,71
5248-RPYWW,0.018293435630406932,Low Risk,90.15,High Value,Low Risk / High Value,Two year,72
6122-LJADA,0.012920396544683134,Low Risk,90.15,High Value,Low Risk / High Value,Two year,70
8871-JLMHM,0.026322309462584636,Low Risk,90.2,High Value,Low Risk / High Value,Two year,68
5248-YGIJN,0.013898591593244178,Low Risk,90.25,High Value,Low Risk / High Value,Two year,72
0730-BGQGF,0.008807328297567698,Low Risk,90.3,High Value,Low Risk / High Value,Two year,71
9348-ROUAI,0.01292955829785657,Low Risk,90.3,High Value,Low Risk / High Value,Two year,59
5684-FJVYR,0.021034399422764298,Low Risk,90.35,High Value,Low Risk / High Value,Two year,72
5248-KWLAR,0.013147467445418568,Low Risk,90.35,High Value,Low Risk / High Value,Two year,71
0795-LAFGP,0.0145423879505276,Low Risk,90.4,High Value,Low Risk / High Value,Two year,71
5414-OFQCB,0.07171863709841525,Low Risk,90.45,High Value,Low Risk / High Value,Two year,57
9548-ZMVTX,0.02076468065385851,Low Risk,90.45,High Value,Low Risk / High Value,Two year,72
0016-QLJIS,0.01662921571914912,Low Risk,90.45,High Value,Low Risk / High Value,Two year,65
9224-VTYID,0.027771391015657645,Low Risk,90.5,High Value,Low Risk / High Value,Two year,47
7398-HPYZQ,0.011491348336096743,Low Risk,90.55,High Value,Low Risk / High Value,Two year,71
3508-VLHCZ,0.012408371079167741,Low Risk,90.55,High Value,Low Risk / High Value,Two year,71
1951-IEYXM,0.012159089308046808,Low Risk,90.6,High Value,Low Risk / High Value,Two year,72
1897-OKVMW,0.016845181665667987,Low Risk,90.6,High Value,Low Risk / High Value,Two year,64
8413-YNHNV,0.011944000066551877,Low Risk,90.65,High Value,Low Risk / High Value,Two year,69
5214-NLTIT,0.053903564361607696,Low Risk,90.8,High Value,Low Risk / High Value,Two year,72
5727-MYATE,0.011961250766226998,Low Risk,90.8,High Value,Low Risk / High Value,Two year,72
6258-PVZWJ,0.016960693153984373,Low Risk,90.8,High Value,Low Risk / High Value,Two year,68
1971-DTCZB,0.015757633692361616,Low Risk,90.95,High Value,Low Risk / High Value,Two year,72
3569-JFODW,0.009385065033720282,Low Risk,90.95,High Value,Low Risk / High Value,Two year,72
7973-DZRKH,0.025219825142059133,Low Risk,90.95,High Value,Low Risk / High Value,Two year,66
5377-NDTOU,0.009212839519587354,Low Risk,91.05,High Value,Low Risk / High Value,Two year,71
5982-PSMKW,0.05597972927410038,Low Risk,91.1,High Value,Low Risk / High Value,Two year,23
1227-UDMZR,0.01651328387968521,Low Risk,91.15,High Value,Low Risk / High Value,Two year,72
7579-KKLOE,0.013749248779598608,Low Risk,91.25,High Value,Low Risk / High Value,Two year,71
7401-JIXNM,0.015805816662363487,Low Risk,91.3,High Value,Low Risk / High Value,Two year,54
9297-EONCV,0.016800624101424813,Low Risk,91.35,High Value,Low Risk / High Value,Two year,72
3227-WLKLI,0.012309036887664807,Low Risk,91.55,High Value,Low Risk / High Value,Two year,65
1455-HFBXA,0.042221930436847147,Low Risk,91.6,High Value,Low Risk / High Value,Two year,52
1642-HMARX,0.02606787011928876,Low Risk,91.7,High Value,Low Risk / High Value,Two year,68
7975-JMZNT,0.0136122297077781,Low Risk,91.7,High Value,Low Risk / High Value,Two year,66
4718-WXBGI,0.012521849616939217,Low Risk,91.95,High Value,Low Risk / High Value,Two year,72
9778-OGKQZ,0.015265999868181529,Low Risk,92.0,High Value,Low Risk / High Value,Two year,72
3084-DOWLE,0.01107081009221418,Low Risk,92.0,High Value,Low Risk / High Value,Two year,72
2990-IAJSV,0.011378821232188713,Low Risk,92.0,High Value,Low Risk / High Value,Two year,72
1063-DHQJF,0.03079042906454517,Low Risk,92.15,High Value,Low Risk / High Value,Two year,69
1568-LJSZU,0.014668840395487881,Low Risk,92.2,High Value,Low Risk / High Value,Two year,68
2000-DHJUY,0.021411033984416624,Low Risk,92.2,High Value,Low Risk / High Value,Two year,70
3967-KXAPS,0.010638322350249044,Low Risk,92.3,High Value,Low Risk / High Value,Two year,72
2167-FQSTQ,0.02286908382571828,Low Risk,92.4,High Value,Low Risk / High Value,Two year,72
8580-QVLOC,0.0106423484031777,Low Risk,92.45,High Value,Low Risk / High Value,Two year,72
0248-PGHBZ,0.03500511778907569,Low Risk,92.45,High Value,Low Risk / High Value,Two year,67
9589-ABEPT,0.04837919752770592,Low Risk,92.45,High Value,Low Risk / High Value,Two year,69
0244-LGNFY,0.010183574421174468,Low Risk,92.65,High Value,Low Risk / High Value,Two year,72
6435-VWCCY,0.060401070620017094,Low Risk,92.7,High Value,Low Risk / High Value,Two year,65
8670-MEFCP,0.03727170103144879,Low Risk,92.9,High Value,Low Risk / High Value,Two year,36
7322-OCWHC,0.03052105829769265,Low Risk,93.05,High Value,Low Risk / High Value,Two year,72
7159-NOKYQ,0.09942430465233362,Low Risk,93.15,High Value,Low Risk / High Value,Two year,67
3779-OSWCF,0.010654995370805914,Low Risk,93.2,High Value,Low Risk / High Value,Two year,71
8197-BFWVU,0.01395726011205914,Low Risk,93.25,High Value,Low Risk / High Value,Two year,72
7710-JSYOA,0.04414075930976755,Low Risk,93.3,High Value,Low Risk / High Value,Two year,69
9777-IQHWP,0.03802891720090855,Low Risk,93.4,High Value,Low Risk / High Value,Two year,64
2530-ENDWQ,0.0955929680473216,Low Risk,93.7,High Value,Low Risk / High Value,Two year,71
0716-BQNDX,0.07321987708518995,Low Risk,93.75,High Value,Low Risk / High Value,Two year,57
2225-ZRGSG,0.016464643665457173,Low Risk,93.9,High Value,Low Risk / High Value,Two year,70
3392-EHMNK,0.03101264744514201,Low Risk,94.1,High Value,Low Risk / High Value,Two year,67
2533-QVMSK,0.08095387225433219,Low Risk,94.1,High Value,Low Risk / High Value,Two year,61
4024-CSNBY,0.025672732218102227,Low Risk,94.25,High Value,Low Risk / High Value,Two year,72
5161-XEUVX,0.09272481393854363,Low Risk,94.3,High Value,Low Risk / High Value,Two year,37
5887-IKKYO,0.04973726211788858,Low Risk,94.35,High Value,Low Risk / High Value,Two year,58
5998-DZLYR,0.06371885278888452,Low Risk,94.35,High Value,Low Risk / High Value,Two year,61
2190-PHBHR,0.044270182147292045,Low Risk,94.45,High Value,Low Risk / High Value,Two year,72
1830-GGFNM,0.016772405653900046,Low Risk,94.55,High Value,Low Risk / High Value,Two year,65
2434-EEVDB,0.05764052437737618,Low Risk,94.6,High Value,Low Risk / High Value,Two year,64
6322-PJJDJ,0.15461023340042815,Low Risk,94.8,High Value,Low Risk / High Value,Two year,49
8174-TBVCF,0.017102564603274653,Low Risk,94.8,High Value,Low Risk / High Value,Two year,70
8465-SBRXP,0.11326456207365096,Low Risk,94.9,High Value,Low Risk / High Value,Two year,38
6838-YAUVY,0.08615743807669143,Low Risk,95.1,High Value,Low Risk / High Value,Two year,54
7765-LWVVH,0.05337764745577051,Low Risk,95.1,High Value,Low Risk / High Value,Two year,72
1930-QPBVZ,0.01837650050264257,Low Risk,95.1,High Value,Low Risk / High Value,Two year,68
6244-BESBM,0.04672621701166889,Low Risk,95.2,High Value,Low Risk / High Value,Two year,69
6568-POCUI,0.1024072222164254,Low Risk,95.2,High Value,Low Risk / High Value,Two year,45
1447-PJGGA,0.14332530509169913,Low Risk,95.25,High Value,Low Risk / High Value,Two year,57
7375-WMVMT,0.04010291308503065,Low Risk,95.5,High Value,Low Risk / High Value,Two year,71
9412-ARGBX,0.057831842496179287,Low Risk,95.5,High Value,Low Risk / High Value,Two year,48
0020-INWCK,0.05436184823540521,Low Risk,95.75,High Value,Low Risk / High Value,Two year,71
9128-CPXKI,0.09997624161873042,Low Risk,95.8,High Value,Low Risk / High Value,Two year,59
8639-NHQEI,0.040563031713556456,Low Risk,95.9,High Value,Low Risk / High Value,Two year,72
1527-SXDPN,0.07837903502527716,Low Risk,96.25,High Value,Low Risk / High Value,Two year,52
3841-NFECX,0.029063743794881042,Low Risk,96.35,High Value,Low Risk / High Value,Two year,71
7826-VVKWT,0.3094879520439034,High Risk,96.55,High Value,High Risk / High Value,Two year,24
2057-BOYKM,0.03028848246614402,Low Risk,96.6,High Value,Low Risk / High Value,Two year,72
6242-FEGFD,0.020344107145762947,Low Risk,96.6,High Value,Low Risk / High Value,Two year,66
5327-CNLUQ,0.08481776110845916,Low Risk,96.9,High Value,Low Risk / High Value,Two year,48
6719-FGEDO,0.026463460648572617,Low Risk,97.0,High Value,Low Risk / High Value,Two year,72
6035-RIIOM,0.13608603897109733,Low Risk,97.2,High Value,Low Risk / High Value,Two year,54
9715-WZCLW,0.08352437688028806,Low Risk,97.2,High Value,Low Risk / High Value,Two year,71
9933-QRGTX,0.06913454117938235,Low Risk,97.2,High Value,Low Risk / High Value,Two year,60
4159-NAAIX,0.0849339538887045,Low Risk,97.45,High Value,Low Risk / High Value,Two year,63
0727-BNRLG,0.048384987340007166,Low Risk,97.65,High Value,Low Risk / High Value,Two year,69
8152-VETUR,0.07846497795004315,Low Risk,97.7,High Value,Low Risk / High Value,Two year,72
3133-PZNSR,0.027256831185608763,Low Risk,97.75,High Value,Low Risk / High Value,Two year,72
1304-SEGFY,0.1237309256158603,Low Risk,97.85,High Value,Low Risk / High Value,Two year,72
6176-YJWAS,0.044105089881053786,Low Risk,97.95,High Value,Low Risk / High Value,Two year,72
3134-DSHVC,0.041404015903691506,Low Risk,98.0,High Value,Low Risk / High Value,Two year,63
1937-OTUKY,0.03901950156711207,Low Risk,98.2,High Value,Low Risk / High Value,Two year,72
6797-LNAQX,0.0578159074694099,Low Risk,98.3,High Value,Low Risk / High Value,Two year,70
5663-QBGIS,0.07450995778311148,Low Risk,98.35,High Value,Low Risk / High Value,Two year,72
7730-CLDSV,0.043677473890161675,Low Risk,98.65,High Value,Low Risk / High Value,Two year,72
4686-GEFRM,0.050970967211073165,Low Risk,98.7,High Value,Low Risk / High Value,Two year,70
5229-DTFYB,0.10915893907423044,Low Risk,98.8,High Value,Low Risk / High Value,Two year,41
3230-JCNZS,0.039926211431128,Low Risk,99.0,High Value,Low Risk / High Value,Two year,71
0815-MFZGM,0.11159832221319241,Low Risk,99.0,High Value,Low Risk / High Value,Two year,42
1545-JFUML,0.06433854404310259,Low Risk,99.0,High Value,Low Risk / High Value,Two year,71
4049-ZPALD,0.06825442362913357,Low Risk,99.0,High Value,Low Risk / High Value,Two year,64
5716-EZXZN,0.033783142150351796,Low Risk,99.05,High Value,Low Risk / High Value,Two year,65
0742-LAFQK,0.0693399320993927,Low Risk,99.15,High Value,Low Risk / High Value,Two year,72
3705-RHRFR,0.05740964426642021,Low Risk,99.15,High Value,Low Risk / High Value,Two year,69
2277-BKJKN,0.11754808802474039,Low Risk,99.2,High Value,Low Risk / High Value,Two year,71
9570-KYEUA,0.0343836402215446,Low Risk,99.25,High Value,Low Risk / High Value,Two year,64
8929-KSWIH,0.1347386943487896,Low Risk,99.3,High Value,Low Risk / High Value,Two year,25
1325-USMEC,0.04588920139047599,Low Risk,99.35,High Value,Low Risk / High Value,Two year,70
6196-HBOBZ,0.07375074906093802,Low Risk,99.35,High Value,Low Risk / High Value,Two year,65
4419-UJMUS,0.09076937702996338,Low Risk,99.35,High Value,Low Risk / High Value,Two year,69
7005-CYUIL,0.04663119160938939,Low Risk,99.4,High Value,Low Risk / High Value,Two year,71
0665-XHDJU,0.11975325373496704,Low Risk,99.4,High Value,Low Risk / High Value,Two year,72
7954-MLBUN,0.11610790437504871,Low Risk,99.45,High Value,Low Risk / High Value,Two year,31
6103-LIANB,0.10945445395168044,Low Risk,99.5,High Value,Low Risk / High Value,Two year,59
0320-DWVTU,0.03207573886018415,Low Risk,99.5,High Value,Low Risk / High Value,Two year,53
9938-TKDGL,0.04935035690232023,Low Risk,99.55,High Value,Low Risk / High Value,Two year,68
3070-BDOQC,0.12106594724994735,Low Risk,99.65,High Value,Low Risk / High Value,Two year,60
5693-PIPCS,0.10489329434266711,Low Risk,99.65,High Value,Low Risk / High Value,Two year,41
0572-ZJKLT,0.04849541177491945,Low Risk,99.65,High Value,Low Risk / High Value,Two year,46
4713-ZBURT,0.12876009400951133,Low Risk,99.7,High Value,Low Risk / High Value,Two year,45
6211-WWLTF,0.04597768626876564,Low Risk,99.7,High Value,Low Risk / High Value,Two year,63
6234-RAAPL,0.02237722182069717,Low Risk,99.9,High Value,Low Risk / High Value,Two year,72
0356-OBMAC,0.09522096483771135,Low Risk,99.9,High Value,Low Risk / High Value,Two year,56
5090-EMGTC,0.06958480181936057,Low Risk,100.05,High Value,Low Risk / High Value,Two year,59
2578-JQPHZ,0.08234432182706197,Low Risk,100.1,High Value,Low Risk / High Value,Two year,44
9028-LIHRP,0.01559335246892355,Low Risk,100.2,High Value,Low Risk / High Value,Two year,71
4366-CTOUZ,0.0853571788002487,Low Risk,100.2,High Value,Low Risk / High Value,Two year,50
8216-AZUUZ,0.14137416368065842,Low Risk,100.4,High Value,Low Risk / High Value,Two year,42
8659-IOOPU,0.03511250574853744,Low Risk,100.45,High Value,Low Risk / High Value,Two year,71
1116-DXXDF,0.15740000144841307,Low Risk,100.45,High Value,Low Risk / High Value,Two year,39
6463-HHXJR,0.030179615942577374,Low Risk,100.5,High Value,Low Risk / High Value,Two year,71
7641-TQFHN,0.10154314101356435,Low Risk,100.55,High Value,Low Risk / High Value,Two year,39
8809-XKHMD,0.03616011113809447,Low Risk,100.55,High Value,Low Risk / High Value,Two year,72
5781-BKHOP,0.036000828928368984,Low Risk,100.65,High Value,Low Risk / High Value,Two year,72
5278-PNYOX,0.06847501245199186,Low Risk,100.65,High Value,Low Risk / High Value,Two year,49
9848-JQJTX,0.09606284741392741,Low Risk,100.9,High Value,Low Risk / High Value,Two year,72
2521-NPUZR,0.018446755869095912,Low Risk,101.0,High Value,Low Risk / High Value,Two year,70
1095-WGNGG,0.11240641497889105,Low Risk,101.05,High Value,Low Risk / High Value,Two year,61
5453-YBTWV,0.021364414493610737,Low Risk,101.1,High Value,Low Risk / High Value,Two year,70
7182-OVLBJ,0.09053263749957391,Low Risk,101.15,High Value,Low Risk / High Value,Two year,62
3716-LRGXK,0.09027730867678772,Low Risk,101.15,High Value,Low Risk / High Value,Two year,60
0019-EFAEP,0.04856984019914468,Low Risk,101.3,High Value,Low Risk / High Value,Two year,72
4884-TVUQF,0.0493942172235909,Low Risk,101.3,High Value,Low Risk / High Value,Two year,57
9076-AXYIK,0.10904776236192666,Low Risk,102.1,High Value,Low Risk / High Value,Two year,64
6999-CHVCF,0.05724959652284855,Low Risk,102.1,High Value,Low Risk / High Value,Two year,68
0201-MIBOL,0.09629115792969886,Low Risk,102.4,High Value,Low Risk / High Value,Two year,66
9432-RUVSL,0.07129766464133086,Low Risk,102.5,High Value,Low Risk / High Value,Two year,48
2019-HDCZY,0.11463446376926098,Low Risk,102.6,High Value,Low Risk / High Value,Two year,63
2878-RMWXY,0.05759690450955456,Low Risk,102.65,High Value,Low Risk / High Value,Two year,72
4199-QHJNM,0.07030216897178991,Low Risk,102.9,High Value,Low Risk / High Value,Two year,67
5696-CEIQJ,0.036245666699378405,Low Risk,103.15,High Value,Low Risk / High Value,Two year,67
6766-HFKLA,0.08350706996316212,Low Risk,103.2,High Value,Low Risk / High Value,Two year,56
2530-FMFXO,0.13230766087327375,Low Risk,103.2,High Value,Low Risk / High Value,Two year,56
9625-QNLUX,0.044898227419643395,Low Risk,103.25,High Value,Low Risk / High Value,Two year,68
8809-RIHDD,0.103837319561059,Low Risk,103.4,High Value,Low Risk / High Value,Two year,72
6749-UTDVX,0.12718145180380214,Low Risk,103.65,High Value,Low Risk / High Value,Two year,72
0862-PRCBS,0.061388015142277215,Low Risk,103.75,High Value,Low Risk / High Value,Two year,68
4822-LPTYJ,0.08901549659953935,Low Risk,103.75,High Value,Low Risk / High Value,Two year,72
7663-YJHSN,0.03813724487588304,Low Risk,103.95,High Value,Low Risk / High Value,Two year,72
9958-MEKUC,0.0212420364687641,Low Risk,103.95,High Value,Low Risk / High Value,Two year,72
4853-RULSV,0.053030151119627784,Low Risk,104.0,High Value,Low Risk / High Value,Two year,70
7036-TYDEC,0.07847125541752534,Low Risk,104.0,High Value,Low Risk / High Value,Two year,69
4129-LYCOI,0.09311808424226428,Low Risk,104.0,High Value,Low Risk / High Value,Two year,67
8089-UZWLX,0.09434231342017337,Low Risk,104.05,High Value,Low Risk / High Value,Two year,71
7572-KPVKK,0.11679102883143137,Low Risk,104.05,High Value,Low Risk / High Value,Two year,62
0868-VJRDR,0.04091514934288757,Low Risk,104.05,High Value,Low Risk / High Value,Two year,64
2927-CVULT,0.05372876973844811,Low Risk,104.05,High Value,Low Risk / High Value,Two year,53
6374-NTQLP,0.039992473550704816,Low Risk,104.1,High Value,Low Risk / High Value,Two year,72
0960-HUWBM,0.0775777697200134,Low Risk,104.1,High Value,Low Risk / High Value,Two year,65
0917-EZOLA,0.11780239819966175,Low Risk,104.15,High Value,Low Risk / High Value,Two year,72
6257-DTAYD,0.06412197818033297,Low Risk,104.15,High Value,Low Risk / High Value,Two year,71
6616-AALSR,0.07162706869355474,Low Risk,104.3,High Value,Low Risk / High Value,Two year,65
7208-PSIHR,0.07966148122605177,Low Risk,104.3,High Value,Low Risk / High Value,Two year,70
2324-EFHVG,0.11231546111209334,Low Risk,104.4,High Value,Low Risk / High Value,Two year,64
6603-QWSPR,0.10285128289884242,Low Risk,104.4,High Value,Low Risk / High Value,Two year,46
3597-YASZG,0.09046980436253091,Low Risk,104.45,High Value,Low Risk / High Value,Two year,70
6680-NENYN,0.24855751603809026,High Risk,104.6,High Value,High Risk / High Value,Two year,43
8466-PZBLH,0.03773255289381536,Low Risk,104.6,High Value,Low Risk / High Value,Two year,67
2001-EWBQU,0.12346811145109161,Low Risk,104.7,High Value,Low Risk / High Value,Two year,60
5193-QLVZB,0.11282524803866509,Low Risk,104.75,High Value,Low Risk / High Value,Two year,63
3552-CTCYF,0.09981873447354325,Low Risk,104.8,High Value,Low Risk / High Value,Two year,63
5286-YHCVC,0.09064536912939733,Low Risk,104.8,High Value,Low Risk / High Value,Two year,72
2984-TBYKU,0.031094001067908432,Low Risk,104.9,High Value,Low Risk / High Value,Two year,72
2664-XJZNO,0.03313858137319614,Low Risk,104.9,High Value,Low Risk / High Value,Two year,72
0392-BZIUW,0.07129940160913543,Low Risk,105.0,High Value,Low Risk / High Value,Two year,72
6837-HAEVO,0.11601484807579251,Low Risk,105.0,High Value,Low Risk / High Value,Two year,69
7516-GMHUV,0.1379495272994131,Low Risk,105.05,High Value,Low Risk / High Value,Two year,50
6734-FQAJX,0.0716758819225417,Low Risk,105.05,High Value,Low Risk / High Value,Two year,67
3197-NNYNB,0.07021206607197171,Low Risk,105.1,High Value,Low Risk / High Value,Two year,65
5360-LJCNJ,0.09927355561362922,Low Risk,105.15,High Value,Low Risk / High Value,Two year,71
8984-EYLLL,0.11279214312215553,Low Risk,105.25,High Value,Low Risk / High Value,Two year,64
4043-MKDTV,0.06751453834022438,Low Risk,105.25,High Value,Low Risk / High Value,Two year,71
5965-GGPRW,0.047640138291151844,Low Risk,105.25,High Value,Low Risk / High Value,Two year,72
4378-MYPGO,0.04859436617997752,Low Risk,105.25,High Value,Low Risk / High Value,Two year,68
6050-FFXES,0.061056722689680286,Low Risk,105.35,High Value,Low Risk / High Value,Two year,69
1576-PFZIW,0.045159569392305074,Low Risk,105.35,High Value,Low Risk / High Value,Two year,70
6048-UWKAL,0.05734642211245627,Low Risk,105.4,High Value,Low Risk / High Value,Two year,69
9586-JGQKH,0.08636009451586513,Low Risk,105.4,High Value,Low Risk / High Value,Two year,64
0479-HMSWA,0.17826384460372327,Low Risk,105.45,High Value,Low Risk / High Value,Two year,26
1090-ESELR,0.023069328245999127,Low Risk,105.5,High Value,Low Risk / High Value,Two year,72
4389-UEFCZ,0.1002480528593335,Low Risk,105.5,High Value,Low Risk / High Value,Two year,72
3363-DTIVD,0.06323104395678997,Low Risk,105.55,High Value,Low Risk / High Value,Two year,71
0678-RLHVP,0.1461504199222743,Low Risk,105.55,High Value,Low Risk / High Value,Two year,53
0401-WDBXM,0.06426445376610494,Low Risk,105.55,High Value,Low Risk / High Value,Two year,72
0853-TWRVK,0.026581939045473436,Low Risk,105.6,High Value,Low Risk / High Value,Two year,72
0266-CLZKZ,0.06986849813486264,Low Risk,105.65,High Value,Low Risk / High Value,Two year,67
3186-AJIEK,0.04684229164924427,Low Risk,105.65,High Value,Low Risk / High Value,Two year,66
8777-MBMTS,0.06819659284797412,Low Risk,105.85,High Value,Low Risk / High Value,Two year,65
3259-FDWOY,0.08762704334818179,Low Risk,106.0,High Value,Low Risk / High Value,Two year,71
1621-YNCJH,0.08517073028505215,Low Risk,106.05,High Value,Low Risk / High Value,Two year,36
7762-URZQH,0.07994688516854237,Low Risk,106.05,High Value,Low Risk / High Value,Two year,66
5668-MEISB,0.021607534578119227,Low Risk,106.1,High Value,Low Risk / High Value,Two year,72
1452-UZOSF,0.028573936302906024,Low Risk,106.1,High Value,Low Risk / High Value,Two year,72
3374-TTZTK,0.08250801651932033,Low Risk,106.3,High Value,Low Risk / High Value,Two year,52
8107-RZLNV,0.09096710784823293,Low Risk,106.3,High Value,Low Risk / High Value,Two year,72
5161-UBZXI,0.03119744783871073,Low Risk,106.35,High Value,Low Risk / High Value,Two year,69
5748-RNCJT,0.0833958699232491,Low Risk,106.5,High Value,Low Risk / High Value,Two year,69
6804-GDMOI,0.13218102834636333,Low Risk,106.6,High Value,Low Risk / High Value,Two year,61
5855-EIBDE,0.044148666906729105,Low Risk,106.65,High Value,Low Risk / High Value,Two year,49
9959-WOFKT,0.04623177985259882,Low Risk,106.7,High Value,Low Risk / High Value,Two year,71
5055-BRMNE,0.03558447713974823,Low Risk,106.7,High Value,Low Risk / High Value,Two year,67
9558-IHEZX,0.061878076116636566,Low Risk,106.75,High Value,Low Risk / High Value,Two year,71
4119-ZYPZY,0.11569314805223087,Low Risk,106.8,High Value,Low Risk / High Value,Two year,71
8024-XNAFQ,0.04759012947231447,Low Risk,107.4,High Value,Low Risk / High Value,Two year,72
4056-QHXHZ,0.03334875198723432,Low Risk,107.45,High Value,Low Risk / High Value,Two year,72
8265-HKSOW,0.021396727592562805,Low Risk,107.45,High Value,Low Risk / High Value,Two year,72
5954-BDFSG,0.07595249729725376,Low Risk,107.5,High Value,Low Risk / High Value,Two year,72
4683-WYDOU,0.10484103265322446,Low Risk,107.6,High Value,Low Risk / High Value,Two year,62
3096-YXENJ,0.0881491439001109,Low Risk,107.65,High Value,Low Risk / High Value,Two year,65
8915-NNTRC,0.04294937712082887,Low Risk,107.7,High Value,Low Risk / High Value,Two year,72
1400-WIVLL,0.10167833571106197,Low Risk,107.95,High Value,Low Risk / High Value,Two year,57
6386-SZZKH,0.10854201945193308,Low Risk,107.95,High Value,Low Risk / High Value,Two year,49
2651-ZCBXV,0.07158423738118648,Low Risk,108.0,High Value,Low Risk / High Value,Two year,54
2834-JRTUA,0.07606718731376313,Low Risk,108.05,High Value,Low Risk / High Value,Two year,71
9861-PDSZP,0.06827450574275028,Low Risk,108.05,High Value,Low Risk / High Value,Two year,72
6583-SZVGP,0.15554617188871242,Low Risk,108.1,High Value,Low Risk / High Value,Two year,48
7134-HBPBS,0.08929398264869645,Low Risk,108.1,High Value,Low Risk / High Value,Two year,72
0181-RITDD,0.030173223365595695,Low Risk,108.15,High Value,Low Risk / High Value,Two year,62
9031-ZVQPT,0.09646020623267534,Low Risk,108.2,High Value,Low Risk / High Value,Two year,72
6519-ZHPXP,0.033060929905034786,Low Risk,108.3,High Value,Low Risk / High Value,Two year,72
5440-FLBQG,0.08974929969748613,Low Risk,108.4,High Value,Low Risk / High Value,Two year,69
2419-FSORS,0.09305400901158671,Low Risk,108.4,High Value,Low Risk / High Value,Two year,72
1320-GVNHT,0.055431505815519075,Low Risk,108.4,High Value,Low Risk / High Value,Two year,72
8041-TMEID,0.07411880723666504,Low Risk,108.5,High Value,Low Risk / High Value,Two year,63
2798-NYLMZ,0.05327632658653302,Low Risk,108.55,High Value,Low Risk / High Value,Two year,71
7317-GGVPB,0.06752032675494836,Low Risk,108.6,High Value,Low Risk / High Value,Two year,71
2001-MCUUW,0.12309246808240967,Low Risk,108.65,High Value,Low Risk / High Value,Two year,46
6990-YNRIO,0.04135049490982532,Low Risk,108.65,High Value,Low Risk / High Value,Two year,65
1053-MXTTK,0.03332628865631909,Low Risk,108.65,High Value,Low Risk / High Value,Two year,72
1150-WFARN,0.05135120248582835,Low Risk,108.75,High Value,Low Risk / High Value,Two year,67
4016-BJKTZ,0.20424282316653425,High Risk,108.9,High Value,High Risk / High Value,Two year,25
0345-XMMUG,0.11766893731273907,Low Risk,108.9,High Value,Low Risk / High Value,Two year,46
5172-RKOCB,0.04804152476440077,Low Risk,108.95,High Value,Low Risk / High Value,Two year,72
6733-LRIZX,0.1847613654838842,Low Risk,108.95,High Value,Low Risk / High Value,Two year,35
3407-JMJQQ,0.06237427296852662,Low Risk,109.0,High Value,Low Risk / High Value,Two year,71
3766-EJLFL,0.058036500175481016,Low Risk,109.05,High Value,Low Risk / High Value,Two year,68
2307-FYNNL,0.11120665696234683,Low Risk,109.05,High Value,Low Risk / High Value,Two year,65
8819-ZBYNA,0.06901817486519142,Low Risk,109.1,High Value,Low Risk / High Value,Two year,58
6614-FHDBO,0.05266575281397134,Low Risk,109.2,High Value,Low Risk / High Value,Two year,72
3612-YUNGG,0.06491494169069463,Low Risk,109.2,High Value,Low Risk / High Value,Two year,64
5574-NXZIU,0.03368522475352414,Low Risk,109.2,High Value,Low Risk / High Value,Two year,63
8901-UPRHR,0.06126762900055442,Low Risk,109.2,High Value,Low Risk / High Value,Two year,72
3617-XLSGQ,0.05013738137333664,Low Risk,109.25,High Value,Low Risk / High Value,Two year,66
6308-CQRBU,0.07202732299593312,Low Risk,109.25,High Value,Low Risk / High Value,Two year,71
9488-FYQAU,0.08949778985468244,Low Risk,109.25,High Value,Low Risk / High Value,Two year,63
1163-VIPRI,0.06279820283803457,Low Risk,109.3,High Value,Low Risk / High Value,Two year,65
2599-CIPQE,0.022870701722110708,Low Risk,109.3,High Value,Low Risk / High Value,Two year,71
1428-IEDPR,0.12342957519371309,Low Risk,109.3,High Value,Low Risk / High Value,Two year,52
5089-IFSDP,0.0935882428531045,Low Risk,109.45,High Value,Low Risk / High Value,Two year,58
3831-YCPUO,0.0313962482116831,Low Risk,109.5,High Value,Low Risk / High Value,Two year,72
9802-CAQUT,0.04157543410574669,Low Risk,109.55,High Value,Low Risk / High Value,Two year,72
0536-ACXIP,0.10283348387870207,Low Risk,109.55,High Value,Low Risk / High Value,Two year,72
3518-FSTWG,0.08666035595717882,Low Risk,109.55,High Value,Low Risk / High Value,Two year,72
5013-SBUIH,0.1187648450879167,Low Risk,109.65,High Value,Low Risk / High Value,Two year,50
6295-OSINB,0.09310444854742257,Low Risk,109.65,High Value,Low Risk / High Value,Two year,72
9680-NIAUV,0.04446908639851906,Low Risk,109.7,High Value,Low Risk / High Value,Two year,72
0013-SMEOE,0.051833209432358175,Low Risk,109.7,High Value,Low Risk / High Value,Two year,71
4909-JOUPP,0.059210017422464685,Low Risk,109.7,High Value,Low Risk / High Value,Two year,72
1725-IQNIY,0.04546525286609247,Low Risk,109.75,High Value,Low Risk / High Value,Two year,54
7446-KQISO,0.11455820581342108,Low Risk,109.75,High Value,Low Risk / High Value,Two year,45
9866-OCCKE,0.07272141511031635,Low Risk,109.75,High Value,Low Risk / High Value,Two year,72
1162-ECVII,0.0888511834936007,Low Risk,109.75,High Value,Low Risk / High Value,Two year,72
4670-TABXH,0.06405755720028933,Low Risk,109.75,High Value,Low Risk / High Value,Two year,72
0254-FNMCI,0.04944391783953653,Low Risk,109.9,High Value,Low Risk / High Value,Two year,72
0136-IFMYD,0.1257497446171409,Low Risk,109.95,High Value,Low Risk / High Value,Two year,69
1841-YSJGV,0.046987455197394654,Low Risk,109.95,High Value,Low Risk / High Value,Two year,72
3192-NQECA,0.08222388659423718,Low Risk,110.0,High Value,Low Risk / High Value,Two year,68
7868-TMWMZ,0.06617752909436736,Low Risk,110.0,High Value,Low Risk / High Value,Two year,60
2988-QRAJY,0.06685645588399981,Low Risk,110.05,High Value,Low Risk / High Value,Two year,69
4778-IZARL,0.04166424250341736,Low Risk,110.1,High Value,Low Risk / High Value,Two year,63
3244-CQPHU,0.06201874866360803,Low Risk,110.1,High Value,Low Risk / High Value,Two year,72
9070-BCKQP,0.054211686258629835,Low Risk,110.15,High Value,Low Risk / High Value,Two year,72
7566-DSRLQ,0.09984800753600287,Low Risk,110.15,High Value,Low Risk / High Value,Two year,72
5153-LXKDT,0.08869783687092196,Low Risk,110.2,High Value,Low Risk / High Value,Two year,68
8707-HOEDG,0.08879291914636203,Low Risk,110.2,High Value,Low Risk / High Value,Two year,70
4627-MIHJH,0.050436059833808305,Low Risk,110.25,High Value,Low Risk / High Value,Two year,69
1936-UAFEH,0.03654463866081586,Low Risk,110.25,High Value,Low Risk / High Value,Two year,68
3580-HYCSP,0.061768466255791174,Low Risk,110.3,High Value,Low Risk / High Value,Two year,72
2789-CZANW,0.0393731262448375,Low Risk,110.3,High Value,Low Risk / High Value,Two year,64
3729-OWRVL,0.11320247517589342,Low Risk,110.35,High Value,Low Risk / High Value,Two year,65
7602-MVRMB,0.05336102545088815,Low Risk,110.45,High Value,Low Risk / High Value,Two year,72
8309-PPCED,0.07468007750599807,Low Risk,110.45,High Value,Low Risk / High Value,Two year,72
1409-PHXTF,0.175389717628597,Low Risk,110.45,High Value,Low Risk / High Value,Two year,54
7519-JTWQH,0.07587708084674433,Low Risk,110.5,High Value,Low Risk / High Value,Two year,69
9405-GPBBG,0.08218722822653626,Low Risk,110.5,High Value,Low Risk / High Value,Two year,64
6297-NOOPG,0.10310191356770886,Low Risk,110.5,High Value,Low Risk / High Value,Two year,70
1291-CUOCY,0.06694064046451668,Low Risk,110.6,High Value,Low Risk / High Value,Two year,72
6993-YCOBK,0.08772907556487211,Low Risk,110.6,High Value,Low Risk / High Value,Two year,60
8823-RLPWL,0.06858526555498977,Low Risk,110.65,High Value,Low Risk / High Value,Two year,72
2272-WUSPA,0.09027904314902638,Low Risk,110.75,High Value,Low Risk / High Value,Two year,72
2499-AJYUA,0.08139168219077124,Low Risk,110.8,High Value,Low Risk / High Value,Two year,72
5795-KTGUD,0.07962403672669867,Low Risk,110.8,High Value,Low Risk / High Value,Two year,68
9330-VOFSZ,0.08960269452713093,Low Risk,110.8,High Value,Low Risk / High Value,Two year,60
4616-ULAOA,0.07062451228347562,Low Risk,110.8,High Value,Low Risk / High Value,Two year,65
9351-HXDMR,0.05807324896852099,Low Risk,110.9,High Value,Low Risk / High Value,Two year,72
7030-FZTFM,0.041283595746963817,Low Risk,110.9,High Value,Low Risk / High Value,Two year,72
2323-ARSVR,0.057158636961036256,Low Risk,111.05,High Value,Low Risk / High Value,Two year,67
8591-TKMZH,0.058114198600404655,Low Risk,111.1,High Value,Low Risk / High Value,Two year,59
5514-YQENT,0.09147828132431829,Low Risk,111.15,High Value,Low Risk / High Value,Two year,41
8071-SBTRN,0.0714996469412321,Low Risk,111.15,High Value,Low Risk / High Value,Two year,70
3022-BEXHZ,0.0724054132836723,Low Risk,111.2,High Value,Low Risk / High Value,Two year,67
0835-JKADZ,0.10334260164379763,Low Risk,111.25,High Value,Low Risk / High Value,Two year,71
2773-OVBPK,0.08397315995296095,Low Risk,111.3,High Value,Low Risk / High Value,Two year,67
3508-CFVZL,0.039673745506315,Low Risk,111.3,High Value,Low Risk / High Value,Two year,71
1891-QRQSA,0.07391035485188868,Low Risk,111.6,High Value,Low Risk / High Value,Two year,64
8853-TZDGH,0.07420718516120807,Low Risk,111.6,High Value,Low Risk / High Value,Two year,72
3090-HAWSU,0.07115937545418378,Low Risk,111.6,High Value,Low Risk / High Value,Two year,61
2469-DTSGX,0.08596452408709519,Low Risk,111.65,High Value,Low Risk / High Value,Two year,72
5304-EFJLP,0.0885137845082521,Low Risk,111.65,High Value,Low Risk / High Value,Two year,72
2632-IVXVF,0.03700201911731013,Low Risk,111.75,High Value,Low Risk / High Value,Two year,68
8099-MZPUJ,0.055225774870054645,Low Risk,111.8,High Value,Low Risk / High Value,Two year,48
0619-OLYUR,0.054486445920224204,Low Risk,111.9,High Value,Low Risk / High Value,Two year,72
7055-JCGNI,0.052780501237386486,Low Risk,111.95,High Value,Low Risk / High Value,Two year,70
2193-SFWQW,0.024250398263234198,Low Risk,111.95,High Value,Low Risk / High Value,Two year,72
0378-CJKPV,0.03558479631748271,Low Risk,112.1,High Value,Low Risk / High Value,Two year,72
7255-SSFBC,0.06278625114953498,Low Risk,112.25,High Value,Low Risk / High Value,Two year,72
4829-ZLJTK,0.11576522718815786,Low Risk,112.4,High Value,Low Risk / High Value,Two year,72
6993-YGFJV,0.05864142252608871,Low Risk,112.55,High Value,Low Risk / High Value,Two year,69
3520-FJGCV,0.04345152779588771,Low Risk,112.6,High Value,Low Risk / High Value,Two year,72
5183-KLYEM,0.052303267141741355,Low Risk,112.75,High Value,Low Risk / High Value,Two year,72
5236-PERKL,0.10237346403769221,Low Risk,112.95,High Value,Low Risk / High Value,Two year,57
0907-HQNTS,0.06694765969213787,Low Risk,113.0,High Value,Low Risk / High Value,Two year,70
3870-SPZSI,0.04573686816366428,Low Risk,113.05,High Value,Low Risk / High Value,Two year,70
6859-QNXIQ,0.04954139389933643,Low Risk,113.1,High Value,Low Risk / High Value,Two year,72
1043-UXOVO,0.0518738681638869,Low Risk,113.15,High Value,Low Risk / High Value,Two year,71
5271-YNWVR,0.07199943000217472,Low Risk,113.15,High Value,Low Risk / High Value,Two year,68
9786-IJYDL,0.1173012728836289,Low Risk,113.2,High Value,Low Risk / High Value,Two year,35
3655-SNQYZ,0.034964131792670564,Low Risk,113.25,High Value,Low Risk / High Value,Two year,69
8670-ERCJH,0.03935272835299694,Low Risk,113.4,High Value,Low Risk / High Value,Two year,72
7740-BTPUX,0.16895396833558277,Low Risk,113.6,High Value,Low Risk / High Value,Two year,55
9239-GZHZE,0.050431064607010856,Low Risk,113.65,High Value,Low Risk / High Value,Two year,72
5038-ETMLM,0.05564500210799521,Low Risk,113.65,High Value,Low Risk / High Value,Two year,72
4806-DXQCE,0.08843458788494156,Low Risk,113.65,High Value,Low Risk / High Value,Two year,70
2368-GAKKQ,0.05808226286222566,Low Risk,113.65,High Value,Low Risk / High Value,Two year,70
9258-CNWAC,0.03362059995182898,Low Risk,113.65,High Value,Low Risk / High Value,Two year,71
7663-CUXZB,0.06749367913417438,Low Risk,113.75,High Value,Low Risk / High Value,Two year,59
3258-SYSWS,0.043863909812057934,Low Risk,113.8,High Value,Low Risk / High Value,Two year,72
8085-MSNLK,0.045566365145567514,Low Risk,113.95,High Value,Low Risk / High Value,Two year,62
9127-FHJBZ,0.061202810256073215,Low Risk,114.0,High Value,Low Risk / High Value,Two year,72
3726-TBHQT,0.04946049507406966,Low Risk,114.0,High Value,Low Risk / High Value,Two year,71
4376-KFVRS,0.04684636233269191,Low Risk,114.05,High Value,Low Risk / High Value,Two year,72
3892-NXAZG,0.04450079224989424,Low Risk,114.05,High Value,Low Risk / High Value,Two year,72
9637-CDTKZ,0.04847292049165594,Low Risk,114.1,High Value,Low Risk / High Value,Two year,72
1555-DJEQW,0.046781084869079385,Low Risk,114.2,High Value,Low Risk / High Value,Two year,70
0266-GMEAO,0.04147892871594094,Low Risk,114.3,High Value,Low Risk / High Value,Two year,72
7929-SKFGK,0.04072212742297025,Low Risk,114.3,High Value,Low Risk / High Value,Two year,70
5375-XLDOF,0.047455113817417294,Low Risk,114.35,High Value,Low Risk / High Value,Two year,69
7359-WWYJV,0.03775221224348959,Low Risk,114.45,High Value,Low Risk / High Value,Two year,72
2040-XBAVJ,0.03273737303209216,Low Risk,114.45,High Value,Low Risk / High Value,Two year,72
5135-GRQJV,0.06529595372334954,Low Risk,114.5,High Value,Low Risk / High Value,Two year,72
8207-DMRVL,0.03469629920668006,Low Risk,114.55,High Value,Low Risk / High Value,Two year,72
5322-TEUJK,0.03530407023254872,Low Risk,114.6,High Value,Low Risk / High Value,Two year,71
0530-IJVDB,0.06386585443503066,Low Risk,114.6,High Value,Low Risk / High Value,Two year,70
1779-PWPMG,0.0699798997123344,Low Risk,114.65,High Value,Low Risk / High Value,Two year,72
6445-TNRXS,0.052552750492240265,Low Risk,114.7,High Value,Low Risk / High Value,Two year,68
4393-GEADV,0.03109315036561711,Low Risk,114.75,High Value,Low Risk / High Value,Two year,70
2388-LAESQ,0.06945389598798182,Low Risk,114.85,High Value,Low Risk / High Value,Two year,72
4304-TSPVK,0.04457462470916987,Low Risk,114.9,High Value,Low Risk / High Value,Two year,68
0164-APGRB,0.07969088313164559,Low Risk,114.9,High Value,Low Risk / High Value,Two year,72
6919-ELBGL,0.056912201894516706,Low Risk,114.95,High Value,Low Risk / High Value,Two year,72
7176-WRTNX,0.05220631976117316,Low Risk,114.95,High Value,Low Risk / High Value,Two year,70
1557-EMYVT,0.0696829068241421,Low Risk,115.05,High Value,Low Risk / High Value,Two year,43
8454-AATJP,0.038670656055873255,Low Risk,115.05,High Value,Low Risk / High Value,Two year,72
8029-XYPWT,0.06573894767666076,Low Risk,115.05,High Value,Low Risk / High Value,Two year,71
7017-VFHAY,0.04099542247218693,Low Risk,115.1,High Value,Low Risk / High Value,Two year,61
8869-LIHMK,0.06629929856288362,Low Risk,115.1,High Value,Low Risk / High Value,Two year,64
3669-WHAFY,0.051359654254911284,Low Risk,115.15,High Value,Low Risk / High Value,Two year,71
0906-QVPMS,0.04026449588190588,Low Risk,115.15,High Value,Low Risk / High Value,Two year,72
3396-DKDEL,0.04935380341665122,Low Risk,115.15,High Value,Low Risk / High Value,Two year,70
2380-DAMQP,0.0551964529331491,Low Risk,115.15,High Value,Low Risk / High Value,Two year,72
3882-IYOIJ,0.0402268193689482,Low Risk,115.25,High Value,Low Risk / High Value,Two year,60
8015-IHCGW,0.06707912645392286,Low Risk,115.5,High Value,Low Risk / High Value,Two year,72
9298-WGMRW,0.05609719522166294,Low Risk,115.5,High Value,Low Risk / High Value,Two year,72
8480-PPONV,0.04274157352012116,Low Risk,115.55,High Value,Low Risk / High Value,Two year,62
8263-QMNTJ,0.07553422447820717,Low Risk,115.55,High Value,Low Risk / High Value,Two year,72
2121-JAFOM,0.05165395480096432,Low Risk,115.55,High Value,Low Risk / High Value,Two year,72
1352-HNSAW,0.047253340805402194,Low Risk,115.6,High Value,Low Risk / High Value,Two year,72
8606-CIQUL,0.054879837334660724,Low Risk,115.75,High Value,Low Risk / High Value,Two year,72
5451-YHYPW,0.06547145515637408,Low Risk,115.75,High Value,Low Risk / High Value,Two year,72
6007-TCTST,0.05068468572030618,Low Risk,115.8,High Value,Low Risk / High Value,Two year,72
5914-XRFQB,0.05641049528709771,Low Risk,115.8,High Value,Low Risk / High Value,Two year,72
8513-OLYGY,0.03649517793196536,Low Risk,115.8,High Value,Low Risk / High Value,Two year,72
1741-WTPON,0.04751959989749273,Low Risk,115.85,High Value,Low Risk / High Value,Two year,56
0106-UGRDO,0.08404661273803757,Low Risk,116.0,High Value,Low Risk / High Value,Two year,69
1480-BKXGA,0.06839360981880802,Low Risk,116.05,High Value,Low Risk / High Value,Two year,72
2223-GDSHL,0.0495898248296337,Low Risk,116.05,High Value,Low Risk / High Value,Two year,71
8261-GWDBQ,0.08790205282534086,Low Risk,116.05,High Value,Low Risk / High Value,Two year,60
8975-SKGRX,0.05740316997936723,Low Risk,116.1,High Value,Low Risk / High Value,Two year,71
7923-IYJWY,0.07066710564042733,Low Risk,116.1,High Value,Low Risk / High Value,Two year,67
9695-IDRZR,0.1012286713662045,Low Risk,116.15,High Value,Low Risk / High Value,Two year,34
9053-JZFKV,0.04061356674894848,Low Risk,116.2,High Value,Low Risk / High Value,Two year,67
8879-XUAHX,0.0819294579069809,Low Risk,116.25,High Value,Low Risk / High Value,Two year,71
0675-NCDYU,0.047145269524616874,Low Risk,116.4,High Value,Low Risk / High Value,Two year,72
3963-RYFNS,0.05090416344727048,Low Risk,116.45,High Value,Low Risk / High Value,Two year,72
3795-CAWEX,0.045936422174892945,Low Risk,116.55,High Value,Low Risk / High Value,Two year,70
3258-ZKPAI,0.04706584968464297,Low Risk,116.6,High Value,Low Risk / High Value,Two year,72
8628-MFKAX,0.061512184049622345,Low Risk,116.75,High Value,Low Risk / High Value,Two year,72
0017-IUDMW,0.04570185655092385,Low Risk,116.8,High Value,Low Risk / High Value,Two year,72
1488-PBLJN,0.04987483240332622,Low Risk,116.85,High Value,Low Risk / High Value,Two year,72
9788-HNGUT,0.05358945603013653,Low Risk,116.95,High Value,Low Risk / High Value,Two year,72
6650-BWFRT,0.05359241652426827,Low Risk,117.15,High Value,Low Risk / High Value,Two year,72
6904-JLBGY,0.06392107901653481,Low Risk,117.35,High Value,Low Risk / High Value,Two year,72
9739-JLPQJ,0.03460904277322422,Low Risk,117.5,High Value,Low Risk / High Value,Two year,72
3810-DVDQQ,0.046966907241430766,Low Risk,117.6,High Value,Low Risk / High Value,Two year,72
9924-JPRMC,0.07525094144791081,Low Risk,118.2,High Value,Low Risk / High Value,Two year,72
5989-AXPUC,0.04167530895402373,Low Risk,118.6,High Value,Low Risk / High Value,Two year,68
8984-HPEMB,0.07897703642197308,Low Risk,118.65,High Value,Low Risk / High Value,Two year,71
7569-NMZYQ,0.05118051898791492,Low Risk,118.75,High Value,Low Risk / High Value,Two year,72
